bin_center,count
2.5001636929120967,103288
7.500491078736291,45379
12.500818464560485,63935
17.501145850384678,73456
22.50147323620887,77474
27.501800622033066,78454
32.50212800785726,78212
37.50245539368145,77707
42.502782779505644,75691
47.503110165329836,73475
52.50343755115403,69821
57.50376493697823,65763
62.50409232280242,62268
67.50441970862661,57728
72.5047470944508,52935
77.505074480275,48640
82.50540186609919,44067
87.50572925192338,40274
92.50605663774758,36307
97.50638402357177,31947
102.50671140939596,28822
107.50703879522015,25252
112.50736618104435,22210
117.50769356686854,19391
122.50802095269275,16945
127.50834833851694,15049
132.50867572434112,12941
137.50900311016534,11215
142.5093304959895,9833
147.50965788181372,8285
152.5099852676379,7282
157.5103126534621,6305
162.51064003928627,5443
167.5109674251105,4605
172.51129481093466,4089
177.51162219675888,3591
182.51194958258304,3138
187.51227696840726,2753
192.51260435423143,2310
197.51293174005565,2073
202.5132591258798,1924
207.51358651170403,1663
212.5139138975282,1540
217.51424128335242,1502
222.51456866917658,1382
227.5148960550008,1281
232.51522344082497,1213
237.5155508266492,1119
242.5158782124734,1100
247.51620559829757,1035
252.5165329841218,945
257.51686036994596,920
262.5171877557701,915
267.51751514159434,896
272.51784252741857,862
277.51816991324273,920
282.5184972990669,864
287.5188246848911,883
292.51915207071534,833
297.5194794565395,755
302.51980684236366,783
307.5201342281879,727
312.5204616140121,732
317.52078899983627,744
322.5211163856605,691
327.52144377148466,749
332.5217711573089,723
337.5220985431331,740
342.52242592895726,700
347.5227533147814,755
352.52308070060565,687
357.52340808642987,681
362.52373547225403,638
367.5240628580782,638
372.5243902439024,681
377.52471762972664,673
382.5250450155508,652
387.52537240137497,662
392.5256997871992,623
397.5260271730234,637
402.5263545588476,648
407.52668194467174,618
412.52700933049596,631
417.5273367163202,590
422.52766410214434,609
427.5279914879685,610
432.5283188737927,580
437.52864625961695,636
442.5289736454411,570
447.5293010312653,554
452.5296284170895,589
457.5299558029137,597
462.5302831887379,583
467.53061057456205,559
472.53093796038627,564
477.5312653462105,509
482.5315927320347,556
487.5319201178589,556
492.53224750368304,532
497.53257488950726,507
502.5329022753315,488
507.53322966115564,516
512.5335570469798,517
517.533884432804,486
522.5342118186283,523
527.5345392044524,497
532.5348665902766,493
537.5351939761008,493
542.535521361925,478
547.5358487477492,440
552.5361761335733,505
557.5365035193976,496
562.5368309052218,463
567.5371582910459,422
572.5374856768701,461
577.5378130626943,441
582.5381404485186,458
587.5384678343428,411
592.5387952201669,404
597.5391226059911,429
602.5394499918153,413
607.5397773776394,401
612.5401047634637,442
617.5404321492879,362
622.5407595351121,384
627.5410869209363,383
632.5414143067604,379
637.5417416925847,361
642.5420690784089,362
647.5423964642331,367
652.5427238500572,362
657.5430512358814,384
662.5433786217056,349
667.5437060075299,360
672.5440333933541,342
677.5443607791782,329
682.5446881650024,373
687.5450155508266,335
692.5453429366507,332
697.545670322475,323
702.5459977082992,334
707.5463250941234,360
712.5466524799476,354
717.5469798657717,332
722.547307251596,328
727.5476346374202,310
732.5479620232443,299
737.5482894090685,329
742.5486167948927,340
747.548944180717,329
752.5492715665412,329
757.5495989523653,339
762.5499263381895,272
767.5502537240137,319
772.5505811098378,296
777.550908495662,324
782.5512358814863,263
787.5515632673105,265
792.5518906531347,272
797.5522180389588,279
802.552545424783,288
807.5528728106073,265
812.5532001964315,311
817.5535275822556,262
822.5538549680798,277
827.554182353904,239
832.5545097397282,270
837.5548371255525,265
842.5551645113766,284
847.5554918972008,279
852.555819283025,247
857.5561466688491,267
862.5564740546733,274
867.5568014404976,280
872.5571288263218,260
877.557456212146,263
882.5577835979701,244
887.5581109837943,276
892.5584383696186,249
897.5587657554427,249
902.5590931412669,241
907.5594205270911,234
912.5597479129153,226
917.5600752987395,269
922.5604026845637,251
927.5607300703879,239
932.5610574562121,212
937.5613848420362,243
942.5617122278604,278
947.5620396136846,213
952.5623669995089,236
957.5626943853331,229
962.5630217711573,233
967.5633491569814,243
972.5636765428056,203
977.5640039286299,246
982.564331314454,239
987.5646587002782,235
992.5649860861024,222
997.5653134719266,226
1002.5656408577509,235
1007.565968243575,218
1012.5662956293992,225
1017.5666230152234,232
1022.5669504010475,225
1027.5672777868717,205
1032.567605172696,219
1037.5679325585202,197
1042.5682599443444,203
1047.5685873301686,193
1052.5689147159928,182
1057.5692421018168,191
1062.569569487641,187
1067.5698968734653,198
1072.5702242592895,212
1077.5705516451137,203
1082.570879030938,212
1087.5712064167622,205
1092.5715338025861,203
1097.5718611884104,219
1102.5721885742346,180
1107.5725159600588,185
1112.572843345883,186
1117.5731707317073,198
1122.5734981175315,194
1127.5738255033557,173
1132.57415288918,165
1137.5744802750041,194
1142.5748076608281,193
1147.5751350466523,182
1152.5754624324766,166
1157.5757898183008,174
1162.576117204125,187
1167.5764445899492,151
1172.5767719757735,148
1177.5770993615974,182
1182.5774267474217,172
1187.577754133246,169
1192.57808151907,189
1197.5784089048943,153
1202.5787362907186,170
1207.5790636765428,179
1212.579391062367,168
1217.5797184481912,164
1222.5800458340152,165
1227.5803732198394,166
1232.5807006056637,147
1237.5810279914879,158
1242.581355377312,163
1247.5816827631363,187
1252.5820101489605,146
1257.5823375347845,142
1262.5826649206087,163
1267.582992306433,156
1272.5833196922572,165
1277.5836470780814,151
1282.5839744639056,146
1287.5843018497299,174
1292.584629235554,123
1297.5849566213783,165
1302.5852840072025,154
1307.5856113930265,160
1312.5859387788507,139
1317.586266164675,161
1322.5865935504992,157
1327.5869209363234,146
1332.5872483221476,146
1337.5875757079718,148
1342.5879030937958,119
1347.58823047962,149
1352.5885578654443,127
1357.5888852512685,136
1362.5892126370927,161
1367.589540022917,128
1372.5898674087412,157
1377.5901947945654,128
1382.5905221803896,137
1387.5908495662136,136
1392.5911769520378,133
1397.591504337862,159
1402.5918317236863,147
1407.5921591095105,132
1412.5924864953347,128
1417.592813881159,111
1422.593141266983,113
1427.5934686528071,107
1432.5937960386314,148
1437.5941234244556,128
1442.5944508102798,136
1447.594778196104,128
1452.5951055819282,139
1457.5954329677525,114
1462.5957603535767,137
1467.596087739401,125
1472.596415125225,128
1477.5967425110491,119
1482.5970698968733,127
1487.5973972826976,140
1492.5977246685218,124
1497.598052054346,142
1502.5983794401702,145
1507.5987068259942,123
1512.5990342118184,124
1517.5993615976427,127
1522.5996889834669,128
1527.600016369291,123
1532.6003437551153,114
1537.6006711409395,129
1542.6009985267638,138
1547.601325912588,128
1552.601653298412,132
1557.6019806842362,125
1562.6023080700604,105
1567.6026354558846,127
1572.6029628417089,100
1577.603290227533,126
1582.6036176133573,142
1587.6039449991813,132
1592.6042723850055,133
1597.6045997708297,114
1602.604927156654,108
1607.6052545424782,128
1612.6055819283024,120
1617.6059093141266,123
1622.6062366999508,115
1627.606564085775,115
1632.6068914715993,123
1637.6072188574233,122
1642.6075462432475,104
1647.6078736290717,133
1652.608201014896,135
1657.6085284007202,121
1662.6088557865444,129
1667.6091831723686,121
1672.6095105581926,130
1677.6098379440168,111
1682.610165329841,113
1687.6104927156653,127
1692.6108201014895,103
1697.6111474873137,104
1702.611474873138,113
1707.6118022589621,127
1712.6121296447864,113
1717.6124570306104,106
1722.6127844164346,113
1727.6131118022588,88
1732.613439188083,95
1737.6137665739072,113
1742.6140939597315,110
1747.6144213455557,108
1752.6147487313797,97
1757.615076117204,131
1762.6154035030281,114
1767.6157308888523,91
1772.6160582746766,121
1777.6163856605008,122
1782.616713046325,107
1787.6170404321492,116
1792.6173678179734,119
1797.6176952037977,112
1802.6180225896217,103
1807.6183499754459,95
1812.61867736127,115
1817.6190047470943,112
1822.6193321329185,109
1827.6196595187428,100
1832.619986904567,97
1837.620314290391,98
1842.6206416762152,107
1847.6209690620394,118
1852.6212964478636,100
1857.6216238336879,118
1862.621951219512,100
1867.6222786053363,94
1872.6226059911605,129
1877.6229333769847,104
1882.6232607628087,119
1887.623588148633,88
1892.6239155344572,121
1897.6242429202814,89
1902.6245703061056,122
1907.6248976919298,100
1912.625225077754,108
1917.6255524635783,113
1922.6258798494023,97
1927.6262072352265,101
1932.6265346210507,102
1937.626862006875,116
1942.6271893926992,108
1947.6275167785234,96
1952.6278441643476,94
1957.6281715501718,106
1962.628498935996,104
1967.62882632182,83
1972.6291537076443,123
1977.6294810934685,109
1982.6298084792927,118
1987.630135865117,93
1992.6304632509411,111
1997.6307906367654,99
2002.6311180225894,91
2007.6314454084136,126
2012.6317727942378,98
2017.632100180062,95
2022.6324275658862,110
2027.6327549517105,111
2032.6330823375347,123
2037.633409723359,110
2042.6337371091831,113
2047.6340644950071,108
2052.6343918808316,104
2057.6347192666553,97
2062.63504665248,134
2067.635374038304,93
2072.6357014241285,104
2077.636028809952,104
2082.636356195777,109
2087.6366835816007,89
2092.6370109674253,97
2097.637338353249,114
2102.637665739074,109
2107.6379931248975,105
2112.6383205107213,104
2117.638647896546,119
2122.6389752823698,82
2127.6393026681944,105
2132.639630054018,99
2137.639957439843,108
2142.6402848256666,112
2147.6406122114913,104
2152.640939597315,99
2157.6412669831398,128
2162.6415943689635,122
2167.641921754788,116
2172.642249140612,105
2177.6425765264366,106
2182.6429039122604,100
2187.6432312980846,100
2192.643558683909,107
2197.6438860697326,92
2202.6442134555573,116
2207.644540841381,105
2212.6448682272057,111
2217.6451956130295,107
2222.645522998854,118
2227.645850384678,96
2232.6461777705026,109
2237.6465051563264,97
2242.646832542151,103
2247.647159927975,114
2252.6474873137995,115
2257.6478146996233,113
2262.648142085448,87
2267.6484694712717,99
2272.648796857096,116
2277.64912424292,125
2282.649451628744,94
2287.6497790145686,123
2292.6501064003924,117
2297.650433786217,107
2302.650761172041,107
2307.6510885578655,127
2312.6514159436892,127
2317.651743329514,93
2322.6520707153377,95
2327.6523981011624,115
2332.652725486986,96
2337.653052872811,85
2342.6533802586346,109
2347.6537076444592,107
2352.654035030283,96
2357.654362416107,90
2362.6546898019315,112
2367.655017187755,97
2372.65534457358,107
2377.6556719594037,115
2382.6559993452283,109
2387.656326731052,105
2392.656654116877,93
2397.6569815027005,94
2402.657308888525,118
2407.657636274349,106
2412.6579636601737,114
2417.6582910459974,116
2422.658618431822,104
2427.658945817646,87
2432.6592732034705,96
2437.6596005892943,91
2442.659927975118,110
2447.6602553609428,102
2452.6605827467665,103
2457.660910132591,120
2462.661237518415,105
2467.6615649042396,106
2472.6618922900634,101
2477.662219675888,94
2482.662547061712,99
2487.6628744475365,105
2492.6632018333603,101
2497.663529219185,99
2502.6638566050087,107
2507.6641839908334,109
2512.664511376657,114
2517.6648387624814,102
2522.6651661483056,121
2527.6654935341294,126
2532.665820919954,85
2537.666148305778,103
2542.6664756916025,94
2547.6668030774263,132
2552.667130463251,103
2557.6674578490747,85
2562.6677852348994,99
2567.668112620723,87
2572.668440006548,111
2577.6687673923716,93
2582.6690947781963,109
2587.66942216402,95
2592.6697495498447,91
2597.6700769356685,97
2602.6704043214927,83
2607.670731707317,113
2612.6710590931407,101
2617.6713864789654,98
2622.671713864789,91
2627.672041250614,111
2632.6723686364376,98
2637.6726960222622,113
2642.673023408086,116
2647.6733507939107,105
2652.6736781797345,118
2657.674005565559,107
2662.674332951383,74
2667.6746603372076,111
2672.6749877230313,101
2677.675315108856,107
2682.67564249468,93
2687.6759698805035,86
2692.676297266328,118
2697.676624652152,107
2702.6769520379767,118
2707.6772794238004,96
2712.677606809625,78
2717.677934195449,116
2722.6782615812735,97
2727.6785889670973,93
2732.678916352922,83
2737.6792437387458,91
2742.6795711245704,94
2747.679898510394,100
2752.680225896219,99
2757.6805532820426,109
2762.6808806678673,87
2767.681208053691,87
2772.681535439515,91
2777.6818628253395,102
2782.6821902111633,86
2787.682517596988,98
2792.6828449828117,110
2797.6831723686364,100
2802.68349975446,104
2807.683827140285,107
2812.6841545261086,90
2817.6844819119333,99
2822.684809297757,109
2827.6851366835817,97
2832.6854640694055,87
2837.68579145523,108
2842.686118841054,95
2847.686446226878,110
2852.6867736127024,86
2857.687100998526,88
2862.687428384351,101
2867.6877557701746,108
2872.6880831559993,74
2877.688410541823,89
2882.6887379276477,106
2887.6890653134715,103
2892.689392699296,93
2897.68972008512,75
2902.6900474709446,85
2907.6903748567684,80
2912.690702242593,85
2917.691029628417,109
2922.6913570142415,112
2927.6916844000652,104
2932.6920117858895,95
2937.6923391717137,106
2942.6926665575374,98
2947.692993943362,84
2952.693321329186,80
2957.6936487150106,81
2962.6939761008343,105
2967.694303486659,96
2972.694630872483,112
2977.6949582583075,89
2982.695285644131,94
2987.695613029956,90
2992.6959404157797,84
2997.6962678016043,101
3002.696595187428,96
3007.696922573253,88
3012.6972499590765,100
3017.6975773449003,98
3022.697904730725,103
3027.6982321165488,87
3032.6985595023734,111
3037.698886888197,82
3042.699214274022,89
3047.6995416598456,108
3052.6998690456703,108
3057.700196431494,91
3062.7005238173188,111
3067.7008512031425,88
3072.701178588967,76
3077.701505974791,79
3082.7018333606156,78
3087.7021607464394,87
3092.702488132264,108
3097.702815518088,98
3102.7031429039116,102
3107.7034702897363,109
3112.70379767556,87
3117.7041250613847,79
3122.7044524472085,106
3127.704779833033,92
3132.705107218857,86
3137.7054346046816,98
3142.7057619905054,95
3147.70608937633,94
3152.706416762154,91
3157.7067441479785,93
3162.7070715338023,82
3167.707398919627,87
3172.7077263054507,86
3177.708053691275,87
3182.708381077099,87
3187.708708462923,109
3192.7090358487476,94
3197.7093632345714,95
3202.709690620396,84
3207.71001800622,88
3212.7103453920445,97
3217.7106727778682,88
3222.711000163693,105
3227.7113275495167,80
3232.7116549353414,79
3237.711982321165,88
3242.71230970699,104
3247.7126370928136,100
3252.7129644786382,90
3257.713291864462,92
3262.7136192502862,100
3267.7139466361104,88
3272.714274021934,93
3277.714601407759,89
3282.7149287935827,97
3287.7152561794073,76
3292.715583565231,106
3297.715910951056,95
3302.7162383368795,86
3307.716565722704,85
3312.716893108528,94
3317.7172204943527,86
3322.7175478801764,96
3327.717875266001,105
3332.718202651825,94
3337.7185300376495,111
3342.7188574234733,90
3347.719184809297,90
3352.7195121951218,101
3357.7198395809455,94
3362.72016696677,98
3367.720494352594,98
3372.7208217384186,92
3377.7211491242424,89
3382.721476510067,91
3387.721803895891,116
3392.7221312817155,90
3397.7224586675393,97
3402.722786053364,87
3407.7231134391877,85
3412.7234408250124,80
3417.723768210836,88
3422.724095596661,106
3427.7244229824846,114
3432.7247503683084,88
3437.725077754133,89
3442.725405139957,86
3447.7257325257815,95
3452.7260599116053,88
3457.72638729743,88
3462.7267146832537,98
3467.7270420690784,85
3472.727369454902,91
3477.727696840727,107
3482.7280242265506,89
3487.7283516123753,94
3492.728678998199,100
3497.7290063840237,100
3502.7293337698475,102
3507.7296611556717,105
3512.729988541496,97
3517.7303159273197,84
3522.7306433131444,110
3527.730970698968,115
3532.731298084793,105
3537.7316254706166,93
3542.7319528564412,96
3547.732280242265,111
3552.7326076280897,112
3557.7329350139134,98
3562.733262399738,104
3567.733589785562,105
3572.7339171713866,96
3577.7342445572103,91
3582.734571943035,98
3587.734899328859,117
3592.735226714683,79
3597.735554100507,97
3602.735881486331,103
3607.7362088721557,111
3612.7365362579794,100
3617.736863643804,92
3622.737191029628,106
3627.7375184154525,113
3632.7378458012763,94
3637.738173187101,110
3642.7385005729247,112
3647.7388279587494,94
3652.739155344573,95
3657.739482730398,101
3662.7398101162216,86
3667.7401375020463,103
3672.74046488787,119
3677.740792273694,104
3682.7411196595185,125
3687.7414470453423,112
3692.741774431167,124
3697.7421018169907,118
3702.7424292028154,117
3707.742756588639,111
3712.743083974464,101
3717.7434113602876,103
3722.7437387461123,110
3727.744066131936,125
3732.7443935177607,112
3737.7447209035845,110
3742.745048289409,142
3747.745375675233,125
3752.7457030610576,121
3757.7460304468814,109
3762.746357832705,131
3767.74668521853,126
3772.7470126043536,133
3777.7473399901783,125
3782.747667376002,120
3787.7479947618267,132
3792.7483221476505,132
3797.748649533475,129
3802.748976919299,145
3807.7493043051236,112
3812.7496316909474,135
3817.749959076772,114
3822.750286462596,129
3827.7506138484205,118
3832.7509412342442,130
3837.751268620069,141
3842.7515960058927,145
3847.7519233917164,128
3852.752250777541,151
3857.752578163365,134
3862.7529055491896,150
3867.7532329350133,133
3872.753560320838,142
3877.7538877066618,154
3882.7542150924864,138
3887.75454247831,122
3892.754869864135,142
3897.7551972499587,134
3902.7555246357833,143
3907.755852021607,166
3912.756179407432,135
3917.7565067932555,176
3922.7568341790798,182
3927.757161564904,161
3932.7574889507277,161
3937.7578163365524,124
3942.758143722376,156
3947.758471108201,178
3952.7587984940246,172
3957.7591258798493,166
3962.759453265673,154
3967.7597806514977,166
3972.7601080373215,172
3977.760435423146,164
3982.76076280897,169
3987.7610901947946,177
3992.7614175806184,175
3997.761744966443,164
4002.762072352267,157
4007.762399738091,153
4012.7627271239153,182
4017.763054509739,184
4022.7633818955637,185
4027.7637092813875,180
4032.764036667212,181
4037.764364053036,204
4042.7646914388606,198
4047.7650188246844,188
4052.765346210509,189
4057.765673596333,180
4062.7660009821575,191
4067.7663283679813,185
4072.766655753806,224
4077.7669831396297,202
4082.7673105254544,200
4087.767637911278,212
4092.767965297102,193
4097.768292682927,219
4102.768620068751,214
4107.768947454575,220
4112.769274840399,194
4117.7696022262235,220
4122.769929612048,193
4127.770256997872,235
4132.770584383696,217
4137.770911769519,200
4142.771239155344,206
4147.771566541169,236
4152.771893926993,242
4157.772221312816,225
4162.772548698641,207
4167.772876084466,242
4172.773203470289,260
4177.773530856113,236
4182.773858241938,253
4187.774185627763,257
4192.774513013586,218
4197.77484039941,254
4202.775167785235,238
4207.775495171059,221
4212.775822556883,264
4217.776149942707,256
4222.776477328531,244
4227.776804714355,267
4232.77713210018,255
4237.777459486004,263
4242.777786871828,244
4247.778114257652,278
4252.778441643477,289
4257.778769029301,265
4262.7790964151245,292
4267.779423800949,282
4272.779751186774,265
4277.780078572598,302
4282.780405958421,282
4287.780733344246,260
4292.78106073007,289
4297.7813881158945,290
4302.781715501718,258
4307.782042887542,269
4312.782370273367,312
4317.782697659191,292
4322.783025045015,309
4327.783352430839,279
4332.783679816664,290
4337.784007202488,319
4342.784334588312,271
4347.784661974136,306
4352.7849893599605,338
4357.785316745785,307
4362.785644131609,339
4367.785971517433,362
4372.786298903257,316
4377.786626289081,315
4382.786953674906,325
4387.78728106073,321
4392.787608446553,324
4397.787935832378,318
4402.788263218203,329
4407.7885906040265,321
4412.78891798985,334
4417.789245375675,348
4422.7895727615,312
4427.789900147323,350
4432.790227533147,348
4437.790554918972,377
4442.7908823047965,374
4447.79120969062,342
4452.791537076444,330
4457.791864462269,339
4462.792191848092,374
4467.792519233917,364
4472.792846619741,355
4477.793174005565,340
4482.793501391389,351
4487.793828777214,313
4492.794156163038,344
4497.7944835488615,312
4502.794810934686,334
4507.795138320511,367
4512.795465706335,363
4517.795793092158,354
4522.796120477983,363
4527.796447863808,371
4532.7967752496315,376
4537.797102635455,379
4542.79743002128,354
4547.797757407104,375
4552.798084792928,401
4557.798412178752,397
4562.798739564576,401
4567.799066950401,405
4572.799394336225,388
4577.799721722049,388
4582.800049107873,396
4587.8003764936975,417
4592.800703879522,397
4597.801031265346,400
4602.80135865117,420
4607.801686036994,374
4612.802013422819,414
4617.802340808643,414
4622.802668194467,411
4627.80299558029,366
4632.803322966115,413
4637.80365035194,426
4642.8039777377635,389
4647.804305123587,425
4652.804632509412,419
4657.804959895237,408
4662.80528728106,424
4667.805614666884,408
4672.805942052709,420
4677.8062694385335,431
4682.806596824357,435
4687.806924210181,419
4692.807251596006,436
4697.80757898183,430
4702.807906367654,438
4707.808233753478,433
4712.808561139302,424
4717.808888525126,412
4722.809215910951,420
4727.809543296775,430
4732.809870682599,421
4737.810198068423,461
4742.810525454248,415
4747.810852840072,391
4752.811180225895,433
4757.81150761172,394
4762.811834997545,430
4767.812162383369,447
4772.812489769192,464
4777.812817155017,435
4782.813144540842,442
4787.813471926665,451
4792.813799312489,400
4797.814126698313,448
4802.814454084138,452
4807.814781469962,432
4812.815108855786,437
4817.81543624161,400
4822.8157636274345,419
4827.816091013259,415
4832.816418399083,421
4837.816745784907,453
4842.817073170731,417
4847.817400556556,467
4852.81772794238,456
4857.818055328204,429
4862.818382714028,439
4867.818710099853,440
4872.819037485677,466
4877.8193648715005,462
4882.819692257324,479
4887.820019643149,447
4892.820347028974,433
4897.820674414797,408
4902.821001800621,417
4907.821329186446,456
4912.8216565722705,420
4917.821983958094,487
4922.822311343918,427
4927.822638729743,454
4932.822966115567,421
4937.823293501391,446
4942.823620887215,447
4947.82394827304,430
4952.824275658863,414
4957.824603044688,433
4962.824930430512,422
4967.825257816336,406
4972.82558520216,448
4977.825912587985,427
4982.826239973809,429
4987.8265673596325,418
4992.826894745457,442
4997.827222131282,414
5002.827549517106,426
5007.827876902929,428
5012.828204288754,397
5017.828531674579,396
5022.8288590604025,409
5027.829186446226,468
5032.829513832051,471
5037.829841217875,440
5042.830168603699,449
5047.830495989523,430
5052.830823375347,465
5057.831150761172,397
5062.831478146996,409
5067.83180553282,437
5072.832132918644,431
5077.832460304468,401
5082.832787690293,399
5087.833115076117,426
5092.833442461941,456
5097.833769847765,393
5102.83409723359,414
5107.834424619414,417
5112.8347520052375,434
5117.835079391062,374
5122.835406776886,384
5127.835734162711,433
5132.836061548534,428
5137.836388934358,432
5142.836716320183,436
5147.8370437060075,367
5152.837371091831,442
5157.837698477655,411
5162.83802586348,403
5167.838353249304,429
5172.838680635128,426
5177.839008020952,435
5182.839335406777,391
5187.839662792601,397
5192.839990178425,415
5197.840317564249,421
5202.8406449500735,397
5207.840972335897,403
5212.841299721722,359
5217.841627107546,403
5222.8419544933695,360
5227.842281879194,369
5232.842609265019,350
5237.842936650843,368
5242.843264036666,385
5247.843591422491,382
5252.843918808316,372
5257.8442461941395,376
5262.844573579963,357
5267.844900965788,399
5272.845228351613,378
5277.845555737436,411
5282.84588312326,370
5287.846210509085,365
5292.846537894909,352
5297.846865280733,367
5302.847192666557,409
5307.847520052381,376
5312.8478474382055,365
5317.84817482403,348
5322.848502209854,349
5327.848829595678,378
5332.849156981502,364
5337.849484367327,358
5342.849811753151,368
5347.850139138975,345
5352.850466524799,416
5357.850793910624,370
5362.851121296448,329
5367.851448682271,361
5372.851776068095,368
5377.85210345392,347
5382.852430839745,355
5387.852758225568,325
5392.853085611392,354
5397.853412997217,373
5402.853740383041,362
5407.854067768865,334
5412.854395154689,323
5417.854722540514,300
5422.855049926338,331
5427.855377312162,327
5432.855704697986,348
5437.8560320838105,341
5442.856359469635,300
5447.856686855459,343
5452.857014241283,322
5457.8573416271065,317
5462.857669012931,318
5467.857996398756,316
5472.85832378458,305
5477.858651170403,319
5482.858978556228,303
5487.859305942053,316
5492.8596333278765,299
5497.8599607137,274
5502.860288099525,326
5507.86061548535,289
5512.860942871173,317
5517.861270256997,295
5522.861597642822,279
5527.8619250286465,294
5532.86225241447,316
5537.862579800294,295
5542.862907186118,298
5547.8632345719425,274
5552.863561957767,309
5557.863889343591,275
5562.864216729415,281
5567.864544115239,280
5572.864871501064,266
5577.865198886888,291
5582.865526272712,275
5587.865853658536,293
5592.866181044361,280
5597.866508430185,254
5602.8668358160085,263
5607.867163201833,272
5612.867490587658,256
5617.867817973482,259
5622.868145359305,277
5627.868472745129,284
5632.868800130954,265
5637.8691275167785,246
5642.869454902602,278
5647.869782288426,244
5652.870109674251,277
5657.870437060075,252
5662.870764445899,267
5667.871091831723,245
5672.871419217548,249
5677.871746603372,259
5682.872073989196,243
5687.87240137502,231
5692.872728760844,270
5697.873056146668,234
5702.873383532493,258
5707.873710918317,236
5712.87403830414,284
5717.874365689965,246
5722.87469307579,233
5727.8750204616135,220
5732.875347847437,202
5737.875675233262,237
5742.876002619087,227
5747.87633000491,233
5752.876657390734,203
5757.876984776559,231
5762.8773121623835,220
5767.877639548207,222
5772.877966934031,246
5777.878294319856,223
5782.8786217056795,242
5787.878949091504,228
5792.879276477328,242
5797.879603863152,240
5802.879931248976,232
5807.880258634801,209
5812.880586020625,225
5817.880913406449,228
5822.881240792273,224
5827.881568178098,222
5832.881895563922,221
5837.8822229497455,193
5842.88255033557,223
5847.882877721395,217
5852.883205107219,206
5857.883532493042,199
5862.883859878867,206
5867.884187264691,221
5872.8845146505155,199
5877.884842036339,200
5882.885169422163,199
5887.885496807988,214
5892.885824193812,214
5897.886151579636,194
5902.88647896546,199
5907.886806351285,213
5912.887133737109,197
5917.887461122933,181
5922.887788508757,212
5927.8881158945815,203
5932.888443280406,208
5937.88877066623,194
5942.889098052054,180
5947.889425437878,198
5952.889752823702,156
5957.890080209527,187
5962.890407595351,170
5967.890734981174,173
5972.891062366999,176
5977.891389752824,198
5982.891717138647,166
5987.892044524471,171
5992.892371910296,186
5997.892699296121,188
6002.893026681944,167
6007.893354067768,217
6012.893681453593,167
6017.894008839417,186
6022.894336225241,184
6027.894663611065,175
6032.894990996889,156
6037.895318382713,169
6042.895645768538,165
6047.895973154362,152
6052.896300540186,164
6057.89662792601,173
6062.896955311835,177
6067.897282697659,187
6072.8976100834825,171
6077.897937469307,150
6082.898264855132,157
6087.898592240956,166
6092.898919626779,175
6097.899247012604,166
6102.899574398429,165
6107.8999017842525,162
6112.900229170076,164
6117.9005565559,167
6122.900883941725,170
6127.901211327549,153
6132.901538713373,150
6137.901866099197,176
6142.902193485022,166
6147.902520870846,146
6152.90284825667,172
6157.903175642494,154
6162.9035030283185,147
6167.903830414143,146
6172.904157799967,162
6177.904485185791,114
6182.904812571615,158
6187.90513995744,147
6192.905467343264,138
6197.905794729088,162
6202.906122114911,146
6207.906449500736,132
6212.906776886561,161
6217.9071042723845,143
6222.907431658208,163
6227.907759044033,150
6232.908086429858,146
6237.908413815681,123
6242.908741201505,152
6247.90906858733,152
6252.9093959731545,145
6257.909723358978,139
6262.910050744802,136
6267.910378130627,123
6272.910705516451,151
6277.911032902275,174
6282.911360288099,123
6287.911687673923,136
6292.912015059747,158
6297.912342445572,144
6302.912669831396,142
6307.9129972172195,163
6312.913324603044,139
6317.913651988869,135
6322.913979374693,121
6327.914306760516,122
6332.914634146341,157
6337.914961532166,147
6342.9152889179895,130
6347.915616303813,122
6352.915943689638,113
6357.916271075462,111
6362.916598461286,127
6367.91692584711,123
6372.917253232934,125
6377.917580618759,147
6382.917908004583,144
6387.918235390407,117
6392.918562776231,125
6397.9188901620555,131
6402.91921754788,145
6407.919544933704,147
6412.919872319528,118
6417.920199705352,109
6422.920527091177,99
6427.920854477001,98
6432.921181862825,129
6437.921509248649,127
6442.921836634473,105
6447.922164020298,134
6452.9224914061215,119
6457.922818791945,110
6462.92314617777,138
6467.923473563595,135
6472.923800949418,108
6477.924128335242,122
6482.924455721067,128
6487.9247831068915,119
6492.925110492715,119
6497.925437878539,119
6502.925765264364,102
6507.926092650188,129
6512.926420036012,103
6517.926747421836,114
6522.927074807661,104
6527.927402193484,122
6532.927729579309,100
6537.928056965133,124
6542.928384350957,123
6547.928711736781,110
6552.929039122606,109
6557.92936650843,123
6562.929693894253,101
6567.930021280078,113
6572.930348665903,90
6577.930676051727,111
6582.93100343755,112
6587.931330823375,118
6592.9316582092,109
6597.931985595023,109
6602.932312980847,104
6607.932640366672,133
6612.932967752496,107
6617.93329513832,105
6622.933622524144,126
6627.933949909968,113
6632.9342772957925,128
6637.934604681617,106
6642.934932067441,116
6647.935259453265,100
6652.935586839089,112
6657.935914224914,105
6662.936241610738,107
6667.936568996562,135
6672.936896382386,90
6677.937223768211,118
6682.937551154035,99
6687.9378785398585,90
6692.938205925682,122
6697.938533311507,125
6702.938860697332,111
6707.939188083155,95
6712.939515468979,116
6717.939842854804,113
6722.9401702406285,101
6727.940497626452,100
6732.940825012276,125
6737.941152398101,102
6742.941479783925,101
6747.941807169749,114
6752.942134555573,79
6757.942461941398,93
6762.942789327222,106
6767.943116713046,101
6772.94344409887,121
6777.943771484694,108
6782.944098870518,105
6787.944426256343,112
6792.944753642167,102
6797.94508102799,97
6802.945408413815,125
6807.94573579964,123
6812.946063185464,116
6817.946390571287,91
6822.946717957112,108
6827.947045342937,98
6832.9473727287605,120
6837.947700114584,131
6842.948027500409,112
6847.948354886234,130
6852.948682272057,131
6857.949009657881,89
6862.949337043705,105
6867.94966442953,118
6872.949991815354,115
6877.950319201178,127
6882.950646587002,117
6887.950973972826,111
6892.951301358651,124
6897.951628744475,132
6902.951956130299,105
6907.952283516123,112
6912.952610901948,110
6917.952938287772,90
6922.9532656735955,108
6927.95359305942,103
6932.953920445245,115
6937.954247831069,132
6942.954575216892,106
6947.954902602716,123
6952.955229988541,109
6957.9555573743655,121
6962.955884760189,118
6967.956212146013,100
6972.956539531838,96
6977.956866917662,104
6982.957194303486,106
6987.95752168931,105
6992.957849075135,98
6997.958176460959,110
7002.958503846783,107
7007.958831232607,117
7012.9591586184315,127
7017.959486004255,118
7022.95981339008,111
7027.960140775904,122
7032.9604681617275,118
7037.960795547552,104
7042.961122933377,113
7047.961450319201,112
7052.961777705024,120
7057.962105090849,99
7062.962432476674,113
7067.9627598624975,97
7072.963087248321,113
7077.963414634146,121
7082.963742019971,118
7087.964069405794,114
7092.964396791618,116
7097.964724177443,115
7102.965051563267,99
7107.965378949091,108
7112.965706334915,114
7117.966033720739,130
7122.966361106563,123
7127.966688492388,101
7132.967015878212,116
7137.967343264036,101
7142.96767064986,116
7147.967998035685,123
7152.968325421509,112
7157.968652807333,125
7162.968980193157,118
7167.969307578982,121
7172.969634964806,113
7177.969962350629,124
7182.970289736454,104
7187.970617122278,114
7192.970944508103,124
7197.971271893926,119
7202.97159927975,121
7207.971926665575,116
7212.972254051399,120
7217.972581437223,121
7222.972908823047,128
7227.973236208872,116
7232.973563594696,117
7237.97389098052,118
7242.974218366344,125
7247.9745457521685,109
7252.974873137993,132
7257.975200523817,128
7262.975527909641,137
7267.975855295465,126
7272.976182681289,136
7277.976510067114,105
7282.976837452938,114
7287.977164838761,131
7292.977492224586,136
7297.977819610411,124
7302.9781469962345,137
7307.978474382058,128
7312.978801767883,149
7317.979129153708,121
7322.979456539531,128
7327.979783925355,137
7332.98011131118,146
7337.9804386970045,135
7342.980766082828,136
7347.981093468652,129
7352.981420854476,143
7357.9817482403005,122
7362.982075626125,143
7367.982403011949,125
7372.982730397773,130
7377.983057783597,154
7382.983385169422,143
7387.983712555246,150
7392.98403994107,126
7397.984367326894,153
7402.984694712719,136
7407.985022098543,150
7412.985349484366,138
7417.985676870191,134
7422.986004256016,133
7427.98633164184,144
7432.986659027663,143
7437.986986413487,140
7442.987313799312,182
7447.987641185136,140
7452.98796857096,140
7457.988295956784,159
7462.988623342609,152
7467.988950728433,160
7472.989278114257,159
7477.989605500081,159
7482.989932885906,149
7487.99026027173,185
7492.990587657554,154
7497.990915043378,172
7502.991242429202,153
7507.991569815027,156
7512.991897200851,151
7517.992224586675,172
7522.992551972498,140
7527.992879358323,144
7532.993206744148,186
7537.9935341299715,142
7542.993861515795,167
7547.99418890162,178
7552.994516287445,167
7557.994843673268,185
7562.995171059092,175
7567.995498444917,140
7572.9958258307415,169
7577.996153216565,175
7582.996480602389,211
7587.996807988214,209
7592.997135374038,197
7597.997462759862,203
7602.997790145686,186
7607.99811753151,189
7612.998444917334,200
7617.998772303159,207
7622.999099688983,207
7627.999427074807,181
7632.999754460631,198
7638.000081846456,205
7643.00040923228,200
7648.0007366181035,188
7653.001064003928,221
7658.001391389753,198
7663.001718775577,187
7668.0020461614,219
7673.002373547225,203
7678.00270093305,206
7683.0030283188735,213
7688.003355704697,231
7693.003683090521,204
7698.004010476346,217
7703.00433786217,213
7708.004665247994,228
7713.004992633818,247
7718.005320019643,238
7723.005647405467,232
7728.005974791291,214
7733.006302177115,230
7738.006629562939,243
7743.006956948764,243
7748.007284334588,227
7753.007611720412,237
7758.007939106236,239
7763.00826649206,258
7768.008593877885,244
7773.0089212637085,235
7778.009248649532,232
7783.009576035357,277
7788.009903421182,240
7793.010230807005,279
7798.010558192829,264
7803.010885578654,253
7808.011212964479,305
7813.011540350302,248
7818.011867736126,255
7823.012195121951,266
7828.012522507775,294
7833.012849893599,270
7838.013177279423,284
7843.013504665248,296
7848.013832051071,276
7853.014159436896,293
7858.01448682272,296
7863.014814208544,303
7868.015141594368,320
7873.015468980193,331
7878.015796366017,349
7883.0161237518405,340
7888.016451137665,330
7893.01677852349,318
7898.017105909314,318
7903.017433295137,357
7908.017760680962,311
7913.018088066787,299
7918.0184154526105,319
7923.018742838434,321
7928.019070224259,346
7933.019397610083,330
7938.019724995907,369
7943.020052381731,344
7948.020379767555,351
7953.02070715338,378
7958.021034539204,342
7963.021361925028,372
7968.021689310852,365
7973.0220166966765,362
7978.022344082501,397
7983.022671468325,366
7988.022998854149,386
7993.023326239973,394
7998.023653625798,423
8003.023981011622,426
8008.024308397446,366
8013.02463578327,406
8018.024963169094,396
8023.025290554919,405
8028.025617940742,424
8033.025945326566,446
8038.026272712391,450
8043.026600098216,465
8048.026927484039,445
8053.027254869863,451
8058.027582255688,411
8063.027909641512,459
8068.028237027336,486
8073.02856441316,424
8078.028891798985,442
8083.029219184809,446
8088.029546570633,479
8093.029873956457,487
8098.030201342281,487
8103.030528728105,512
8108.03085611393,514
8113.031183499754,494
8118.0315108855775,502
8123.031838271402,504
8128.032165657227,498
8133.032493043051,487
8138.032820428874,518
8143.033147814699,516
8148.033475200524,520
8153.0338025863475,487
8158.034129972171,483
8163.034457357996,551
8168.034784743821,548
8173.035112129644,548
8178.035439515468,509
8183.035766901292,521
8188.036094287117,523
8193.036421672941,555
8198.036749058765,564
8203.037076444589,566
8208.037403830414,573
8213.037731216238,575
8218.038058602062,566
8223.038385987886,590
8228.03871337371,592
8233.039040759535,592
8238.039368145359,555
8243.039695531183,616
8248.040022917008,640
8253.040350302832,630
8258.040677688656,594
8263.04100507448,645
8268.041332460303,613
8273.041659846127,617
8278.041987231953,632
8283.042314617776,682
8288.0426420036,609
8293.042969389426,598
8298.04329677525,607
8303.043624161073,675
8308.043951546897,687
8313.04427893272,665
8318.044606318546,700
8323.04493370437,697
8328.045261090194,650
8333.04558847602,663
8338.045915861843,671
8343.046243247667,689
8348.04657063349,669
8353.046898019315,706
8358.047225405138,735
8363.047552790964,744
8368.047880176788,690
8373.048207562611,744
8378.048534948437,710
8383.04886233426,746
8388.049189720085,733
8393.049517105908,743
8398.049844491732,790
8403.050171877558,796
8408.050499263381,811
8413.050826649205,734
8418.05115403503,776
8423.051481420855,808
8428.051808806678,773
8433.052136192502,822
8438.052463578326,775
8443.05279096415,815
8448.053118349975,809
8453.053445735799,797
8458.053773121623,780
8463.054100507448,803
8468.054427893272,860
8473.054755279096,787
8478.05508266492,819
8483.055410050743,872
8488.055737436569,894
8493.056064822393,847
8498.056392208216,846
8503.056719594042,879
8508.057046979866,896
8513.05737436569,915
8518.057701751513,877
8523.058029137337,874
8528.058356523161,889
8533.058683908986,897
8538.05901129481,854
8543.059338680634,921
8548.05966606646,868
8553.059993452283,915
8558.060320838107,968
8563.060648223931,945
8568.060975609755,942
8573.06130299558,874
8578.061630381404,963
8583.061957767228,916
8588.062285153052,951
8593.062612538877,994
8598.062939924701,971
8603.063267310525,981
8608.063594696348,946
8613.063922082172,993
8618.064249467998,954
8623.064576853822,988
8628.064904239645,984
8633.065231625471,1058
8638.065559011295,985
8643.065886397118,1009
8648.066213782942,996
8653.066541168766,967
8658.066868554592,1019
8663.067195940415,1076
8668.06752332624,1049
8673.067850712063,1022
8678.068178097888,1016
8683.068505483712,1079
8688.068832869536,1074
8693.06916025536,1017
8698.069487641184,1071
8703.06981502701,1092
8708.070142412833,1115
8713.070469798657,1056
8718.070797184482,1086
8723.071124570306,1135
8728.07145195613,1065
8733.071779341954,1074
8738.072106727777,1119
8743.072434113603,1171
8748.072761499427,1129
8753.07308888525,1100
8758.073416271074,1079
8763.0737436569,1174
8768.074071042724,1152
8773.074398428547,1155
8778.074725814371,1148
8783.075053200195,1223
8788.07538058602,1149
8793.075707971844,1183
8798.076035357668,1194
8803.076362743494,1234
8808.076690129317,1231
8813.077017515141,1204
8818.077344900965,1274
8823.077672286789,1184
8828.077999672614,1136
8833.078327058438,1226
8838.078654444262,1237
8843.078981830085,1199
8848.079309215911,1193
8853.079636601735,1226
8858.079963987559,1228
8863.080291373382,1197
8868.080618759206,1246
8873.080946145032,1259
8878.081273530855,1204
8883.08160091668,1180
8888.081928302505,1254
8893.082255688329,1254
8898.082583074152,1274
8903.082910459976,1303
8908.0832378458,1311
8913.083565231625,1229
8918.08389261745,1246
8923.084220003273,1366
8928.084547389097,1265
8933.084874774922,1272
8938.085202160746,1280
8943.08552954657,1266
8948.085856932394,1253
8953.086184318217,1306
8958.086511704043,1400
8963.086839089867,1353
8968.08716647569,1397
8973.087493861516,1337
8978.08782124734,1342
8983.088148633164,1352
8988.088476018987,1399
8993.088803404811,1350
8998.089130790637,1365
9003.08945817646,1330
9008.089785562284,1374
9013.090112948108,1278
9018.090440333934,1317
9023.090767719757,1423
9028.091095105581,1406
9033.091422491405,1401
9038.091749877229,1407
9043.092077263054,1398
9048.092404648878,1413
9053.092732034702,1413
9058.093059420527,1467
9063.093386806351,1437
9068.093714192175,1508
9073.094041577999,1419
9078.094368963822,1424
9083.094696349648,1424
9088.095023735472,1483
9093.095351121296,1459
9098.09567850712,1428
9103.096005892945,1474
9108.096333278769,1551
9113.096660664592,1506
9118.096988050416,1509
9123.09731543624,1465
9128.097642822066,1456
9133.09797020789,1472
9138.098297593713,1480
9143.098624979539,1414
9148.098952365362,1523
9153.099279751186,1545
9158.09960713701,1488
9163.099934522834,1474
9168.10026190866,1516
9173.100589294483,1496
9178.100916680307,1529
9183.10124406613,1501
9188.101571451956,1543
9193.10189883778,1533
9198.102226223604,1457
9203.102553609428,1475
9208.102880995251,1533
9213.103208381077,1569
9218.1035357669,1490
9223.103863152724,1598
9228.10419053855,1584
9233.104517924374,1514
9238.104845310198,1545
9243.105172696021,1525
9248.105500081845,1587
9253.105827467669,1562
9258.106154853494,1546
9263.106482239318,1583
9268.106809625142,1585
9273.107137010968,1591
9278.107464396791,1576
9283.107791782615,1562
9288.108119168439,1587
9293.108446554263,1582
9298.108773940088,1604
9303.109101325912,1575
9308.109428711736,1638
9313.109756097561,1586
9318.110083483385,1611
9323.110410869209,1646
9328.110738255033,1652
9333.111065640856,1575
9338.11139302668,1621
9343.111720412506,1585
9348.11204779833,1642
9353.112375184153,1585
9358.112702569979,1598
9363.113029955803,1665
9368.113357341626,1614
9373.11368472745,1673
9378.114012113274,1598
9383.1143394991,1699
9388.114666884923,1653
9393.114994270747,1562
9398.115321656573,1629
9403.115649042396,1654
9408.11597642822,1682
9413.116303814044,1577
9418.116631199868,1615
9423.116958585691,1718
9428.117285971517,1668
9433.11761335734,1699
9438.117940743165,1639
9443.11826812899,1717
9448.118595514814,1607
9453.118922900638,1689
9458.119250286461,1742
9463.119577672285,1591
9468.11990505811,1663
9473.120232443935,1738
9478.120559829758,1596
9483.120887215584,1654
9488.121214601408,1683
9493.121541987231,1653
9498.121869373055,1679
9503.122196758879,1730
9508.122524144703,1642
9513.122851530528,1626
9518.123178916352,1607
9523.123506302176,1637
9528.123833688001,1718
9533.124161073825,1647
9538.124488459649,1719
9543.124815845473,1639
9548.125143231297,1634
9553.125470617122,1775
9558.125798002946,1704
9563.12612538877,1660
9568.126452774595,1666
9573.126780160419,1696
9578.127107546243,1729
9583.127434932067,1718
9588.12776231789,1736
9593.128089703714,1576
9598.12841708954,1749
9603.128744475363,1715
9608.129071861187,1701
9613.129399247013,1744
9618.129726632837,1701
9623.13005401866,1660
9628.130381404484,1742
9633.130708790308,1730
9638.131036176133,1734
9643.131363561957,1740
9648.131690947781,1663
9653.132018333607,1681
9658.13234571943,1675
9663.132673105254,1701
9668.133000491078,1744
9673.133327876902,1757
9678.133655262725,1699
9683.133982648551,1679
9688.134310034375,1655
9693.134637420198,1639
9698.134964806024,1728
9703.135292191848,1812
9708.135619577672,1681
9713.135946963495,1642
9718.13627434932,1710
9723.136601735145,1778
9728.136929120968,1684
9733.137256506792,1710
9738.137583892618,1695
9743.137911278442,1773
9748.138238664265,1713
9753.13856605009,1699
9758.138893435913,1662
9763.139220821737,1742
9768.139548207562,1740
9773.139875593386,1717
9778.14020297921,1732
9783.140530365035,1708
9788.14085775086,1712
9793.141185136683,1699
9798.141512522507,1637
9803.14183990833,1789
9808.142167294156,1710
9813.14249467998,1641
9818.142822065804,1718
9823.14314945163,1671
9828.143476837453,1755
9833.143804223277,1662
9838.1441316091,1781
9843.144458994924,1633
9848.144786380748,1750
9853.145113766574,1710
9858.145441152397,1752
9863.145768538221,1681
9868.146095924047,1678
9873.14642330987,1748
9878.146750695694,1630
9883.147078081518,1710
9888.147405467342,1663
9893.147732853167,1672
9898.148060238991,1666
9903.148387624815,1640
9908.148715010639,1717
9913.149042396464,1691
9918.149369782288,1659
9923.149697168112,1674
9928.150024553936,1721
9933.15035193976,1660
9938.150679325585,1731
9943.151006711409,1714
9948.151334097232,1698
9953.151661483058,1718
9958.151988868882,1735
9963.152316254706,1686
9968.15264364053,1650
9973.152971026353,1659
9978.153298412179,1654
9983.153625798002,1660
9988.153953183826,1678
9993.15428056965,1720
9998.154607955476,1583
10003.1549353413,1643
10008.155262727123,1622
10013.155590112947,1617
10018.15591749877,1643
10023.156244884596,1653
10028.15657227042,1610
10033.156899656244,1612
10038.15722704207,1638
10043.157554427893,1624
10048.157881813717,1638
10053.15820919954,1668
10058.158536585364,1624
10063.15886397119,1645
10068.159191357014,1603
10073.159518742837,1687
10078.159846128661,1690
10083.160173514487,1593
10088.16050090031,1690
10093.160828286134,1575
10098.161155671958,1664
10103.161483057782,1653
10108.161810443607,1678
10113.162137829431,1663
10118.162465215255,1566
10123.16279260108,1520
10128.163119986904,1591
10133.163447372728,1602
10138.163774758552,1526
10143.164102144376,1584
10148.164429530201,1550
10153.164756916025,1680
10158.165084301849,1489
10163.165411687673,1539
10168.165739073498,1592
10173.166066459322,1525
10178.166393845146,1579
10183.16672123097,1541
10188.167048616793,1588
10193.167376002619,1553
10198.167703388443,1546
10203.168030774266,1607
10208.168358160092,1585
10213.168685545916,1580
10218.16901293174,1547
10223.169340317563,1501
10228.169667703387,1509
10233.169995089213,1569
10238.170322475036,1474
10243.17064986086,1588
10248.170977246684,1533
10253.17130463251,1463
10258.171632018333,1486
10263.171959404157,1440
10268.17228678998,1512
10273.172614175804,1420
10278.17294156163,1532
10283.173268947454,1587
10288.173596333278,1515
10293.173923719103,1469
10298.174251104927,1510
10303.17457849075,1467
10308.174905876574,1378
10313.175233262398,1526
10318.175560648224,1532
10323.175888034048,1531
10328.176215419871,1465
10333.176542805695,1450
10338.17687019152,1489
10343.177197577344,1414
10348.177524963168,1500
10353.177852348992,1492
10358.178179734816,1394
10363.178507120641,1435
10368.178834506465,1388
10373.179161892289,1405
10378.179489278114,1431
10383.179816663938,1449
10388.180144049762,1412
10393.180471435586,1379
10398.18079882141,1439
10403.181126207235,1397
10408.181453593059,1313
10413.181780978883,1442
10418.182108364706,1440
10423.182435750532,1375
10428.182763136356,1378
10433.18309052218,1367
10438.183417908003,1349
10443.183745293827,1415
10448.184072679653,1411
10453.184400065476,1344
10458.1847274513,1336
10463.185054837126,1371
10468.18538222295,1378
10473.185709608773,1344
10478.186036994597,1443
10483.18636438042,1340
10488.186691766246,1315
10493.18701915207,1345
10498.187346537894,1347
10503.187673923718,1351
10508.188001309543,1294
10513.188328695367,1304
10518.18865608119,1341
10523.188983467015,1356
10528.189310852838,1321
10533.189638238664,1317
10538.189965624488,1279
10543.190293010312,1226
10548.190620396137,1256
10553.19094778196,1275
10558.191275167785,1251
10563.191602553608,1237
10568.191929939432,1334
10573.192257325258,1207
10578.192584711082,1208
10583.192912096905,1228
10588.193239482729,1256
10593.193566868555,1251
10598.193894254378,1227
10603.194221640202,1269
10608.194549026026,1162
10613.19487641185,1268
10618.195203797675,1128
10623.195531183499,1199
10628.195858569323,1217
10633.196185955148,1204
10638.196513340972,1149
10643.196840726796,1194
10648.19716811262,1199
10653.197495498443,1243
10658.197822884267,1154
10663.198150270093,1187
10668.198477655917,1121
10673.19880504174,1194
10678.199132427566,1159
10683.19945981339,1188
10688.199787199213,1081
10693.200114585037,1154
10698.200441970861,1129
10703.200769356687,1204
10708.20109674251,1102
10713.201424128334,1120
10718.20175151416,1139
10723.202078899983,1154
10728.202406285807,1136
10733.202733671631,1110
10738.203061057455,1173
10743.203388443279,1146
10748.203715829104,1098
10753.204043214928,1144
10758.204370600752,1085
10763.204697986577,1096
10768.205025372401,1080
10773.205352758225,1071
10778.205680144049,1114
10783.206007529872,1037
10788.206334915698,1042
10793.206662301522,1088
10798.206989687345,1052
10803.207317073171,1089
10808.207644458995,1023
10813.207971844819,1039
10818.208299230642,1030
10823.208626616466,998
10828.20895400229,1007
10833.209281388115,994
10838.20960877394,1000
10843.209936159763,1004
10848.210263545589,979
10853.210590931412,965
10858.210918317236,984
10863.21124570306,993
10868.211573088884,974
10873.21190047471,937
10878.212227860533,993
10883.212555246357,970
10888.212882632182,991
10893.213210018006,930
10898.21353740383,1022
10903.213864789654,954
10908.214192175477,988
10913.214519561301,894
10918.214846947127,931
10923.21517433295,939
10928.215501718774,1002
10933.2158291046,948
10938.216156490424,907
10943.216483876247,887
10948.216811262071,904
10953.217138647895,950
10958.21746603372,907
10963.217793419544,876
10968.218120805368,922
10973.218448191194,828
10978.218775577017,861
10983.219102962841,905
10988.219430348665,840
10993.219757734489,861
10998.220085120312,861
11003.220412506138,877
11008.220739891962,822
11013.221067277786,854
11018.221394663611,861
11023.221722049435,806
11028.222049435259,748
11033.222376821082,867
11038.222704206906,806
11043.223031592732,792
11048.223358978556,843
11053.22368636438,887
11058.224013750205,774
11063.224341136029,796
11068.224668521852,753
11073.224995907676,802
11078.2253232935,782
11083.225650679324,806
11088.22597806515,744
11093.226305450973,781
11098.226632836797,753
11103.226960222622,774
11108.227287608446,823
11113.22761499427,789
11118.227942380094,774
11123.228269765918,775
11128.228597151743,754
11133.228924537567,722
11138.22925192339,694
11143.229579309216,739
11148.22990669504,725
11153.230234080864,704
11158.230561466688,715
11163.230888852511,731
11168.231216238335,715
11173.23154362416,733
11178.231871009984,696
11183.232198395808,704
11188.232525781634,734
11193.232853167458,709
11198.233180553281,679
11203.233507939105,680
11208.233835324929,705
11213.234162710754,731
11218.234490096578,638
11223.234817482402,672
11228.235144868228,705
11233.235472254051,623
11238.235799639875,683
11243.236127025699,626
11248.236454411523,648
11253.236781797346,612
11258.237109183172,647
11263.237436568996,622
11268.23776395482,606
11273.238091340645,662
11278.238418726469,663
11283.238746112293,647
11288.239073498116,604
11293.23940088394,581
11298.239728269766,597
11303.24005565559,598
11308.240383041413,618
11313.240710427237,612
11318.241037813063,608
11323.241365198886,578
11328.24169258471,554
11333.242019970534,588
11338.242347356358,548
11343.242674742183,576
11348.243002128007,568
11353.24332951383,551
11358.243656899656,538
11363.24398428548,553
11368.244311671304,549
11373.244639057128,556
11378.244966442951,502
11383.245293828777,521
11388.2456212146,514
11393.245948600425,547
11398.246275986248,512
11403.246603372074,531
11408.246930757898,560
11413.247258143721,537
11418.247585529545,557
11423.247912915369,550
11428.248240301195,565
11433.248567687018,503
11438.248895072842,498
11443.249222458668,525
11448.249549844491,514
11453.249877230315,494
11458.250204616139,456
11463.250532001963,491
11468.250859387788,489
11473.251186773612,488
11478.251514159436,482
11483.25184154526,503
11488.252168931085,471
11493.252496316909,488
11498.252823702733,470
11503.253151088556,469
11508.25347847438,473
11513.253805860206,484
11518.25413324603,427
11523.254460631853,438
11528.254788017679,477
11533.255115403503,445
11538.255442789326,456
11543.25577017515,489
11548.256097560974,473
11553.2564249468,440
11558.256752332623,418
11563.257079718447,403
11568.25740710427,435
11573.257734490096,420
11578.25806187592,405
11583.258389261744,371
11588.258716647568,412
11593.259044033392,394
11598.259371419217,413
11603.25969880504,428
11608.260026190865,385
11613.26035357669,403
11618.260680962514,405
11623.261008348338,393
11628.261335734162,390
11633.261663119985,384
11638.26199050581,377
11643.262317891635,368
11648.262645277458,374
11653.262972663282,363
11658.263300049108,375
11663.263627434932,346
11668.263954820755,381
11673.264282206579,390
11678.264609592403,362
11683.264936978228,343
11688.265264364052,350
11693.265591749876,374
11698.265919135702,354
11703.266246521525,342
11708.266573907349,354
11713.266901293173,326
11718.267228678997,336
11723.267556064822,353
11728.267883450646,322
11733.26821083647,370
11738.268538222294,341
11743.268865608119,296
11748.269192993943,337
11753.269520379767,311
11758.26984776559,333
11763.270175151414,329
11768.27050253724,302
11773.270829923064,294
11778.271157308887,310
11783.271484694713,316
11788.271812080537,292
11793.27213946636,313
11798.272466852184,285
11803.272794238008,306
11808.273121623834,298
11813.273449009657,310
11818.273776395481,273
11823.274103781305,257
11828.27443116713,310
11833.274758552954,291
11838.275085938778,269
11843.275413324602,299
11848.275740710425,280
11853.276068096251,281
11858.276395482075,287
11863.276722867899,251
11868.277050253724,268
11873.277377639548,256
11878.277705025372,281
11883.278032411195,257
11888.27835979702,299
11893.278687182845,259
11898.279014568669,243
11903.279341954492,272
11908.279669340316,264
11913.279996726142,231
11918.280324111965,245
11923.28065149779,252
11928.280978883613,239
11933.281306269437,228
11938.281633655262,272
11943.281961041086,247
11948.28228842691,244
11953.282615812735,228
11958.28294319856,220
11963.283270584383,246
11968.283597970207,234
11973.28392535603,219
11978.284252741854,227
11983.28458012768,231
11988.284907513504,228
11993.285234899327,216
11998.285562285153,226
12003.285889670977,202
12008.2862170568,213
12013.286544442624,226
12018.286871828448,222
12023.287199214274,207
12028.287526600097,220
12033.287853985921,211
12038.288181371747,163
12043.28850875757,201
12048.288836143394,236
12053.289163529218,197
12058.289490915042,200
12063.289818300866,195
12068.290145686691,193
12073.290473072515,202
12078.290800458339,206
12083.291127844164,169
12088.291455229988,176
12093.291782615812,187
12098.292110001636,223
12103.29243738746,160
12108.292764773285,201
12113.293092159109,194
12118.293419544932,200
12123.293746930758,179
12128.294074316582,153
12133.294401702406,197
12138.29472908823,164
12143.295056474053,173
12148.295383859877,173
12153.295711245702,180
12158.296038631526,160
12163.29636601735,161
12168.296693403176,150
12173.297020789,160
12178.297348174823,153
12183.297675560647,170
12188.29800294647,158
12193.298330332296,184
12198.29865771812,156
12203.298985103944,161
12208.29931248977,153
12213.299639875593,129
12218.299967261417,137
12223.30029464724,139
12228.300622033064,138
12233.300949418888,156
12238.301276804714,152
12243.301604190538,146
12248.301931576361,182
12253.302258962187,167
12258.30258634801,147
12263.302913733834,141
12268.303241119658,146
12273.303568505482,150
12278.303895891308,132
12283.304223277131,137
12288.304550662955,130
12293.30487804878,137
12298.305205434604,131
12303.305532820428,102
12308.305860206252,143
12313.306187592076,123
12318.3065149779,128
12323.306842363725,119
12328.307169749549,108
12333.307497135373,119
12338.307824521198,122
12343.308151907022,131
12348.308479292846,138
12353.30880667867,118
12358.309134064493,115
12363.309461450319,111
12368.309788836143,112
12373.310116221966,123
12378.310443607792,129
12383.310770993616,108
12388.31109837944,104
12393.311425765263,98
12398.311753151087,110
12403.31208053691,94
12408.312407922736,109
12413.31273530856,103
12418.313062694384,99
12423.31339008021,98
12428.313717466033,115
12433.314044851857,84
12438.31437223768,123
12443.314699623505,81
12448.31502700933,102
12453.315354395154,91
12458.315681780978,105
12463.316009166803,104
12468.316336552627,108
12473.31666393845,87
12478.316991324275,105
12483.317318710098,85
12488.317646095922,111
12493.317973481748,97
12498.318300867571,87
12503.318628253395,99
12508.31895563922,103
12513.319283025045,80
12518.319610410868,56
12523.319937796692,82
12528.320265182516,76
12533.320592568341,78
12538.320919954165,78
12543.321247339989,82
12548.321574725815,80
12553.321902111638,75
12558.322229497462,98
12563.322556883286,84
12568.32288426911,73
12573.323211654933,66
12578.323539040759,84
12583.323866426583,64
12588.324193812407,87
12593.324521198232,80
12598.324848584056,69
12603.32517596988,59
12608.325503355703,68
12613.325830741527,59
12618.326158127353,71
12623.326485513177,83
12628.326812899,72
12633.327140284824,72
12638.32746767065,68
12643.327795056473,64
12648.328122442297,75
12653.328449828121,62
12658.328777213945,65
12663.32910459977,71
12668.329431985594,66
12673.329759371418,76
12678.330086757243,57
12683.330414143067,67
12688.330741528891,50
12693.331068914715,49
12698.331396300538,63
12703.331723686364,70
12708.332051072188,70
12713.332378458012,67
12718.332705843835,56
12723.333033229661,59
12728.333360615485,36
12733.333688001308,50
12738.334015387132,60
12743.334342772956,45
12748.334670158782,57
12753.334997544605,59
12758.33532493043,66
12763.335652316255,55
12768.335979702078,42
12773.336307087902,53
12778.336634473726,52
12783.33696185955,53
12788.337289245375,55
12793.3376166312,53
12798.337944017023,46
12803.338271402847,41
12808.338598788672,37
12813.338926174496,41
12818.33925356032,59
12823.339580946144,51
12828.339908331967,49
12833.340235717793,51
12838.340563103617,46
12843.34089048944,50
12848.341217875266,46
12853.34154526109,35
12858.341872646914,38
12863.342200032737,49
12868.342527418561,52
12873.342854804387,40
12878.34318219021,44
12883.343509576034,51
12888.343836961858,43
12893.344164347684,37
12898.344491733507,26
12903.344819119331,39
12908.345146505155,28
12913.345473890979,39
12918.345801276804,42
12923.346128662628,30
12928.346456048452,28
12933.346783434277,26
12938.347110820101,46
12943.347438205925,36
12948.347765591749,36
12953.348092977572,19
12958.348420363398,34
12963.348747749222,24
12968.349075135045,33
12973.34940252087,31
12978.349729906695,33
12983.350057292519,27
12988.350384678342,15
12993.350712064166,39
12998.35103944999,24
13003.351366835815,27
13008.35169422164,35
13013.352021607463,23
13018.352348993289,35
13023.352676379112,27
13028.353003764936,24
13033.35333115076,36
13038.353658536584,23
13043.35398592241,30
13048.354313308233,24
13053.354640694057,24
13058.35496807988,19
13063.355295465706,24
13068.35562285153,25
13073.355950237354,17
13078.356277623177,25
13083.356605009001,29
13088.356932394827,26
13093.35725978065,23
13098.357587166474,30
13103.3579145523,29
13108.358241938124,28
13113.358569323947,23
13118.358896709771,24
13123.359224095595,23
13128.35955148142,19
13133.359878867244,21
13138.360206253068,23
13143.360533638892,27
13148.360861024717,25
13153.361188410541,25
13158.361515796365,20
13163.361843182189,25
13168.362170568013,24
13173.362497953838,20
13178.362825339662,24
13183.363152725486,21
13188.363480111311,17
13193.363807497135,24
13198.364134882959,21
13203.364462268783,20
13208.364789654606,21
13213.365117040432,15
13218.365444426256,22
13223.36577181208,21
13228.366099197903,17
13233.366426583729,13
13238.366753969553,20
13243.367081355376,19
13248.3674087412,17
13253.367736127024,26
13258.36806351285,19
13263.368390898673,15
13268.368718284497,18
13273.369045670323,19
13278.369373056146,20
13283.36970044197,21
13288.370027827794,25
13293.370355213618,20
13298.370682599443,11
13303.371009985267,16
13308.37133737109,16
13313.371664756914,19
13318.37199214274,18
13323.372319528564,18
13328.372646914388,22
13333.372974300211,13
13338.373301686035,14
13343.37362907186,12
13348.373956457684,14
13353.374283843508,17
13358.374611229334,11
13363.374938615158,11
13368.375266000981,10
13373.375593386805,14
13378.375920772629,6
13383.376248158453,16
13388.376575544278,8
13393.376902930102,16
13398.377230315926,13
13403.377557701751,19
13408.377885087575,26
13413.378212473399,13
13418.378539859223,21
13423.378867245046,11
13428.379194630872,16
13433.379522016696,8
13438.37984940252,11
13443.380176788345,4
13448.380504174169,11
13453.380831559993,14
13458.381158945816,12
13463.38148633164,14
13468.381813717464,14
13473.38214110329,13
13478.382468489113,9
13483.382795874937,15
13488.383123260763,2
13493.383450646586,19
13498.38377803241,11
13503.384105418234,11
13508.384432804058,9
13513.384760189883,12
13518.385087575707,9
13523.38541496153,13
13528.385742347356,14
13533.38606973318,6
13538.386397119004,9
13543.386724504828,8
13548.387051890651,7
13553.387379276475,3
13558.3877066623,16
13563.388034048125,6
13568.388361433948,8
13573.388688819774,14
13578.389016205598,7
13583.389343591421,9
13588.389670977245,10
13593.389998363069,6
13598.390325748895,13
13603.390653134718,9
13608.390980520542,8
13613.391307906368,5
13618.391635292191,10
13623.391962678015,8
13628.392290063839,7
13633.392617449663,8
13638.392944835487,7
13643.393272221312,5
13648.393599607136,6
13653.39392699296,12
13658.394254378785,3
13663.394581764609,9
13668.394909150433,4
13673.395236536257,5
13678.39556392208,8
13683.395891307906,9
13688.39621869373,8
13693.396546079553,8
13698.396873465379,8
13703.397200851203,7
13708.397528237027,6
13713.39785562285,6
13718.398183008674,6
13723.398510394498,6
13728.398837780323,10
13733.399165166147,6
13738.399492551971,4
13743.399819937797,4
13748.40014732362,5
13753.400474709444,9
13758.400802095268,5
13763.401129481092,13
13768.401456866917,7
13773.401784252741,10
13778.402111638565,3
13783.40243902439,3
13788.402766410214,5
13793.403093796038,10
13798.403421181862,4
13803.403748567685,2
13808.40407595351,7
13813.404403339335,5
13818.404730725159,2
13823.405058110982,8
13828.405385496808,5
13833.405712882632,5
13838.406040268455,4
13843.40636765428,7
13848.406695040103,4
13853.407022425929,5
13858.407349811752,2
13863.407677197576,4
13868.408004583402,2
13873.408331969225,3
13878.40865935505,3
13883.408986740873,0
13888.409314126697,3
13893.40964151252,6
13898.409968898346,4
13903.41029628417,5
13908.410623669994,1
13913.41095105582,5
13918.411278441643,7
13923.411605827467,0
13928.41193321329,3
13933.412260599114,3
13938.41258798494,1
13943.412915370764,3
13948.413242756587,4
13953.413570142413,4
13958.413897528237,4
13963.41422491406,5
13968.414552299884,3
13973.414879685708,2
13978.415207071532,9
13983.415534457357,5
13988.415861843181,6
13993.416189229005,4
13998.41651661483,6
14003.416844000654,4
14008.417171386478,3
14013.417498772302,6
14018.417826158126,1
14023.418153543951,4
14028.418480929775,4
14033.418808315599,2
14038.419135701422,4
14043.419463087248,6
14048.419790473072,1
14053.420117858896,4
14058.42044524472,4
14063.420772630543,2
14068.421100016369,4
14073.421427402192,5
14078.421754788016,2
14083.422082173842,4
14088.422409559666,2
14093.42273694549,2
14098.423064331313,2
14103.423391717137,3
14108.423719102962,3
14113.424046488786,5
14118.42437387461,1
14123.424701260434,3
14128.42502864626,3
14133.425356032083,2
14138.425683417907,2
14143.42601080373,4
14148.426338189554,3
14153.42666557538,5
14158.426992961204,2
14163.427320347027,1
14168.427647732853,3
14173.427975118677,5
14178.4283025045,2
14183.428629890324,3
14188.428957276148,3
14193.429284661974,6
14198.429612047797,3
14203.429939433621,0
14208.430266819445,2
14213.43059420527,2
14218.430921591094,5
14223.431248976918,3
14228.431576362742,5
14233.431903748566,2
14238.432231134391,2
14243.432558520215,4
14248.432885906039,2
14253.433213291864,5
14258.433540677688,0
14263.433868063512,3
14268.434195449336,0
14273.43452283516,2
14278.434850220985,2
14283.435177606809,2
14288.435504992633,5
14293.435832378456,3
14298.436159764282,0
14303.436487150106,2
14308.43681453593,2
14313.437141921753,5
14318.437469307577,2
14323.437796693403,6
14328.438124079226,2
14333.43845146505,2
14338.438778850876,4
14343.4391062367,3
14348.439433622523,5
14353.439761008347,4
14358.44008839417,0
14363.440415779996,1
14368.44074316582,4
14373.441070551644,1
14378.441397937468,4
14383.441725323293,3
14388.442052709117,3
14393.44238009494,3
14398.442707480765,0
14403.443034866588,0
14408.443362252414,1
14413.443689638238,0
14418.444017024061,3
14423.444344409887,5
14428.44467179571,2
14433.444999181535,0
14438.445326567358,1
14443.445653953182,0
14448.445981339008,0
14453.446308724831,3
14458.446636110655,3
14463.446963496479,0
14468.447290882305,3
14473.447618268128,0
14478.447945653952,1
14483.448273039776,0
14488.4486004256,3
14493.448927811425,1
14498.449255197249,0
14503.449582583073,1
14508.449909968898,0
14513.450237354722,3
14518.450564740546,4
14523.45089212637,3
14528.451219512193,0
14533.451546898019,0
14538.451874283843,2
14543.452201669666,3
14548.45252905549,5
14553.452856441316,2
14558.45318382714,2
14563.453511212963,1
14568.453838598787,3
14573.45416598461,2
14578.454493370436,1
14583.45482075626,3
14588.455148142084,2
14593.45547552791,1
14598.455802913733,4
14603.456130299557,3
14608.45645768538,1
14613.456785071205,2
14618.45711245703,2
14623.457439842854,2
14628.457767228678,2
14633.458094614502,1
14638.458422000327,1
14643.45874938615,1
14648.459076771975,2
14653.459404157798,2
14658.459731543622,2
14663.460058929448,3
14668.460386315272,3
14673.460713701095,1
14678.46104108692,4
14683.461368472745,3
14688.461695858568,2
14693.462023244392,1
14698.462350630216,1
14703.46267801604,1
14708.463005401865,1
14713.463332787689,2
14718.463660173513,3
14723.463987559338,1
14728.464314945162,1
14733.464642330986,2
14738.46496971681,3
14743.465297102633,2
14748.465624488459,2
14753.465951874283,1
14758.466279260107,2
14763.466606645932,3
14768.466934031756,2
14773.46726141758,4
14778.467588803403,0
14783.467916189227,1
14788.468243575051,1
14793.468570960877,4
14798.4688983467,4
14803.469225732524,1
14808.46955311835,2
14813.469880504173,2
14818.470207889997,1
14823.470535275821,2
14828.470862661645,0
14833.47119004747,0
14838.471517433294,0
14843.471844819118,1
14848.472172204943,2
14853.472499590767,0
14858.472826976591,1
14863.473154362415,1
14868.473481748239,2
14873.473809134062,5
14878.474136519888,2
14883.474463905712,2
14888.474791291535,1
14893.475118677361,1
14898.475446063185,3
14903.475773449009,0
14908.476100834832,1
14913.476428220656,1
14918.476755606482,1
14923.477082992305,2
14928.47741037813,1
14933.477737763955,0
14938.478065149779,3
14943.478392535602,0
14948.478719921426,2
14953.47904730725,3
14958.479374693074,1
14963.4797020789,1
14968.480029464723,1
14973.480356850547,2
14978.480684236372,0
14983.481011622196,2
14988.48133900802,2
14993.481666393844,3
14998.481993779667,2
15003.482321165493,2
15008.482648551317,5
15013.48297593714,1
15018.483303322966,0
15023.48363070879,2
15028.483958094614,1
15033.484285480437,1
15038.484612866261,1
15043.484940252085,1
15048.48526763791,0
15053.485595023734,2
15058.485922409558,0
15063.486249795384,2
15068.486577181207,3
15073.486904567031,4
15078.487231952855,2
15083.487559338679,4
15088.487886724504,0
15093.488214110328,0
15098.488541496152,2
15103.488868881977,1
15108.489196267801,1
15113.489523653625,1
15118.489851039449,1
15123.490178425272,2
15128.490505811096,2
15133.490833196922,1
15138.491160582746,0
15143.49148796857,3
15148.491815354395,0
15153.492142740219,4
15158.492470126042,1
15163.492797511866,2
15168.49312489769,1
15173.493452283516,1
15178.49377966934,0
15183.494107055163,1
15188.494434440989,3
15193.494761826812,1
15198.495089212636,4
15203.49541659846,0
15208.495743984284,1
15213.496071370108,4
15218.496398755933,3
15223.496726141757,3
15228.49705352758,5
15233.497380913406,0
15238.49770829923,0
15243.498035685054,1
15248.498363070878,2
15253.498690456701,2
15258.499017842527,3
15263.49934522835,1
15268.499672614174,1
15273.5,0
15278.500327385824,4
15283.500654771648,0
15288.500982157471,3
15293.501309543295,2
15298.501636929119,3
15303.501964314944,1
15308.502291700768,0
15313.502619086592,0
15318.502946472418,1
15323.503273858241,3
15328.503601244065,0
15333.503928629889,1
15338.504256015713,3
15343.504583401538,2
15348.504910787362,1
15353.505238173186,0
15358.505565559011,2
15363.505892944835,0
15368.506220330659,1
15373.506547716483,0
15378.506875102306,0
15383.50720248813,0
15388.507529873956,0
15393.50785725978,1
15398.508184645603,0
15403.508512031429,3
15408.508839417253,0
15413.509166803076,0
15418.5094941889,3
15423.509821574724,1
15428.51014896055,1
15433.510476346373,2
15438.510803732197,1
15443.51113111802,4
15448.511458503846,0
15453.51178588967,0
15458.512113275494,1
15463.512440661318,1
15468.512768047141,1
15473.513095432967,1
15478.51342281879,1
15483.513750204615,1
15488.51407759044,1
15493.514404976264,4
15498.514732362088,1
15503.515059747911,2
15508.515387133735,0
15513.51571451956,2
15518.516041905385,1
15523.516369291208,0
15528.516696677032,2
15533.517024062858,2
15538.517351448681,4
15543.517678834505,2
15548.518006220329,1
15553.518333606153,0
15558.518660991978,2
15563.518988377802,0
15568.519315763626,4
15573.519643149451,2
15578.519970535275,0
15583.520297921099,2
15588.520625306923,0
15593.520952692747,2
15598.521280078572,2
15603.521607464396,0
15608.52193485022,0
15613.522262236043,1
15618.522589621869,1
15623.522917007693,1
15628.523244393517,2
15633.52357177934,1
15638.523899165164,1
15643.52422655099,0
15648.524553936813,1
15653.524881322637,0
15658.525208708463,1
15663.525536094287,0
15668.52586348011,3
15673.526190865934,1
15678.526518251758,2
15683.526845637583,0
15688.527173023407,0
15693.527500409231,1
15698.527827795055,2
15703.52815518088,3
15708.528482566704,1
15713.528809952528,1
15718.529137338352,0
15723.529464724175,1
15728.529792110001,3
15733.530119495825,0
15738.530446881648,1
15743.530774267474,0
15748.531101653298,1
15753.531429039122,3
15758.531756424945,1
15763.53208381077,1
15768.532411196595,2
15773.532738582418,1
15778.533065968242,2
15783.533393354066,0
15788.533720739892,0
15793.534048125715,0
15798.53437551154,2
15803.534702897363,4
15808.535030283187,3
15813.535357669012,1
15818.535685054836,1
15823.53601244066,2
15828.536339826485,0
15833.53666721231,0
15838.536994598133,0
15843.537321983957,0
15848.53764936978,2
15853.537976755606,0
15858.53830414143,1
15863.538631527254,2
15868.538958913077,2
15873.539286298903,2
15878.539613684727,1
15883.53994107055,0
15888.540268456374,1
15893.540595842198,1
15898.540923228024,2
15903.541250613847,0
15908.541577999671,3
15913.541905385497,0
15918.54223277132,2
15923.542560157144,0
15928.542887542968,1
15933.543214928792,1
15938.543542314617,0
15943.543869700441,2
15948.544197086265,4
15953.544524472089,0
15958.544851857914,2
15963.545179243738,3
15968.545506629562,1
15973.545834015385,1
15978.54616140121,0
15983.546488787035,0
15988.546816172859,3
15993.547143558682,0
15998.547470944508,1
16003.547798330332,1
16008.548125716155,1
16013.54845310198,2
16018.548780487803,2
16023.549107873629,3
16028.549435259452,0
16033.549762645276,1
16038.5500900311,1
16043.550417416925,0
16048.55074480275,1
16053.551072188573,1
16058.551399574397,1
16063.55172696022,0
16068.552054346046,1
16073.55238173187,3
16078.552709117694,1
16083.55303650352,2
16088.553363889343,2
16093.553691275167,3
16098.55401866099,0
16103.554346046814,1
16108.554673432638,0
16113.555000818464,2
16118.555328204287,0
16123.555655590111,1
16128.555982975937,1
16133.55631036176,0
16138.556637747584,0
16143.556965133408,0
16148.557292519232,2
16153.557619905057,1
16158.557947290881,2
16163.558274676705,3
16168.55860206253,3
16173.558929448354,1
16178.559256834178,0
16183.559584220002,0
16188.559911605826,3
16193.56023899165,2
16198.560566377475,1
16203.560893763299,1
16208.561221149123,0
16213.561548534948,1
16218.561875920772,1
16223.562203306596,3
16228.56253069242,1
16233.562858078243,0
16238.563185464069,3
16243.563512849893,1
16248.563840235716,1
16253.564167621542,1
16258.564495007366,0
16263.56482239319,2
16268.565149779013,0
16273.565477164837,2
16278.56580455066,4
16283.566131936486,0
16288.56645932231,0
16293.566786708134,0
16298.56711409396,0
16303.567441479783,2
16308.567768865607,2
16313.56809625143,1
16318.568423637254,1
16323.56875102308,0
16328.569078408904,1
16333.569405794728,0
16338.569733180553,1
16343.570060566377,2
16348.5703879522,1
16353.570715338024,0
16358.571042723848,3
16363.571370109672,0
16368.571697495498,0
16373.572024881321,0
16378.572352267145,1
16383.57267965297,0
16388.573007038794,1
16393.57333442462,0
16398.573661810442,0
16403.573989196266,2
16408.57431658209,0
16413.574643967913,0
16418.57497135374,2
16423.575298739564,1
16428.57562612539,0
16433.575953511212,3
16438.576280897036,0
16443.57660828286,0
16448.576935668683,1
16453.577263054507,0
16458.577590440334,1
16463.57791782616,2
16468.578245211982,1
16473.578572597806,0
16478.57889998363,2
16483.579227369453,1
16488.579554755277,0
16493.5798821411,2
16498.580209526925,2
16503.580536912752,1
16508.580864298576,0
16513.5811916844,0
16518.581519070223,0
16523.581846456047,0
16528.58217384187,2
16533.582501227695,1
16538.58282861352,1
16543.583155999346,1
16548.58348338517,0
16553.583810770993,0
16558.584138156817,2
16563.58446554264,5
16568.584792928465,0
16573.58512031429,0
16578.585447700112,2
16583.585775085936,0
16588.586102471763,0
16593.586429857587,1
16598.58675724341,2
16603.587084629235,2
16608.58741201506,0
16613.587739400882,2
16618.588066786706,1
16623.58839417253,1
16628.588721558357,1
16633.58904894418,0
16638.589376330005,0
16643.58970371583,4
16648.590031101652,2
16653.590358487476,1
16658.5906858733,0
16663.591013259123,1
16668.591340644947,1
16673.591668030775,1
16678.5919954166,2
16683.592322802422,4
16688.592650188246,0
16693.59297757407,1
16698.593304959893,0
16703.593632345717,1
16708.59395973154,1
16713.59428711737,1
16718.594614503192,0
16723.594941889016,0
16728.59526927484,3
16733.595596660663,1
16738.595924046487,2
16743.59625143231,0
16748.596578818135,0
16753.59690620396,1
16758.597233589786,0
16763.59756097561,0
16768.597888361433,0
16773.598215747257,0
16778.59854313308,2
16783.598870518905,1
16788.59919790473,1
16793.599525290552,3
16798.59985267638,3
16803.600180062203,0
16808.600507448027,0
16813.60083483385,1
16818.601162219675,0
16823.6014896055,0
16828.601816991322,2
16833.602144377146,2
16838.60247176297,0
16843.602799148797,2
16848.60312653462,0
16853.603453920445,0
16858.60378130627,0
16863.604108692092,2
16868.604436077916,1
16873.60476346374,1
16878.605090849564,1
16883.60541823539,3
16888.605745621215,1
16893.60607300704,2
16898.606400392862,0
16903.606727778686,1
16908.60705516451,0
16913.607382550334,4
16918.607709936157,1
16923.60803732198,0
16928.60836470781,0
16933.608692093632,0
16938.609019479456,2
16943.60934686528,2
16948.609674251104,1
16953.610001636927,2
16958.61032902275,2
16963.610656408575,1
16968.610983794402,3
16973.611311180226,1
16978.61163856605,0
16983.611965951874,0
16988.612293337697,2
16993.61262072352,2
16998.612948109345,0
17003.61327549517,1
17008.613602880992,2
17013.61393026682,2
17018.614257652644,1
17023.614585038467,0
17028.61491242429,2
17033.615239810115,0
17038.61556719594,1
17043.615894581762,0
17048.616221967586,0
17053.616549353414,2
17058.616876739237,1
17063.61720412506,1
17068.617531510885,2
17073.61785889671,1
17078.618186282532,1
17083.618513668356,1
17088.61884105418,0
17093.619168440004,2
17098.619495825827,2
17103.619823211655,0
17108.62015059748,2
17113.620477983302,1
17118.620805369126,2
17123.62113275495,2
17128.621460140774,0
17133.621787526597,0
17138.622114912425,0
17143.62244229825,1
17148.622769684072,0
17153.623097069896,2
17158.62342445572,0
17163.623751841544,1
17168.624079227367,0
17173.62440661319,1
17178.624733999015,0
17183.62506138484,0
17188.625388770666,2
17193.62571615649,1
17198.626043542314,0
17203.626370928137,1
17208.62669831396,1
17213.627025699785,1
17218.62735308561,2
17223.627680471436,1
17228.62800785726,1
17233.628335243084,0
17238.628662628907,4
17243.62899001473,1
17248.629317400555,3
17253.62964478638,1
17258.629972172203,2
17263.630299558026,1
17268.63062694385,2
17273.630954329677,2
17278.6312817155,2
17283.631609101325,1
17288.63193648715,0
17293.632263872973,1
17298.632591258796,0
17303.63291864462,1
17308.633246030447,2
17313.63357341627,2
17318.633900802095,0
17323.63422818792,0
17328.634555573743,2
17333.634882959566,1
17338.63521034539,2
17343.635537731214,1
17348.635865117038,3
17353.63619250286,2
17358.63651988869,2
17363.636847274513,3
17368.637174660336,1
17373.63750204616,1
17378.637829431984,0
17383.638156817808,1
17388.63848420363,0
17393.63881158946,0
17398.639138975283,4
17403.639466361106,1
17408.63979374693,0
17413.640121132754,2
17418.640448518578,0
17423.6407759044,2
17428.641103290225,2
17433.64143067605,2
17438.641758061873,3
17443.6420854477,2
17448.642412833524,0
17453.642740219348,1
17458.64306760517,0
17463.643394990995,2
17468.64372237682,1
17473.644049762643,1
17478.64437714847,1
17483.644704534294,1
17488.645031920118,1
17493.64535930594,0
17498.645686691765,0
17503.64601407759,0
17508.646341463413,1
17513.646668849236,2
17518.64699623506,3
17523.647323620884,0
17528.64765100671,3
17533.647978392535,0
17538.64830577836,2
17543.648633164183,2
17548.648960550006,1
17553.64928793583,1
17558.649615321654,2
17563.64994270748,2
17568.650270093305,1
17573.65059747913,2
17578.650924864953,1
17583.651252250776,2
17588.6515796366,0
17593.651907022424,1
17598.652234408248,2
17603.65256179407,2
17608.652889179895,2
17613.653216565723,2
17618.653543951546,1
17623.65387133737,0
17628.654198723194,2
17633.654526109018,3
17638.65485349484,1
17643.655180880665,0
17648.655508266493,0
17653.655835652316,2
17658.65616303814,1
17663.656490423964,3
17668.656817809788,0
17673.65714519561,3
17678.657472581435,1
17683.65779996726,0
17688.658127353083,0
17693.658454738907,1
17698.658782124734,0
17703.659109510558,2
17708.65943689638,2
17713.659764282205,0
17718.66009166803,0
17723.660419053853,3
17728.660746439677,0
17733.661073825504,1
17738.661401211328,0
17743.66172859715,1
17748.662055982975,0
17753.6623833688,1
17758.662710754623,3
17763.663038140447,2
17768.66336552627,1
17773.663692912094,2
17778.664020297918,0
17783.664347683745,5
17788.66467506957,2
17793.665002455393,2
17798.665329841217,1
17803.66565722704,3
17808.665984612864,2
17813.666311998688,2
17818.666639384515,0
17823.66696677034,2
17828.667294156163,0
17833.667621541987,3
17838.66794892781,2
17843.668276313634,2
17848.668603699458,1
17853.66893108528,2
17858.669258471105,3
17863.66958585693,2
17868.669913242757,4
17873.67024062858,9
17878.670568014404,0
17883.670895400228,2
17888.67122278605,1
17893.671550171875,1
17898.6718775577,0
17903.672204943527,2
17908.67253232935,0
17913.672859715174,1
17918.673187100998,2
17923.67351448682,1
17928.673841872645,0
17933.67416925847,3
17938.674496644293,0
17943.674824030117,2
17948.67515141594,1
17953.675478801768,1
17958.67580618759,1
17963.676133573415,1
17968.67646095924,0
17973.676788345063,1
17978.677115730887,2
17983.67744311671,4
17988.677770502538,1
17993.67809788836,2
17998.678425274185,0
18003.67875266001,2
18008.679080045833,1
18013.679407431657,1
18018.67973481748,4
18023.680062203304,3
18028.680389589128,1
18033.68071697495,2
18038.68104436078,1
18043.681371746603,1
18048.681699132427,4
18053.68202651825,1
18058.682353904074,4
18063.682681289898,2
18068.68300867572,4
18073.68333606155,5
18078.683663447373,3
18083.683990833197,3
18088.68431821902,0
18093.684645604844,2
18098.684972990668,3
18103.68530037649,2
18108.685627762316,3
18113.68595514814,4
18118.686282533963,3
18123.68660991979,2
18128.686937305614,2
18133.687264691438,2
18138.68759207726,3
18143.687919463086,0
18148.68824684891,1
18153.688574234733,1
18158.68890162056,2
18163.689229006384,1
18168.689556392208,3
18173.68988377803,2
18178.690211163856,1
18183.69053854968,0
18188.690865935503,1
18193.691193321327,4
18198.69152070715,1
18203.691848092974,1
18208.6921754788,5
18213.692502864626,1
18218.69283025045,0
18223.693157636273,2
18228.693485022097,0
18233.69381240792,0
18238.694139793744,2
18243.69446717957,0
18248.694794565396,6
18253.69512195122,2
18258.695449337043,0
18263.695776722867,3
18268.69610410869,2
18273.696431494514,1
18278.696758880338,3
18283.697086266162,3
18288.697413651986,2
18293.697741037813,2
18298.698068423637,4
18303.69839580946,3
18308.698723195284,1
18313.699050581108,1
18318.699377966932,2
18323.699705352756,1
18328.700032738583,0
18333.700360124407,2
18338.70068751023,1
18343.701014896054,1
18348.701342281878,1
18353.701669667702,2
18358.701997053526,0
18363.70232443935,6
18368.702651825173,2
18373.702979210997,3
18378.703306596824,2
18383.703633982648,2
18388.703961368472,1
18393.704288754296,4
18398.70461614012,0
18403.704943525943,7
18408.705270911767,1
18413.705598297594,1
18418.705925683418,0
18423.706253069242,0
18428.706580455066,3
18433.70690784089,2
18438.707235226713,1
18443.707562612537,1
18448.70788999836,1
18453.708217384185,5
18458.70854477001,1
18463.708872155836,0
18468.70919954166,3
18473.709526927483,2
18478.709854313307,3
18483.71018169913,0
18488.710509084955,0
18493.71083647078,2
18498.711163856602,3
18503.71149124243,4
18508.711818628253,2
18513.712146014077,2
18518.7124733999,4
18523.712800785725,3
18528.71312817155,1
18533.713455557372,6
18538.713782943196,3
18543.71411032902,3
18548.714437714847,3
18553.71476510067,3
18558.715092486495,2
18563.71541987232,1
18568.715747258142,1
18573.716074643966,3
18578.71640202979,2
18583.716729415613,3
18588.71705680144,2
18593.717384187265,0
18598.71771157309,0
18603.718038958912,1
18608.718366344736,2
18613.71869373056,1
18618.719021116383,2
18623.719348502207,1
18628.71967588803,3
18633.72000327386,2
18638.720330659682,3
18643.720658045506,3
18648.72098543133,2
18653.721312817153,2
18658.721640202977,1
18663.7219675888,3
18668.722294974625,0
18673.722622360452,4
18678.722949746276,2
18683.7232771321,2
18688.723604517923,2
18693.723931903747,3
18698.72425928957,1
18703.724586675395,3
18708.72491406122,4
18713.725241447042,2
18718.72556883287,3
18723.725896218693,3
18728.726223604517,2
18733.72655099034,3
18738.726878376165,6
18743.72720576199,3
18748.727533147812,4
18753.727860533636,2
18758.728187919463,2
18763.728515305287,2
18768.72884269111,1
18773.729170076935,4
18778.72949746276,3
18783.729824848582,1
18788.730152234406,2
18793.73047962023,3
18798.730807006054,0
18803.73113439188,3
18808.731461777705,0
18813.73178916353,5
18818.732116549352,5
18823.732443935176,1
18828.732771321,4
18833.733098706824,2
18838.733426092647,1
18843.733753478475,0
18848.7340808643,2
18853.734408250122,4
18858.734735635946,4
18863.73506302177,2
18868.735390407594,2
18873.735717793417,3
18878.73604517924,2
18883.736372565065,3
18888.736699950892,2
18893.737027336716,6
18898.73735472254,0
18903.737682108364,2
18908.738009494187,1
18913.73833688001,0
18918.738664265835,3
18923.73899165166,2
18928.739319037486,0
18933.73964642331,6
18938.739973809134,2
18943.740301194957,1
18948.74062858078,1
18953.740955966605,1
18958.74128335243,1
18963.741610738252,3
18968.741938124076,3
18973.742265509904,3
18978.742592895727,3
18983.74292028155,2
18988.743247667375,3
18993.7435750532,0
18998.743902439022,0
19003.744229824846,1
19008.74455721067,1
19013.744884596497,6
19018.74521198232,6
19023.745539368145,5
19028.74586675397,3
19033.746194139792,1
19038.746521525616,2
19043.74684891144,2
19048.747176297264,2
19053.747503683087,2
19058.747831068915,2
19063.74815845474,4
19068.748485840562,3
19073.748813226386,2
19078.74914061221,1
19083.749467998034,3
19088.749795383857,1
19093.75012276968,1
19098.75045015551,2
19103.750777541332,0
19108.751104927156,0
19113.75143231298,1
19118.751759698804,2
19123.752087084627,2
19128.75241447045,0
19133.752741856275,1
19138.7530692421,3
19143.753396627926,4
19148.75372401375,2
19153.754051399574,3
19158.754378785397,4
19163.75470617122,1
19168.755033557045,2
19173.75536094287,4
19178.755688328692,2
19183.75601571452,0
19188.756343100344,2
19193.756670486167,1
19198.75699787199,3
19203.757325257815,4
19208.75765264364,1
19213.757980029462,2
19218.758307415286,1
19223.75863480111,1
19228.758962186937,1
19233.75928957276,2
19238.759616958585,3
19243.75994434441,4
19248.760271730232,5
19253.760599116056,3
19258.76092650188,2
19263.761253887704,2
19268.76158127353,1
19273.761908659355,4
19278.76223604518,4
19283.762563431002,1
19288.762890816826,1
19293.76321820265,1
19298.763545588474,1
19303.763872974298,4
19308.76420036012,4
19313.76452774595,2
19318.764855131772,1
19323.765182517596,1
19328.76550990342,2
19333.765837289244,3
19338.766164675068,2
19343.76649206089,1
19348.766819446715,3
19353.767146832542,3
19358.767474218366,4
19363.76780160419,0
19368.768128990014,1
19373.768456375838,2
19378.76878376166,4
19383.769111147485,2
19388.76943853331,2
19393.769765919133,5
19398.77009330496,3
19403.770420690784,1
19408.770748076608,3
19413.77107546243,3
19418.771402848255,3
19423.77173023408,3
19428.772057619903,1
19433.772385005726,3
19438.772712391554,1
19443.773039777378,3
19448.7733671632,0
19453.773694549025,3
19458.77402193485,3
19463.774349320673,2
19468.774676706496,4
19473.77500409232,5
19478.775331478144,2
19483.77565886397,2
19488.775986249795,2
19493.77631363562,1
19498.776641021443,4
19503.776968407266,3
19508.77729579309,1
19513.777623178914,0
19518.777950564738,2
19523.778277950565,6
19528.77860533639,1
19533.778932722213,3
19538.779260108036,2
19543.77958749386,2
19548.779914879684,2
19553.780242265508,2
19558.78056965133,1
19563.780897037155,3
19568.781224422983,4
19573.781551808806,0
19578.78187919463,0
19583.782206580454,3
19588.782533966278,1
19593.7828613521,0
19598.783188737925,2
19603.78351612375,0
19608.783843509576,1
19613.7841708954,2
19618.784498281224,1
19623.784825667048,2
19628.78515305287,3
19633.785480438695,3
19638.78580782452,4
19643.786135210343,3
19648.786462596167,1
19653.786789981994,3
19658.787117367818,1
19663.78744475364,4
19668.787772139465,3
19673.78809952529,1
19678.788426911113,1
19683.788754296937,2
19688.78908168276,3
19693.789409068588,1
19698.78973645441,3
19703.790063840235,2
19708.79039122606,2
19713.790718611883,4
19718.791045997707,2
19723.79137338353,2
19728.791700769354,4
19733.792028155178,0
19738.792355541005,5
19743.79268292683,2
19748.793010312653,1
19753.793337698477,3
19758.7936650843,2
19763.793992470124,1
19768.794319855948,5
19773.79464724177,4
19778.7949746276,5
19783.795302013423,3
19788.795629399247,2
19793.79595678507,5
19798.796284170894,3
19803.796611556718,3
19808.79693894254,3
19813.797266328365,0
19818.79759371419,2
19823.797921100013,3
19828.79824848584,1
19833.798575871664,4
19838.798903257488,2
19843.79923064331,2
19848.799558029135,2
19853.79988541496,1
19858.800212800783,1
19863.80054018661,3
19868.800867572434,2
19873.801194958258,1
19878.80152234408,4
19883.801849729905,6
19888.80217711573,2
19893.802504501553,1
19898.802831887377,2
19903.8031592732,3
19908.803486659024,1
19913.80381404485,0
19918.804141430675,0
19923.8044688165,3
19928.804796202323,2
19933.805123588147,1
19938.80545097397,1
19943.805778359794,0
19948.80610574562,1
19953.806433131445,4
19958.80676051727,2
19963.807087903093,3
19968.807415288917,0
19973.80774267474,3
19978.808070060564,1
19983.808397446388,4
19988.80872483221,1
19993.809052218036,1
19998.809379603863,0
20003.809706989687,0
20008.81003437551,2
20013.810361761334,5
20018.810689147158,2
20023.81101653298,2
20028.811343918806,0
20033.811671304633,2
20038.811998690457,1
20043.81232607628,2
20048.812653462104,1
20053.812980847928,5
20058.81330823375,2
20063.813635619576,3
20068.8139630054,1
20073.814290391223,2
20078.814617777047,1
20083.814945162874,2
20088.815272548698,3
20093.81559993452,5
20098.815927320346,2
20103.81625470617,5
20108.816582091993,4
20113.816909477817,2
20118.817236863644,1
20123.817564249468,0
20128.81789163529,2
20133.818219021116,1
20138.81854640694,2
20143.818873792763,6
20148.819201178587,2
20153.81952856441,0
20158.819855950234,3
20163.820183336058,2
20168.820510721886,1
20173.82083810771,1
20178.821165493533,2
20183.821492879357,4
20188.82182026518,4
20193.822147651004,1
20198.822475036828,2
20203.822802422656,1
20208.82312980848,2
20213.823457194303,3
20218.823784580127,1
20223.82411196595,0
20228.824439351774,5
20233.824766737598,1
20238.825094123422,1
20243.825421509246,1
20248.82574889507,3
20253.826076280897,0
20258.82640366672,2
20263.826731052544,4
20268.827058438368,0
20273.827385824192,1
20278.827713210016,2
20283.82804059584,2
20288.828367981667,0
20293.82869536749,0
20298.829022753314,2
20303.829350139138,4
20308.829677524962,1
20313.830004910786,1
20318.83033229661,2
20323.830659682433,1
20328.830987068257,1
20333.83131445408,2
20338.831641839908,2
20343.831969225732,0
20348.832296611556,1
20353.83262399738,1
20358.832951383203,3
20363.833278769027,4
20368.83360615485,3
20373.833933540678,2
20378.834260926502,1
20383.834588312326,1
20388.83491569815,2
20393.835243083973,2
20398.835570469797,4
20403.83589785562,1
20408.836225241444,1
20413.83655262727,1
20418.836880013092,1
20423.83720739892,2
20428.837534784743,4
20433.837862170567,1
20438.83818955639,2
20443.838516942214,1
20448.83884432804,3
20453.839171713862,2
20458.83949909969,1
20463.839826485513,4
20468.840153871337,1
20473.84048125716,1
20478.840808642984,2
20483.84113602881,1
20488.841463414632,1
20493.841790800456,2
20498.84211818628,4
20503.842445572103,2
20508.84277295793,3
20513.843100343754,2
20518.84342772958,3
20523.843755115402,2
20528.844082501226,4
20533.84440988705,2
20538.844737272873,0
20543.8450646587,2
20548.845392044524,5
20553.84571943035,5
20558.846046816172,6
20563.846374201996,4
20568.84670158782,2
20573.847028973643,3
20578.847356359467,2
20583.84768374529,3
20588.848011131115,2
20593.848338516942,4
20598.848665902766,3
20603.84899328859,1
20608.849320674413,2
20613.849648060237,2
20618.84997544606,2
20623.850302831885,2
20628.850630217712,2
20633.850957603536,0
20638.85128498936,3
20643.851612375183,2
20648.851939761007,2
20653.85226714683,2
20658.852594532655,2
20663.85292191848,5
20668.853249304302,0
20673.853576690126,0
20678.853904075953,5
20683.854231461777,2
20688.8545588476,1
20693.854886233425,2
20698.85521361925,1
20703.855541005072,3
20708.855868390896,2
20713.856195776723,2
20718.856523162547,1
20723.85685054837,3
20728.857177934195,0
20733.85750532002,4
20738.857832705842,1
20743.858160091666,2
20748.85848747749,2
20753.858814863313,4
20758.859142249137,1
20763.859469634965,0
20768.85979702079,1
20773.860124406612,1
20778.860451792436,2
20783.86077917826,3
20788.861106564083,2
20793.861433949907,0
20798.861761335735,4
20803.86208872156,4
20808.862416107382,3
20813.862743493206,4
20818.86307087903,1
20823.863398264853,0
20828.863725650677,6
20833.8640530365,1
20838.864380422325,3
20843.86470780815,0
20848.865035193976,1
20853.8653625798,4
20858.865689965623,3
20863.866017351447,2
20868.86634473727,0
20873.866672123095,2
20878.86699950892,1
20883.867326894746,3
20888.86765428057,0
20893.867981666393,1
20898.868309052217,0
20903.86863643804,2
20908.868963823865,2
20913.86929120969,0
20918.869618595512,0
20923.869945981336,2
20928.87027336716,0
20933.870600752987,1
20938.87092813881,3
20943.871255524635,1
20948.87158291046,0
20953.871910296282,0
20958.872237682106,2
20963.87256506793,1
20968.872892453757,0
20973.87321983958,0
20978.873547225405,4
20983.87387461123,0
20988.874201997052,1
20993.874529382876,0
20998.8748567687,3
21003.875184154524,2
21008.875511540347,4
21013.87583892617,1
21018.876166312,2
21023.876493697822,2
21028.876821083646,3
21033.87714846947,0
21038.877475855294,1
21043.877803241117,3
21048.87813062694,1
21053.87845801277,1
21058.878785398592,2
21063.879112784416,1
21068.87944017024,0
21073.879767556064,1
21078.880094941887,0
21083.88042232771,1
21088.880749713535,0
21093.88107709936,0
21098.881404485182,1
21103.88173187101,0
21108.882059256834,0
21113.882386642657,1
21118.88271402848,2
21123.883041414305,2
21128.88336880013,3
21133.883696185952,1
21138.88402357178,1
21143.884350957604,2
21148.884678343427,1
21153.88500572925,1
21158.885333115075,2
21163.8856605009,1
21168.885987886722,3
21173.886315272546,1
21178.88664265837,2
21183.886970044194,2
21188.88729743002,0
21193.887624815845,2
21198.88795220167,2
21203.888279587492,4
21208.888606973316,1
21213.88893435914,2
21218.889261744964,1
21223.889589130787,1
21228.889916516615,2
21233.89024390244,0
21238.890571288262,2
21243.890898674086,1
21248.89122605991,0
21253.891553445734,5
21258.891880831558,3
21263.89220821738,3
21268.892535603205,1
21273.892862989032,0
21278.893190374856,0
21283.89351776068,2
21288.893845146504,0
21293.894172532328,2
21298.89449991815,2
21303.894827303975,1
21308.8951546898,0
21313.895482075626,2
21318.89580946145,0
21323.896136847274,0
21328.896464233098,1
21333.89679161892,1
21338.897119004745,2
21343.89744639057,0
21348.897773776393,1
21353.898101162216,1
21358.898428548044,1
21363.898755933868,1
21368.89908331969,1
21373.899410705515,0
21378.89973809134,0
21383.900065477163,0
21388.900392862986,0
21393.90072024881,2
21398.901047634638,1
21403.90137502046,0
21408.901702406285,5
21413.90202979211,1
21418.902357177933,0
21423.902684563756,1
21428.90301194958,0
21433.903339335404,1
21438.903666721228,0
21443.903994107055,0
21448.90432149288,2
21453.904648878703,1
21458.904976264526,1
21463.90530365035,1
21468.905631036174,2
21473.905958421998,0
21478.90628580782,0
21483.90661319365,3
21488.906940579473,3
21493.907267965296,1
21498.90759535112,0
21503.907922736944,1
21508.908250122768,3
21513.90857750859,0
21518.908904894415,0
21523.90923228024,1
21528.909559666066,1
21533.90988705189,1
21538.910214437714,1
21543.910541823538,1
21548.91086920936,1
21553.911196595185,0
21558.91152398101,0
21563.911851366833,1
21568.91217875266,0
21573.912506138484,0
21578.912833524308,4
21583.91316091013,0
21588.913488295955,2
21593.91381568178,1
21598.914143067603,2
21603.914470453426,1
21608.91479783925,2
21613.915125225078,0
21618.9154526109,1
21623.915779996725,1
21628.91610738255,2
21633.916434768373,0
21638.916762154196,2
21643.91708954002,1
21648.917416925844,2
21653.91774431167,2
21658.918071697495,3
21663.91839908332,1
21668.918726469143,0
21673.919053854966,2
21678.91938124079,0
21683.919708626614,0
21688.920036012438,1
21693.92036339826,0
21698.92069078409,1
21703.921018169913,1
21708.921345555736,1
21713.92167294156,2
21718.922000327384,1
21723.922327713208,1
21728.92265509903,2
21733.922982484855,1
21738.923309870683,0
21743.923637256506,0
21748.92396464233,0
21753.924292028154,2
21758.924619413978,1
21763.9249467998,1
21768.925274185625,0
21773.92560157145,0
21778.925928957273,1
21783.9262563431,0
21788.926583728924,0
21793.926911114748,0
21798.92723850057,0
21803.927565886395,2
21808.92789327222,0
21813.928220658043,0
21818.928548043867,0
21823.928875429694,1
21828.929202815518,0
21833.92953020134,2
21838.929857587165,0
21843.93018497299,0
21848.930512358813,2
21853.930839744637,3
21858.93116713046,1
21863.931494516284,2
21868.93182190211,1
21873.932149287935,1
21878.93247667376,0
21883.932804059583,0
21888.933131445407,1
21893.93345883123,1
21898.933786217054,1
21903.934113602878,1
21908.934440988705,1
21913.93476837453,1
21918.935095760353,2
21923.935423146177,1
21928.935750532,1
21933.936077917824,1
21938.936405303648,2
21943.93673268947,0
21948.937060075295,1
21953.937387461123,0
21958.937714846947,1
21963.93804223277,1
21968.938369618594,1
21973.938697004418,0
21978.93902439024,1
21983.939351776065,1
21988.93967916189,3
21993.940006547717,2
21998.94033393354,0
22003.940661319364,0
22008.940988705188,0
22013.94131609101,0
22018.941643476835,1
22023.94197086266,0
22028.942298248483,2
22033.942625634307,3
22038.942953020134,0
22043.943280405958,2
22048.94360779178,0
22053.943935177605,0
22058.94426256343,0
22063.944589949253,0
22068.944917335077,1
22073.9452447209,1
22078.945572106728,1
22083.94589949255,0
22088.946226878375,1
22093.9465542642,0
22098.946881650023,1
22103.947209035847,0
22108.94753642167,4
22113.947863807494,1
22118.948191193318,2
22123.948518579145,0
22128.94884596497,2
22133.949173350793,0
22138.949500736617,1
22143.94982812244,1
22148.950155508264,0
22153.950482894088,0
22158.950810279912,0
22163.95113766574,0
22168.951465051563,0
22173.951792437387,2
22178.95211982321,1
22183.952447209034,3
22188.952774594858,2
22193.953101980682,3
22198.953429366506,0
22203.95375675233,0
22208.954084138157,1
22213.95441152398,0
22218.954738909804,1
22223.955066295628,1
22228.955393681452,2
22233.955721067276,0
22238.9560484531,0
22243.956375838923,1
22248.95670322475,1
22253.957030610574,2
22258.957357996398,0
22263.957685382222,0
22268.958012768046,0
22273.95834015387,1
22278.958667539693,1
22283.958994925517,0
22288.95932231134,0
22293.959649697168,1
22298.959977082992,0
22303.960304468816,0
22308.96063185464,0
22313.960959240463,0
22318.961286626287,2
22323.96161401211,0
22328.961941397934,0
22333.962268783762,0
22338.962596169586,3
22343.96292355541,3
22348.963250941233,1
22353.963578327057,0
22358.96390571288,0
22363.964233098704,0
22368.96456048453,0
22373.964887870352,0
22378.96521525618,0
22383.965542642003,0
22388.965870027827,0
22393.96619741365,0
22398.966524799474,0
22403.9668521853,0
22408.967179571122,0
22413.967506956946,1
22418.967834342773,0
22423.968161728597,0
22428.96848911442,0
22433.968816500244,0
22438.96914388607,0
22443.969471271892,1
22448.969798657716,0
22453.97012604354,0
22458.970453429363,1
22463.97078081519,0
22468.971108201014,0
22473.97143558684,1
22478.971762972662,1
22483.972090358486,1
22488.97241774431,0
22493.972745130133,0
22498.973072515957,0
22503.973399901784,1
22508.97372728761,0
22513.974054673432,0
22518.974382059256,0
22523.97470944508,0
22528.975036830903,2
22533.975364216727,1
22538.97569160255,2
22543.976018988375,0
22548.9763463742,0
22553.976673760026,2
22558.97700114585,0
22563.977328531673,0
22568.977655917497,0
22573.97798330332,2
22578.978310689145,0
22583.97863807497,1
22588.978965460796,0
22593.97929284662,0
22598.979620232443,1
22603.979947618267,0
22608.98027500409,0
22613.980602389915,3
22618.98092977574,0
22623.981257161562,0
22628.981584547386,0
22633.98191193321,0
22638.982239319037,0
22643.98256670486,0
22648.982894090685,1
22653.98322147651,1
22658.983548862332,1
22663.983876248156,0
22668.98420363398,0
22673.984531019807,1
22678.98485840563,1
22683.985185791455,0
22688.98551317728,1
22693.985840563102,0
22698.986167948926,0
22703.98649533475,0
22708.986822720573,0
22713.987150106397,1
22718.98747749222,0
22723.98780487805,0
22728.988132263872,0
22733.988459649696,0
22738.98878703552,1
22743.989114421343,0
22748.989441807167,0
22753.98976919299,0
22758.99009657882,0
22763.990423964642,0
22768.990751350466,0
22773.99107873629,0
22778.991406122113,0
22783.991733507937,0
22788.99206089376,0
22793.992388279585,0
22798.99271566541,0
22803.993043051232,1
22808.99337043706,1
22813.993697822883,0
22818.994025208707,0
22823.99435259453,0
22828.994679980355,1
22833.99500736618,0
22838.995334752002,0
22843.99566213783,1
22848.995989523653,0
22853.996316909477,1
22858.9966442953,1
22863.996971681125,0
22868.99729906695,1
22873.997626452772,1
22878.997953838596,1
22883.99828122442,1
22888.998608610244,0
22893.99893599607,0
22898.999263381895,0
22903.99959076772,0
22908.999918153542,1
22914.000245539366,0
22919.00057292519,0
22924.000900311014,1
22929.00122769684,0
22934.001555082665,0
22939.00188246849,0
22944.002209854312,0
22949.002537240136,0
22954.00286462596,0
22959.003192011784,0
22964.003519397607,2
22969.00384678343,1
22974.004174169255,0
22979.004501555082,0
22984.004828940906,0
22989.00515632673,0
22994.005483712554,0
22999.005811098377,0
23004.0061384842,0
23009.006465870025,1
23014.006793255852,1
23019.007120641676,0
23024.0074480275,0
23029.007775413324,0
23034.008102799147,0
23039.00843018497,0
23044.008757570795,0
23049.00908495662,1
23054.009412342442,0
23059.009739728266,0
23064.010067114094,0
23069.010394499917,0
23074.01072188574,1
23079.011049271565,0
23084.01137665739,0
23089.011704043212,0
23094.012031429036,0
23099.012358814864,1
23104.012686200687,1
23109.01301358651,0
23114.013340972335,0
23119.01366835816,2
23124.013995743982,0
23129.014323129806,0
23134.01465051563,0
23139.014977901454,0
23144.015305287277,0
23149.015632673105,0
23154.01596005893,0
23159.016287444752,0
23164.016614830576,2
23169.0169422164,0
23174.017269602224,0
23179.017596988047,0
23184.017924373875,3
23189.0182517597,0
23194.018579145522,0
23199.018906531346,0
23204.01923391717,0
23209.019561302994,1
23214.019888688817,0
23219.02021607464,0
23224.020543460465,0
23229.02087084629,0
23234.021198232116,0
23239.02152561794,0
23244.021853003764,0
23249.022180389587,0
23254.02250777541,2
23259.022835161235,1
23264.02316254706,0
23269.023489932886,0
23274.02381731871,0
23279.024144704534,0
23284.024472090357,0
23289.02479947618,1
23294.025126862005,0
23299.02545424783,0
23304.025781633653,0
23309.026109019476,0
23314.0264364053,0
23319.026763791127,0
23324.02709117695,0
23329.027418562775,0
23334.0277459486,0
23339.028073334423,0
23344.028400720246,0
23349.02872810607,0
23354.029055491897,0
23359.02938287772,0
23364.029710263545,0
23369.03003764937,0
23374.030365035193,1
23379.030692421016,0
23384.03101980684,0
23389.031347192664,0
23394.031674578488,0
23399.03200196431,0
23404.03232935014,0
23409.032656735963,0
23414.032984121786,0
23419.03331150761,0
23424.033638893434,0
23429.033966279258,0
23434.03429366508,1
23439.03462105091,0
23444.034948436733,0
23449.035275822556,0
23454.03560320838,0
23459.035930594204,0
23464.036257980028,1
23469.03658536585,0
23474.036912751675,0
23479.0372401375,1
23484.037567523323,0
23489.03789490915,0
23494.038222294974,0
23499.038549680798,0
23504.03887706662,0
23509.039204452445,0
23514.03953183827,0
23519.039859224093,0
23524.04018660992,1
23529.040513995744,0
23534.040841381568,0
23539.04116876739,1
23544.041496153215,0
23549.04182353904,0
23554.042150924863,0
23559.042478310686,0
23564.04280569651,0
23569.043133082334,0
23574.04346046816,1
23579.043787853985,0
23584.04411523981,0
23589.044442625633,0
23594.044770011456,0
23599.04509739728,0
23604.045424783104,1
23609.04575216893,0
23614.046079554755,0
23619.04640694058,0
23624.046734326403,0
23629.047061712226,0
23634.04738909805,0
23639.047716483874,0
23644.048043869698,0
23649.04837125552,0
23654.048698641345,0
23659.049026027173,0
23664.049353412996,0
23669.04968079882,1
23674.050008184644,0
23679.050335570468,0
23684.05066295629,0
23689.050990342115,0
23694.051317727943,1
23699.051645113766,2
23704.05197249959,0
23709.052299885414,1
23714.052627271238,0
23719.05295465706,0
23724.053282042885,0
23729.05360942871,0
23734.053936814533,0
23739.054264200357,0
23744.054591586184,0
23749.054918972008,0
23754.05524635783,0
23759.055573743655,0
23764.05590112948,0
23769.056228515303,0
23774.056555901127,0
23779.056883286954,0
23784.057210672778,0
23789.0575380586,0
23794.057865444425,1
23799.05819283025,0
23804.058520216073,0
23809.058847601897,0
23814.05917498772,0
23819.059502373544,0
23824.059829759368,0
23829.060157145195,0
23834.06048453102,2
23839.060811916843,0
23844.061139302667,0
23849.06146668849,0
23854.061794074314,0
23859.062121460138,0
23864.062448845965,0
23869.06277623179,0
23874.063103617613,1
23879.063431003437,0
23884.06375838926,0
23889.064085775084,0
23894.064413160908,0
23899.06474054673,0
23904.065067932555,0
23909.06539531838,0
23914.065722704207,1
23919.06605009003,0
23924.066377475854,0
23929.066704861678,0
23934.0670322475,0
23939.067359633325,0
23944.06768701915,0
23949.068014404973,0
23954.0683417908,1
23959.068669176624,1
23964.068996562448,0
23969.06932394827,0
23974.069651334095,0
23979.06997871992,0
23984.070306105743,0
23989.070633491567,0
23994.07096087739,0
23999.071288263218,0
24004.07161564904,0
24009.071943034865,0
24014.07227042069,0
24019.072597806513,0
24024.072925192337,0
24029.07325257816,0
24034.073579963984,1
24039.07390734981,1
24044.074234735635,0
24049.07456212146,0
24054.074889507283,0
24059.075216893107,0
24064.07554427893,0
24069.075871664754,0
24074.076199050578,0
24079.0765264364,0
24084.07685382223,0
24089.077181208053,0
24094.077508593877,0
24099.0778359797,0
24104.078163365524,0
24109.078490751348,0
24114.07881813717,0
24119.079145522996,0
24124.079472908823,0
24129.079800294647,0
24134.08012768047,0
24139.080455066294,1
24144.080782452118,0
24149.08110983794,0
24154.081437223766,0
24159.08176460959,0
24164.082091995413,0
24169.08241938124,0
24174.082746767064,0
24179.083074152888,0
24184.08340153871,0
24189.083728924536,0
24194.08405631036,0
24199.084383696183,0
24204.084711082007,0
24209.085038467834,0
24214.085365853658,0
24219.08569323948,0
24224.086020625306,0
24229.08634801113,0
24234.086675396953,0
24239.087002782777,0
24244.0873301686,0
24249.087657554424,0
24254.08798494025,0
24259.088312326076,0
24264.0886397119,1
24269.088967097723,0
24274.089294483547,0
24279.08962186937,0
24284.089949255194,0
24289.090276641018,0
24294.090604026846,0
24299.09093141267,0
24304.091258798493,0
24309.091586184317,0
24314.09191357014,0
24319.092240955964,0
24324.092568341788,0
24329.092895727612,0
24334.093223113436,0
24339.093550499263,1
24344.093877885087,0
24349.09420527091,0
24354.094532656734,0
24359.094860042558,0
24364.095187428382,0
24369.095514814206,1
24374.09584220003,1
24379.096169585857,0
24384.09649697168,0
24389.096824357504,0
24394.097151743328,0
24399.097479129152,0
24404.097806514976,0
24409.0981339008,0
24414.098461286623,0
24419.098788672447,0
24424.099116058274,0
24429.099443444098,0
24434.099770829922,0
24439.100098215746,0
24444.10042560157,0
24449.100752987393,0
24454.101080373217,0
24459.10140775904,0
24464.101735144868,0
24469.102062530692,0
24474.102389916516,0
24479.10271730234,0
24484.103044688163,0
24489.103372073987,0
24494.10369945981,0
24499.104026845635,0
24504.10435423146,0
24509.104681617286,0
24514.10500900311,0
24519.105336388933,0
24524.105663774757,0
24529.10599116058,0
24534.106318546405,0
24539.10664593223,0
24544.106973318052,0
24549.10730070388,0
24554.107628089703,0
24559.107955475527,0
24564.10828286135,0
24569.108610247175,0
24574.108937633,0
24579.109265018822,0
24584.109592404646,0
24589.10991979047,0
24594.110247176297,0
24599.11057456212,0
24604.110901947945,0
24609.11122933377,1
24614.111556719592,0
24619.111884105416,0
24624.11221149124,0
24629.112538877063,0
24634.11286626289,0
24639.113193648715,0
24644.11352103454,1
24649.113848420362,0
24654.114175806186,1
24659.11450319201,0
24664.114830577833,0
24669.115157963657,0
24674.11548534948,0
24679.11581273531,0
24684.116140121132,0
24689.116467506956,0
24694.11679489278,0
24699.117122278603,0
24704.117449664427,0
24709.11777705025,0
24714.118104436075,0
24719.118431821902,0
24724.118759207726,0
24729.11908659355,0
24734.119413979373,0
24739.119741365197,0
24744.12006875102,0
24749.120396136845,0
24754.12072352267,0
24759.121050908492,0
24764.12137829432,0
24769.121705680143,0
24774.122033065967,0
24779.12236045179,0
24784.122687837615,0
24789.12301522344,0
24794.123342609262,0
24799.123669995086,0
24804.123997380913,0
24809.124324766737,0
24814.12465215256,0
24819.124979538385,0
24824.12530692421,0
24829.125634310032,0
24834.125961695856,0
24839.12628908168,0
24844.126616467503,1
24849.12694385333,0
24854.127271239155,0
24859.12759862498,0
24864.127926010802,0
24869.128253396626,0
24874.12858078245,0
24879.128908168273,0
24884.129235554097,0
24889.129562939925,0
24894.12989032575,0
24899.130217711572,0
24904.130545097396,0
24909.13087248322,0
24914.131199869043,0
24919.131527254867,0
24924.13185464069,0
24929.132182026515,0
24934.132509412342,0
24939.132836798166,0
24944.13316418399,0
24949.133491569813,0
24954.133818955637,0
24959.13414634146,0
24964.134473727285,0
24969.13480111311,0
24974.135128498936,0
24979.13545588476,0
24984.135783270583,0
24989.136110656407,0
24994.13643804223,0
24999.136765428055,0
25004.13709281388,0
25009.137420199702,0
25014.137747585526,0
25019.138074971353,0
25024.138402357177,0
25029.138729743,0
25034.139057128825,0
25039.13938451465,0
25044.139711900472,0
25049.140039286296,0
25054.14036667212,0
25059.140694057947,0
25064.14102144377,0
25069.141348829595,0
25074.14167621542,0
25079.142003601242,0
25084.142330987066,0
25089.14265837289,0
25094.142985758714,0
25099.143313144537,0
25104.143640530365,0
25109.14396791619,0
25114.144295302012,0
25119.144622687836,0
25124.14495007366,0
25129.145277459484,0
25134.145604845307,0
25139.14593223113,0
25144.14625961696,0
25149.146587002782,0
25154.146914388606,1
25159.14724177443,0
25164.147569160254,0
25169.147896546077,0
25174.1482239319,0
25179.148551317725,0
25184.14887870355,0
25189.149206089376,0
25194.1495334752,0
25199.149860861024,0
25204.150188246847,0
25209.15051563267,0
25214.150843018495,0
25219.15117040432,0
25224.151497790142,0
25229.15182517597,0
25234.152152561794,0
25239.152479947617,0
25244.15280733344,0
25249.153134719265,0
25254.15346210509,0
25259.153789490912,0
25264.154116876736,0
25269.15444426256,0
25274.154771648384,0
25279.15509903421,0
25284.155426420035,0
25289.15575380586,0
25294.156081191682,0
25299.156408577506,0
25304.15673596333,0
25309.157063349154,0
25314.15739073498,0
25319.157718120805,0
25324.15804550663,0
25329.158372892452,0
25334.158700278276,0
25339.1590276641,0
25344.159355049924,0
25349.159682435748,0
25354.16000982157,0
25359.160337207395,0
25364.160664593222,0
25369.160991979046,0
25374.16131936487,0
25379.161646750694,0
25384.161974136518,0
25389.16230152234,0
25394.162628908165,0
25399.162956293992,0
25404.163283679816,0
25409.16361106564,0
25414.163938451464,1
25419.164265837288,0
25424.16459322311,0
25429.164920608935,0
25434.16524799476,0
25439.165575380583,0
25444.165902766406,0
25449.166230152234,0
25454.166557538058,0
25459.16688492388,0
25464.167212309705,0
25469.16753969553,0
25474.167867081353,0
25479.168194467176,0
25484.168521853004,0
25489.168849238828,0
25494.16917662465,0
25499.169504010475,0
25504.1698313963,0
25509.170158782123,0
25514.170486167946,0
25519.17081355377,0
25524.171140939594,0
25529.171468325418,0
25534.171795711245,0
25539.17212309707,0
25544.172450482893,0
25549.172777868716,0
25554.17310525454,0
25559.173432640364,0
25564.173760026188,0
25569.174087412015,0
25574.17441479784,0
25579.174742183663,0
25584.175069569486,0
25589.17539695531,0
25594.175724341134,0
25599.176051726958,0
25604.17637911278,0
25609.176706498605,0
25614.17703388443,0
25619.177361270256,0
25624.17768865608,0
25629.178016041904,0
25634.178343427728,0
25639.17867081355,1
25644.178998199375,0
25649.1793255852,0
25654.179652971026,0
25659.17998035685,0
25664.180307742674,0
25669.180635128498,0
25674.18096251432,0
25679.181289900145,0
25684.18161728597,0
25689.181944671793,0
25694.182272057617,0
25699.18259944344,0
25704.182926829268,0
25709.18325421509,0
25714.183581600915,0
25719.18390898674,0
25724.184236372563,0
25729.184563758387,0
25734.18489114421,0
25739.185218530038,0
25744.18554591586,0
25749.185873301685,0
25754.18620068751,0
25759.186528073333,0
25764.186855459157,0
25769.18718284498,0
25774.187510230804,0
25779.187837616628,0
25784.18816500245,0
25789.18849238828,0
25794.188819774103,0
25799.189147159927,0
25804.18947454575,0
25809.189801931574,0
25814.190129317398,0
25819.19045670322,0
25824.19078408905,0
25829.191111474873,0
25834.191438860697,0
25839.19176624652,0
25844.192093632344,0
25849.192421018168,0
25854.19274840399,0
25859.193075789815,0
25864.19340317564,0
25869.193730561463,0
25874.19405794729,0
25879.194385333114,0
25884.194712718938,0
25889.19504010476,0
25894.195367490585,0
25899.19569487641,0
25904.196022262233,0
25909.19634964806,0
25914.196677033884,0
25919.197004419708,0
25924.19733180553,0
25929.197659191355,0
25934.19798657718,0
25939.198313963003,0
25944.198641348827,0
25949.19896873465,0
25954.199296120474,0
25959.1996235063,0
25964.199950892125,0
25969.20027827795,0
25974.200605663773,0
25979.200933049597,0
25984.20126043542,0
25989.201587821244,0
25994.20191520707,0
25999.202242592895,0
26004.20256997872,0
26009.202897364543,0
26014.203224750367,0
26019.20355213619,0
26024.203879522014,0
26029.204206907838,0
26034.20453429366,0
26039.204861679485,0
26044.205189065313,0
26049.205516451137,0
26054.20584383696,0
26059.206171222784,0
26064.206498608608,0
26069.20682599443,0
26074.207153380255,1
26079.207480766083,0
26084.207808151907,0
26089.20813553773,0
26094.208462923554,0
26099.208790309378,0
26104.2091176952,0
26109.209445081025,0
26114.20977246685,0
26119.210099852673,0
26124.210427238497,0
26129.210754624324,0
26134.211082010148,0
26139.21140939597,0
26144.211736781795,0
26149.21206416762,0
26154.212391553443,0
26159.212718939267,0
26164.213046325094,0
26169.213373710918,0
26174.21370109674,0
26179.214028482565,0
26184.21435586839,0
26189.214683254213,1
26194.215010640037,0
26199.21533802586,0
26204.215665411684,0
26209.215992797508,0
26214.216320183335,1
26219.21664756916,0
26224.216974954983,0
26229.217302340807,0
26234.21762972663,0
26239.217957112454,0
26244.218284498278,0
26249.218611884105,0
26254.21893926993,0
26259.219266655753,0
26264.219594041577,0
26269.2199214274,0
26274.220248813224,0
26279.220576199048,0
26284.220903584872,0
26289.221230970696,0
26294.22155835652,0
26299.221885742347,0
26304.22221312817,0
26309.222540513994,0
26314.222867899818,0
26319.223195285642,0
26324.223522671466,0
26329.22385005729,0
26334.224177443117,0
26339.22450482894,0
26344.224832214764,0
26349.225159600588,0
26354.225486986412,0
26359.225814372236,0
26364.22614175806,0
26369.226469143883,1
26374.226796529707,0
26379.22712391553,0
26384.227451301358,0
26389.227778687182,0
26394.228106073006,0
26399.22843345883,0
26404.228760844653,0
26409.229088230477,0
26414.2294156163,0
26419.229743002128,0
26424.230070387952,0
26429.230397773776,0
26434.2307251596,0
26439.231052545423,0
26444.231379931247,0
26449.23170731707,0
26454.232034702894,0
26459.23236208872,0
26464.232689474542,0
26469.23301686037,0
26474.233344246193,0
26479.233671632017,0
26484.23399901784,0
26489.234326403664,0
26494.23465378949,0
26499.234981175312,0
26504.23530856114,0
26509.235635946963,0
26514.235963332787,0
26519.23629071861,0
26524.236618104434,0
26529.23694549026,0
26534.237272876082,0
26539.237600261906,0
26544.23792764773,0
26549.238255033553,0
26554.23858241938,0
26559.238909805204,0
26564.23923719103,0
26569.239564576852,0
26574.239891962676,0
26579.2402193485,0
26584.240546734323,1
26589.24087412015,0
26594.241201505974,0
26599.2415288918,0
26604.241856277622,0
26609.242183663446,0
26614.24251104927,1
26619.242838435093,0
26624.243165820917,0
26629.24349320674,0
26634.243820592565,0
26639.244147978392,0
26644.244475364216,0
26649.24480275004,0
26654.245130135863,0
26659.245457521687,0
26664.24578490751,0
26669.246112293335,0
26674.24643967916,0
26679.246767064986,0
26684.24709445081,0
26689.247421836633,0
26694.247749222457,0
26699.24807660828,0
26704.248403994105,0
26709.24873137993,0
26714.249058765752,0
26719.249386151576,0
26724.249713537403,0
26729.250040923227,0
26734.25036830905,0
26739.250695694875,0
26744.2510230807,0
26749.251350466522,0
26754.251677852346,0
26759.25200523817,0
26764.252332623997,0
26769.25266000982,0
26774.252987395645,0
26779.25331478147,0
26784.253642167292,0
26789.253969553116,0
26794.25429693894,0
26799.254624324763,0
26804.254951710587,0
26809.255279096415,0
26814.25560648224,0
26819.255933868062,0
26824.256261253886,0
26829.25658863971,0
26834.256916025533,0
26839.257243411357,0
26844.25757079718,0
26849.25789818301,0
26854.258225568832,0
26859.258552954656,0
26864.25888034048,0
26869.259207726303,0
26874.259535112127,0
26879.25986249795,0
26884.260189883775,0
26889.2605172696,0
26894.260844655426,0
26899.26117204125,0
26904.261499427073,0
26909.261826812897,0
26914.26215419872,0
26919.262481584545,0
26924.26280897037,0
26929.263136356192,0
26934.26346374202,0
26939.263791127843,0
26944.264118513667,0
26949.26444589949,0
26954.264773285315,0
26959.26510067114,0
26964.265428056962,0
26969.265755442786,0
26974.26608282861,0
26979.266410214437,0
26984.26673760026,0
26989.267064986085,0
26994.26739237191,1
26999.267719757732,0
27004.268047143556,0
27009.26837452938,0
27014.268701915204,0
27019.26902930103,0
27024.269356686855,0
27029.26968407268,0
27034.270011458502,0
27039.270338844326,0
27044.27066623015,0
27049.270993615974,0
27054.271321001797,0
27059.27164838762,0
27064.27197577345,0
27069.272303159272,0
27074.272630545096,0
27079.27295793092,0
27084.273285316744,0
27089.273612702567,0
27094.27394008839,0
27099.274267474215,0
27104.274594860042,0
27109.274922245866,0
27114.27524963169,0
27119.275577017514,0
27124.275904403337,0
27129.27623178916,0
27134.276559174985,0
27139.27688656081,0
27144.277213946632,0
27149.27754133246,0
27154.277868718284,0
27159.278196104107,0
27164.27852348993,0
27169.278850875755,0
27174.27917826158,0
27179.279505647402,0
27184.279833033226,0
27189.280160419054,0
27194.280487804877,0
27199.2808151907,0
27204.281142576525,0
27209.28146996235,0
27214.281797348172,0
27219.282124733996,0
27224.28245211982,0
27229.282779505644,0
27234.28310689147,0
27239.283434277295,0
27244.28376166312,0
27249.284089048942,0
27254.284416434766,0
27259.28474382059,0
27264.285071206414,0
27269.285398592237,0
27274.285725978065,0
27279.28605336389,0
27284.286380749712,0
27289.286708135536,0
27294.28703552136,0
27299.287362907184,0
27304.287690293007,0
27309.28801767883,0
27314.288345064655,0
27319.288672450482,0
27324.288999836306,0
27329.28932722213,0
27334.289654607954,0
27339.289981993777,0
27344.2903093796,0
27349.290636765425,0
27354.29096415125,0
27359.291291537076,0
27364.2916189229,0
27369.291946308724,0
27374.292273694547,0
27379.29260108037,0
27384.292928466195,0
27389.29325585202,0
27394.293583237843,0
27399.293910623666,0
27404.294238009494,0
27409.294565395317,0
27414.29489278114,0
27419.295220166965,0
27424.29554755279,0
27429.295874938613,0
27434.296202324436,0
27439.29652971026,0
27444.296857096087,0
27449.29718448191,0
27454.297511867735,0
27459.29783925356,0
27464.298166639383,0
27469.298494025206,0
27474.29882141103,0
27479.299148796854,0
27484.299476182678,0
27489.299803568505,0
27494.30013095433,0
27499.300458340153,0
27504.300785725976,0
27509.3011131118,0
27514.301440497624,0
27519.301767883448,0
27524.30209526927,0
27529.3024226551,0
27534.302750040923,0
27539.303077426746,0
27544.30340481257,0
27549.303732198394,0
27554.304059584218,0
27559.30438697004,0
27564.304714355865,0
27569.30504174169,1
27574.305369127516,0
27579.30569651334,0
27584.306023899164,0
27589.306351284988,0
27594.30667867081,0
27599.307006056635,0
27604.30733344246,0
27609.307660828283,0
27614.30798821411,0
27619.308315599934,1
27624.308642985758,0
27629.30897037158,0
27634.309297757405,0
27639.30962514323,0
27644.309952529053,0
27649.310279914876,0
27654.3106073007,0
27659.310934686528,0
27664.31126207235,0
27669.311589458175,0
27674.311916844,0
27679.312244229823,0
27684.312571615646,0
27689.31289900147,0
27694.313226387294,0
27699.31355377312,0
27704.313881158945,0
27709.31420854477,0
27714.314535930593,0
27719.314863316416,0
27724.31519070224,0
27729.315518088064,0
27734.315845473888,0
27739.31617285971,0
27744.31650024554,0
27749.316827631363,0
27754.317155017186,0
27759.31748240301,0
27764.317809788834,0
27769.318137174658,0
27774.31846456048,0
27779.318791946305,0
27784.319119332133,0
27789.319446717956,0
27794.31977410378,0
27799.320101489604,0
27804.320428875428,0
27809.32075626125,0
27814.321083647075,0
27819.3214110329,0
27824.321738418723,0
27829.32206580455,0
27834.322393190374,0
27839.322720576198,0
27844.32304796202,0
27849.323375347845,0
27854.32370273367,0
27859.324030119493,0
27864.324357505317,0
27869.324684891144,0
27874.325012276968,0
27879.32533966279,0
27884.325667048615,0
27889.32599443444,0
27894.326321820263,0
27899.326649206087,0
27904.32697659191,0
27909.327303977734,0
27914.32763136356,0
27919.327958749385,0
27924.32828613521,0
27929.328613521033,0
27934.328940906857,0
27939.32926829268,0
27944.329595678504,0
27949.329923064328,0
27954.330250450155,0
27959.33057783598,0
27964.330905221803,0
27969.331232607627,0
27974.33155999345,0
27979.331887379274,0
27984.332214765098,0
27989.33254215092,0
27994.332869536745,0
27999.33319692257,0
28004.333524308397,0
28009.33385169422,0
28014.334179080044,0
28019.334506465868,0
28024.33483385169,0
28029.335161237515,0
28034.33548862334,0
28039.335816009167,0
28044.33614339499,1
28049.336470780814,0
28054.336798166638,0
28059.33712555246,0
28064.337452938285,0
28069.33778032411,0
28074.338107709933,0
28079.338435095757,0
28084.33876248158,0
28089.339089867408,0
28094.33941725323,0
28099.339744639055,0
28104.34007202488,0
28109.340399410703,0
28114.340726796527,0
28119.34105418235,0
28124.341381568178,0
28129.341708954,0
28134.342036339825,0
28139.34236372565,0
28144.342691111473,0
28149.343018497297,0
28154.34334588312,0
28159.343673268944,0
28164.344000654768,0
28169.34432804059,0
28174.34465542642,0
28179.344982812243,0
28184.345310198067,0
28189.34563758389,0
28194.345964969714,0
28199.346292355538,0
28204.34661974136,0
28209.34694712719,0
28214.347274513013,0
28219.347601898837,0
28224.34792928466,0
28229.348256670484,0
28234.348584056308,0
28239.34891144213,0
28244.349238827956,0
28249.34956621378,0
28254.349893599603,0
28259.35022098543,0
28264.350548371254,0
28269.350875757078,0
28274.3512031429,0
28279.351530528726,0
28284.35185791455,0
28289.352185300373,0
28294.3525126862,0
28299.352840072024,0
28304.353167457848,0
28309.35349484367,0
28314.353822229496,0
28319.35414961532,0
28324.354477001143,0
28329.354804386967,0
28334.35513177279,0
28339.355459158614,0
28344.35578654444,0
28349.356113930266,0
28354.35644131609,0
28359.356768701913,0
28364.357096087737,0
28369.35742347356,0
28374.357750859384,0
28379.35807824521,0
28384.358405631036,0
28389.35873301686,0
28394.359060402683,0
28399.359387788507,0
28404.35971517433,0
28409.360042560154,0
28414.360369945978,0
28419.360697331802,0
28424.361024717626,0
28429.361352103453,0
28434.361679489277,0
28439.3620068751,0
28444.362334260924,0
28449.362661646748,0
28454.362989032572,0
28459.363316418396,0
28464.363643804223,0
28469.363971190047,0
28474.36429857587,0
28479.364625961694,0
28484.364953347518,0
28489.365280733342,0
28494.365608119166,0
28499.36593550499,0
28504.366262890813,0
28509.366590276637,0
28514.366917662464,0
28519.367245048288,0
28524.367572434112,0
28529.367899819936,0
28534.36822720576,0
28539.368554591583,0
28544.368881977407,0
28549.369209363234,0
28554.369536749058,0
28559.369864134882,0
28564.370191520706,0
28569.37051890653,0
28574.370846292353,0
28579.371173678177,0
28584.371501064,0
28589.371828449825,0
28594.37215583565,0
28599.372483221476,0
28604.3728106073,0
28609.373137993123,0
28614.373465378947,0
28619.37379276477,0
28624.374120150595,0
28629.37444753642,0
28634.374774922246,0
28639.37510230807,0
28644.375429693893,0
28649.375757079717,0
28654.37608446554,0
28659.376411851365,0
28664.37673923719,0
28669.377066623012,0
28674.377394008836,0
28679.37772139466,0
28684.378048780487,0
28689.37837616631,0
28694.378703552135,0
28699.37903093796,0
28704.379358323782,0
28709.379685709606,0
28714.38001309543,0
28719.380340481257,0
28724.38066786708,0
28729.380995252905,0
28734.38132263873,0
28739.381650024552,0
28744.381977410376,0
28749.3823047962,0
28754.382632182023,0
28759.382959567847,0
28764.38328695367,0
28769.3836143395,0
28774.383941725322,0
28779.384269111146,0
28784.38459649697,0
28789.384923882793,0
28794.385251268617,0
28799.38557865444,0
28804.38590604027,1
28809.386233426092,0
28814.386560811916,0
28819.38688819774,0
28824.387215583563,0
28829.387542969387,0
28834.38787035521,0
28839.388197741035,0
28844.38852512686,0
28849.388852512682,0
28854.38917989851,0
28859.389507284333,0
28864.389834670157,0
28869.39016205598,0
28874.390489441805,0
28879.39081682763,0
28884.391144213452,0
28889.39147159928,0
28894.391798985103,0
28899.392126370927,0
28904.39245375675,0
28909.392781142575,0
28914.3931085284,0
28919.393435914222,0
28924.393763300046,0
28929.39409068587,0
28934.394418071694,0
28939.39474545752,0
28944.395072843345,0
28949.39540022917,0
28954.395727614992,0
28959.396055000816,0
28964.39638238664,0
28969.396709772464,0
28974.39703715829,0
28979.397364544115,0
28984.39769192994,0
28989.398019315762,0
28994.398346701586,0
28999.39867408741,0
29004.399001473234,0
29009.399328859057,0
29014.39965624488,0
29019.399983630705,0
29024.400311016532,0
29029.400638402356,0
29034.40096578818,0
29039.401293174004,0
29044.401620559827,0
29049.40194794565,0
29054.402275331475,0
29059.402602717302,0
29064.402930103126,0
29069.40325748895,0
29074.403584874774,0
29079.403912260597,0
29084.40423964642,0
29089.404567032245,0
29094.40489441807,0
29099.405221803892,0
29104.405549189716,0
29109.405876575544,0
29114.406203961367,0
29119.40653134719,0
29124.406858733015,0
29129.40718611884,0
29134.407513504662,0
29139.407840890486,0
29144.408168276314,0
29149.408495662137,0
29154.40882304796,0
29159.409150433785,0
29164.40947781961,0
29169.409805205432,0
29174.410132591256,0
29179.41045997708,0
29184.410787362904,0
29189.411114748727,0
29194.411442134555,0
29199.41176952038,0
29204.412096906202,0
29209.412424292026,0
29214.41275167785,0
29219.413079063674,0
29224.413406449497,0
29229.413733835325,0
29234.41406122115,0
29239.414388606972,0
29244.414715992796,0
29249.41504337862,0
29254.415370764444,0
29259.415698150267,0
29264.41602553609,0
29269.416352921915,0
29274.41668030774,0
29279.417007693566,0
29284.41733507939,0
29289.417662465214,0
29294.417989851037,0
29299.41831723686,0
29304.418644622685,0
29309.41897200851,0
29314.419299394336,0
29319.41962678016,0
29324.419954165984,0
29329.420281551807,0
29334.42060893763,0
29339.420936323455,0
29344.42126370928,0
29349.421591095102,0
29354.421918480926,0
29359.42224586675,0
29364.422573252577,1
29369.4229006384,0
29374.423228024225,0
29379.42355541005,0
29384.423882795872,0
29389.424210181696,0
29394.42453756752,0
29399.424864953344,0
29404.42519233917,0
29409.425519724995,0
29414.42584711082,0
29419.426174496642,0
29424.426501882466,0
29429.42682926829,0
29434.427156654114,0
29439.427484039938,0
29444.42781142576,0
29449.42813881159,0
29454.428466197412,0
29459.428793583236,0
29464.42912096906,0
29469.429448354884,0
29474.429775740708,0
29479.43010312653,0
29484.430430512355,0
29489.430757898182,0
29494.431085284006,0
29499.43141266983,0
29504.431740055654,0
29509.432067441478,0
29514.4323948273,0
29519.432722213125,0
29524.43304959895,0
29529.433376984773,0
29534.4337043706,0
29539.434031756424,0
29544.434359142248,0
29549.43468652807,0
29554.435013913895,0
29559.43534129972,0
29564.435668685543,0
29569.435996071366,0
29574.436323457194,0
29579.436650843018,0
29584.43697822884,0
29589.437305614665,0
29594.43763300049,0
29599.437960386313,0
29604.438287772136,0
29609.43861515796,0
29614.438942543784,0
29619.43926992961,0
29624.439597315435,0
29629.43992470126,0
29634.440252087083,0
29639.440579472906,0
29644.44090685873,0
29649.441234244554,0
29654.441561630378,0
29659.441889016205,0
29664.44221640203,0
29669.442543787853,0
29674.442871173676,0
29679.4431985595,0
29684.443525945324,0
29689.443853331148,0
29694.44418071697,0
29699.444508102795,0
29704.444835488623,0
29709.445162874446,0
29714.44549026027,0
29719.445817646094,0
29724.446145031918,0
29729.44647241774,0
29734.446799803565,0
29739.44712718939,0
29744.447454575216,0
29749.44778196104,0
29754.448109346864,0
29759.448436732688,0
29764.44876411851,0
29769.449091504335,0
29774.44941889016,0
29779.449746275983,0
29784.450073661807,0
29789.450401047634,0
29794.450728433458,0
29799.45105581928,0
29804.451383205105,0
29809.45171059093,0
29814.452037976753,0
29819.452365362577,0
29824.4526927484,0
29829.453020134228,0
29834.45334752005,0
29839.453674905875,0
29844.4540022917,0
29849.454329677523,0
29854.454657063347,0
29859.45498444917,0
29864.455311834994,0
29869.455639220818,0
29874.455966606645,0
29879.45629399247,0
29884.456621378293,0
29889.456948764117,0
29894.45727614994,0
29899.457603535764,0
29904.457930921588,0
29909.45825830741,0
29914.45858569324,0
29919.458913079063,0
29924.459240464887,0
29929.45956785071,0
29934.459895236534,0
29939.460222622358,0
29944.46055000818,0
29949.460877394005,0
29954.46120477983,0
29959.461532165657,0
29964.46185955148,0
29969.462186937304,0
29974.462514323128,0
29979.46284170895,0
29984.463169094775,0
29989.4634964806,0
29994.463823866423,0
29999.46415125225,0
30004.464478638074,0
30009.464806023898,0
30014.46513340972,0
30019.465460795545,0
30024.46578818137,0
30029.466115567193,0
30034.466442953017,0
30039.46677033884,0
30044.467097724668,0
30049.46742511049,0
30054.467752496315,0
30059.46807988214,0
30064.468407267963,0
30069.468734653787,0
30074.46906203961,0
30079.469389425434,0
30084.46971681126,0
30089.470044197085,0
30094.47037158291,0
30099.470698968733,0
30104.471026354557,0
30109.47135374038,0
30114.471681126204,0
30119.472008512028,0
30124.47233589785,0
30129.47266328368,0
30134.472990669503,0
30139.473318055327,0
30144.47364544115,0
30149.473972826974,0
30154.474300212798,0
30159.47462759862,0
30164.474954984446,0
30169.475282370273,0
30174.475609756097,0
30179.47593714192,0
30184.476264527744,0
30189.476591913568,0
30194.47691929939,0
30199.477246685216,0
30204.47757407104,0
30209.477901456863,0
30214.47822884269,0
30219.478556228514,0
30224.478883614338,0
30229.47921100016,0
30234.479538385986,0
30239.47986577181,1
30244.480193157633,0
30249.480520543457,0
30254.480847929284,0
30259.481175315108,0
30264.48150270093,0
30269.481830086756,0
30274.48215747258,0
30279.482484858403,0
30284.482812244227,1
30289.48313963005,0
30294.483467015874,0
30299.4837944017,0
30304.484121787526,0
30309.48444917335,0
30314.484776559173,0
30319.485103944997,0
30324.48543133082,0
30329.485758716644,0
30334.486086102468,0
30339.486413488296,0
30344.48674087412,0
30349.487068259943,0
30354.487395645767,0
30359.48772303159,0
30364.488050417414,0
30369.488377803238,0
30374.488705189062,0
30379.489032574886,0
30384.489359960713,0
30389.489687346537,0
30394.49001473236,0
30399.490342118184,0
30404.490669504008,0
30409.490996889832,0
30414.491324275656,0
30419.49165166148,0
30424.491979047307,0
30429.49230643313,0
30434.492633818954,0
30439.492961204778,0
30444.493288590602,0
30449.493615976426,0
30454.49394336225,0
30459.494270748073,0
30464.494598133897,0
30469.494925519724,0
30474.495252905548,0
30479.495580291372,0
30484.495907677196,0
30489.49623506302,0
30494.496562448843,0
30499.496889834667,0
30504.49721722049,0
30509.497544606318,0
30514.497871992142,0
30519.498199377966,0
30524.49852676379,0
30529.498854149613,0
30534.499181535437,0
30539.49950892126,0
30544.499836307084,1
