bin_center,count
1272.0003173092177,1
1282.0009519276537,0
1292.0015865460891,0
1302.0022211645248,0
1312.0028557829605,0
1322.003490401396,0
1332.004125019832,1
1342.0047596382674,0
1352.0053942567033,0
1362.0060288751388,0
1372.0066634935745,0
1382.0072981120102,0
1392.0079327304456,1
1402.0085673488816,0
1412.009201967317,1
1422.009836585753,1
1432.0104712041884,0
1442.0111058226244,0
1452.0117404410598,0
1462.0123750594953,1
1472.0130096779312,0
1482.0136442963667,0
1492.0142789148026,1
1502.014913533238,1
1512.015548151674,1
1522.0161827701095,0
1532.016817388545,0
1542.0174520069809,0
1552.0180866254163,0
1562.0187212438523,1
1572.0193558622877,3
1582.0199904807237,0
1592.0206250991591,0
1602.0212597175946,1
1612.0218943360305,0
1622.022528954466,0
1632.023163572902,1
1642.0237981913374,0
1652.0244328097733,0
1662.0250674282088,2
1672.0257020466443,1
1682.0263366650802,2
1692.0269712835156,0
1702.0276059019516,3
1712.028240520387,1
1722.028875138823,2
1732.0295097572584,0
1742.030144375694,2
1752.0307789941298,2
1762.0314136125653,2
1772.0320482310012,3
1782.0326828494367,0
1792.0333174678724,4
1802.033952086308,2
1812.0345867047438,0
1822.0352213231795,4
1832.035855941615,5
1842.0364905600509,1
1852.0371251784863,2
1862.037759796922,1
1872.0383944153577,0
1882.0390290337934,1
1892.0396636522291,1
1902.0402982706646,5
1912.0409328891005,4
1922.041567507536,1
1932.0422021259717,2
1942.0428367444074,2
1952.043471362843,2
1962.0441059812788,2
1972.0447405997143,1
1982.0453752181502,1
1992.0460098365857,2
2002.0466444550214,2
2012.047279073457,2
2022.0479136918927,3
2032.0485483103284,0
2042.049182928764,1
2052.0498175472,1
2062.0504521656353,1
2072.0510867840712,2
2082.0517214025067,1
2092.052356020942,1
2102.052990639378,2
2112.0536252578136,3
2122.0542598762495,3
2132.054894494685,1
2142.055529113121,1
2152.0561637315564,2
2162.0567983499923,1
2172.0574329684277,4
2182.058067586863,1
2192.058702205299,4
2202.0593368237346,2
2212.0599714421705,2
2222.060606060606,3
2232.0612406790415,1
2242.0618752974774,2
2252.062509915913,1
2262.063144534349,3
2272.0637791527843,0
2282.06441377122,4
2292.0650483896557,2
2302.065683008091,1
2312.066317626527,2
2322.0669522449625,0
2332.0675868633984,3
2342.068221481834,0
2352.06885610027,0
2362.0694907187053,3
2372.0701253371412,0
2382.0707599555767,2
2392.071394574012,2
2402.072029192448,2
2412.0726638108836,0
2422.0732984293195,5
2432.073933047755,4
2442.0745676661904,2
2452.0752022846264,1
2462.075836903062,1
2472.0764715214978,2
2482.077106139933,5
2492.077740758369,1
2502.0783753768046,0
2512.0790099952405,3
2522.079644613676,6
2532.0802792321115,1
2542.0809138505474,0
2552.081548468983,2
2562.082183087419,2
2572.0828177058543,5
2582.0834523242897,1
2592.0840869427257,1
2602.084721561161,3
2612.085356179597,3
2622.0859907980325,2
2632.0866254164685,2
2642.087260034904,0
2652.08789465334,3
2662.0885292717753,3
2672.089163890211,1
2682.0897985086467,0
2692.090433127082,2
2702.091067745518,0
2712.0917023639536,1
2722.092336982389,0
2732.092971600825,0
2742.0936062192604,3
2752.0942408376964,2
2762.094875456132,1
2772.0955100745678,1
2782.096144693003,1
2792.096779311439,3
2802.0974139298746,1
2812.09804854831,1
2822.098683166746,1
2832.0993177851815,0
2842.0999524036174,2
2852.100587022053,0
2862.101221640489,0
2872.1018562589243,0
2882.1024908773597,2
2892.1031254957957,2
2902.103760114231,1
2912.104394732667,3
2922.1050293511025,2
2932.1056639695385,2
2942.106298587974,1
2952.1069332064094,0
2962.1075678248453,1
2972.108202443281,0
2982.1088370617167,2
2992.109471680152,3
3002.110106298588,2
3012.1107409170236,2
3022.111375535459,2
3032.112010153895,0
3042.1126447723304,0
3052.1132793907664,0
3062.113914009202,2
3072.1145486276378,1
3082.1151832460732,0
3092.1158178645087,2
3102.1164524829446,4
3112.11708710138,1
3122.117721719816,1
3132.1183563382515,3
3142.1189909566874,6
3152.119625575123,3
3162.1202601935584,0
3172.1208948119943,1
3182.1215294304297,2
3192.1221640488657,4
3202.122798667301,1
3212.123433285737,2
3222.1240679041725,0
3232.124702522608,3
3242.125337141044,2
3252.1259717594794,3
3262.1266063779153,3
3272.127240996351,3
3282.1278756147867,1
3292.128510233222,2
3302.1291448516577,0
3312.1297794700936,4
3322.1304140885295,3
3332.131048706965,2
3342.1316833254004,1
3352.132317943836,4
3362.132952562272,1
3372.1335871807078,2
3382.1342217991432,1
3392.1348564175787,0
3402.1354910360146,2
3412.13612565445,0
3422.136760272886,1
3432.1373948913215,2
3442.138029509757,0
3452.138664128193,1
3462.139298746629,3
3472.1399333650643,1
3482.1405679834997,0
3492.141202601935,1
3502.141837220371,2
3512.142471838807,0
3522.1431064572425,5
3532.143741075678,2
3542.144375694114,2
3552.1450103125494,1
3562.1456449309853,2
3572.146279549421,1
3582.1469141678563,2
3592.147548786292,3
3602.148183404728,1
3612.1488180231636,1
3622.149452641599,3
3632.1500872600345,0
3642.1507218784704,2
3652.1513564969064,3
3662.151991115342,5
3672.1526257337773,0
3682.1532603522132,0
3692.1538949706487,1
3702.1545295890846,1
3712.15516420752,1
3722.1557988259556,1
3732.1564334443915,0
3742.1570680628274,2
3752.157702681263,1
3762.1583372996984,0
3772.158971918134,4
3782.1596065365698,2
3792.1602411550057,1
3802.160875773441,1
3812.1615103918766,1
3822.1621450103125,0
3832.162779628748,2
3842.163414247184,2
3852.1640488656194,1
3862.164683484055,3
3872.165318102491,2
3882.1659527209267,0
3892.166587339362,1
3902.1672219577977,0
3912.167856576233,2
3922.168491194669,6
3932.169125813105,1
3942.1697604315405,1
3952.170395049976,1
3962.171029668412,3
3972.1716642868473,2
3982.1722989052832,4
3992.1729335237187,1
4002.173568142154,2
4012.17420276059,0
4022.174837379026,1
4032.1754719974615,0
4042.176106615897,2
4052.1767412343324,0
4062.1773758527684,0
4072.1780104712043,1
4082.1786450896398,4
4092.1792797080752,1
4102.179914326511,1
4112.180548944947,1
4122.181183563383,2
4132.181818181818,5
4142.1824528002535,0
4152.183087418689,0
4162.183722037125,1
4172.184356655561,1
4182.184991273996,2
4192.185625892432,1
4202.186260510867,3
4212.186895129304,3
4222.187529747739,0
4232.1881643661745,4
4242.188798984611,1
4252.1894336030455,4
4262.190068221482,3
4272.190702839917,0
4282.191337458353,1
4292.191972076789,0
4302.192606695225,3
4312.19324131366,3
4322.193875932096,2
4332.194510550531,2
4342.195145168967,1
4352.195779787403,2
4362.196414405838,0
4372.197049024274,2
4382.197683642709,0
4392.198318261146,2
4402.198952879581,2
4412.199587498017,3
4422.200222116452,1
4432.200856734888,4
4442.201491353324,4
4452.202125971759,1
4462.202760590195,0
4472.203395208631,1
4482.204029827066,3
4492.204664445502,3
4502.205299063938,1
4512.205933682373,1
4522.2065683008095,4
4532.207202919245,5
4542.2078375376805,3
4552.208472156116,3
4562.209106774551,1
4572.209741392988,1
4582.210376011423,2
4592.211010629859,2
4602.211645248294,2
4612.21227986673,0
4622.212914485166,1
4632.2135491036015,2
4642.214183722037,3
4652.214818340472,0
4662.215452958908,1
4672.216087577344,3
4682.21672219578,4
4692.217356814215,0
4702.217991432651,1
4712.218626051086,1
4722.219260669523,2
4732.219895287958,1
4742.2205299063935,0
4752.22116452483,3
4762.221799143264,1
4772.222433761701,2
4782.223068380136,2
4792.223702998572,0
4802.224337617008,3
4812.224972235444,1
4822.225606853879,3
4832.2262414723145,2
4842.22687609075,1
4852.227510709186,1
4862.228145327622,4
4872.228779946057,3
4882.229414564493,2
4892.230049182928,0
4902.230683801365,2
4912.2313184198,4
4922.231953038236,3
4932.232587656671,1
4942.2332222751065,3
4952.233856893543,4
4962.234491511978,2
4972.235126130414,0
4982.235760748849,1
4992.236395367285,2
5002.237029985721,2
5012.237664604157,1
5022.238299222592,1
5032.2389338410285,1
5042.239568459463,0
5052.240203077899,3
5062.240837696335,2
5072.24147231477,3
5082.242106933207,0
5092.242741551642,3
5102.243376170078,1
5112.244010788513,0
5122.244645406949,2
5132.245280025385,1
5142.2459146438205,2
5152.246549262256,1
5162.247183880691,1
5172.247818499127,1
5182.248453117563,0
5192.249087735999,2
5202.249722354434,3
5212.25035697287,1
5222.250991591305,5
5232.2516262097415,3
5242.252260828177,2
5252.2528954466125,2
5262.253530065048,1
5272.254164683483,2
5282.25479930192,3
5292.255433920355,3
5302.256068538791,0
5312.256703157227,0
5322.257337775662,3
5332.257972394098,0
5342.2586070125335,4
5352.259241630969,4
5362.259876249405,2
5372.26051086784,0
5382.261145486276,3
5392.261780104713,2
5402.262414723147,2
5412.263049341584,0
5422.263683960018,3
5432.264318578455,2
5442.264953196891,3
5452.2655878153255,3
5462.266222433762,2
5472.266857052196,1
5482.267491670633,4
5492.268126289069,1
5502.268760907504,0
5512.26939552594,2
5522.270030144376,3
5532.270664762811,1
5542.271299381247,4
5552.271933999682,1
5562.272568618118,0
5572.273203236554,1
5582.273837854989,1
5592.274472473426,2
5602.27510709186,2
5612.275741710297,6
5622.276376328732,1
5632.277010947168,2
5642.277645565604,2
5652.2782801840385,5
5662.278914802475,2
5672.279549420911,1
5682.280184039346,1
5692.280818657782,2
5702.281453276217,5
5712.282087894653,3
5722.2827225130895,1
5732.283357131524,1
5742.2839917499605,0
5752.284626368395,1
5762.285260986831,2
5772.285895605268,3
5782.286530223702,2
5792.287164842139,3
5802.287799460574,1
5812.28843407901,0
5822.289068697446,3
5832.289703315881,1
5842.290337934317,3
5852.2909725527525,2
5862.291607171188,3
5872.292241789624,2
5882.292876408059,4
5892.293511026495,1
5902.294145644931,0
5912.294780263366,3
5922.295414881803,1
5932.296049500237,4
5942.2966841186735,2
5952.29731873711,0
5962.297953355544,7
5972.298587973981,1
5982.299222592415,3
5992.299857210852,0
6002.300491829288,4
6012.301126447723,4
6022.301761066159,1
6032.302395684594,0
6042.30303030303,2
6052.303664921466,4
6062.304299539901,1
6072.304934158337,2
6082.305568776773,3
6092.306203395208,1
6102.306838013645,2
6112.307472632079,1
6122.308107250516,5
6132.308741868951,4
6142.3093764873865,3
6152.310011105823,0
6162.3106457242575,2
6172.311280342694,9
6182.311914961129,2
6192.312549579565,1
6202.313184198001,2
6212.313818816436,2
6222.314453434872,0
6232.3150880533085,3
6242.315722671743,2
6252.316357290179,1
6262.316991908614,1
6272.31762652705,0
6282.318261145487,4
6292.318895763921,6
6302.319530382358,2
6312.320165000792,2
6322.320799619229,3
6332.321434237665,2
6342.3220688561,5
6352.322703474536,2
6362.323338092971,2
6372.323972711407,2
6382.324607329843,2
6392.325241948278,2
6402.325876566714,1
6412.32651118515,3
6422.327145803585,4
6432.3277804220215,2
6442.328415040456,4
6452.3290496588925,2
6462.329684277329,2
6472.330318895763,2
6482.3309535142,2
6492.331588132634,5
6502.332222751071,1
6512.332857369507,0
6522.333491987942,4
6532.334126606378,2
6542.334761224813,1
6552.335395843249,7
6562.336030461685,2
6572.33666508012,4
6582.337299698556,1
6592.337934316992,1
6602.338568935427,1
6612.339203553864,4
6622.339838172298,0
6632.340472790735,0
6642.34110740917,3
6652.3417420276055,3
6662.342376646042,1
6672.343011264476,1
6682.343645882913,3
6692.344280501348,7
6702.344915119784,2
6712.34554973822,1
6722.346184356655,3
6732.346818975091,1
6742.3474535935275,1
6752.348088211962,3
6762.348722830398,2
6772.349357448833,3
6782.349992067269,1
6792.350626685706,2
6802.35126130414,1
6812.351895922577,2
6822.352530541011,5
6832.353165159448,1
6842.353799777884,2
6852.3544343963185,2
6862.355069014755,4
6872.35570363319,5
6882.356338251626,3
6892.356972870062,5
6902.357607488497,1
6912.358242106933,3
6922.358876725369,4
6932.359511343804,6
6942.3601459622405,1
6952.360780580675,3
6962.361415199111,0
6972.362049817547,2
6982.362684435982,1
6992.363319054419,0
7002.363953672853,4
7012.36458829129,3
7022.365222909726,3
7032.365857528161,0
7042.366492146597,2
7052.367126765032,3
7062.367761383468,0
7072.368396001904,2
7082.369030620339,5
7092.369665238775,4
7102.37029985721,0
7112.370934475646,0
7122.371569094083,7
7132.372203712517,3
7142.3728383309535,2
7152.373472949389,1
7162.3741075678245,4
7172.374742186261,4
7182.375376804695,5
7192.376011423132,5
7202.376646041567,3
7212.377280660003,3
7222.377915278439,0
7232.378549896874,3
7242.37918451531,5
7252.3798191337455,2
7262.380453752181,1
7272.381088370617,1
7282.381722989052,3
7292.382357607488,3
7302.382992225925,4
7312.383626844359,0
7322.384261462796,2
7332.38489608123,5
7342.385530699667,0
7352.386165318103,5
7362.3867999365375,5
7372.387434554974,0
7382.388069173408,3
7392.388703791845,3
7402.389338410281,2
7412.389973028716,5
7422.390607647152,5
7432.391242265588,0
7442.391876884023,1
7452.3925115024595,6
7462.393146120894,3
7472.39378073933,4
7482.394415357766,4
7492.395049976201,3
7502.395684594638,5
7512.396319213072,6
7522.396953831509,3
7532.397588449944,1
7542.39822306838,6
7552.398857686816,4
7562.3994923052505,3
7572.400126923687,2
7582.400761542123,5
7592.401396160558,2
7602.402030778994,5
7612.402665397429,3
7622.403300015865,2
7632.403934634302,3
7642.404569252736,3
7652.4052038711725,2
7662.405838489608,3
7672.406473108043,1
7682.40710772648,3
7692.407742344914,1
7702.408376963351,2
7712.409011581786,2
7722.409646200222,5
7732.410280818658,0
7742.410915437093,2
7752.411550055529,3
7762.4121846739645,3
7772.4128192924,2
7782.413453910836,1
7792.414088529271,1
7802.414723147707,5
7812.415357766144,2
7822.415992384578,2
7832.416627003015,6
7842.417261621449,3
7852.4178962398855,2
7862.418530858322,0
7872.4191654767565,4
7882.419800095193,3
7892.420434713627,2
7902.421069332064,4
7912.4217039505,2
7922.422338568935,4
7932.422973187371,2
7942.423607805807,5
7952.424242424242,2
7962.424877042678,1
7972.425511661113,2
7982.426146279549,1
7992.426780897985,2
8002.42741551642,4
8012.428050134857,5
8022.428684753291,2
8032.429319371728,6
8042.429953990163,3
8052.430588608599,2
8062.431223227035,1
8072.4318578454695,2
8082.432492463906,4
8092.433127082342,1
8102.433761700777,1
8112.434396319213,2
8122.435030937648,1
8132.435665556084,2
8142.4363001745205,3
8152.436934792955,2
8162.437569411391,1
8172.438204029826,3
8182.438838648262,5
8192.439473266699,3
8202.440107885133,3
8212.44074250357,4
8222.441377122006,2
8232.44201174044,6
8242.442646358877,2
8252.443280977312,1
8262.443915595748,2
8272.444550214183,2
8282.445184832619,4
8292.445819451055,3
8302.44645406949,3
8312.447088687926,4
8322.447723306363,6
8332.448357924797,1
8342.448992543234,3
8352.449627161668,1
8362.450261780104,5
8372.45089639854,7
8382.451531016975,3
8392.452165635412,3
8402.452800253846,2
8412.453434872283,2
8422.45406949072,2
8432.454704109154,1
8442.45533872759,2
8452.455973346025,1
8462.456607964461,1
8472.457242582897,3
8482.457877201332,5
8492.458511819768,6
8502.459146438203,5
8512.45978105664,0
8522.460415675076,4
8532.46105029351,4
8542.461684911947,4
8552.462319530383,3
8562.462954148818,1
8572.463588767254,4
8582.464223385688,4
8592.464858004125,1
8602.46549262256,2
8612.466127240996,1
8622.466761859432,3
8632.467396477867,1
8642.468031096303,1
8652.46866571474,4
8662.469300333174,3
8672.46993495161,2
8682.470569570045,2
8692.471204188481,3
8702.471838806918,2
8712.472473425352,3
8722.473108043789,2
8732.473742662223,0
8742.47437728066,6
8752.475011899096,3
8762.47564651753,3
8772.476281135967,7
8782.476915754403,5
8792.477550372838,2
8802.478184991274,2
8812.478819609709,1
8822.479454228145,5
8832.48008884658,3
8842.480723465016,4
8852.481358083453,1
8862.481992701887,3
8872.482627320323,5
8882.48326193876,3
8892.483896557194,2
8902.48453117563,3
8912.485165794065,2
8922.485800412502,3
8932.486435030938,2
8942.487069649373,4
8952.487704267809,3
8962.488338886244,0
8972.48897350468,4
8982.489608123116,0
8992.49024274155,2
9002.490877359987,2
9012.491511978424,4
9022.492146596858,3
9032.492781215295,2
9042.49341583373,4
9052.494050452166,2
9062.4946850706,1
9072.495319689036,1
9082.495954307473,3
9092.496588925907,2
9102.497223544344,3
9112.49785816278,7
9122.498492781215,2
9132.499127399651,5
9142.499762018086,4
9152.500396636522,5
9162.501031254958,2
9172.501665873393,4
9182.50230049183,2
9192.502935110264,4
9202.5035697287,3
9212.504204347137,3
9222.504838965571,1
9232.505473584008,2
9242.506108202442,2
9252.506742820879,3
9262.507377439315,2
9272.50801205775,3
9282.508646676186,3
9292.50928129462,3
9302.509915913057,3
9312.510550531493,2
9322.511185149928,2
9332.511819768364,2
9342.5124543868,4
9352.513089005235,1
9362.513723623671,2
9372.514358242106,1
9382.514992860542,1
9392.515627478977,8
9402.516262097413,2
9412.51689671585,4
9422.517531334284,3
9432.51816595272,4
9442.518800571157,7
9452.519435189592,2
9462.520069808028,3
9472.520704426464,5
9482.521339044899,2
9492.521973663333,5
9502.522608281772,4
9512.523242900206,1
9522.52387751864,2
9532.524512137077,7
9542.525146755514,3
9552.525781373948,1
9562.526415992384,2
9572.52705061082,6
9582.527685229255,1
9592.52831984769,3
9602.528954466128,6
9612.529589084563,3
9622.530223702997,3
9632.530858321434,2
9642.53149293987,5
9652.532127558305,3
9662.532762176741,4
9672.533396795177,3
9682.534031413612,2
9692.534666032047,7
9702.535300650485,7
9712.53593526892,0
9722.536569887354,1
9732.53720450579,2
9742.537839124227,3
9752.538473742661,5
9762.539108361098,3
9772.539742979534,5
9782.540377597968,1
9792.541012216405,5
9802.541646834841,4
9812.542281453276,4
9822.54291607171,5
9832.543550690149,4
9842.544185308583,1
9852.544819927018,3
9862.545454545454,3
9872.54608916389,2
9882.546723782325,4
9892.547358400761,7
9902.547993019198,1
9912.548627637632,3
9922.549262256067,2
9932.549896874505,1
9942.55053149294,6
9952.551166111374,2
9962.55180072981,3
9972.552435348247,3
9982.553069966682,3
9992.553704585118,4
10002.554339203554,0
10012.554973821989,1
10022.555608440423,3
10032.556243058862,2
10042.556877677296,0
10052.55751229573,6
10062.558146914169,3
10072.558781532603,2
10082.559416151038,4
10092.560050769474,6
10102.56068538791,6
10112.561320006345,3
10122.561954624782,7
10132.562589243218,2
10142.563223861653,3
10152.563858480087,2
10162.564493098525,2
10172.56512771696,7
10182.565762335395,1
10192.566396953831,2
10202.567031572267,5
10212.567666190702,4
10222.568300809138,5
10232.568935427575,6
10242.56957004601,3
10252.570204664444,3
10262.570839282882,2
10272.571473901316,5
10282.572108519751,4
10292.57274313819,5
10302.573377756624,3
10312.574012375058,2
10322.574646993495,5
10332.575281611931,2
10342.575916230366,1
10352.576550848802,3
10362.577185467238,3
10372.577820085673,5
10382.578454704108,0
10392.579089322546,3
10402.57972394098,0
10412.580358559415,3
10422.580993177851,2
10432.581627796288,4
10442.582262414722,5
10452.582897033159,8
10462.583531651595,3
10472.58416627003,2
10482.584800888464,3
10492.585435506902,5
10502.586070125337,2
10512.586704743771,5
10522.587339362208,8
10532.587973980644,5
10542.588608599079,2
10552.589243217515,7
10562.589877835951,5
10572.590512454386,4
10582.591147072822,6
10592.591781691259,2
10602.592416309693,3
10612.593050928128,4
10622.593685546566,6
10632.594320165,3
10642.594954783435,6
10652.595589401872,5
10662.596224020308,4
10672.596858638743,5
10682.597493257179,4
10692.598127875615,2
10702.59876249405,5
10712.599397112484,3
10722.600031730923,3
10732.600666349357,7
10742.601300967792,6
10752.601935586228,1
10762.602570204665,5
10772.603204823099,7
10782.603839441535,4
10792.604474059972,5
10802.605108678406,8
10812.605743296841,2
10822.60637791528,4
10832.607012533714,5
10842.607647152148,6
10852.608281770586,6
10862.608916389021,3
10872.609551007456,2
10882.610185625892,4
10892.610820244328,4
10902.611454862763,3
10912.6120894812,10
10922.612724099636,5
10932.61335871807,7
10942.613993336505,5
10952.614627954943,3
10962.615262573378,12
10972.615897191812,3
10982.616531810248,7
10992.617166428685,5
11002.61780104712,6
11012.618435665556,3
11022.619070283992,8
11032.619704902427,4
11042.620339520861,5
11052.6209741393,3
11062.621608757734,3
11072.622243376169,4
11082.622877994605,4
11092.623512613041,3
11102.624147231476,6
11112.624781849912,3
11122.625416468349,3
11132.626051086783,6
11142.62668570522,2
11152.627320323656,5
11162.62795494209,4
11172.628589560525,7
11182.629224178963,5
11192.629858797398,4
11202.630493415832,7
11212.631128034269,5
11222.631762652705,5
11232.63239727114,1
11242.633031889576,4
11252.633666508013,5
11262.634301126447,2
11272.634935744882,2
11282.63557036332,6
11292.636204981754,5
11302.636839600189,9
11312.637474218625,6
11322.638108837062,2
11332.638743455496,3
11342.639378073933,3
11352.640012692369,7
11362.640647310804,2
11372.641281929238,6
11382.641916547676,7
11392.642551166111,2
11402.643185784545,7
11412.643820402984,4
11422.644455021418,1
11432.645089639853,3
11442.64572425829,5
11452.646358876726,1
11462.64699349516,6
11472.647628113597,4
11482.648262732033,8
11492.648897350467,6
11502.649531968902,4
11512.65016658734,9
11522.650801205775,10
11532.65143582421,5
11542.652070442646,2
11552.652705061082,4
11562.653339679517,7
11572.653974297953,13
11582.65460891639,2
11592.655243534824,3
11602.655878153259,9
11612.656512771697,9
11622.657147390131,4
11632.657782008566,5
11642.658416627004,7
11652.659051245439,5
11662.659685863873,4
11672.66032048231,2
11682.660955100746,8
11692.66158971918,2
11702.662224337617,5
11712.662858956053,5
11722.663493574488,3
11732.664128192922,4
11742.66476281136,4
11752.665397429795,8
11762.66603204823,2
11772.666666666666,3
11782.667301285102,5
11792.667935903537,4
11802.668570521973,3
11812.66920514041,4
11822.669839758844,12
11832.670474377279,6
11842.671108995717,3
11852.671743614152,2
11862.672378232586,2
11872.673012851023,3
11882.673647469459,2
11892.674282087894,4
11902.67491670633,6
11912.675551324766,3
11922.6761859432,3
11932.676820561637,5
11942.677455180074,4
11952.678089798508,6
11962.678724416943,9
11972.679359035381,5
11982.679993653815,6
11992.68062827225,5
12002.681262890686,4
12012.681897509123,4
12022.682532127557,3
12032.683166745994,5
12042.68380136443,5
12052.684435982865,2
12062.6850706013,4
12072.685705219737,4
12082.686339838172,4
12092.686974456607,6
12102.687609075043,10
12112.68824369348,4
12122.688878311914,3
12132.68951293035,9
12142.690147548787,5
12152.690782167221,5
12162.691416785656,8
12172.692051404094,5
12182.692686022529,4
12192.693320640963,7
12202.693955259401,12
12212.694589877836,5
12222.69522449627,5
12232.695859114707,6
12242.696493733143,9
12252.697128351578,4
12262.697762970014,6
12272.69839758845,6
12282.699032206885,3
12292.69966682532,8
12302.700301443758,4
12312.700936062192,5
12322.701570680627,5
12332.702205299063,1
12342.7028399175,6
12352.703474535934,5
12362.70410915437,3
12372.704743772807,5
12382.705378391242,2
12392.706013009676,5
12402.706647628114,7
12412.707282246549,6
12422.707916864983,12
12432.70855148342,10
12442.709186101856,4
12452.70982072029,8
12462.710455338727,5
12472.711089957163,7
12482.711724575598,9
12492.712359194034,2
12502.71299381247,6
12512.713628430905,3
12522.71426304934,5
12532.714897667778,0
12542.715532286213,4
12552.716166904647,3
12562.716801523084,1
12572.71743614152,6
12582.718070759955,2
12592.718705378391,2
12602.719339996827,8
12612.719974615262,6
12622.720609233696,3
12632.721243852135,7
12642.72187847057,7
12652.722513089004,4
12662.72314770744,5
12672.723782325877,3
12682.724416944311,1
12692.725051562747,5
12702.725686181184,7
12712.726320799618,12
12722.726955418053,3
12732.727590036491,6
12742.728224654926,2
12752.72885927336,4
12762.729493891798,6
12772.730128510233,4
12782.730763128668,3
12792.731397747104,2
12802.73203236554,5
12812.732666983975,5
12822.733301602411,4
12832.733936220848,3
12842.734570839282,9
12852.735205457717,4
12862.735840076155,2
12872.73647469459,5
12882.737109313024,5
12892.73774393146,4
12902.738378549897,4
12912.739013168331,6
12922.739647786768,5
12932.740282405204,4
12942.740917023639,9
12952.741551642073,10
12962.742186260512,1
12972.742820878946,6
12982.74345549738,7
12992.744090115819,4
13002.744724734253,1
13012.745359352688,4
13022.745993971124,4
13032.74662858956,2
13042.747263207995,7
13052.747897826432,7
13062.748532444868,3
13072.749167063303,5
13082.749801681737,2
13092.750436300175,2
13102.75107091861,2
13112.751705537044,3
13122.75234015548,1
13132.752974773917,6
13142.753609392352,2
13152.754244010788,1
13162.754878629225,7
13172.75551324766,5
13182.756147866094,6
13192.756782484532,3
13202.757417102966,4
13212.758051721401,5
13222.758686339837,2
13232.759320958274,5
13242.759955576708,1
13252.760590195145,5
13262.761224813581,4
13272.761859432016,0
13282.762494050452,5
13292.763128668888,3
13302.763763287323,7
13312.764397905758,5
13322.765032524196,2
13332.76566714263,7
13342.766301761065,2
13352.766936379501,3
13362.767570997938,5
13372.768205616372,2
13382.768840234809,5
13392.769474853245,2
13402.77010947168,3
13412.770744090114,6
13422.771378708552,4
13432.772013326987,4
13442.772647945421,1
13452.773282563858,1
13462.773917182294,2
13472.774551800729,1
13482.775186419165,4
13492.775821037601,6
13502.776455656036,2
13512.77709027447,4
13522.777724892909,2
13532.778359511343,6
13542.778994129778,4
13552.779628748216,1
13562.78026336665,1
13572.780897985085,4
13582.781532603522,5
13592.782167221958,0
13602.782801840392,5
13612.783436458829,2
13622.784071077265,0
13632.7847056957,2
13642.785340314134,4
13652.785974932573,6
13662.786609551007,2
13672.787244169442,1
13682.787878787878,5
13692.788513406314,3
13702.789148024749,3
13712.789782643185,1
13722.790417261622,4
13732.791051880056,2
13742.79168649849,4
13752.792321116929,5
13762.792955735364,3
13772.793590353798,3
13782.794224972235,5
13792.794859590671,2
13802.795494209106,2
13812.796128827542,3
13822.796763445978,0
13832.797398064413,5
13842.79803268285,2
13852.798667301286,1
13862.79930191972,5
13872.799936538155,2
13882.800571156593,3
13892.801205775027,4
13902.801840393462,6
13912.802475011898,0
13922.803109630335,2
13932.80374424877,0
13942.804378867206,0
13952.805013485642,2
13962.805648104077,1
13972.806282722511,2
13982.80691734095,2
13992.807551959384,2
14002.808186577819,7
14012.808821196255,2
14022.809455814691,3
14032.810090433126,0
14042.810725051562,3
14052.811359669999,5
14062.811994288433,0
14072.81262890687,3
14082.813263525306,3
14092.81389814374,5
14102.814532762175,3
14112.815167380613,1
14122.815801999048,2
14132.816436617482,4
14142.817071235919,3
14152.817705854355,1
14162.81834047279,3
14172.818975091226,1
14182.819609709662,1
14192.820244328097,4
14202.820878946532,2
14212.82151356497,2
14222.822148183404,4
14232.822782801839,4
14242.823417420275,3
14252.824052038712,5
14262.824686657146,3
14272.825321275583,1
14282.825955894019,3
14292.826590512454,4
14302.827225130888,2
14312.827859749326,3
14322.82849436776,3
14332.829128986195,0
14342.829763604634,4
14352.830398223068,2
14362.831032841503,1
14372.83166745994,2
14382.832302078376,0
14392.83293669681,4
14402.833571315246,4
14412.834205933683,5
14422.834840552117,1
14432.835475170552,2
14442.83610978899,3
14452.836744407425,1
14462.83737902586,2
14472.838013644296,2
14482.838648262732,2
14492.839282881167,1
14502.839917499603,2
14512.84055211804,4
14522.841186736474,3
14532.841821354908,5
14542.842455973347,3
14552.843090591781,5
14562.843725210216,0
14572.844359828652,3
14582.844994447089,3
14592.845629065523,2
14602.84626368396,2
14612.846898302396,2
14622.84753292083,2
14632.848167539267,2
14642.848802157703,2
14652.849436776138,1
14662.850071394572,1
14672.85070601301,7
14682.851340631445,0
14692.85197524988,2
14702.852609868316,2
14712.853244486752,2
14722.853879105187,3
14732.854513723623,2
14742.85514834206,1
14752.855782960494,4
14762.856417578929,4
14772.857052197367,1
14782.857686815802,6
14792.858321434236,0
14802.858956052673,1
14812.859590671109,2
14822.860225289543,2
14832.86085990798,1
14842.861494526416,1
14852.86212914485,2
14862.862763763285,0
14872.863398381724,5
14882.864033000158,1
14892.864667618593,2
14902.86530223703,2
14912.865936855465,1
14922.8665714739,2
14932.867206092336,3
14942.867840710773,5
14952.868475329207,0
14962.869109947644,2
14972.86974456608,2
14982.870379184515,1
14992.87101380295,2
15002.871648421387,3
15012.872283039822,1
15022.872917658256,4
15032.873552276693,4
15042.87418689513,3
15052.874821513564,3
15062.875456132,7
15072.876090750437,2
15082.876725368871,2
15092.877359987306,3
15102.877994605744,4
15112.878629224178,1
15122.879263842613,3
15132.87989846105,3
15142.880533079486,2
15152.88116769792,2
15162.881802316357,0
15172.882436934793,4
15182.883071553228,3
15192.883706171664,2
15202.8843407901,2
15212.884975408535,6
15222.88561002697,3
15232.886244645408,2
15242.886879263842,3
15252.887513882277,2
15262.888148500713,1
15272.88878311915,0
15282.889417737584,1
15292.89005235602,0
15302.890686974457,5
15312.891321592891,0
15322.891956211326,1
15332.892590829764,2
15342.893225448199,1
15352.893860066633,2
15362.89449468507,3
15372.895129303506,1
15382.89576392194,4
15392.896398540377,4
15402.897033158813,2
15412.897667777248,0
15422.898302395684,5
15432.89893701412,2
15442.899571632555,0
15452.90020625099,2
15462.900840869428,5
15472.901475487863,2
15482.902110106297,1
15492.902744724734,1
15502.90337934317,3
15512.904013961605,3
15522.90464858004,4
15532.905283198477,1
15542.905917816912,1
15552.906552435346,1
15562.907187053785,3
15572.90782167222,3
15582.908456290654,4
15592.90909090909,2
15602.909725527526,1
15612.910360145961,1
15622.910994764397,3
15632.911629382834,1
15642.912264001268,2
15652.912898619703,2
15662.913533238141,2
15672.914167856576,1
15682.91480247501,5
15692.915437093448,1
15702.916071711883,1
15712.916706330318,1
15722.917340948754,1
15732.91797556719,1
15742.918610185625,2
15752.919244804061,3
15762.919879422498,3
15772.920514040932,0
15782.921148659367,1
15792.921783277805,1
15802.92241789624,1
15812.923052514674,1
15822.92368713311,2
15832.924321751547,2
15842.924956369981,1
15852.925590988418,4
15862.926225606854,4
15872.926860225289,4
15882.927494843723,1
15892.928129462161,3
15902.928764080596,4
15912.92939869903,1
15922.930033317467,4
15932.930667935903,0
15942.931302554338,4
15952.931937172774,4
15962.93257179121,1
15972.933206409645,1
15982.933841028082,0
15992.934475646518,3
16002.935110264953,4
16012.935744883387,2
16022.936379501825,2
16032.93701412026,2
16042.937648738694,1
16052.93828335713,0
16062.938917975567,3
16072.939552594002,3
16082.940187212438,2
16092.940821830874,2
16102.941456449309,1
16112.942091067744,3
16122.942725686182,1
16132.943360304616,1
16142.943994923051,1
16152.944629541487,1
16162.945264159924,5
16172.945898778358,1
16182.946533396795,1
16192.947168015231,2
16202.947802633666,1
16212.9484372521,2
16222.949071870538,1
16232.949706488973,2
16242.950341107407,2
16252.950975725846,1
16262.95161034428,1
16272.952244962715,2
16282.952879581151,4
16292.953514199588,3
16302.954148818022,0
16312.954783436458,2
16322.955418054895,3
16332.95605267333,2
16342.956687291764,1
16352.957321910202,2
16362.957956528637,1
16372.958591147071,0
16382.959225765508,3
16392.95986038394,1
16402.96049500238,1
16412.961129620817,4
16422.961764239248,1
16432.962398857686,2
16442.963033476124,1
16452.963668094555,2
16462.964302712993,0
16472.96493733143,2
16482.965571949862,4
16492.9662065683,1
16502.96684118674,5
16512.96747580517,0
16522.968110423608,1
16532.968745042046,3
16542.969379660477,0
16552.970014278915,0
16562.97064889735,0
16572.971283515784,0
16582.971918134223,2
16592.972552752657,4
16602.97318737109,4
16612.97382198953,5
16622.97445660796,2
16632.9750912264,2
16642.975725844837,4
16652.976360463268,1
16662.976995081706,1
16672.977629700144,2
16682.978264318575,0
16692.978898937014,2
16702.97953355545,0
16712.980168173883,4
16722.98080279232,2
16732.98143741076,2
16742.98207202919,0
16752.98270664763,0
16762.983341266066,3
16772.983975884497,0
16782.984610502936,3
16792.98524512137,2
16802.985879739805,0
16812.986514358243,4
16822.987148976677,1
16832.987783595112,3
16842.98841821355,2
16852.98905283198,0
16862.98968745042,3
16872.990322068857,7
16882.99095668729,0
16892.991591305727,1
16902.992225924165,0
16912.992860542596,0
16922.993495161034,2
16932.994129779472,2
16942.994764397903,0
16952.99539901634,1
16962.99603363478,1
16972.99666825321,2
16982.99730287165,1
16992.997937490083,1
17002.998572108518,4
17012.999206726956,2
17022.99984134539,5
17033.000475963825,1
17043.001110582263,2
17053.001745200698,4
17063.002379819132,4
17073.00301443757,3
17083.003649056,1
17093.00428367444,3
17103.004918292878,0
17113.00555291131,3
17123.006187529747,5
17133.006822148185,0
17143.007456766616,2
17153.008091385054,4
17163.008726003492,2
17173.009360621923,0
17183.00999524036,1
17193.0106298588,5
17203.01126447723,2
17213.01189909567,2
17223.012533714103,0
17233.013168332538,1
17243.013802950976,2
17253.01443756941,0
17263.015072187845,1
17273.015706806284,0
17283.016341424714,0
17293.016976043153,0
17303.01761066159,1
17313.01824528002,2
17323.01887989846,1
17333.0195145169,2
17343.02014913533,0
17353.020783753767,3
17363.021418372206,0
17373.022052990636,2
17383.022687609075,4
17393.023322227513,1
17403.023956845944,1
17413.024591464382,1
17423.02522608282,0
17433.02586070125,1
17443.02649531969,2
17453.027129938124,2
17463.02776455656,2
17473.028399174997,2
17483.02903379343,4
17493.029668411866,2
17503.030303030304,1
17513.030937648735,2
17523.031572267173,2
17533.03220688561,4
17543.032841504042,2
17553.03347612248,0
17563.03411074092,1
17573.03474535935,2
17583.035379977788,1
17593.036014596226,3
17603.036649214657,2
17613.037283833095,3
17623.037918451533,1
17633.038553069964,2
17643.039187688402,2
17653.03982230684,0
17663.04045692527,0
17673.04109154371,3
17683.041726162144,1
17693.04236078058,3
17703.042995399017,0
17713.04363001745,2
17723.044264635886,2
17733.044899254324,2
17743.04553387276,1
17753.046168491193,0
17763.04680310963,2
17773.047437728063,3
17783.0480723465,0
17793.04870696494,1
17803.04934158337,1
17813.049976201808,4
17823.050610820246,1
17833.051245438677,0
17843.051880057115,1
17853.052514675554,1
17863.053149293984,2
17873.053783912423,1
17883.054418530857,1
17893.05505314929,2
17903.05568776773,2
17913.056322386165,2
17923.0569570046,2
17933.057591623037,0
17943.058226241472,4
17953.058860859906,2
17963.059495478345,0
17973.06013009678,4
17983.060764715214,3
17993.061399333652,2
18003.062033952083,1
18013.06266857052,0
18023.06330318896,1
18033.06393780739,0
18043.06457242583,0
18053.065207044267,0
18063.065841662697,1
18073.066476281136,2
18083.067110899574,4
18093.067745518005,5
18103.068380136443,3
18113.069014754878,1
18123.069649373312,3
18133.07028399175,2
18143.070918610185,0
18153.07155322862,3
18163.072187847058,0
18173.072822465492,5
18183.073457083927,1
18193.074091702365,2
18203.074726320796,0
18213.075360939234,2
18223.075995557672,1
18233.076630176103,1
18243.07726479454,2
18253.07789941298,2
18263.07853403141,1
18273.07916864985,2
18283.079803268287,0
18293.080437886718,1
18303.081072505156,5
18313.081707123594,2
18323.082341742025,2
18333.082976360463,5
18343.083610978898,1
18353.084245597332,0
18363.08488021577,3
18373.085514834205,5
18383.08614945264,2
18393.086784071078,3
18403.087418689513,2
18413.088053307947,1
18423.088687926385,3
18433.089322544816,2
18443.089957163254,4
18453.090591781693,2
18463.091226400124,1
18473.09186101856,2
18483.092495637,0
18493.09313025543,4
18503.09376487387,1
18513.094399492307,4
18523.09503411074,1
18533.095668729176,6
18543.096303347615,1
18553.096937966046,1
18563.097572584484,4
18573.09820720292,6
18583.098841821353,2
18593.09947643979,2
18603.100111058226,3
18613.10074567666,2
18623.1013802951,4
18633.102014913533,6
18643.102649531967,2
18653.103284150406,2
18663.103918768837,2
18673.104553387275,0
18683.105188005713,7
18693.105822624144,1
18703.106457242582,0
18713.10709186102,2
18723.10772647945,2
18733.10836109789,3
18743.108995716328,1
18753.10963033476,3
18763.110264953197,3
18773.11089957163,4
18783.111534190066,1
18793.112168808504,2
18803.11280342694,4
18813.113438045373,3
18823.11407266381,2
18833.114707282246,2
18843.11534190068,2
18853.11597651912,6
18863.116611137553,2
18873.117245755988,10
18883.117880374426,4
18893.118514992857,3
18903.119149611295,4
18913.119784229733,0
18923.120418848164,2
18933.121053466602,4
18943.12168808504,4
18953.12232270347,5
18963.12295732191,2
18973.123591940348,2
18983.12422655878,9
18993.124861177217,1
19003.12549579565,2
19013.126130414086,0
19023.126765032524,2
19033.12739965096,5
19043.128034269394,2
19053.12866888783,2
19063.129303506266,2
19073.1299381247,4
19083.13057274314,6
19093.131207361574,3
19103.131841980008,2
19113.132476598446,2
19123.133111216877,6
19133.133745835315,4
19143.134380453754,4
19153.135015072185,2
19163.135649690623,1
19173.13628430906,4
19183.136918927492,3
19193.13755354593,1
19203.13818816437,1
19213.1388227828,1
19223.139457401237,4
19233.140092019672,5
19243.140726638107,5
19253.141361256545,1
19263.14199587498,0
19273.142630493414,3
19283.143265111852,3
19293.143899730287,2
19303.14453434872,8
19313.14516896716,0
19323.145803585594,2
19333.14643820403,4
19343.147072822467,3
19353.147707440898,6
19363.148342059336,2
19373.148976677774,3
19383.149611296205,3
19393.150245914643,3
19403.15088053308,6
19413.151515151512,0
19423.15214976995,2
19433.15278438839,6
19443.15341900682,6
19453.154053625258,7
19463.154688243692,3
19473.155322862127,6
19483.155957480565,1
19493.156592099,3
19503.157226717434,1
19513.157861335872,4
19523.158495954307,7
19533.15913057274,4
19543.15976519118,3
19553.16039980961,4
19563.16103442805,2
19573.161669046487,4
19583.162303664918,4
19593.162938283356,1
19603.163572901794,4
19613.164207520225,1
19623.164842138664,3
19633.1654767571,5
19643.166111375533,6
19653.16674599397,3
19663.16738061241,4
19673.16801523084,6
19683.168649849278,1
19693.169284467713,3
19703.169919086147,6
19713.170553704585,6
19723.17118832302,8
19733.171822941455,2
19743.172457559893,5
19753.173092178327,5
19763.173726796762,4
19773.1743614152,4
19783.17499603363,3
19793.17563065207,3
19803.176265270507,3
19813.17689988894,3
19823.177534507377,2
19833.178169125815,4
19843.178803744246,3
19853.179438362684,5
19863.180072981122,4
19873.180707599553,5
19883.18134221799,9
19893.18197683643,4
19903.18261145486,9
19913.1832460733,8
19923.183880691733,5
19933.184515310168,2
19943.185149928606,6
19953.18578454704,4
19963.186419165475,6
19973.187053783913,4
19983.187688402348,5
19993.188323020782,7
20003.18895763922,5
20013.18959225765,4
20023.19022687609,7
20033.190861494528,2
20043.19149611296,5
20053.192130731397,6
20063.192765349835,7
20073.193399968266,6
20083.194034586704,2
20093.194669205142,4
20103.195303823573,4
20113.19593844201,4
20123.196573060446,2
20133.19720767888,8
20143.19784229732,3
20153.198476915753,0
20163.199111534188,6
20173.199746152626,9
20183.20038077106,3
20193.201015389495,0
20203.201650007933,8
20213.202284626368,3
20223.202919244803,7
20233.20355386324,8
20243.20418848167,5
20253.20482310011,4
20263.205457718548,4
20273.20609233698,13
20283.206726955417,4
20293.207361573855,4
20303.207996192286,2
20313.208630810725,5
20323.209265429163,6
20333.209900047594,2
20343.210534666032,7
20353.211169284466,3
20363.2118039029,3
20373.21243852134,8
20383.213073139774,6
20393.21370775821,7
20403.214342376647,3
20413.21497699508,5
20423.215611613516,4
20433.216246231954,5
20443.21688085039,5
20453.217515468823,7
20463.21815008726,3
20473.218784705692,3
20483.21941932413,6
20493.22005394257,12
20503.220688561,7
20513.221323179438,2
20523.221957797876,7
20533.222592416307,5
20543.223227034745,4
20553.223861653183,6
20563.224496271614,1
20573.225130890052,6
20583.225765508487,10
20593.22640012692,4
20603.22703474536,2
20613.227669363794,2
20623.22830398223,3
20633.228938600667,12
20643.2295732191,7
20653.230207837536,3
20663.230842455974,7
20673.23147707441,7
20683.232111692843,9
20693.23274631128,5
20703.233380929712,5
20713.23401554815,8
20723.23465016659,4
20733.23528478502,4
20743.235919403458,3
20753.236554021896,5
20763.237188640327,6
20773.237823258765,4
20783.238457877203,1
20793.239092495634,5
20803.239727114073,4
20813.240361732507,4
20823.24099635094,2
20833.24163096938,6
20843.242265587814,8
20853.24290020625,4
20863.243534824687,3
20873.24416944312,4
20883.244804061556,3
20893.245438679995,4
20903.246073298425,5
20913.246707916864,6
20923.247342535302,6
20933.247977153733,7
20943.24861177217,8
20953.24924639061,6
20963.24988100904,5
20973.25051562748,3
20983.251150245917,7
20993.251784864347,7
21003.252419482786,6
21013.253054101224,3
21023.253688719655,2
21033.254323338093,4
21043.254957956528,5
21053.255592574962,8
21063.2562271934,7
21073.256861811835,4
21083.25749643027,5
21093.258131048708,10
21103.258765667142,7
21113.259400285577,8
21123.260034904015,9
21133.260669522446,3
21143.261304140884,4
21153.261938759322,3
21163.262573377753,5
21173.26320799619,2
21183.26384261463,6
21193.26447723306,2
21203.2651118515,7
21213.265746469937,13
21223.266381088368,6
21233.267015706806,6
21243.267650325244,6
21253.268284943675,5
21263.268919562113,7
21273.269554180548,3
21283.270188798982,7
21293.27082341742,7
21303.271458035855,5
21313.27209265429,6
21323.272727272728,4
21333.273361891162,7
21343.273996509597,7
21353.274631128035,4
21363.275265746466,5
21373.275900364904,4
21383.276534983343,8
21393.277169601773,9
21403.27780422021,8
21413.27843883865,6
21423.27907345708,5
21433.27970807552,5
21443.280342693957,10
21453.280977312388,10
21463.281611930826,4
21473.28224654926,8
21483.282881167695,7
21493.283515786134,9
21503.28415040457,10
21513.284785023003,5
21523.28541964144,7
21533.286054259876,3
21543.28668887831,8
21553.28732349675,4
21563.287958115183,11
21573.288592733617,5
21583.289227352056,5
21593.289861970487,7
21603.290496588925,14
21613.291131207363,7
21623.291765825794,7
21633.292400444232,6
21643.29303506267,9
21653.2936696811,2
21663.29430429954,13
21673.294938917978,3
21683.29557353641,8
21693.296208154847,7
21703.29684277328,4
21713.297477391716,9
21723.298112010154,8
21733.29874662859,6
21743.299381247023,6
21753.30001586546,4
21763.300650483896,7
21773.30128510233,10
21783.30191972077,6
21793.302554339203,6
21803.303188957638,13
21813.303823576076,7
21823.304458194507,6
21833.305092812945,9
21843.305727431383,7
21853.306362049814,12
21863.306996668252,5
21873.30763128669,8
21883.30826590512,7
21893.30890052356,7
21903.309535141998,11
21913.31016976043,10
21923.310804378867,8
21933.3114389973,5
21943.312073615736,7
21953.312708234174,4
21963.31334285261,8
21973.313977471043,10
21983.31461208948,15
21993.315246707916,8
22003.31588132635,12
22013.31651594479,7
22023.317150563224,12
22033.317785181658,10
22043.318419800096,10
22053.319054418527,10
22063.319689036965,6
22073.320323655404,7
22083.320958273835,6
22093.321592892273,13
22103.32222751071,10
22113.322862129142,11
22123.32349674758,7
22133.32413136602,10
22143.32476598445,15
22153.325400602887,9
22163.326035221322,7
22173.326669839757,6
22183.327304458195,9
22193.32793907663,8
22203.328573695064,11
22213.329208313502,9
22223.329842931937,6
22233.33047755037,13
22243.33111216881,9
22253.33174678724,8
22263.33238140568,7
22273.333016024117,10
22283.333650642548,6
22293.334285260986,8
22303.334919879424,4
22313.335554497855,8
22323.336189116293,14
22333.33682373473,10
22343.337458353162,7
22353.3380929716,13
22363.33872759004,5
22373.33936220847,5
22383.339996826908,11
22393.340631445342,7
22403.341266063777,10
22413.341900682215,7
22423.34253530065,8
22433.343169919084,8
22443.343804537522,10
22453.344439155957,11
22463.34507377439,10
22473.34570839283,12
22483.34634301126,11
22493.3469776297,9
22503.347612248137,6
22513.348246866568,8
22523.348881485006,11
22533.349516103444,5
22543.350150721875,13
22553.350785340313,12
22563.35141995875,14
22573.352054577183,12
22583.35268919562,8
22593.35332381406,14
22603.35395843249,6
22613.354593050928,13
22623.355227669363,7
22633.355862287797,7
22643.356496906235,12
22653.35713152467,6
22663.357766143105,8
22673.358400761543,12
22683.359035379977,12
22693.359669998412,10
22703.36030461685,10
22713.36093923528,8
22723.36157385372,13
22733.362208472157,13
22743.36284309059,9
22753.363477709026,11
22763.364112327465,16
22773.364746945896,8
22783.365381564334,16
22793.366016182772,12
22803.366650801203,14
22813.36728541964,16
22823.367920038076,12
22833.36855465651,13
22843.36918927495,11
22853.369823893383,13
22863.370458511818,18
22873.371093130256,7
22883.37172774869,23
22893.372362367125,16
22903.372996985563,14
22913.373631603998,17
22923.374266222432,5
22933.37490084087,14
22943.3755354593,16
22953.37617007774,10
22963.376804696178,11
22973.37743931461,24
22983.378073933047,15
22993.378708551485,18
23003.379343169916,12
23013.379977788354,15
23023.380612406792,15
23033.381247025223,21
23043.38188164366,9
23053.382516262096,11
23063.38315088053,9
23073.38378549897,15
23083.384420117403,15
23093.385054735838,12
23103.385689354276,14
23113.38632397271,12
23123.386958591145,13
23133.387593209583,10
23143.388227828018,15
23153.388862446453,11
23163.38949706489,13
23173.39013168332,16
23183.39076630176,11
23193.391400920198,11
23203.39203553863,8
23213.392670157067,10
23223.393304775505,7
23233.393939393936,11
23243.394574012375,17
23253.395208630813,19
23263.395843249244,12
23273.396477867682,10
23283.397112486116,18
23293.39774710455,14
23303.39838172299,16
23313.399016341424,15
23323.39965095986,9
23333.400285578296,13
23343.40092019673,12
23353.401554815166,13
23363.402189433604,14
23373.40282405204,8
23383.403458670473,9
23393.40409328891,20
23403.404727907342,9
23413.40536252578,13
23423.40599714422,15
23433.40663176265,10
23443.407266381088,14
23453.407900999526,11
23463.408535617957,14
23473.409170236395,14
23483.409804854833,19
23493.410439473264,16
23503.411074091702,13
23513.411708710137,19
23523.41234332857,17
23533.41297794701,9
23543.413612565444,17
23553.41424718388,22
23563.414881802317,17
23573.41551642075,25
23583.416151039186,17
23593.416785657624,16
23603.417420276055,11
23613.418054894493,18
23623.41868951293,16
23633.419324131362,17
23643.4199587498,12
23653.42059336824,17
23663.42122798667,17
23673.421862605108,13
23683.422497223546,11
23693.423131841977,27
23703.423766460415,13
23713.424401078853,17
23723.425035697284,9
23733.425670315723,14
23743.426304934157,22
23753.42693955259,17
23763.42757417103,15
23773.428208789464,13
23783.4288434079,18
23793.429478026337,19
23803.43011264477,25
23813.430747263206,17
23823.431381881644,15
23833.432016500075,14
23843.432651118514,16
23853.43328573695,14
23863.433920355383,11
23873.43455497382,16
23883.43518959226,22
23893.43582421069,16
23903.43645882913,14
23913.437093447566,16
23923.437728065997,16
23933.438362684436,23
23943.438997302874,9
23953.439631921305,20
23963.440266539743,13
23973.440901158177,11
23983.441535776612,12
23993.44217039505,15
24003.442805013485,17
24013.44343963192,20
24023.444074250358,17
24033.444708868792,17
24043.445343487227,16
24053.445978105665,19
24063.446612724096,20
24073.447247342534,22
24083.447881960972,11
24093.448516579403,14
24103.44915119784,13
24113.44978581628,24
24123.45042043471,14
24133.45105505315,24
24143.451689671587,18
24153.452324290018,7
24163.452958908456,16
24173.45359352689,14
24183.454228145325,20
24193.454862763763,17
24203.455497382198,15
24213.456132000632,23
24223.45676661907,15
24233.457401237505,19
24243.45803585594,21
24253.458670474378,22
24263.459305092812,16
24273.459939711247,10
24283.460574329685,25
24293.461208948116,21
24303.461843566554,13
24313.462478184993,26
24323.463112803423,19
24333.46374742186,17
24343.4643820403,10
24353.46501665873,16
24363.46565127717,15
24373.466285895607,21
24383.466920514038,16
24393.467555132476,14
24403.46818975091,13
24413.468824369345,18
24423.469458987784,10
24433.470093606218,17
24443.470728224653,17
24453.47136284309,18
24463.471997461525,21
24473.47263207996,24
24483.4732666984,17
24493.473901316833,23
24503.474535935267,10
24513.475170553706,20
24523.475805172136,14
24533.476439790575,20
24543.477074409013,19
24553.477709027444,26
24563.478343645882,18
24573.47897826432,27
24583.47961288275,14
24593.48024750119,14
24603.480882119627,16
24613.48151673806,16
24623.482151356497,21
24633.48278597493,16
24643.483420593366,15
24653.484055211804,21
24663.48468983024,14
24673.485324448673,16
24683.48595906711,22
24693.486593685546,18
24703.48722830398,16
24713.48786292242,22
24723.488497540853,21
24733.489132159288,21
24743.489766777726,17
24753.490401396157,21
24763.491036014595,17
24773.491670633033,19
24783.492305251464,19
24793.492939869902,27
24803.49357448834,25
24813.49420910677,26
24823.49484372521,23
24833.495478343648,25
24843.49611296208,18
24853.496747580517,19
24863.49738219895,20
24873.498016817386,20
24883.498651435824,16
24893.49928605426,20
24903.499920672693,18
24913.50055529113,19
24923.501189909566,18
24933.501824528,19
24943.50245914644,33
24953.50309376487,17
24963.503728383308,23
24973.504363001746,16
24983.504997620177,23
24993.505632238615,23
25003.506266857054,19
25013.506901475484,20
25023.507536093923,26
25033.50817071236,18
25043.50880533079,38
25053.50943994923,21
25063.51007456767,16
25073.5107091861,18
25083.511343804537,18
25093.511978422972,17
25103.512613041406,12
25113.513247659845,14
25123.51388227828,23
25133.514516896714,22
25143.515151515152,17
25153.515786133587,23
25163.51642075202,18
25173.51705537046,8
25183.51768998889,23
25193.51832460733,19
25203.518959225767,19
25213.519593844198,26
25223.520228462636,23
25233.520863081074,22
25243.521497699505,26
25253.522132317943,16
25263.52276693638,22
25273.523401554812,20
25283.52403617325,14
25293.52467079169,24
25303.52530541012,19
25313.525940028558,13
25323.526574646992,15
25333.527209265427,23
25343.527843883865,20
25353.5284785023,25
25363.529113120734,19
25373.529747739172,19
25383.530382357607,22
25393.53101697604,16
25403.53165159448,10
25413.53228621291,23
25423.53292083135,30
25433.533555449787,22
25443.534190068218,24
25453.534824686656,22
25463.535459305094,25
25473.536093923525,20
25483.536728541963,23
25493.5373631604,21
25503.537997778833,20
25513.53863239727,28
25523.539267015705,28
25533.53990163414,16
25543.540536252578,22
25553.541170871013,27
25563.541805489447,15
25573.542440107885,29
25583.54307472632,24
25593.543709344754,27
25603.544343963193,22
25613.544978581627,29
25623.54561320006,14
25633.5462478185,19
25643.54688243693,23
25653.54751705537,24
25663.548151673807,25
25673.54878629224,20
25683.549420910676,16
25693.550055529115,27
25703.550690147546,35
25713.551324765984,33
25723.551959384422,26
25733.552594002853,22
25743.55322862129,23
25753.553863239726,39
25763.55449785816,21
25773.5551324766,25
25783.555767095033,22
25793.556401713467,19
25803.557036331906,19
25813.55767095034,23
25823.558305568775,34
25833.558940187213,24
25843.559574805648,29
25853.560209424082,32
25863.56084404252,22
25873.56147866095,22
25883.56211327939,30
25893.562747897828,19
25903.56338251626,28
25913.564017134697,24
25923.564651753135,21
25933.565286371566,25
25943.565920990004,28
25953.566555608442,25
25963.567190226873,23
25973.56782484531,23
25983.568459463746,29
25993.56909408218,21
26003.56972870062,28
26013.570363319053,35
26023.570997937488,21
26033.571632555926,19
26043.57226717436,21
26053.572901792795,23
26063.573536411233,25
26073.574171029668,22
26083.574805648102,21
26093.57544026654,28
26103.57607488497,31
26113.57670950341,27
26123.577344121848,28
26133.57797874028,17
26143.578613358717,23
26153.579247977155,30
26163.579882595586,20
26173.580517214024,31
26183.581151832463,29
26193.581786450894,28
26203.58242106933,24
26213.583055687766,40
26223.5836903062,20
26233.58432492464,25
26243.584959543074,22
26253.58559416151,22
26263.586228779946,31
26273.58686339838,21
26283.587498016816,31
26293.588132635254,30
26303.588767253685,25
26313.589401872123,32
26323.59003649056,16
26333.590671108992,32
26343.59130572743,27
26353.59194034587,30
26363.5925749643,21
26373.593209582737,32
26383.593844201176,20
26393.594478819607,29
26403.595113438045,28
26413.595748056483,22
26423.596382674914,37
26433.597017293352,33
26443.597651911787,25
26453.59828653022,35
26463.59892114866,21
26473.599555767094,35
26483.60019038553,35
26493.600825003967,25
26503.6014596224,24
26513.602094240836,25
26523.602728859274,30
26533.603363477705,31
26543.603998096143,33
26553.60463271458,22
26563.605267333012,21
26573.60590195145,29
26583.60653656989,24
26593.60717118832,21
26603.607805806758,25
26613.608440425196,20
26623.609075043627,26
26633.609709662065,32
26643.610344280503,24
26653.610978898934,19
26663.611613517372,31
26673.612248135807,27
26683.61288275424,27
26693.61351737268,24
26703.614151991114,28
26713.61478660955,30
26723.615421227987,23
26733.61605584642,26
26743.616690464856,23
26753.617325083294,27
26763.617959701725,32
26773.618594320164,26
26783.6192289386,26
26793.619863557033,26
26803.62049817547,32
26813.62113279391,25
26823.62176741234,35
26833.622402030778,28
26843.623036649216,28
26853.623671267647,33
26863.624305886085,28
26873.624940504524,28
26883.625575122955,17
26893.626209741393,36
26903.626844359827,28
26913.627478978262,33
26923.6281135967,17
26933.628748215135,27
26943.62938283357,25
26953.630017452007,28
26963.630652070442,31
26973.631286688877,37
26983.631921307315,29
26993.632555925746,28
27003.633190544184,31
27013.633825162622,37
27023.634459781053,29
27033.63509439949,31
27043.63572901793,27
27053.63636363636,30
27063.6369982548,26
27073.637632873237,29
27083.638267491668,31
27093.638902110106,23
27103.63953672854,30
27113.640171346975,31
27123.640805965413,23
27133.641440583848,36
27143.642075202282,23
27153.64270982072,28
27163.643344439155,28
27173.64397905759,22
27183.644613676028,26
27193.645248294462,22
27203.645882912897,23
27213.646517531335,22
27223.647152149766,27
27233.647786768204,34
27243.648421386642,27
27253.649056005073,31
27263.64969062351,27
27273.65032524195,33
27283.65095986038,21
27293.65159447882,39
27303.652229097257,29
27313.652863715688,38
27323.653498334126,32
27333.65413295256,19
27343.654767570995,26
27353.655402189434,28
27363.656036807868,39
27373.656671426303,28
27383.65730604474,27
27393.657940663175,34
27403.65857528161,29
27413.659209900048,38
27423.659844518483,37
27433.660479136917,30
27443.661113755355,32
27453.661748373786,29
27463.662382992225,34
27473.663017610663,40
27483.663652229094,36
27493.664286847532,30
27503.66492146597,30
27513.6655560844,25
27523.66619070284,31
27533.666825321277,35
27543.66745993971,35
27553.668094558147,27
27563.66872917658,40
27573.669363795016,26
27583.669998413454,30
27593.67063303189,29
27603.671267650323,29
27613.67190226876,28
27623.672536887196,37
27633.67317150563,27
27643.67380612407,38
27653.6744407425,32
27663.675075360938,33
27673.675709979376,29
27683.676344597807,31
27693.676979216245,25
27703.677613834683,33
27713.678248453114,32
27723.678883071552,30
27733.67951768999,32
27743.68015230842,36
27753.68078692686,34
27763.681421545298,27
27773.68205616373,41
27783.682690782167,23
27793.6833254006,25
27803.683960019036,21
27813.684594637474,28
27823.68522925591,41
27833.685863874343,40
27843.68649849278,47
27853.687133111216,29
27863.68776772965,30
27873.68840234809,34
27883.68903696652,31
27893.689671584958,31
27903.690306203396,34
27913.690940821827,33
27923.691575440265,26
27933.692210058703,34
27943.692844677134,30
27953.693479295573,41
27963.69411391401,37
27973.69474853244,30
27983.69538315088,37
27993.696017769318,38
28003.69665238775,27
28013.697287006187,40
28023.69792162462,34
28033.698556243056,22
28043.699190861495,19
28053.69982547993,24
28063.700460098364,33
28073.701094716802,20
28083.701729335236,37
28093.70236395367,44
28103.70299857211,22
28113.70363319054,27
28123.70426780898,30
28133.704902427417,32
28143.705537045847,24
28153.706171664286,28
28163.706806282724,28
28173.707440901155,32
28183.708075519593,24
28193.70871013803,29
28203.709344756462,20
28213.7099793749,32
28223.71061399334,18
28233.71124861177,33
28243.711883230208,30
28253.712517848642,36
28263.713152467077,40
28273.713787085515,23
28283.71442170395,33
28293.715056322384,23
28303.715690940822,29
28313.716325559257,39
28323.71696017769,27
28333.71759479613,30
28343.71822941456,27
28353.718864033,25
28363.719498651437,32
28373.720133269868,34
28383.720767888306,34
28393.721402506744,25
28403.722037125175,32
28413.722671743613,24
28423.72330636205,29
28433.723940980482,29
28443.72457559892,27
28453.725210217355,35
28463.72584483579,30
28473.726479454228,17
28483.727114072663,29
28493.727748691097,21
28503.728383309535,25
28513.72901792797,18
28523.729652546404,27
28533.730287164843,25
28543.730921783277,29
28553.73155640171,28
28563.73219102015,28
28573.73282563858,28
28583.73346025702,23
28593.734094875457,31
28603.734729493888,29
28613.735364112326,22
28623.735998730765,34
28633.736633349195,26
28643.737267967634,22
28653.737902586072,29
28663.738537204503,19
28673.73917182294,28
28683.739806441376,28
28693.74044105981,28
28703.74107567825,26
28713.741710296683,29
28723.742344915117,40
28733.742979533556,27
28743.74361415199,22
28753.744248770425,31
28763.744883388863,24
28773.745518007298,20
28783.746152625732,24
28793.74678724417,19
28803.7474218626,31
28813.74805648104,25
28823.748691099478,24
28833.74932571791,26
28843.749960336347,26
28853.750594954785,34
28863.751229573216,29
28873.751864191654,23
28883.752498810092,24
28893.753133428523,29
28903.75376804696,16
28913.754402665396,32
28923.75503728383,28
28933.75567190227,26
28943.756306520703,30
28953.756941139138,21
28963.757575757576,24
28973.75821037601,15
28983.758844994445,22
28993.759479612883,33
29003.760114231314,34
29013.760748849752,18
29023.76138346819,33
29033.76201808662,19
29043.76265270506,25
29053.763287323498,25
29063.76392194193,30
29073.764556560367,25
29083.765191178805,26
29093.765825797236,22
29103.766460415674,27
29113.767095034113,27
29123.767729652543,30
29133.76836427098,28
29143.768998889416,17
29153.76963350785,23
29163.77026812629,21
29173.770902744724,33
29183.771537363158,28
29193.772171981596,33
29203.77280660003,23
29213.773441218465,30
29223.774075836904,24
29233.774710455335,33
29243.775345073773,24
29253.77597969221,23
29263.776614310642,19
29273.77724892908,16
29283.77788354752,22
29293.77851816595,23
29303.779152784387,26
29313.779787402826,23
29323.780422021257,27
29333.781056639695,19
29343.781691258133,20
29353.782325876564,17
29363.782960495002,20
29373.783595113437,23
29383.78422973187,15
29393.78486435031,20
29403.785498968744,26
29413.78613358718,19
29423.786768205617,23
29433.78740282405,24
29443.788037442486,25
29453.788672060924,18
29463.789306679355,25
29473.789941297793,18
29483.79057591623,26
29493.791210534662,24
29503.7918451531,25
29513.79247977154,18
29523.79311438997,26
29533.793749008408,29
29543.794383626846,17
29553.795018245277,24
29563.795652863715,25
29573.796287482153,23
29583.796922100584,20
29593.797556719022,14
29603.798191337457,17
29613.79882595589,17
29623.79946057433,25
29633.800095192764,20
29643.8007298112,11
29653.801364429637,27
29663.80199904807,23
29673.802633666506,13
29683.803268284944,20
29693.803902903375,21
29703.804537521813,26
29713.80517214025,22
29723.805806758683,16
29733.80644137712,21
29743.80707599556,25
29753.80771061399,11
29763.808345232428,16
29773.808979850866,17
29783.809614469297,16
29793.810249087735,12
29803.81088370617,15
29813.811518324605,14
29823.812152943043,23
29833.812787561477,23
29843.813422179912,15
29853.81405679835,17
29863.814691416785,21
29873.81532603522,23
29883.815960653657,14
29893.816595272092,16
29903.817229890527,13
29913.817864508965,13
29923.818499127396,18
29933.819133745834,19
29943.819768364272,19
29953.820402982703,14
29963.82103760114,15
29973.82167221958,19
29983.82230683801,16
29993.82294145645,20
30003.823576074887,17
30013.824210693318,13
30023.824845311756,15
30033.82547993019,15
30043.826114548625,15
30053.826749167063,18
30063.827383785498,10
30073.828018403932,14
30083.82865302237,14
30093.829287640805,17
30103.82992225924,18
30113.830556877678,21
30123.831191496112,15
30133.831826114547,18
30143.832460732985,8
30153.833095351416,17
30163.833729969854,17
30173.834364588292,17
30183.834999206723,10
30193.83563382516,11
30203.8362684436,16
30213.83690306203,13
30223.83753768047,16
30233.838172298907,12
30243.838806917338,14
30253.839441535776,12
30263.84007615421,11
30273.840710772645,12
30283.841345391083,11
30293.841980009518,8
30303.842614627953,17
30313.84324924639,23
30323.843883864825,15
30333.84451848326,5
30343.845153101698,18
30353.84578772013,9
30363.846422338567,17
30373.847056957005,15
30383.847691575436,8
30393.848326193875,10
30403.848960812313,20
30413.849595430744,12
30423.850230049182,15
30433.85086466762,10
30443.85149928605,14
30453.85213390449,15
30463.852768522927,13
30473.85340314136,17
30483.854037759796,11
30493.85467237823,10
30503.855306996666,12
30513.855941615104,15
30523.85657623354,14
30533.857210851973,10
30543.85784547041,15
30553.858480088846,4
30563.85911470728,13
30573.85974932572,13
30583.86038394415,12
30593.861018562588,7
30603.861653181026,10
30613.862287799457,6
30623.862922417895,11
30633.863557036333,13
30643.864191654764,9
30653.864826273202,9
30663.86546089164,15
30673.86609551007,12
30683.86673012851,12
30693.867364746948,17
30703.86799936538,8
30713.868633983817,4
30723.86926860225,9
30733.869903220686,10
30743.870537839124,11
30753.87117245756,7
30763.871807075993,15
30773.87244169443,8
30783.873076312866,9
30793.8737109313,9
30803.87434554974,15
30813.87498016817,14
30823.875614786608,10
30833.876249405046,11
30843.876884023477,22
30853.877518641915,9
30863.878153260353,10
30873.878787878784,6
30883.879422497223,8
30893.88005711566,16
30903.88069173409,6
30913.88132635253,7
30923.881960970968,10
30933.8825955894,9
30943.883230207837,12
30953.88386482627,8
30963.884499444706,4
30973.885134063145,8
30983.88576868158,4
30993.886403300014,6
31003.887037918452,6
31013.887672536886,8
31023.88830715532,7
31033.88894177376,7
31043.88957639219,7
31053.89021101063,10
31063.890845629066,8
31073.891480247497,7
31083.892114865936,6
31093.892749484374,5
31103.893384102805,11
31113.894018721243,11
31123.89465333968,3
31133.895287958112,11
31143.89592257655,8
31153.896557194985,8
31163.89719181342,12
31173.897826431858,3
31183.898461050292,7
31193.899095668727,10
31203.899730287165,6
31213.9003649056,9
31223.900999524034,6
31233.901634142472,6
31243.902268760907,4
31253.90290337934,4
31263.90353799778,0
31273.90417261621,5
31283.90480723465,2
31293.905441853087,7
31303.906076471518,13
31313.906711089956,10
31323.907345708394,4
31333.907980326825,7
31343.908614945263,6
31353.9092495637,2
31363.909884182132,8
31373.91051880057,2
31383.911153419005,2
31393.91178803744,6
31403.912422655878,3
31413.913057274312,6
31423.913691892747,7
31433.914326511185,5
31443.91496112962,5
31453.915595748054,2
31463.916230366493,5
31473.916864984927,3
31483.91749960336,8
31493.9181342218,6
31503.91876884023,8
31513.91940345867,3
31523.920038077107,3
31533.920672695538,4
31543.921307313976,2
31553.921941932414,8
31563.922576550845,6
31573.923211169284,4
31583.92384578772,2
31593.924480406153,7
31603.92511502459,3
31613.925749643025,6
31623.92638426146,4
31633.9270188799,5
31643.927653498333,6
31653.928288116767,2
31663.928922735206,4
31673.92955735364,6
31683.930191972075,6
31693.930826590513,3
31703.931461208944,3
31713.932095827382,4
31723.93273044582,5
31733.93336506425,3
31743.93399968269,3
31753.934634301128,3
31763.93526891956,2
31773.935903537997,2
31783.936538156435,4
31793.937172774866,0
31803.937807393304,1
31813.938442011742,3
31823.939076630173,1
31833.93971124861,6
31843.940345867046,2
31853.94098048548,5
31863.94161510392,5
31873.942249722353,2
31883.942884340788,8
31893.943518959226,2
31903.94415357766,4
31913.944788196095,2
31923.945422814533,6
31933.946057432964,5
31943.946692051402,3
31953.94732666984,4
31963.94796128827,2
31973.94859590671,7
31983.949230525148,5
31993.94986514358,7
32003.950499762017,2
32013.951134380455,1
32023.951768998886,6
32033.952403617324,2
32043.953038235763,1
32053.953672854193,2
32063.95430747263,4
32073.954942091066,4
32083.9555767095,4
32093.95621132794,1
32103.956845946374,3
32113.957480564808,5
32123.958115183246,3
32133.95874980168,1
32143.959384420115,1
32153.960019038554,0
32163.960653656985,2
32173.961288275423,3
32183.96192289386,3
32193.962557512292,2
32203.96319213073,1
32213.96382674917,1
32223.9644613676,1
32233.965095986037,1
32243.965730604476,3
32253.966365222906,3
32263.966999841345,4
32273.967634459783,8
32283.968269078214,3
32293.968903696652,3
32303.969538315087,1
32313.97017293352,2
32323.97080755196,3
32333.971442170394,3
32343.97207678883,2
32353.972711407267,2
32363.9733460257,3
32373.973980644136,1
32383.974615262574,0
32393.975249881005,2
32403.975884499443,2
32413.97651911788,2
32423.977153736312,2
32433.97778835475,2
32443.97842297319,2
32453.97905759162,5
32463.979692210058,2
32473.980326828496,1
32483.980961446927,0
32493.981596065365,2
32503.9822306838,4
32513.982865302234,1
32523.983499920672,2
32533.984134539107,2
32543.98476915754,1
32553.98540377598,1
32563.986038394414,2
32573.98667301285,4
32583.987307631287,0
32593.98794224972,1
32603.988576868156,0
32613.989211486594,0
32623.989846105025,0
32633.990480723463,2
32643.9911153419,1
32653.991749960333,4
32663.99238457877,0
32673.99301919721,1
32683.99365381564,0
32693.994288434078,2
32703.994923052516,2
32713.995557670947,0
32723.996192289385,0
32733.99682690782,2
32743.997461526254,1
32753.998096144693,2
32763.99873076313,0
32773.99936538156,1
32784.0,0
32794.00063461843,1
32804.00126923687,2
32814.00190385531,2
32824.002538473746,0
32834.00317309218,1
32844.003807710615,1
32854.004442329046,2
32864.005076947484,5
32874.00571156592,1
32884.00634618435,0
32894.00698080279,0
32904.00761542123,1
32914.00825003966,1
32924.0088846581,2
32934.00951927654,2
32944.01015389497,0
32954.010788513406,3
32964.01142313184,2
32974.012057750275,1
32984.01269236871,0
32994.01332698715,1
33004.01396160558,3
33014.01459622402,2
33024.01523084245,1
33034.01586546089,0
33044.01650007933,0
33054.01713469776,3
33064.0177693162,0
33074.018403934635,0
33084.019038553066,0
33094.019673171504,2
33104.02030778994,2
33114.02094240837,2
33124.02157702681,2
33134.02221164525,1
33144.02284626368,2
33154.02348088212,1
33164.02411550056,0
33174.02475011899,2
33184.025384737426,2
33194.02601935586,1
33204.026653974295,1
33214.02728859273,1
33224.02792321117,0
33234.0285578296,0
33244.02919244804,1
33254.02982706647,0
33264.03046168491,1
33274.03109630335,1
33284.03173092178,0
33294.03236554022,0
33304.033000158655,0
33314.033634777086,4
33324.034269395524,1
33334.03490401396,0
33344.03553863239,1
33354.03617325083,0
33364.03680786927,3
33374.0374424877,2
33384.03807710614,2
33394.03871172458,1
33404.03934634301,0
33414.03998096145,2
33424.04061557988,1
33434.041250198316,2
33444.041884816754,0
33454.04251943519,1
33464.04315405362,1
33474.04378867206,2
33484.04442329049,1
33494.04505790893,1
33504.04569252737,0
33514.0463271458,0
33524.04696176424,1
33534.047596382676,3
33544.04823100111,0
33554.048865619545,1
33564.04950023798,1
33574.050134856414,1
33584.05076947485,2
33594.05140409329,1
33604.05203871172,0
33614.05267333016,1
33624.0533079486,0
33634.05394256703,1
33644.05457718547,0
33654.0552118039,1
33664.055846422336,1
33674.056481040774,1
33684.05711565921,1
33694.05775027764,1
33704.05838489608,0
33714.05901951451,2
33724.05965413295,1
33734.06028875139,1
33744.06092336982,1
33754.06155798826,1
33764.062192606696,0
33774.06282722513,1
33784.063461843565,0
33794.064096462,0
33804.064731080434,1
33814.06536569887,1
33824.06600031731,0
33834.06663493574,0
33844.06726955418,2
33854.06790417262,2
33864.06853879105,0
33874.06917340949,3
33884.06980802792,2
33894.070442646356,0
33904.071077264794,1
33914.07171188323,2
33924.07234650166,1
33934.0729811201,0
33944.07361573853,1
33954.07425035697,0
33964.07488497541,1
33974.07551959384,2
33984.07615421228,1
33994.07678883072,0
34004.07742344915,1
34014.078058067586,0
34024.078692686024,3
34034.079327304455,0
34044.07996192289,1
34054.08059654133,0
34064.08123115976,1
34074.0818657782,0
34084.08250039663,0
34094.08313501507,0
34104.08376963351,0
34114.084404251946,0
34124.08503887038,1
34134.085673488815,2
34144.086308107246,0
34154.086942725684,1
34164.08757734412,1
34174.08821196256,3
34184.08884658099,1
34194.08948119943,2
34204.09011581786,0
34214.0907504363,0
34224.09138505474,1
34234.092019673175,1
34244.092654291606,1
34254.09328891004,0
34264.093923528475,0
34274.09455814691,1
34284.09519276535,1
34294.09582738378,1
34304.09646200222,0
34314.09709662065,2
34324.09773123909,0
34334.09836585753,1
34344.099000475966,1
34354.0996350944,4
34364.100269712835,0
34374.100904331266,0
34384.101538949704,0
34394.10217356814,2
34404.10280818658,1
34414.10344280501,1
34424.10407742345,0
34434.10471204188,2
34444.10534666032,2
34454.10598127876,0
34464.106615897195,0
34474.107250515626,1
34484.10788513406,0
34494.108519752495,3
34504.10915437093,1
34514.10978898937,2
34524.1104236078,0
34534.11105822624,2
34544.11169284467,1
34554.11232746311,2
34564.11296208155,1
34574.11359669999,1
34584.11423131842,0
34594.114865936855,0
34604.11550055529,1
34614.116135173725,0
34624.11676979216,0
34634.1174044106,1
34644.11803902903,0
34654.11867364747,0
34664.1193082659,0
34674.11994288434,0
34684.12057750278,1
34694.121212121216,2
34704.12184673965,1
34714.12248135808,1
34724.123115976516,1
34734.123750594954,1
34744.12438521339,1
34754.12501983182,1
34764.12565445026,0
34774.12628906869,2
34784.12692368713,1
34794.12755830557,1
34804.12819292401,1
34814.12882754244,0
34824.129462160876,0
34834.13009677931,1
34844.130731397745,0
34854.13136601618,0
34864.13200063462,0
34874.13263525305,0
34884.13326987149,0
34894.13390448992,1
34904.13453910836,0
34914.1351737268,0
34924.13580834523,0
34934.13644296367,0
34944.1370775821,1
34954.137712200536,0
34964.138346818974,1
34974.13898143741,0
34984.13961605584,2
34994.14025067428,0
35004.14088529271,3
35014.14151991115,2
35024.14215452959,0
35034.14278914803,2
35044.14342376646,0
35054.144058384896,1
35064.14469300333,0
35074.145327621765,0
35084.1459622402,0
35094.14659685864,1
35104.14723147707,1
35114.14786609551,2
35124.14850071394,1
35134.14913533238,1
35144.14976995082,1
35154.15040456925,0
35164.15103918769,0
35174.15167380612,1
35184.15230842456,0
35194.152943042995,0
35204.15357766143,1
35214.154212279864,1
35224.1548468983,1
35234.15548151673,2
35244.15611613517,2
35254.15675075361,0
35264.15738537205,1
35274.15801999048,1
35284.15865460892,1
35294.15928922735,3
35304.159923845786,1
35314.160558464224,1
35324.16119308266,0
35334.16182770109,0
35344.16246231953,3
35354.16309693796,0
35364.1637315564,0
35374.16436617484,0
35384.16500079327,1
35394.16563541171,0
35404.16627003014,0
35414.16690464858,1
35424.167539267015,2
35434.16817388545,1
35444.168808503884,3
35454.16944312232,1
35464.17007774075,2
35474.17071235919,0
35484.17134697763,1
35494.17198159607,0
35504.1726162145,1
35514.17325083294,2
35524.17388545137,0
35534.174520069806,0
35544.175154688244,1
35554.17578930668,3
35564.17642392511,1
35574.17705854355,0
35584.17769316198,1
35594.17832778042,1
35604.17896239886,2
35614.17959701729,1
35624.18023163573,0
35634.18086625416,0
35644.1815008726,0
35654.182135491035,1
35664.18277010947,1
35674.183404727904,1
35684.18403934634,0
35694.18467396477,2
35704.18530858321,1
35714.18594320165,2
35724.18657782009,2
35734.18721243852,0
35744.18784705696,0
35754.18848167539,0
35764.18911629383,1
35774.189750912265,1
35784.1903855307,1
35794.191020149134,1
35804.19165476757,0
35814.192289386,0
35824.19292400444,3
35834.19355862288,1
35844.19419324131,0
35854.19482785975,1
35864.19546247818,3
35874.19609709662,2
35884.196731715056,1
35894.197366333494,1
35904.198000951925,3
35914.19863557036,1
35924.199270188794,2
35934.19990480723,0
35944.20053942567,0
35954.20117404411,0
35964.20180866254,1
35974.20244328098,0
35984.20307789941,2
35994.20371251785,0
36004.204347136285,2
36014.20498175472,1
36024.205616373154,0
36034.20625099159,0
36044.20688561002,0
36054.20752022846,1
36064.2081548469,0
36074.20878946533,1
36084.20942408377,0
36094.2100587022,0
36104.21069332064,0
36114.211327939076,0
36124.211962557514,1
36134.212597175945,0
36144.21323179438,1
36154.213866412814,1
36164.21450103125,2
36174.21513564969,1
36184.21577026813,2
36194.21640488656,1
36204.217039505,1
36214.21767412343,0
36224.21830874187,1
36234.218943360305,2
36244.21957797874,2
36254.220212597174,1
36264.220847215605,2
36274.22148183404,0
36284.22211645248,2
36294.22275107092,1
36304.22338568935,0
36314.22402030779,0
36324.22465492622,2
36334.22528954466,0
36344.225924163096,3
36354.226558781535,1
36364.227193399965,2
36374.227828018404,1
36384.228462636835,2
36394.22909725527,1
36404.22973187371,0
36414.23036649215,1
36424.23100111058,1
36434.23163572902,1
36444.23227034745,3
36454.23290496589,0
36464.233539584326,1
36474.234174202764,1
36484.234808821195,1
36494.235443439626,0
36504.236078058064,0
36514.2367126765,0
36524.23734729494,1
36534.23798191337,1
36544.23861653181,2
36554.23925115024,0
36564.23988576868,2
36574.24052038712,3
36584.241155005555,1
36594.241789623986,0
36604.242424242424,2
36614.243058860855,1
36624.24369347929,1
36634.24432809773,0
36644.24496271617,0
36654.2455973346,1
36664.24623195304,2
36674.24686657147,0
36684.24750118991,3
36694.248135808346,1
36704.248770426784,1
36714.249405045215,2
36724.250039663646,1
36734.250674282084,1
36744.25130890052,0
36754.25194351896,2
36764.25257813739,0
36774.25321275583,0
36784.25384737426,2
36794.2544819927,1
36804.25511661114,0
36814.255751229575,1
36824.256385848006,1
36834.257020466444,4
36844.257655084875,2
36854.25828970331,3
36864.25892432175,1
36874.25955894019,3
36884.26019355862,0
36894.26082817706,1
36904.26146279549,2
36914.26209741393,1
36924.262732032366,1
36934.263366650805,1
36944.264001269235,1
36954.26463588767,0
36964.265270506105,0
36974.26590512454,0
36984.26653974298,0
36994.26717436141,2
37004.26780897985,1
37014.26844359828,0
37024.26907821672,0
37034.26971283516,1
37044.270347453596,2
37054.27098207203,1
37064.271616690465,0
37074.272251308896,1
37084.272885927334,0
37094.27352054577,0
37104.27415516421,2
37114.27478978264,1
37124.27542440108,1
37134.27605901951,0
37144.27669363795,2
37154.27732825639,0
37164.277962874825,0
37174.278597493256,3
37184.27923211169,1
37194.279866730125,3
37204.28050134856,0
37214.281135967,0
37224.28177058543,1
37234.28240520387,3
37244.2830398223,2
37254.28367444074,0
37264.28430905918,0
37274.284943677616,2
37284.28557829605,0
37294.286212914485,3
37304.286847532916,3
37314.287482151354,2
37324.28811676979,3
37334.28875138823,0
37344.28938600666,1
37354.2900206251,2
37364.29065524353,0
37374.29128986197,1
37384.29192448041,1
37394.292559098845,1
37404.293193717276,1
37414.29382833571,1
37424.294462954145,1
37434.29509757258,1
37444.29573219102,1
37454.29636680945,1
37464.29700142789,0
37474.29763604632,2
37484.29827066476,1
37494.2989052832,1
37504.299539901636,0
37514.30017452007,1
37524.300809138505,2
37534.301443756936,0
37544.302078375375,0
37554.30271299381,1
37564.30334761225,1
37574.30398223068,0
37584.30461684912,2
37594.30525146755,1
37604.30588608599,1
37614.30652070443,1
37624.30715532286,0
37634.3077899413,1
37644.30842455973,1
37654.309059178166,1
37664.309693796604,0
37674.31032841504,3
37684.31096303347,0
37694.31159765191,1
37704.31223227034,0
37714.31286688878,1
37724.31350150722,1
37734.31413612566,1
37744.31477074409,0
37754.315405362526,2
37764.31603998096,2
37774.316674599395,2
37784.31730921783,1
37794.31794383627,0
37804.3185784547,2
37814.31921307314,2
37824.31984769157,0
37834.32048231001,0
37844.32111692845,0
37854.32175154688,0
37864.32238616532,1
37874.32302078375,0
37884.323655402186,3
37894.324290020624,3
37904.32492463906,1
37914.32555925749,1
37924.32619387593,0
37934.32682849436,1
37944.3274631128,2
37954.32809773124,1
37964.32873234968,2
37974.32936696811,0
37984.330001586546,2
37994.33063620498,1
38004.331270823415,1
38014.33190544185,1
38024.33254006029,0
38034.33317467872,3
38044.33380929716,0
38054.33444391559,2
38064.33507853403,2
38074.33571315247,0
38084.3363477709,0
38094.33698238934,1
38104.33761700777,1
38114.338251626206,0
38124.338886244645,0
38134.33952086308,0
38144.340155481514,1
38154.34079009995,0
38164.34142471838,1
38174.34205933682,4
38184.34269395526,0
38194.3433285737,1
38204.34396319213,0
38214.34459781057,1
38224.345232429,2
38234.345867047436,0
38244.346501665874,1
38254.34713628431,0
38264.34777090274,2
38274.34840552118,0
38284.34904013961,1
38294.34967475805,2
38304.35030937649,6
38314.35094399492,2
38324.35157861336,0
38334.35221323179,3
38344.35284785023,3
38354.353482468665,1
38364.3541170871,0
38374.354751705534,1
38384.35538632397,1
38394.3560209424,1
38404.35665556084,1
38414.35729017928,1
38424.35792479772,2
38434.35855941615,1
38444.35919403459,4
38454.35982865302,0
38464.360463271456,2
38474.361097889894,1
38484.36173250833,0
38494.36236712676,4
38504.3630017452,1
38514.36363636363,1
38524.36427098207,0
38534.36490560051,0
38544.36554021894,2
38554.36617483738,1
38564.36680945581,0
38574.36744407425,2
38584.368078692685,1
38594.36871331112,2
38604.369347929554,1
38614.36998254799,1
38624.37061716642,0
38634.37125178486,1
38644.3718864033,1
38654.37252102174,0
38664.37315564017,1
38674.37379025861,0
38684.37442487704,0
38694.375059495476,1
38704.375694113915,3
38714.37632873235,0
38724.37696335078,1
38734.37759796922,1
38744.37823258765,2
38754.37886720609,1
38764.37950182453,2
38774.38013644296,0
38784.3807710614,0
38794.38140567983,1
38804.38204029827,2
38814.382674916706,0
38824.383309535144,1
38834.383944153575,1
38844.38457877201,3
38854.385213390444,1
38864.38584800888,1
38874.38648262732,2
38884.38711724576,0
38894.38775186419,2
38904.38838648263,1
38914.38902110106,0
38924.3896557195,1
38934.390290337935,1
38944.39092495637,1
38954.391559574804,0
38964.392194193235,3
38974.39282881167,0
38984.39346343011,1
38994.39409804855,3
39004.39473266698,2
39014.39536728542,1
39024.39600190385,0
39034.39663652229,1
39044.397271140726,0
39054.397905759164,0
39064.398540377595,1
39074.39917499603,1
39084.399809614464,1
39094.4004442329,1
39104.40107885134,1
39114.40171346978,1
39124.40234808821,2
39134.40298270665,1
39144.40361732508,0
39154.40425194352,3
39164.404886561955,1
39174.40552118039,1
39184.406155798824,0
39194.406790417255,1
39204.40742503569,1
39214.40805965413,1
39224.40869427257,0
39234.409328891,0
39244.40996350944,0
39254.41059812787,2
39264.41123274631,3
39274.411867364746,1
39284.412501983184,1
39294.413136601615,0
39304.41377122005,2
39314.414405838485,3
39324.41504045692,0
39334.41567507536,1
39344.4163096938,1
39354.41694431223,0
39364.41757893067,1
39374.4182135491,1
39384.41884816754,0
39394.419482785976,0
39404.420117404414,1
39414.420752022845,3
39424.421386641276,0
39434.422021259714,2
39444.42265587815,0
39454.42329049659,0
39464.42392511502,4
39474.42455973346,1
39484.42519435189,2
39494.42582897033,1
39504.42646358877,2
39514.427098207205,0
39524.427732825636,1
39534.428367444074,2
39544.429002062505,1
39554.42963668094,3
39564.43027129938,0
39574.43090591782,1
39584.43154053625,0
39594.43217515469,0
39604.43280977312,1
39614.43344439156,0
39624.434079009996,2
39634.434713628434,1
39644.435348246865,2
39654.435982865296,1
39664.436617483734,0
39674.43725210217,0
39684.43788672061,1
39694.43852133904,0
39704.43915595748,2
39714.43979057591,0
39724.44042519435,1
39734.44105981279,0
39744.441694431225,2
39754.442329049656,3
39764.442963668094,0
39774.443598286525,2
39784.44423290496,0
39794.4448675234,2
39804.44550214184,1
39814.44613676027,0
39824.44677137871,0
39834.44740599714,2
39844.44804061558,1
39854.448675234016,1
39864.449309852454,0
39874.449944470885,2
39884.450579089316,0
39894.451213707755,0
39904.45184832619,2
39914.45248294463,2
39924.45311756306,1
39934.4537521815,3
39944.45438679993,1
39954.45502141837,1
39964.45565603681,0
39974.456290655246,0
39984.45692527368,1
39994.457559892115,2
40004.458194510546,1
40014.458829128984,0
40024.45946374742,1
40034.46009836586,0
40044.46073298429,0
40054.46136760273,1
40064.46200222116,3
40074.4626368396,0
40084.46327145804,0
40094.463906076475,2
40104.464540694906,1
40114.46517531334,0
40124.465809931775,0
40134.46644455021,1
40144.46707916865,0
40154.46771378708,1
40164.46834840552,0
40174.46898302395,2
40184.46961764239,2
40194.47025226083,1
40204.470886879266,2
40214.4715214977,1
40224.472156116135,2
40234.472790734566,1
40244.473425353004,1
40254.47405997144,0
40264.47469458988,1
40274.47532920831,1
40284.47596382675,0
40294.47659844518,1
40304.47723306362,2
40314.47786768206,2
40324.47850230049,0
40334.479136918926,1
40344.47977153736,0
40354.480406155795,1
40364.48104077423,2
40374.48167539267,1
40384.4823100111,2
40394.48294462954,1
40404.48357924797,0
40414.48421386641,2
40424.48484848485,0
40434.485483103286,1
40444.48611772172,0
40454.486752340155,1
40464.487386958586,2
40474.488021577024,3
40484.48865619546,0
40494.4892908139,3
40504.48992543233,0
40514.49056005077,2
40524.4911946692,0
40534.49182928764,2
40544.49246390608,1
40554.49309852451,3
40564.49373314295,1
40574.49436776138,2
40584.495002379816,3
40594.495636998254,1
40604.49627161669,1
40614.49690623512,1
40624.49754085356,1
40634.49817547199,0
40644.49881009043,1
40654.49944470887,2
40664.50007932731,0
40674.50071394574,0
40684.501348564176,2
40694.50198318261,2
40704.502617801045,0
40714.50325241948,0
40724.50388703792,1
40734.50452165635,0
40744.50515627479,1
40754.50579089322,1
40764.50642551166,0
40774.5070601301,0
40784.50769474853,0
40794.50832936697,3
40804.5089639854,1
40814.509598603836,3
40824.510233222274,0
40834.51086784071,0
40844.51150245914,0
40854.51213707758,1
40864.51277169601,0
40874.51340631445,2
40884.51404093289,2
40894.51467555133,0
40904.51531016976,3
40914.515944788196,2
40924.51657940663,1
40934.517214025065,1
40944.5178486435,0
40954.51848326194,0
40964.51911788037,1
40974.51975249881,0
40984.52038711724,1
40994.52102173568,2
41004.52165635412,2
41014.52229097255,2
41024.52292559099,4
41034.52356020942,1
41044.524194827856,0
41054.524829446294,1
41064.52546406473,1
41074.52609868316,0
41084.5267333016,0
41094.52736792003,1
41104.52800253847,0
41114.52863715691,1
41124.52927177535,2
41134.52990639378,1
41144.53054101222,1
41154.53117563065,3
41164.531810249086,0
41174.532444867524,1
41184.53307948596,1
41194.53371410439,1
41204.53434872283,2
41214.53498334126,1
41224.5356179597,1
41234.53625257814,0
41244.53688719657,0
41254.53752181501,2
41264.53815643344,1
41274.53879105188,1
41284.539425670315,2
41294.54006028875,1
41304.540694907184,1
41314.54132952562,0
41324.54196414405,1
41334.54259876249,3
41344.54323338093,2
41354.54386799937,0
41364.5445026178,2
41374.54513723624,2
41384.54577185467,1
41394.546406473106,3
41404.547041091544,1
41414.54767570998,1
41424.54831032841,0
41434.54894494685,1
41444.54957956528,4
41454.55021418372,1
41464.55084880216,1
41474.55148342059,4
41484.55211803903,2
41494.55275265746,0
41504.5533872759,2
41514.554021894335,0
41524.55465651277,1
41534.555291131204,1
41544.55592574964,0
41554.55656036807,0
41564.55719498651,2
41574.55782960495,0
41584.55846422339,0
41594.55909884182,0
41604.55973346026,0
41614.56036807869,0
41624.561002697126,1
41634.561637315564,1
41644.562271934,0
41654.56290655243,1
41664.563541170864,2
41674.5641757893,2
41684.56481040774,2
41694.56544502618,1
41704.56607964461,0
41714.56671426305,1
41724.56734888148,3
41734.56798349992,2
41744.568618118356,0
41754.569252736794,0
41764.569887355225,2
41774.57052197366,3
41784.571156592094,0
41794.57179121053,1
41804.57242582897,3
41814.57306044741,4
41824.57369506584,1
41834.57432968428,0
41844.57496430271,2
41854.57559892115,1
41864.576233539585,3
41874.57686815802,1
41884.577502776454,1
41894.578137394885,0
41904.57877201332,1
41914.57940663176,1
41924.5800412502,3
41934.58067586863,1
41944.58131048707,1
41954.5819451055,2
41964.58257972394,2
41974.583214342376,1
41984.583848960814,1
41994.584483579245,2
42004.58511819768,1
42014.585752816114,1
42024.58638743455,0
42034.58702205299,0
42044.58765667143,1
42054.58829128986,0
42064.5889259083,3
42074.58956052673,0
42084.59019514517,2
42094.590829763605,0
42104.59146438204,2
42114.592099000474,1
42124.592733618905,4
42134.59336823734,0
42144.59400285578,0
42154.59463747422,1
42164.59527209265,0
42174.59590671109,1
42184.59654132952,1
42194.59717594796,0
42204.597810566396,1
42214.598445184834,0
42224.599079803265,3
42234.5997144217,1
42244.600349040134,2
42254.60098365857,3
42264.60161827701,1
42274.60225289545,2
42284.60288751388,0
42294.60352213232,1
42304.60415675075,1
42314.60479136919,1
42324.605425987625,2
42334.606060606064,2
42344.606695224495,0
42354.607329842926,0
42364.607964461364,0
42374.6085990798,0
42384.60923369824,0
42394.60986831667,0
42404.61050293511,1
42414.61113755354,1
42424.61177217198,2
42434.61240679042,1
42444.613041408855,2
42454.613676027286,0
42464.614310645724,1
42474.614945264155,2
42484.61557988259,0
42494.61621450103,0
42504.61684911947,2
42514.6174837379,0
42524.61811835634,1
42534.61875297477,0
42544.61938759321,1
42554.620022211646,0
42564.620656830084,1
42574.621291448515,1
42584.621926066946,1
42594.622560685384,0
42604.62319530382,1
42614.62382992226,1
42624.62446454069,3
42634.62509915913,0
42644.62573377756,2
42654.626368396,1
42664.62700301444,0
42674.627637632875,0
42684.628272251306,1
42694.628906869744,1
42704.629541488175,3
42714.63017610661,2
42724.63081072505,1
42734.63144534349,1
42744.63207996192,3
42754.63271458036,1
42764.63334919879,1
42774.63398381723,1
42784.634618435666,1
42794.635253054104,2
42804.635887672535,5
42814.636522290966,1
42824.637156909404,0
42834.63779152784,0
42844.63842614628,0
42854.63906076471,0
42864.63969538315,0
42874.64033000158,1
42884.64096462002,0
42894.64159923846,1
42904.642233856895,0
42914.64286847533,0
42924.643503093765,0
42934.644137712196,3
42944.644772330634,1
42954.64540694907,1
42964.64604156751,0
42974.64667618594,0
42984.64731080438,3
42994.64794542281,1
43004.64858004125,1
43014.64921465969,1
43024.64984927812,0
43034.650483896556,2
43044.65111851499,1
43054.651753133425,0
43064.65238775186,0
43074.6530223703,0
43084.65365698873,0
43094.65429160717,0
43104.6549262256,2
43114.65556084404,2
43124.65619546248,2
43134.656830080916,0
43144.65746469935,0
43154.658099317785,2
43164.658733936216,0
43174.659368554654,2
43184.66000317309,3
43194.66063779153,2
43204.66127240996,1
43214.6619070284,1
43224.66254164683,1
43234.66317626527,0
43244.66381088371,2
43254.66444550214,0
43264.665080120576,2
43274.66571473901,1
43284.666349357445,1
43294.66698397588,0
43304.66761859432,1
43314.66825321275,2
43324.66888783119,0
43334.66952244962,0
43344.67015706806,2
43354.6707916865,0
43364.671426304936,1
43374.67206092337,1
43384.672695541805,0
43394.673330160236,1
43404.673964778674,0
43414.67459939711,1
43424.67523401555,1
43434.67586863398,1
43444.67650325242,1
43454.67713787085,1
43464.67777248929,1
43474.67840710773,1
43484.67904172616,0
43494.6796763446,0
43504.68031096303,3
43514.680945581465,3
43524.681580199904,0
43534.68221481834,1
43544.68284943677,0
43554.68348405521,0
43564.68411867364,0
43574.68475329208,2
43584.68538791052,2
43594.68602252896,1
43604.68665714739,2
43614.687291765826,1
43624.68792638426,0
43634.688561002695,0
43644.68919562113,2
43654.68983023957,0
43664.690464858,1
43674.69109947644,2
43684.69173409487,0
43694.69236871331,1
43704.69300333175,0
43714.69363795018,1
43724.69427256862,0
43734.69490718705,1
43744.695541805486,0
43754.696176423924,2
43764.69681104236,0
43774.69744566079,0
43784.69808027923,2
43794.69871489766,1
43804.6993495161,3
43814.69998413454,1
43824.70061875298,0
43834.70125337141,1
43844.701887989846,0
43854.70252260828,2
43864.703157226715,1
43874.70379184515,0
43884.70442646359,1
43894.70506108202,2
43904.70569570046,0
43914.70633031889,1
43924.70696493733,1
43934.70759955577,1
43944.7082341742,0
43954.70886879264,0
43964.70950341107,1
43974.710138029506,0
43984.710772647944,1
43994.71140726638,2
44004.71204188481,1
44014.71267650325,0
44024.71331112168,0
44034.71394574012,0
44044.71458035856,1
44054.715214977,0
44064.71584959543,2
44074.716484213866,2
44084.7171188323,2
44094.717753450735,1
44104.718388069174,0
44114.71902268761,2
44124.71965730604,1
44134.72029192448,0
44144.72092654291,0
44154.72156116135,0
44164.72219577979,0
44174.72283039822,0
44184.72346501666,0
44194.72409963509,2
44204.72473425353,2
44214.725368871965,1
44224.7260034904,2
44234.726638108834,1
44244.72727272727,1
44254.7279073457,1
44264.72854196414,1
44274.72917658258,0
44284.72981120102,1
44294.73044581945,0
44304.73108043789,1
44314.73171505632,0
44324.732349674756,1
44334.732984293194,2
44344.73361891163,0
44354.73425353006,1
44364.734888148494,1
44374.73552276693,2
44384.73615738537,0
44394.73679200381,1
44404.73742662224,0
44414.73806124068,2
44424.73869585911,0
44434.73933047755,2
44444.739965095985,1
44454.74059971442,0
44464.741234332854,1
44474.74186895129,2
44484.74250356972,1
44494.74313818816,3
44504.7437728066,2
44514.74440742504,1
44524.74504204347,3
44534.74567666191,2
44544.74631128034,2
44554.746945898776,0
44564.747580517214,0
44574.74821513565,0
44584.74884975408,1
44594.749484372514,0
44604.75011899095,1
44614.75075360939,0
44624.75138822783,1
44634.75202284626,0
44644.7526574647,0
44654.75329208313,1
44664.75392670157,0
44674.754561320005,0
44684.755195938444,1
44694.755830556875,1
44704.75646517531,0
44714.757099793744,0
44724.75773441218,1
44734.75836903062,0
44744.75900364906,0
44754.75963826749,0
44764.76027288593,2
44774.76090750436,4
44784.7615421228,2
44794.762176741235,3
44804.76281135967,2
44814.763445978104,1
44824.764080596535,1
44834.76471521497,1
44844.76534983341,1
44854.76598445185,1
44864.76661907028,1
44874.76725368872,0
44884.76788830715,1
44894.76852292559,1
44904.769157544026,0
44914.769792162464,0
44924.770426780895,3
44934.77106139933,0
44944.771696017764,0
44954.7723306362,0
44964.77296525464,3
44974.77359987308,1
44984.77423449151,3
44994.77486910995,2
45004.77550372838,0
45014.77613834682,2
45024.776772965255,0
45034.77740758369,1
45044.778042202124,1
45054.778676820555,2
45064.77931143899,0
45074.77994605743,0
45084.78058067587,2
45094.7812152943,1
45104.78184991274,0
45114.78248453117,0
45124.78311914961,1
45134.783753768046,0
45144.784388386484,0
45154.785023004915,0
45164.78565762335,0
45174.786292241784,1
45184.78692686022,2
45194.78756147866,0
45204.7881960971,1
45214.78883071553,0
45224.78946533397,1
45234.7900999524,0
45244.79073457084,0
45254.791369189275,1
45264.79200380771,1
45274.792638426145,2
45284.793273044575,0
45294.793907663014,0
45304.79454228145,0
45314.79517689989,1
45324.79581151832,3
45334.79644613676,0
45344.79708075519,3
45354.79771537363,1
45364.79834999207,0
45374.798984610505,2
45384.799619228936,0
45394.800253847374,1
45404.800888465805,0
45414.80152308424,0
45424.80215770268,1
45434.80279232112,1
45444.80342693955,0
45454.80406155799,2
45464.80469617642,3
45474.80533079486,2
45484.805965413296,0
45494.806600031734,0
45504.807234650165,1
45514.807869268596,1
45524.808503887034,0
45534.80913850547,0
45544.80977312391,1
45554.81040774234,0
45564.81104236078,0
45574.81167697921,2
45584.81231159765,1
45594.81294621609,0
45604.813580834525,1
45614.814215452956,0
45624.814850071394,0
45634.815484689825,1
45644.81611930826,1
45654.8167539267,1
45664.81738854514,1
45674.81802316357,1
45684.81865778201,0
45694.81929240044,1
45704.81992701888,0
45714.820561637316,2
45724.82119625575,3
45734.821830874185,0
45744.822465492616,0
45754.823100111054,0
45764.82373472949,1
45774.82436934793,0
45784.82500396636,0
45794.8256385848,0
45804.82627320323,2
45814.82690782167,1
45824.82754244011,1
45834.828177058545,0
45844.828811676976,4
45854.829446295415,0
45864.830080913845,1
45874.830715532284,1
45884.83135015072,1
45894.83198476916,1
45904.83261938759,0
45914.83325400603,1
45924.83388862446,0
45934.8345232429,0
45944.83515786134,0
45954.83579247977,0
45964.836427098206,1
45974.83706171664,1
45984.837696335075,2
45994.83833095351,2
46004.83896557195,1
46014.83960019038,0
46024.84023480882,0
46034.84086942725,0
46044.84150404569,2
46054.84213866413,2
46064.842773282566,0
46074.843407901,0
46084.844042519435,1
46094.844677137866,0
46104.845311756304,1
46114.84594637474,0
46124.84658099318,1
46134.84721561161,1
46144.84785023005,1
46154.84848484848,1
46164.84911946692,2
46174.84975408536,1
46184.85038870379,0
46194.851023322226,1
46204.85165794066,1
46214.852292559095,0
46224.85292717753,1
46234.85356179597,0
46244.8541964144,0
46254.85483103284,0
46264.85546565127,1
46274.85610026971,0
46284.85673488815,0
46294.857369506586,2
46304.85800412502,1
46314.858638743455,1
46324.859273361886,2
46334.859907980324,1
46344.86054259876,1
46354.8611772172,1
46364.86181183563,0
46374.86244645407,0
46384.8630810725,0
46394.86371569094,1
46404.86435030938,0
46414.86498492781,0
46424.865619546246,0
46434.86625416468,1
46444.866888783115,0
46454.86752340155,0
46464.86815801999,0
46474.86879263842,1
46484.86942725686,0
46494.87006187529,0
46504.87069649373,0
46514.87133111217,0
46524.87196573061,0
46534.87260034904,2
46544.873234967476,0
46554.87386958591,1
46564.874504204345,1
46574.87513882278,0
46584.87577344122,1
46594.87640805965,0
46604.87704267809,0
46614.87767729652,0
46624.87831191496,0
46634.8789465334,1
46644.87958115183,2
46654.88021577027,1
46664.8808503887,2
46674.881485007136,2
46684.882119625574,0
46694.88275424401,1
46704.88338886244,1
46714.88402348088,0
46724.88465809931,3
46734.88529271775,2
46744.88592733619,1
46754.88656195463,0
46764.88719657306,1
46774.887831191496,1
46784.88846580993,1
46794.889100428365,0
46804.8897350468,1
46814.89036966524,0
46824.89100428367,0
46834.89163890211,0
46844.89227352054,0
46854.89290813898,0
46864.89354275742,1
46874.89417737585,0
46884.89481199429,1
46894.89544661272,1
46904.896081231156,0
46914.896715849594,0
46924.89735046803,2
46934.89798508646,0
46944.8986197049,1
46954.89925432333,1
46964.89988894177,0
46974.90052356021,0
46984.90115817865,1
46994.90179279708,0
47004.902427415516,0
47014.90306203395,0
47024.903696652385,0
47034.90433127082,1
47044.90496588926,0
47054.90560050769,0
47064.906235126124,2
47074.90686974456,2
47084.907504363,1
47094.90813898144,1
47104.90877359987,0
47114.90940821831,0
47124.91004283674,0
47134.91067745518,0
47144.911312073615,0
47154.91194669205,1
47164.912581310484,0
47174.91321592892,1
47184.91385054735,0
47194.91448516579,1
47204.91511978423,1
47214.91575440267,0
47224.9163890211,0
47234.91702363954,0
47244.91765825797,0
47254.918292876406,1
47264.918927494844,2
47274.91956211328,1
47284.92019673171,0
47294.920831350144,0
47304.92146596858,0
47314.92210058702,0
47324.92273520546,2
47334.92336982389,1
47344.92400444233,0
47354.92463906076,0
47364.9252736792,1
47374.925908297635,0
47384.92654291607,0
47394.927177534504,0
47404.92781215294,0
47414.92844677137,0
47424.92908138981,3
47434.92971600825,2
47444.93035062669,2
47454.93098524512,0
47464.93161986356,1
47474.93225448199,0
47484.932889100426,0
47494.933523718864,0
47504.9341583373,3
47514.93479295573,0
47524.935427574164,0
47534.9360621926,0
47544.93669681104,0
47554.93733142948,0
47564.93796604791,0
47574.93860066635,0
47584.93923528478,0
47594.93986990322,1
47604.940504521655,0
47614.94113914009,0
47624.941773758525,1
47634.94240837696,1
47644.94304299539,0
47654.94367761383,0
47664.94431223227,0
47674.94494685071,0
47684.94558146914,1
47694.94621608758,0
47704.94685070601,0
47714.94748532445,0
47724.948119942885,0
47734.94875456132,0
47744.949389179754,3
47754.950023798185,0
47764.95065841662,1
47774.95129303506,0
47784.9519276535,1
47794.95256227193,0
47804.95319689037,0
47814.9538315088,1
47824.95446612724,0
47834.955100745676,0
47844.955735364114,1
47854.956369982545,1
47864.95700460098,0
47874.957639219414,1
47884.95827383785,0
47894.95890845629,1
47904.95954307473,0
47914.96017769316,1
47924.9608123116,0
47934.96144693003,0
47944.96208154847,1
47954.962716166905,2
47964.96335078534,0
47974.963985403774,1
47984.964620022205,0
47994.96525464064,2
48004.96588925908,2
48014.96652387752,1
48024.96715849595,0
48034.96779311439,1
48044.96842773282,0
48054.96906235126,1
48064.969696969696,0
48074.970331588134,0
48084.970966206565,0
48094.971600825,2
48104.972235443434,0
48114.97287006187,2
48124.97350468031,0
48134.97413929875,0
48144.97477391718,0
48154.97540853562,1
48164.97604315405,0
48174.97667777249,2
48184.977312390925,0
48194.97794700936,0
48204.978581627794,1
48214.979216246225,1
48224.97985086466,0
48234.9804854831,1
48244.98112010154,0
48254.98175471997,0
48264.98238933841,1
48274.98302395684,0
48284.98365857528,0
48294.98429319372,1
48304.984927812155,0
48314.985562430586,0
48324.986197049024,1
48334.986831667455,0
48344.98746628589,1
48354.98810090433,0
48364.98873552277,1
48374.9893701412,2
48384.99000475964,0
48394.99063937807,0
48404.99127399651,0
48414.991908614946,0
48424.99254323338,1
48434.993177851815,0
48444.993812470246,1
48454.994447088684,0
48464.99508170712,0
48474.99571632556,1
48484.99635094399,2
48494.99698556243,0
48504.99762018086,1
48514.9982547993,1
48524.99888941774,0
48534.999524036175,2
48545.000158654606,1
48555.000793273044,0
48565.001427891475,1
48575.00206250991,0
48585.00269712835,2
48595.00333174679,0
48605.00396636522,1
48615.00460098366,0
48625.00523560209,0
48635.00587022053,0
48645.006504838966,0
48655.0071394574,1
48665.007774075835,0
48675.008408694266,0
48685.009043312704,0
48695.00967793114,0
48705.01031254958,0
48715.01094716801,0
48725.01158178645,0
48735.01221640488,1
48745.01285102332,0
48755.01348564176,0
48765.014120260195,2
48775.014754878626,0
48785.015389497064,0
48795.016024115495,0
48805.01665873393,0
48815.01729335237,0
48825.01792797081,0
48835.01856258924,0
48845.01919720768,1
48855.01983182611,1
48865.02046644455,0
48875.02110106299,1
48885.02173568142,1
48895.022370299856,0
48905.02300491829,0
48915.023639536725,0
48925.02427415516,0
48935.0249087736,1
48945.02554339203,0
48955.02617801047,1
48965.0268126289,0
48975.02744724734,1
48985.02808186578,0
48995.028716484216,0
49005.02935110265,1
49015.029985721085,0
49025.030620339516,1
49035.031254957954,0
49045.03188957639,0
49055.03252419483,0
49065.03315881326,0
49075.0337934317,0
49085.03442805013,0
49095.03506266857,2
49105.03569728701,0
49115.03633190544,0
49125.036966523876,1
49135.03760114231,0
49145.038235760745,0
49155.03887037918,0
49165.03950499762,2
49175.04013961605,1
49185.04077423449,0
49195.04140885292,1
49205.04204347136,0
49215.0426780898,0
49225.043312708236,0
49235.04394732667,1
49245.044581945105,0
49255.045216563536,0
49265.045851181974,0
49275.04648580041,1
49285.04712041885,0
49295.04775503728,1
49305.04838965572,0
49315.04902427415,0
49325.04965889259,3
49335.05029351103,0
49345.05092812946,0
49355.051562747896,0
49365.05219736633,0
49375.052831984765,1
49385.0534666032,1
49395.05410122164,1
49405.05473584007,0
49415.05537045851,0
49425.05600507694,0
49435.05663969538,0
49445.05727431382,0
49455.05790893226,0
49465.05854355069,0
49475.059178169126,1
49485.05981278756,0
49495.060447405995,0
49505.06108202443,2
49515.06171664287,0
49525.0623512613,1
49535.06298587974,0
49545.06362049817,1
49555.06425511661,0
49565.06488973505,1
49575.06552435348,0
49585.06615897192,0
49595.06679359035,0
49605.067428208786,0
49615.068062827224,0
49625.06869744566,1
49635.06933206409,0
49645.06996668253,1
49655.07060130096,2
49665.0712359194,1
49675.07187053784,0
49685.07250515628,0
49695.07313977471,1
49705.073774393146,0
49715.07440901158,0
49725.075043630015,0
49735.07567824845,0
49745.07631286689,0
49755.07694748532,1
49765.07758210375,0
49775.07821672219,0
49785.07885134063,1
49795.07948595907,0
49805.0801205775,0
49815.08075519594,0
49825.08138981437,0
49835.082024432806,0
49845.082659051244,1
49855.08329366968,1
49865.08392828811,0
49875.08456290655,0
49885.08519752498,0
49895.08583214342,0
49905.08646676186,0
49915.0871013803,0
49925.08773599873,0
49935.088370617166,1
49945.0890052356,0
49955.089639854035,0
49965.09027447247,0
49975.09090909091,0
49985.09154370934,0
49995.09217832777,0
50005.09281294621,0
50015.09344756465,0
50025.09408218309,0
50035.09471680152,0
50045.09535141996,1
50055.09598603839,0
50065.09662065683,1
50075.097255275265,0
50085.0978898937,0
50095.098524512134,0
50105.09915913057,0
50115.099793749,0
50125.10042836744,0
50135.10106298588,0
50145.10169760432,0
50155.10233222275,0
50165.10296684119,0
50175.10360145962,2
50185.104236078056,0
50195.104870696494,0
50205.10550531493,0
50215.10613993336,0
50225.106774551794,0
50235.10740917023,0
50245.10804378867,0
50255.10867840711,0
50265.10931302554,1
50275.10994764398,1
50285.11058226241,0
50295.11121688085,0
50305.111851499285,0
50315.11248611772,1
50325.113120736154,0
50335.11375535459,0
50345.11438997302,0
50355.11502459146,0
50365.1156592099,2
50375.11629382834,0
50385.11692844677,1
50395.11756306521,0
50405.11819768364,0
50415.118832302076,0
50425.119466920514,0
50435.12010153895,0
50445.12073615738,0
50455.121370775814,1
50465.12200539425,0
50475.12264001269,0
50485.12327463113,0
50495.12390924956,0
50505.124543868,1
50515.12517848643,0
50525.12581310487,0
50535.126447723305,1
50545.12708234174,0
50555.127716960174,0
50565.12835157861,0
50575.12898619704,0
50585.12962081548,2
50595.13025543392,0
50605.13089005236,0
50615.13152467079,0
50625.13215928923,0
50635.13279390766,0
50645.1334285261,0
50655.134063144535,0
50665.13469776297,0
50675.135332381404,0
50685.135966999835,1
50695.13660161827,0
50705.13723623671,0
50715.13787085515,4
50725.13850547358,0
50735.13914009202,0
50745.13977471045,1
50755.14040932889,0
50765.141043947326,1
50775.141678565764,0
50785.142313184195,0
50795.14294780263,1
50805.143582421064,0
50815.1442170395,0
50825.14485165794,0
50835.14548627638,0
50845.14612089481,0
50855.14675551325,0
50865.14739013168,0
50875.14802475012,0
50885.148659368555,0
50895.14929398699,2
50905.149928605424,0
50915.150563223855,0
50925.15119784229,0
50935.15183246073,0
50945.15246707917,0
50955.1531016976,0
50965.15373631604,0
50975.15437093447,0
50985.15500555291,0
50995.155640171346,0
51005.156274789784,0
51015.156909408215,0
51025.15754402665,0
51035.158178645084,0
51045.15881326352,0
51055.15944788196,1
51065.1600825004,1
51075.16071711883,0
51085.16135173727,0
51095.1619863557,0
51105.16262097414,0
51115.163255592575,1
51125.163890211006,0
51135.164524829444,0
51145.165159447875,0
51155.16579406631,0
51165.16642868475,1
51175.16706330319,0
51185.16769792162,0
51195.16833254006,0
51205.16896715849,0
51215.16960177693,0
51225.17023639537,0
51235.170871013805,0
51245.171505632235,0
51255.172140250674,1
51265.172774869105,0
51275.17340948754,0
51285.17404410598,0
51295.17467872442,0
51305.17531334285,1
51315.17594796129,0
51325.17658257972,1
51335.17721719816,0
51345.177851816596,0
51355.17848643503,0
51365.179121053465,0
51375.179755671896,1
51385.180390290334,0
51395.18102490877,0
51405.18165952721,0
51415.18229414564,0
51425.18292876408,0
51435.18356338251,0
51445.18419800095,0
51455.18483261939,1
51465.185467237825,1
51475.186101856256,0
51485.186736474694,0
51495.187371093125,0
51505.18800571156,0
51515.18864033,0
51525.18927494844,0
51535.18990956687,0
51545.19054418531,0
51555.19117880374,0
51565.19181342218,0
51575.192448040616,0
51585.19308265905,0
51595.193717277485,1
51605.194351895916,0
51615.194986514354,0
51625.19562113279,0
51635.19625575123,0
51645.19689036966,0
51655.1975249881,0
51665.19815960653,1
51675.19879422497,0
51685.19942884341,0
51695.200063461845,0
51705.200698080276,0
51715.201332698714,1
51725.201967317145,0
51735.20260193558,0
51745.20323655402,0
51755.20387117246,0
51765.20450579089,0
51775.20514040933,0
51785.20577502776,0
51795.2064096462,0
51805.207044264636,0
51815.20767888307,0
51825.208313501505,0
51835.20894811994,0
51845.209582738375,1
51855.21021735681,0
51865.21085197525,0
51875.21148659368,0
51885.21212121212,0
51895.21275583055,0
51905.21339044899,0
51915.21402506743,0
51925.214659685866,0
51935.2152943043,0
51945.215928922735,0
51955.216563541166,0
51965.217198159604,1
51975.21783277804,0
51985.21846739648,0
51995.21910201491,0
52005.21973663335,0
52015.22037125178,0
52025.22100587022,0
52035.22164048866,0
52045.22227510709,0
52055.222909725526,0
52065.22354434396,0
52075.224178962395,0
52085.22481358083,0
52095.22544819927,0
52105.2260828177,1
52115.22671743614,0
52125.22735205457,0
52135.22798667301,0
52145.22862129145,0
52155.229255909886,0
52165.22989052832,1
52175.230525146755,0
52185.231159765186,0
52195.231794383624,1
52205.23242900206,1
52215.2330636205,0
52225.23369823893,0
52235.23433285737,1
52245.2349674758,0
52255.23560209424,1
52265.23623671268,0
52275.23687133111,0
52285.237505949546,1
52295.23814056798,0
52305.238775186415,1
52315.23940980485,0
52325.24004442329,0
52335.24067904172,0
52345.24131366016,0
52355.24194827859,0
52365.24258289703,0
52375.24321751547,0
52385.243852133906,0
52395.24448675234,0
52405.245121370775,0
52415.24575598921,0
52425.246390607645,0
52435.24702522608,1
52445.24765984452,0
52455.24829446295,0
52465.24892908139,0
52475.24956369982,0
52485.25019831826,0
52495.2508329367,0
52505.25146755513,0
52515.25210217357,0
52525.252736792,0
52535.253371410436,0
52545.254006028874,0
52555.25464064731,0
52565.25527526574,0
52575.25590988418,0
52585.25654450261,1
52595.25717912105,0
52605.25781373949,0
52615.25844835793,0
52625.25908297636,0
52635.259717594796,0
52645.26035221323,0
52655.260986831665,0
52665.2616214501,0
52675.26225606854,1
52685.26289068697,0
52695.2635253054,0
52705.26415992384,0
52715.26479454228,0
52725.26542916072,0
52735.26606377915,0
52745.26669839759,0
52755.26733301602,0
52765.267967634456,0
52775.268602252894,0
52785.26923687133,0
52795.26987148976,1
52805.2705061082,0
52815.27114072663,0
52825.27177534507,0
52835.27240996351,0
52845.27304458195,0
52855.27367920038,0
52865.274313818816,0
52875.27494843725,1
52885.275583055685,0
52895.27621767412,0
52905.27685229256,0
52915.27748691099,0
52925.27812152942,0
52935.27875614786,0
52945.2793907663,0
52955.28002538474,0
52965.28066000317,0
52975.28129462161,0
52985.28192924004,0
52995.282563858476,0
53005.283198476915,0
53015.28383309535,0
53025.284467713784,0
53035.28510233222,0
53045.28573695065,0
53055.28637156909,0
53065.28700618753,0
53075.28764080597,0
53085.2882754244,0
53095.28891004284,0
53105.28954466127,1
53115.290179279706,1
53125.290813898144,0
53135.29144851658,0
53145.29208313501,0
53155.292717753444,0
53165.29335237188,0
53175.29398699032,0
53185.29462160876,0
53195.29525622719,0
53205.29589084563,0
53215.29652546406,0
53225.2971600825,0
53235.297794700935,0
53245.29842931937,0
53255.299063937804,0
53265.29969855624,0
53275.30033317467,0
53285.30096779311,0
53295.30160241155,0
53305.30223702999,0
53315.30287164842,0
53325.30350626686,0
53335.30414088529,0
53345.304775503726,0
53355.305410122164,0
53365.3060447406,0
53375.30667935903,0
53385.307313977464,0
53395.3079485959,0
53405.30858321434,0
53415.30921783278,0
53425.30985245121,0
53435.31048706965,0
53445.31112168808,0
53455.31175630652,0
53465.312390924955,0
53475.31302554339,0
53485.313660161824,0
53495.31429478026,1
53505.31492939869,0
53515.31556401713,0
53525.31619863557,0
53535.31683325401,0
53545.31746787244,0
53555.31810249088,0
53565.31873710931,0
53575.319371727746,0
53585.320006346185,0
53595.32064096462,0
53605.321275583054,0
53615.321910201485,0
53625.32254481992,0
53635.32317943836,0
53645.3238140568,0
53655.32444867523,2
53665.32508329367,0
53675.3257179121,2
53685.32635253054,0
53695.326987148976,0
53705.327621767414,1
53715.328256385845,0
53725.32889100428,0
53735.329525622714,0
53745.33016024115,1
53755.33079485959,1
53765.33142947803,1
53775.33206409646,1
53785.3326987149,0
53795.33333333333,0
53805.33396795177,0
53815.334602570205,0
53825.33523718864,0
53835.335871807074,0
53845.336506425505,0
53855.33714104394,0
53865.33777566238,0
53875.33841028082,0
53885.33904489925,0
53895.33967951769,0
53905.34031413612,1
53915.34094875456,0
53925.341583372996,0
53935.342217991434,0
53945.342852609865,0
53955.3434872283,0
53965.344121846734,0
53975.34475646517,0
53985.34539108361,0
53995.34602570205,0
54005.34666032048,0
54015.34729493892,0
54025.34792955735,0
54035.34856417579,0
54045.349198794225,0
54055.349833412656,0
54065.350468031094,0
54075.351102649525,0
54085.35173726796,0
54095.3523718864,0
54105.35300650484,1
54115.35364112327,0
54125.35427574171,0
54135.35491036014,0
54145.35554497858,0
54155.356179597016,0
54165.356814215455,0
54175.357448833885,0
54185.35808345232,0
54195.358718070755,0
54205.35935268919,0
54215.35998730763,0
54225.36062192607,0
54235.3612565445,0
54245.36189116294,0
54255.36252578137,0
54265.36316039981,0
54275.363795018246,0
54285.36442963668,0
54295.365064255115,0
54305.365698873546,0
54315.366333491984,0
54325.36696811042,0
54335.36760272886,0
54345.36823734729,0
54355.36887196573,0
54365.36950658416,0
54375.3701412026,0
54385.37077582104,0
54395.371410439475,0
54405.372045057906,0
54415.372679676344,0
54425.373314294775,0
54435.37394891321,0
54445.37458353165,0
54455.37521815009,0
54465.37585276852,0
54475.37648738696,0
54485.37712200539,0
54495.37775662383,0
54505.378391242266,0
54515.3790258607,0
54525.379660479135,0
54535.380295097566,0
54545.380929716004,0
54555.38156433444,0
54565.38219895288,0
54575.38283357131,0
54585.38346818975,0
54595.38410280818,0
54605.38473742662,0
54615.38537204506,0
54625.386006663495,0
54635.386641281926,0
54645.387275900364,0
54655.387910518795,0
54665.38854513723,0
54675.38917975567,0
54685.38981437411,0
54695.39044899254,0
54705.39108361098,0
54715.39171822941,0
54725.39235284785,0
54735.392987466286,0
54745.39362208472,0
54755.394256703155,0
54765.394891321586,0
54775.395525940025,0
54785.39616055846,0
54795.3967951769,0
54805.39742979533,0
54815.39806441377,0
54825.3986990322,0
54835.39933365064,0
54845.39996826908,0
54855.400602887516,0
54865.40123750595,0
54875.401872124385,0
54885.402506742816,0
54895.403141361254,0
54905.40377597969,0
54915.40441059813,0
54925.40504521656,0
54935.405679835,0
54945.40631445343,0
54955.40694907187,0
54965.40758369031,0
54975.40821830874,0
54985.408852927176,0
54995.40948754561,0
55005.410122164045,0
55015.41075678248,0
55025.41139140092,0
55035.41202601935,0
55045.41266063779,0
55055.41329525622,0
55065.41392987466,0
55075.4145644931,0
55085.415199111536,0
55095.41583372997,0
55105.416468348405,0
55115.417102966836,0
55125.417737585274,0
55135.41837220371,0
55145.41900682215,0
55155.41964144058,0
55165.42027605902,0
55175.42091067745,0
55185.42154529589,0
55195.42217991433,1
55205.42281453276,0
55215.423449151196,0
55225.42408376963,0
55235.424718388065,0
55245.4253530065,0
55255.42598762494,0
55265.42662224337,0
55275.42725686181,0
55285.42789148024,0
55295.42852609868,0
55305.42916071712,0
55315.429795335556,0
55325.43042995399,0
55335.431064572425,0
55345.431699190856,0
55355.432333809295,0
55365.43296842773,0
55375.43360304617,0
55385.4342376646,0
55395.43487228303,0
55405.43550690147,0
55415.43614151991,0
55425.43677613835,0
55435.43741075678,1
55445.43804537522,0
55455.43867999365,0
55465.439314612086,0
55475.439949230524,0
55485.44058384896,0
55495.44121846739,0
55505.44185308583,0
55515.44248770426,0
55525.4431223227,0
55535.44375694114,0
55545.44439155958,0
55555.44502617801,0
55565.445660796446,0
55575.44629541488,0
55585.446930033315,0
55595.44756465175,0
55605.44819927019,0
55615.44883388862,0
55625.44946850705,0
55635.45010312549,2
55645.45073774393,0
55655.45137236237,0
55665.4520069808,0
55675.45264159924,0
55685.45327621767,0
55695.453910836106,0
55705.454545454544,0
55715.45518007298,0
55725.45581469141,0
55735.45644930985,0
55745.45708392828,0
55755.45771854672,0
55765.45835316516,0
55775.4589877836,0
55785.45962240203,0
55795.460257020466,0
55805.4608916389,0
55815.461526257335,0
55825.46216087577,0
55835.46279549421,0
55845.46343011264,0
55855.46406473107,0
55865.46469934951,0
55875.46533396795,0
55885.46596858639,0
55895.46660320482,0
55905.46723782326,0
55915.46787244169,1
55925.468507060126,0
55935.469141678564,0
55945.469776297,0
55955.47041091543,0
55965.47104553387,0
55975.4716801523,0
55985.47231477074,0
55995.47294938918,0
56005.47358400762,0
56015.47421862605,0
56025.47485324449,0
56035.47548786292,0
56045.476122481356,0
56055.476757099794,0
56065.47739171823,0
56075.47802633666,0
56085.478660955094,0
56095.47929557353,0
56105.47993019197,0
56115.48056481041,0
56125.48119942884,0
56135.48183404728,0
56145.48246866571,0
56155.48310328415,0
56165.483737902585,0
56175.48437252102,0
56185.485007139454,0
56195.48564175789,0
56205.48627637632,1
56215.48691099476,0
56225.4875456132,0
56235.48818023164,0
56245.48881485007,0
56255.48944946851,0
56265.49008408694,1
56275.490718705376,0
56285.491353323814,0
56295.49198794225,0
56305.49262256068,0
56315.493257179114,0
56325.49389179755,0
56335.49452641599,0
56345.49516103443,0
56355.49579565286,0
56365.4964302713,0
56375.49706488973,0
56385.49769950817,0
56395.498334126605,0
56405.49896874504,0
56415.499603363474,0
56425.50023798191,0
56435.50087260034,0
56445.50150721878,0
56455.50214183722,0
56465.50277645566,0
56475.50341107409,1
56485.50404569253,0
56495.50468031096,0
56505.505314929396,0
56515.505949547834,0
56525.50658416627,0
56535.5072187847,0
56545.507853403135,0
56555.50848802157,0
56565.50912264001,0
56575.50975725845,0
56585.51039187688,0
56595.51102649532,0
56605.51166111375,0
56615.51229573219,0
56625.512930350626,0
56635.513564969064,0
56645.514199587495,0
56655.51483420593,0
56665.515468824364,0
56675.5161034428,0
56685.51673806124,1
56695.51737267968,0
56705.51800729811,0
56715.51864191655,0
56725.51927653498,0
56735.51991115342,0
56745.520545771855,0
56755.521180390286,0
56765.521815008724,0
56775.522449627155,0
56785.52308424559,0
56795.52371886403,0
56805.52435348247,0
56815.5249881009,0
56825.52562271934,0
56835.52625733777,0
56845.52689195621,0
56855.527526574646,0
56865.528161193084,0
56875.528795811515,0
56885.52943042995,0
56895.530065048384,0
56905.53069966682,0
56915.53133428526,0
56925.5319689037,1
56935.53260352213,0
56945.53323814057,0
56955.533872759,0
56965.53450737744,0
56975.535141995875,0
56985.535776614306,1
56995.536411232744,0
57005.537045851175,0
57015.53768046961,0
57025.53831508805,0
57035.53894970649,0
57045.53958432492,0
57055.54021894336,0
57065.54085356179,0
57075.54148818023,0
57085.542122798666,0
57095.542757417104,0
57105.543392035535,0
57115.54402665397,0
57125.544661272404,0
57135.54529589084,0
57145.54593050928,0
57155.54656512772,0
57165.54719974615,0
57175.54783436459,0
57185.54846898302,0
57195.54910360146,0
57205.549738219896,0
57215.55037283833,0
57225.551007456765,0
57235.551642075196,0
57245.552276693634,0
57255.55291131207,0
57265.55354593051,0
57275.55418054894,0
57285.55481516738,0
57295.55544978581,0
57305.55608440425,0
57315.55671902269,0
57325.557353641125,0
57335.557988259556,0
57345.558622877994,0
57355.559257496425,0
57365.55989211486,0
57375.5605267333,0
57385.56116135174,1
57395.56179597017,0
57405.56243058861,0
57415.56306520704,0
57425.56369982548,0
57435.564334443916,0
57445.56496906235,0
57455.565603680785,0
57465.566238299216,0
57475.566872917654,0
57485.56750753609,0
57495.56814215453,0
57505.56877677296,0
57515.5694113914,0
57525.57004600983,0
57535.57068062827,0
57545.57131524671,0
57555.571949865145,0
57565.572584483576,0
57575.573219102014,0
57585.573853720445,0
57595.57448833888,0
57605.57512295732,0
57615.57575757576,0
57625.57639219419,0
57635.57702681263,0
57645.57766143106,0
57655.5782960495,0
57665.578930667936,0
57675.57956528637,0
57685.580199904805,0
57695.580834523236,0
57705.581469141674,0
57715.58210376011,0
57725.58273837855,0
57735.58337299698,0
57745.58400761542,0
57755.58464223385,0
57765.58527685229,0
57775.58591147073,0
57785.586546089165,0
57795.5871807076,0
57805.587815326035,0
57815.588449944466,0
57825.589084562904,0
57835.58971918134,0
57845.59035379978,0
57855.59098841821,0
57865.59162303665,0
57875.59225765508,0
57885.59289227352,0
57895.59352689196,0
57905.59416151039,0
57915.594796128826,0
57925.59543074726,0
57935.596065365695,0
57945.59669998413,0
57955.59733460257,0
57965.597969221,0
57975.59860383944,0
57985.59923845787,0
57995.59987307631,0
58005.60050769475,0
58015.601142313186,0
58025.60177693162,0
58035.602411550055,0
58045.603046168486,0
58055.603680786924,0
58065.60431540536,0
58075.6049500238,0
58085.60558464223,0
58095.60621926066,0
58105.6068538791,0
58115.60748849754,0
58125.60812311598,0
58135.60875773441,0
58145.609392352846,0
58155.61002697128,0
58165.610661589715,0
58175.61129620815,0
58185.61193082659,0
58195.61256544502,0
58205.61320006346,0
58215.61383468189,0
58225.61446930033,0
58235.61510391877,0
58245.615738537206,0
58255.61637315564,0
58265.617007774075,0
58275.617642392506,0
58285.618277010944,0
58295.61891162938,0
58305.61954624782,0
58315.62018086625,0
58325.62081548468,0
58335.62145010312,0
58345.62208472156,0
58355.62271934,0
58365.62335395843,0
58375.62398857687,0
58385.6246231953,0
58395.625257813736,0
58405.625892432174,0
58415.62652705061,0
58425.62716166904,0
58435.62779628748,0
58445.62843090591,0
58455.62906552435,0
58465.62970014279,0
58475.63033476123,0
58485.63096937966,0
58495.631603998096,0
58505.63223861653,0
58515.632873234965,0
58525.6335078534,0
58535.63414247184,0
58545.63477709027,0
58555.6354117087,0
58565.63604632714,0
58575.63668094558,0
58585.63731556402,0
58595.63795018245,0
58605.63858480089,0
58615.63921941932,0
58625.639854037756,0
58635.640488656194,0
58645.64112327463,0
58655.64175789306,0
58665.6423925115,0
58675.64302712993,0
58685.64366174837,0
58695.64429636681,0
58705.64493098525,0
58715.64556560368,0
58725.646200222116,0
58735.64683484055,0
58745.647469458985,0
58755.64810407742,0
58765.64873869586,0
58775.64937331429,0
58785.65000793272,0
58795.65064255116,0
58805.6512771696,0
58815.65191178804,0
58825.65254640647,0
58835.65318102491,0
58845.65381564334,0
58855.654450261776,0
58865.655084880214,0
58875.65571949865,0
58885.65635411708,0
58895.65698873552,0
58905.65762335395,0
58915.65825797239,0
58925.65889259083,0
58935.65952720927,0
58945.6601618277,0
58955.66079644614,0
58965.66143106457,0
58975.662065683005,0
58985.662700301444,0
58995.66333491988,0
59005.66396953831,0
59015.664604156744,0
59025.66523877518,0
59035.66587339362,0
59045.66650801206,0
59055.66714263049,0
59065.66777724893,0
59075.66841186736,0
59085.6690464858,0
59095.669681104235,0
59105.67031572267,0
59115.670950341104,0
59125.67158495954,0
59135.67221957797,1
59145.67285419641,0
59155.67348881485,0
59165.67412343329,0
59175.67475805172,0
59185.67539267016,0
59195.67602728859,0
59205.676661907026,0
59215.677296525464,0
59225.6779311439,0
59235.67856576233,0
59245.679200380764,0
59255.6798349992,0
59265.68046961764,0
59275.68110423608,0
59285.68173885451,0
59295.68237347295,0
59305.68300809138,0
59315.68364270982,0
59325.684277328255,0
59335.68491194669,0
59345.685546565124,0
59355.68618118356,0
59365.68681580199,0
59375.68745042043,0
59385.68808503887,0
59395.68871965731,0
59405.68935427574,0
59415.68998889418,0
59425.69062351261,0
59435.691258131046,0
59445.691892749484,0
59455.692527367915,0
59465.69316198635,0
59475.693796604784,0
59485.69443122322,0
59495.69506584166,0
59505.6957004601,0
59515.69633507853,0
59525.69696969697,0
59535.6976043154,0
59545.69823893384,0
59555.698873552275,0
59565.699508170714,0
59575.700142789145,0
59585.70077740758,0
59595.701412026014,0
59605.70204664445,0
59615.70268126289,0
59625.70331588133,0
59635.70395049976,0
59645.7045851182,0
59655.70521973663,0
59665.70585435507,0
59675.706488973505,0
59685.707123591936,0
59695.707758210374,0
59705.708392828805,0
59715.70902744724,0
59725.70966206568,0
59735.71029668412,0
59745.71093130255,0
59755.71156592099,0
59765.71220053942,0
59775.71283515786,0
59785.713469776296,0
59795.714104394734,0
59805.714739013165,0
59815.7153736316,0
59825.716008250034,0
59835.71664286847,0
59845.71727748691,0
59855.71791210535,0
59865.71854672378,0
59875.71918134222,0
59885.71981596065,0
59895.72045057909,0
59905.721085197525,0
59915.721719815956,0
59925.722354434394,0
59935.722989052825,0
59945.72362367126,0
59955.7242582897,0
59965.72489290814,0
59975.72552752657,0
59985.72616214501,0
59995.72679676344,0
60005.72743138188,0
60015.728066000316,0
60025.728700618754,0
60035.729335237185,0
60045.72996985562,0
60055.730604474054,0
60065.73123909249,0
60075.73187371093,0
60085.73250832937,0
60095.7331429478,0
60105.73377756624,0
60115.73441218467,0
60125.73504680311,0
60135.735681421545,0
60145.73631603998,0
60155.736950658415,0
60165.737585276845,0
60175.738219895284,0
60185.73885451372,0
60195.73948913216,0
60205.74012375059,0
60215.74075836903,0
60225.74139298746,0
60235.7420276059,0
60245.74266222434,0
60255.743296842775,0
60265.743931461206,0
60275.744566079644,0
60285.745200698075,0
60295.74583531651,0
60305.74646993495,0
60315.74710455339,0
60325.74773917182,0
60335.74837379026,0
60345.74900840869,0
60355.74964302713,0
60365.750277645566,0
60375.750912264,0
60385.751546882435,0
60395.752181500866,0
60405.752816119304,0
60415.75345073774,0
60425.75408535618,0
60435.75471997461,0
60445.75535459305,0
60455.75598921148,0
60465.75662382992,0
60475.75725844836,0
60485.757893066795,0
60495.758527685226,0
60505.759162303664,0
60515.759796922095,0
60525.76043154053,0
60535.76106615897,0
60545.76170077741,0
60555.76233539584,0
60565.76297001428,0
60575.76360463271,0
60585.76423925115,0
60595.764873869586,0
60605.76550848802,0
60615.766143106455,0
60625.766777724886,0
60635.767412343324,0
60645.76804696176,0
60655.7686815802,0
60665.76931619863,0
60675.76995081707,0
60685.7705854355,0
60695.77122005394,0
60705.77185467238,0
60715.772489290815,0
60725.773123909246,0
60735.773758527685,0
60745.774393146115,0
60755.775027764554,0
60765.77566238299,0
60775.77629700143,0
60785.77693161986,0
60795.77756623829,0
60805.77820085673,0
60815.77883547517,0
60825.77947009361,0
60835.78010471204,0
60845.780739330476,0
60855.78137394891,0
60865.782008567345,0
60875.78264318578,0
60885.78327780422,0
60895.78391242265,0
60905.78454704109,0
60915.78518165952,0
60925.78581627796,0
60935.7864508964,0
60945.787085514836,0
60955.78772013327,0
60965.788354751705,0
60975.788989370136,0
60985.789623988574,0
60995.79025860701,0
61005.79089322545,0
61015.79152784388,0
61025.79216246231,0
61035.79279708075,0
61045.79343169919,0
61055.79406631763,0
61065.79470093606,0
61075.795335554496,0
61085.79597017293,0
61095.796604791365,0
61105.7972394098,0
61115.79787402824,0
61125.79850864667,0
61135.79914326511,0
61145.79977788354,0
61155.80041250198,0
61165.80104712042,0
61175.801681738856,0
61185.80231635729,0
61195.802950975725,0
61205.803585594156,0
61215.804220212594,0
61225.80485483103,0
61235.80548944947,0
61245.8061240679,0
61255.80675868633,0
61265.80739330477,0
61275.80802792321,0
61285.80866254165,0
61295.80929716008,0
61305.809931778516,0
61315.81056639695,0
61325.811201015385,0
61335.811835633824,0
61345.81247025226,0
61355.81310487069,0
61365.81373948913,0
61375.81437410756,0
61385.815008726,0
61395.81564334444,0
61405.81627796288,0
61415.81691258131,0
61425.817547199746,0
61435.81818181818,0
61445.818816436615,0
61455.81945105505,0
61465.82008567349,0
61475.82072029192,0
61485.82135491035,0
61495.82198952879,0
61505.82262414723,0
61515.82325876567,0
61525.8238933841,0
61535.82452800254,0
61545.82516262097,0
61555.825797239406,0
61565.826431857844,0
61575.82706647628,0
61585.82770109471,0
61595.82833571315,0
61605.82897033158,0
61615.82960495002,0
61625.83023956846,0
61635.8308741869,0
61645.83150880533,0
61655.832143423766,0
61665.8327780422,0
61675.833412660635,0
61685.83404727907,0
61695.83468189751,0
61705.83531651594,0
61715.83595113437,0
61725.83658575281,0
61735.83722037125,0
61745.83785498969,0
61755.83848960812,0
61765.83912422656,0
61775.83975884499,0
61785.840393463426,0
61795.841028081864,0
61805.8416627003,0
61815.84229731873,0
61825.84293193717,0
61835.8435665556,0
61845.84420117404,0
61855.84483579248,0
61865.84547041092,0
61875.84610502935,0
61885.846739647786,0
61895.84737426622,0
61905.848008884655,0
61915.84864350309,0
61925.84927812153,0
61935.84991273996,0
61945.850547358394,0
61955.85118197683,0
61965.85181659527,0
61975.85245121371,0
61985.85308583214,0
61995.85372045058,0
62005.85435506901,0
62015.85498968745,0
62025.855624305885,0
62035.85625892432,0
62045.856893542754,0
62055.85752816119,0
62065.85816277962,0
62075.85879739806,0
62085.8594320165,0
62095.86006663494,0
62105.86070125337,0
62115.86133587181,0
62125.86197049024,0
62135.862605108676,0
62145.863239727114,0
62155.863874345545,0
62165.86450896398,0
62175.865143582414,0
62185.86577820085,0
62195.86641281929,0
62205.86704743773,0
62215.86768205616,0
62225.8683166746,0
62235.86895129303,0
62245.86958591147,0
62255.870220529905,0
62265.87085514834,0
62275.871489766774,0
62285.87212438521,0
62295.87275900364,0
62305.87339362208,0
62315.87402824052,0
62325.87466285896,0
62335.87529747739,0
62345.87593209583,0
62355.87656671426,0
62365.877201332696,0
62375.877835951134,0
62385.878470569565,0
62395.879105188,0
62405.879739806434,0
62415.88037442487,0
62425.88100904331,0
62435.88164366175,0
62445.88227828018,0
62455.88291289862,0
62465.88354751705,0
62475.88418213549,0
62485.884816753925,0
62495.88545137236,0
62505.886085990795,0
62515.88672060923,0
62525.887355227664,0
62535.8879898461,0
62545.88862446454,0
62555.88925908298,0
62565.88989370141,0
62575.89052831985,0
62585.89116293828,0
62595.89179755672,0
62605.892432175155,0
62615.893066793586,0
62625.893701412024,0
62635.894336030455,0
62645.89497064889,0
62655.89560526733,0
62665.89623988577,0
62675.8968745042,0
62685.89750912264,0
62695.89814374107,0
62705.89877835951,0
62715.899412977946,0
62725.900047596384,0
62735.900682214815,0
62745.90131683325,0
62755.901951451684,0
62765.90258607012,0
62775.90322068856,0
62785.903855307,0
62795.90448992543,0
62805.90512454387,0
62815.9057591623,0
62825.90639378074,0
62835.907028399175,0
62845.907663017606,0
62855.908297636044,0
62865.908932254475,0
62875.90956687291,0
62885.91020149135,0
62895.91083610979,0
62905.91147072822,0
62915.91210534666,0
62925.91273996509,0
62935.91337458353,0
62945.914009201966,0
62955.914643820404,0
62965.915278438835,0
62975.91591305727,0
62985.916547675704,0
62995.91718229414,0
63005.91781691258,0
63015.91845153102,0
63025.91908614945,0
63035.91972076789,0
63045.92035538632,0
63055.92099000476,0
63065.921624623195,0
63075.922259241626,0
63085.922893860065,0
63095.923528478495,0
63105.92416309693,0
63115.92479771537,0
63125.92543233381,0
63135.92606695224,0
63145.92670157068,0
63155.92733618911,0
63165.92797080755,0
63175.92860542599,0
63185.929240044425,0
63195.929874662856,0
63205.930509281294,0
63215.931143899725,0
63225.93177851816,0
63235.9324131366,0
63245.93304775504,0
63255.93368237347,0
63265.93431699191,0
63275.93495161034,0
63285.93558622878,0
63295.936220847216,0
63305.93685546565,0
63315.937490084085,0
63325.938124702516,0
63335.938759320954,0
63345.93939393939,0
63355.94002855783,0
63365.94066317626,0
63375.9412977947,0
63385.94193241313,0
63395.94256703157,0
63405.94320165001,0
63415.943836268445,0
63425.944470886876,0
63435.945105505314,0
63445.945740123745,0
63455.94637474218,0
63465.94700936062,0
63475.94764397906,0
63485.94827859749,0
63495.94891321592,0
63505.94954783436,0
63515.9501824528,0
63525.950817071236,0
63535.95145168967,0
63545.952086308105,0
63555.952720926536,0
63565.953355544974,0
63575.95399016341,0
63585.95462478185,0
63595.95525940028,0
63605.95589401872,0
63615.95652863715,0
63625.95716325559,0
63635.95779787403,0
63645.958432492465,0
63655.959067110896,0
63665.959701729334,0
63675.960336347765,0
63685.9609709662,0
63695.96160558464,0
63705.96224020308,0
63715.96287482151,0
63725.96350943994,0
63735.96414405838,0
63745.96477867682,0
63755.96541329526,0
63765.96604791369,0
63775.966682532126,0
63785.96731715056,0
63795.967951768995,0
63805.96858638743,0
63815.96922100587,0
63825.9698556243,0
63835.97049024274,0
63845.97112486117,0
63855.97175947961,0
63865.97239409805,0
63875.973028716486,0
63885.97366333492,0
63895.974297953355,0
63905.974932571786,0
63915.975567190224,0
63925.97620180866,0
63935.9768364271,0
63945.97747104553,0
63955.97810566396,0
63965.9787402824,0
63975.97937490084,0
63985.98000951928,0
63995.98064413771,0
64005.981278756146,0
64015.98191337458,0
64025.982547993015,0
64035.98318261145,0
64045.98381722989,0
64055.98445184832,0
64065.98508646676,0
64075.98572108519,0
64085.98635570363,0
64095.98699032207,0
64105.987624940506,0
64115.98825955894,0
64125.988894177375,0
64135.989528795806,0
64145.990163414244,0
64155.99079803268,0
64165.99143265112,0
64175.99206726955,0
64185.99270188798,0
64195.99333650642,0
64205.99397112486,0
64215.9946057433,0
64225.99524036173,0
64235.995874980166,0
64245.9965095986,0
64255.997144217035,0
64265.99777883547,0
64275.99841345391,0
64285.99904807234,0
64295.99968269078,1
