bin_center,count
1003.0004735745406,1
1013.0014207236219,0
1023.0023678727032,0
1033.0033150217844,0
1043.0042621708658,0
1053.005209319947,0
1063.0061564690282,0
1073.0071036181093,0
1083.0080507671908,0
1093.0089979162722,0
1103.0099450653533,1
1113.0108922144345,0
1123.0118393635157,1
1133.0127865125971,0
1143.0137336616783,0
1153.0146808107597,0
1163.015627959841,1
1173.016575108922,2
1183.0175222580033,2
1193.0184694070847,0
1203.0194165561659,2
1213.0203637052473,1
1223.0213108543285,2
1233.0222580034097,2
1243.0232051524908,0
1253.0241523015723,0
1263.0250994506537,3
1273.0260465997349,3
1283.026993748816,2
1293.0279408978972,5
1303.0288880469784,2
1313.0298351960598,1
1323.0307823451412,2
1333.0317294942224,3
1343.0326766433036,4
1353.0336237923848,4
1363.0345709414662,4
1373.0355180905474,7
1383.0364652396288,7
1393.03741238871,1
1403.0383595377912,3
1413.0393066868724,4
1423.0402538359538,5
1433.0412009850352,7
1443.0421481341164,4
1453.0430952831975,4
1463.0440424322787,6
1473.04498958136,6
1483.0459367304413,10
1493.0468838795227,7
1503.047831028604,4
1513.048778177685,6
1523.0497253267663,6
1533.0506724758475,6
1543.0516196249291,10
1553.0525667740103,8
1563.0535139230915,6
1573.0544610721727,8
1583.0554082212539,8
1593.056355370335,7
1603.0573025194167,8
1613.0582496684979,16
1623.059196817579,11
1633.0601439666602,11
1643.0610911157414,10
1653.0620382648228,7
1663.0629854139042,11
1673.0639325629854,7
1683.0648797120666,9
1693.0658268611478,10
1703.066774010229,13
1713.0677211593106,9
1723.0686683083918,4
1733.069615457473,15
1743.0705626065542,11
1753.0715097556354,9
1763.0724569047165,9
1773.0734040537982,10
1783.0743512028794,13
1793.0752983519606,10
1803.0762455010417,16
1813.077192650123,6
1823.0781397992043,16
1833.0790869482857,12
1843.080034097367,15
1853.0809812464481,9
1863.0819283955293,16
1873.0828755446105,7
1883.0838226936921,11
1893.0847698427733,17
1903.0857169918545,14
1913.0866641409357,13
1923.0876112900169,12
1933.088558439098,12
1943.0895055881797,11
1953.0904527372609,17
1963.091399886342,13
1973.0923470354232,14
1983.0932941845044,9
1993.0942413335858,13
2003.0951884826673,16
2013.0961356317484,12
2023.0970827808296,20
2033.0980299299108,14
2043.098977078992,16
2053.099924228073,15
2063.1008713771544,19
2073.101818526236,14
2083.102765675317,15
2093.103712824399,15
2103.10465997348,13
2113.105607122561,10
2123.1065542716424,11
2133.1075014207236,14
2143.1084485698048,22
2153.109395718886,13
2163.110342867967,12
2173.1112900170483,10
2183.1122371661295,24
2193.113184315211,15
2203.1141314642928,14
2213.115078613374,9
2223.116025762455,5
2233.1169729115363,13
2243.1179200606175,14
2253.1188672096987,12
2263.11981435878,13
2273.120761507861,14
2283.1217086569422,10
2293.1226558060234,18
2303.123602955105,17
2313.1245501041863,16
2323.125497253268,7
2333.126444402349,10
2343.1273915514303,10
2353.1283387005114,8
2363.1292858495926,14
2373.130232998674,15
2383.131180147755,17
2393.132127296836,12
2403.1330744459174,12
2413.134021594999,20
2423.13496874408,11
2433.135915893162,19
2443.136863042243,9
2453.137810191324,19
2463.1387573404054,14
2473.1397044894866,12
2483.1406516385678,16
2493.141598787649,18
2503.14254593673,7
2513.1434930858113,16
2523.1444402348925,11
2533.145387383974,13
2543.1463345330553,18
2553.147281682137,19
2563.148228831218,13
2573.1491759802993,19
2583.1501231293805,16
2593.1510702784617,14
2603.152017427543,10
2613.152964576624,8
2623.1539117257053,14
2633.1548588747864,17
2643.155806023868,9
2653.1567531729493,16
2663.157700322031,19
2673.158647471112,13
2683.1595946201933,12
2693.1605417692745,19
2703.1614889183556,12
2713.162436067437,15
2723.163383216518,16
2733.164330365599,8
2743.1652775146804,13
2753.166224663762,22
2763.167171812843,7
2773.168118961925,11
2783.169066111006,16
2793.170013260087,17
2803.1709604091684,11
2813.1719075582496,5
2823.1728547073308,14
2833.173801856412,11
2843.174749005493,12
2853.1756961545743,9
2863.1766433036555,14
2873.177590452737,19
2883.1785376018183,12
2893.1794847509,14
2903.180431899981,5
2913.1813790490623,14
2923.1823261981435,12
2933.1832733472247,13
2943.184220496306,13
2953.185167645387,15
2963.1861147944683,12
2973.1870619435495,15
2983.188009092631,12
2993.1889562417123,15
3003.189903390794,10
3013.190850539875,14
3023.1917976889563,8
3033.1927448380375,10
3043.1936919871187,12
3053.1946391362,10
3063.195586285281,13
3073.196533434362,12
3083.197480583444,18
3093.198427732525,17
3103.199374881606,17
3113.2003220306874,7
3123.2012691797686,14
3133.20221632885,5
3143.2031634779314,10
3153.2041106270126,16
3163.205057776094,17
3173.206004925175,13
3183.206952074256,14
3193.2078992233373,10
3203.208846372419,14
3213.2097935215,9
3223.2107406705813,9
3233.2116878196625,17
3243.212634968744,15
3253.2135821178254,12
3263.2145292669065,11
3273.2154764159877,14
3283.216423565069,14
3293.21737071415,13
3303.2183178632313,20
3313.219265012313,10
3323.220212161394,15
3333.2211593104753,16
3343.2221064595565,17
3353.2230536086377,11
3363.2240007577193,12
3373.2249479068005,8
3383.2258950558817,15
3393.226842204963,11
3403.227789354044,9
3413.228736503125,10
3423.229683652207,14
3433.230630801288,14
3443.2315779503692,9
3453.2325250994504,22
3463.2334722485316,16
3473.2344193976132,11
3483.2353665466944,13
3493.2363136957756,10
3503.237260844857,14
3513.238207993938,15
3523.239155143019,8
3533.2401022921003,17
3543.241049441182,12
3553.241996590263,14
3563.2429437393444,16
3573.2438908884255,14
3583.244838037507,9
3593.2457851865884,13
3603.2467323356695,17
3613.2476794847507,15
3623.248626633832,12
3633.249573782913,16
3643.2505209319943,16
3653.251468081076,11
3663.252415230157,20
3673.2533623792383,12
3683.2543095283195,12
3693.2552566774007,13
3703.2562038264823,10
3713.2571509755635,12
3723.2580981246447,17
3733.259045273726,14
3743.259992422807,14
3753.2609395718882,18
3763.26188672097,21
3773.262833870051,14
3783.2637810191322,11
3793.2647281682134,10
3803.2656753172946,9
3813.2666224663762,17
3823.2675696154574,9
3833.2685167645386,16
3843.26946391362,18
3853.270411062701,16
3863.271358211782,8
3873.2723053608634,12
3883.273252509945,10
3893.274199659026,12
3903.2751468081074,17
3913.2760939571886,14
3923.27704110627,18
3933.2779882553514,17
3943.2789354044326,12
3953.2798825535137,19
3963.280829702595,18
3973.281776851676,8
3983.2827240007573,16
3993.283671149839,12
4003.28461829892,9
4013.2855654480013,8
4023.2865125970825,15
4033.2874597461637,15
4043.2884068952453,8
4053.2893540443265,10
4063.2903011934077,16
4073.291248342489,18
4083.29219549157,19
4093.2931426406512,10
4103.294089789733,12
4113.2950369388145,12
4123.295984087896,22
4133.296931236977,25
4143.297878386058,23
4153.298825535139,18
4163.29977268422,11
4173.300719833302,22
4183.301666982383,15
4193.302614131464,12
4203.303561280545,17
4213.304508429626,18
4223.305455578708,19
4233.306402727789,11
4243.30734987687,10
4253.308297025951,20
4263.309244175032,9
4273.3101913241135,21
4283.311138473196,16
4293.312085622277,26
4303.313032771358,17
4313.313979920439,17
4323.314927069521,18
4333.315874218602,15
4343.316821367684,20
4353.317768516765,23
4363.318715665846,14
4373.319662814927,18
4383.320609964008,23
4393.3215571130895,28
4403.322504262171,22
4413.323451411252,19
4423.324398560333,20
4433.325345709414,10
4443.326292858495,17
4453.327240007577,10
4463.328187156658,17
4473.329134305739,14
4483.33008145482,15
4493.331028603901,22
4503.331975752983,18
4513.332922902065,15
4523.333870051146,19
4533.334817200227,14
4543.335764349308,13
4553.33671149839,19
4563.3376586474715,25
4573.338605796553,19
4583.339552945634,19
4593.340500094715,20
4603.341447243796,25
4613.342394392877,9
4623.343341541959,18
4633.34428869104,13
4643.345235840121,23
4653.346182989202,14
4663.347130138283,17
4673.3480772873645,20
4683.349024436446,17
4693.349971585527,23
4703.350918734608,18
4713.351865883689,18
4723.35281303277,21
4733.3537601818525,24
4743.354707330934,15
4753.355654480015,17
4763.356601629096,20
4773.357548778177,24
4783.358495927259,24
4793.3594430763405,23
4803.360390225422,19
4813.361337374503,20
4823.362284523584,18
4833.363231672665,10
4843.3641788217465,21
4853.365125970828,14
4863.366073119909,21
4873.36702026899,22
4883.367967418071,16
4893.368914567152,22
4903.369861716234,15
4913.370808865315,17
4923.371756014396,17
4933.372703163477,19
4943.373650312558,16
4953.3745974616395,18
4963.375544610722,31
4973.376491759803,14
4983.377438908884,22
4993.378386057965,17
5003.379333207046,13
5013.380280356128,23
5023.38122750521,21
5033.382174654291,15
5043.383121803372,19
5053.384068952453,21
5063.385016101534,15
5073.3859632506155,15
5083.386910399697,18
5093.387857548778,16
5103.388804697859,19
5113.38975184694,19
5123.3906989960215,21
5133.391646145103,22
5143.392593294184,13
5153.393540443265,21
5163.394487592347,15
5173.395434741428,16
5183.3963818905095,14
5193.397329039591,17
5203.398276188672,14
5213.399223337753,16
5223.400170486834,20
5233.401117635915,20
5243.402064784997,18
5253.403011934078,15
5263.40395908316,21
5273.404906232241,18
5283.405853381322,26
5293.406800530403,8
5303.407747679485,21
5313.408694828566,20
5323.409641977647,19
5333.410589126728,18
5343.411536275809,15
5353.4124834248905,18
5363.413430573972,14
5373.414377723053,16
5383.415324872134,20
5393.416272021216,20
5403.417219170297,13
5413.4181663193785,14
5423.41911346846,20
5433.420060617541,16
5443.421007766622,20
5453.421954915703,27
5463.4229020647845,14
5473.423849213866,16
5483.424796362947,15
5493.425743512029,14
5503.42669066111,14
5513.427637810191,10
5523.4285849592725,15
5533.429532108354,19
5543.430479257435,10
5553.431426406516,15
5563.432373555597,15
5573.433320704678,14
5583.43426785376,19
5593.435215002841,14
5603.436162151922,12
5613.437109301004,16
5623.438056450085,22
5633.439003599166,15
5643.439950748248,13
5653.440897897329,11
5663.44184504641,18
5673.442792195491,18
5683.443739344572,15
5693.4446864936535,14
5703.445633642735,24
5713.446580791816,21
5723.447527940898,8
5733.448475089979,16
5743.44942223906,15
5753.450369388142,13
5763.451316537223,15
5773.452263686304,19
5783.453210835385,14
5793.454157984466,22
5803.4551051335475,21
5813.456052282629,11
5823.45699943171,22
5833.457946580791,12
5843.458893729873,16
5853.459840878954,17
5863.4607880280355,16
5873.461735177117,23
5883.462682326198,21
5893.463629475279,16
5903.46457662436,15
5913.465523773441,8
5923.466470922523,10
5933.467418071604,23
5943.468365220686,29
5953.469312369767,23
5963.470259518848,18
5973.471206667929,17
5983.472153817011,17
5993.473100966092,12
6003.474048115173,20
6013.474995264254,17
6023.475942413335,13
6033.4768895624165,18
6043.477836711498,13
6053.478783860579,13
6063.47973100966,15
6073.480678158742,20
6083.481625307823,18
6093.482572456905,17
6103.483519605986,25
6113.484466755067,20
6123.485413904148,24
6133.486361053229,13
6143.4873082023105,19
6153.488255351392,10
6163.489202500473,23
6173.490149649555,19
6183.491096798636,19
6193.492043947717,25
6203.4929910967985,17
6213.49393824588,18
6223.494885394961,14
6233.495832544042,19
6243.496779693123,18
6253.497726842204,17
6263.498673991286,15
6273.499621140367,16
6283.500568289448,17
6293.501515438529,16
6303.502462587611,17
6313.503409736692,18
6323.504356885774,11
6333.505304034855,13
6343.506251183936,27
6353.507198333017,19
6363.508145482098,19
6373.50909263118,21
6383.510039780261,23
6393.510986929342,26
6403.511934078424,20
6413.512881227505,20
6423.513828376586,27
6433.514775525668,19
6443.515722674749,30
6453.51666982383,19
6463.517616972911,22
6473.518564121992,19
6483.5195112710735,23
6493.520458420155,28
6503.521405569236,20
6513.522352718317,24
6523.523299867399,36
6533.52424701648,21
6543.5251941655615,25
6553.526141314643,12
6563.527088463724,29
6573.528035612805,21
6583.528982761886,22
6593.529929910967,21
6603.530877060049,23
6613.53182420913,25
6623.532771358211,22
6633.533718507293,23
6643.534665656374,23
6653.5356128054555,20
6663.536559954537,27
6673.537507103618,24
6683.538454252699,32
6693.53940140178,23
6703.540348550861,30
6713.541295699943,20
6723.542242849024,23
6733.543189998105,28
6743.544137147186,27
6753.545084296268,26
6763.546031445349,25
6773.546978594431,32
6783.547925743512,15
6793.548872892593,26
6803.549820041674,26
6813.550767190755,26
6823.5517143398365,31
6833.552661488918,20
6843.553608637999,32
6853.554555787081,15
6863.555502936162,21
6873.556450085243,30
6883.5573972343245,31
6893.558344383406,29
6903.559291532487,29
6913.560238681568,17
6923.561185830649,35
6933.56213297973,31
6943.563080128812,26
6953.564027277893,25
6963.564974426974,23
6973.565921576055,27
6983.566868725137,34
6993.5678158742185,30
7003.5687630233,34
7013.569710172381,33
7023.570657321462,32
7033.571604470543,24
7043.572551619624,40
7053.573498768706,29
7063.574445917787,35
7073.575393066868,36
7083.57634021595,32
7093.577287365031,33
7103.578234514112,26
7113.579181663194,40
7123.580128812275,38
7133.581075961356,41
7143.582023110437,37
7153.582970259518,30
7163.5839174085995,31
7173.584864557681,34
7183.585811706762,13
7193.586758855843,42
7203.587706004924,38
7213.588653154006,41
7223.5896003030875,34
7233.590547452169,29
7243.59149460125,30
7253.592441750331,34
7263.593388899412,33
7273.5943360484935,37
7283.595283197575,41
7293.596230346656,45
7303.597177495737,49
7313.598124644819,44
7323.5990717939,33
7333.6000189429815,54
7343.600966092063,29
7353.601913241144,36
7363.602860390225,37
7373.603807539306,39
7383.604754688387,48
7393.605701837469,42
7403.60664898655,34
7413.607596135631,36
7423.608543284712,42
7433.609490433794,42
7443.610437582875,44
7453.611384731957,43
7463.612331881038,41
7473.613279030119,46
7483.6142261792,30
7493.615173328281,51
7503.6161204773625,37
7513.617067626444,40
7523.618014775525,39
7533.618961924606,63
7543.619909073688,42
7553.620856222769,47
7563.621803371851,55
7573.622750520932,40
7583.623697670013,47
7593.624644819094,50
7603.625591968175,48
7613.6265391172565,47
7623.627486266338,57
7633.628433415419,53
7643.6293805645,54
7653.630327713581,45
7663.631274862663,45
7673.6322220117445,49
7683.633169160826,49
7693.634116309907,52
7703.635063458988,52
7713.636010608069,39
7723.63695775715,43
7733.637904906232,47
7743.638852055313,54
7753.639799204394,44
7763.640746353476,39
7773.641693502557,60
7783.642640651638,52
7793.64358780072,64
7803.644534949801,50
7813.645482098882,51
7823.646429247963,58
7833.647376397044,56
7843.6483235461255,61
7853.649270695207,55
7863.650217844288,48
7873.651164993369,62
7883.65211214245,63
7893.653059291532,49
7903.654006440614,55
7913.654953589695,64
7923.655900738776,65
7933.656847887857,55
7943.657795036938,60
7953.6587421860195,56
7963.659689335101,56
7973.660636484182,66
7983.661583633263,64
7993.662530782345,74
8003.663477931426,71
8013.6644250805075,62
8023.665372229589,59
8033.66631937867,73
8043.667266527751,66
8053.668213676832,64
8063.669160825913,64
8073.670107974995,59
8083.671055124076,74
8093.672002273157,82
8103.672949422238,77
8113.673896571319,73
8123.674843720401,74
8133.675790869483,64
8143.676738018564,66
8153.677685167645,79
8163.678632316726,67
8173.679579465807,64
8183.680526614889,71
8193.68147376397,58
8203.682420913052,81
8213.683368062133,72
8223.684315211214,81
8233.685262360295,94
8243.686209509377,70
8253.687156658458,83
8263.688103807539,75
8273.68905095662,83
8283.689998105701,80
8293.690945254782,70
8303.691892403864,81
8313.692839552945,77
8323.693786702026,71
8333.694733851107,73
8343.695681000188,88
8353.69662814927,71
8363.69757529835,88
8373.698522447432,84
8383.699469596513,96
8393.700416745594,75
8403.701363894676,80
8413.702311043757,83
8423.703258192838,79
8433.704205341919,82
8443.705152491,94
8453.706099640083,88
8463.707046789164,93
8473.707993938246,92
8483.708941087327,71
8493.709888236408,87
8503.71083538549,88
8513.71178253457,87
8523.712729683652,89
8533.713676832733,81
8543.714623981814,67
8553.715571130895,80
8563.716518279976,89
8573.71746542906,99
8583.71841257814,85
8593.719359727222,97
8603.720306876303,94
8613.721254025384,114
8623.722201174465,99
8633.723148323546,80
8643.724095472628,86
8653.725042621709,85
8663.72598977079,88
8673.726936919871,92
8683.727884068952,80
8693.728831218034,70
8703.729778367115,83
8713.730725516196,66
8723.731672665277,105
8733.732619814358,75
8743.73356696344,92
8753.73451411252,106
8763.735461261602,106
8773.736408410683,122
8783.737355559764,71
8793.738302708845,100
8803.739249857927,104
8813.740197007008,89
8823.741144156089,99
8833.74209130517,95
8843.743038454251,100
8853.743985603332,102
8863.744932752414,86
8873.745879901495,88
8883.746827050576,69
8893.747774199657,76
8903.74872134874,100
8913.749668497821,93
8923.750615646903,103
8933.751562795984,86
8943.752509945065,86
8953.753457094146,86
8963.754404243227,83
8973.755351392309,80
8983.75629854139,102
8993.75724569047,107
9003.758192839552,102
9013.759139988633,89
9023.760087137714,95
9033.761034286797,87
9043.761981435879,87
9053.76292858496,101
9063.763875734041,112
9073.764822883122,85
9083.765770032203,89
9093.766717181285,115
9103.767664330366,130
9113.768611479447,110
9123.769558628528,104
9133.77050577761,81
9143.77145292669,111
9153.772400075772,91
9163.773347224853,88
9173.774294373934,98
9183.775241523015,97
9193.776188672096,71
9203.777135821178,92
9213.778082970259,94
9223.77903011934,119
9233.779977268421,90
9243.780924417502,82
9253.781871566584,86
9263.782818715665,86
9273.783765864746,106
9283.784713013827,89
9293.785660162908,82
9303.786607311991,120
9313.787554461072,92
9323.788501610154,100
9333.789448759235,92
9343.790395908316,107
9353.791343057397,94
9363.792290206478,100
9373.79323735556,93
9383.79418450464,97
9393.795131653722,103
9403.796078802803,88
9413.797025951884,96
9423.797973100965,98
9433.798920250047,92
9443.799867399128,89
9453.800814548209,99
9463.80176169729,112
9473.802708846371,101
9483.803655995453,95
9493.804603144534,81
9503.805550293615,100
9513.806497442696,92
9523.807444591777,117
9533.808391740858,94
9543.809338889942,96
9553.810286039023,102
9563.811233188104,102
9573.812180337185,106
9583.813127486266,100
9593.814074635347,84
9603.815021784429,96
9613.81596893351,90
9623.816916082591,107
9633.817863231672,107
9643.818810380753,95
9653.819757529835,112
9663.820704678916,86
9673.821651827997,100
9683.822598977078,93
9693.82354612616,126
9703.82449327524,109
9713.825440424322,98
9723.826387573403,99
9733.827334722484,116
9743.828281871565,106
9753.829229020646,104
9763.83017616973,109
9773.83112331881,113
9783.832070467892,98
9793.833017616973,113
9803.833964766054,130
9813.834911915135,100
9823.835859064216,105
9833.836806213298,106
9843.837753362379,119
9853.83870051146,111
9863.839647660541,115
9873.840594809622,110
9883.841541958704,118
9893.842489107785,132
9903.843436256866,108
9913.844383405947,113
9923.845330555028,113
9933.84627770411,138
9943.84722485319,138
9953.848172002272,128
9963.849119151353,105
9973.850066300434,119
9983.851013449515,110
9993.851960598598,137
10003.85290774768,117
10013.85385489676,122
10023.854802045842,119
10033.855749194923,117
10043.856696344004,118
10053.857643493086,113
10063.858590642167,136
10073.859537791248,134
10083.86048494033,129
10093.86143208941,134
10103.862379238491,127
10113.863326387573,126
10123.864273536654,116
10133.865220685735,134
10143.866167834816,119
10153.867114983897,131
10163.868062132979,117
10173.86900928206,141
10183.869956431141,142
10193.870903580222,136
10203.871850729303,130
10213.872797878386,148
10223.873745027468,137
10233.874692176549,110
10243.87563932563,130
10253.876586474711,128
10263.877533623792,101
10273.878480772873,127
10283.879427921955,118
10293.880375071036,141
10303.881322220117,138
10313.882269369198,127
10323.88321651828,127
10333.88416366736,117
10343.885110816442,139
10353.886057965523,143
10363.887005114604,122
10373.887952263685,118
10383.888899412766,132
10393.889846561848,117
10403.890793710929,117
10413.89174086001,132
10423.892688009091,134
10433.893635158172,110
10443.894582307254,141
10453.895529456337,147
10463.896476605418,112
10473.897423754499,114
10483.89837090358,125
10493.899318052661,123
10503.900265201743,123
10513.901212350824,127
10523.902159499905,140
10533.903106648986,125
10543.904053798067,135
10553.905000947148,132
10563.90594809623,121
10573.90689524531,130
10583.907842394392,154
10593.908789543473,145
10603.909736692554,144
10613.910683841636,143
10623.911630990717,128
10633.912578139798,126
10643.91352528888,124
10653.91447243796,132
10663.915419587041,130
10673.916366736124,129
10683.917313885206,123
10693.918261034287,143
10703.919208183368,163
10713.92015533245,139
10723.92110248153,149
10733.922049630612,131
10743.922996779693,131
10753.923943928774,144
10763.924891077855,149
10773.925838226936,131
10783.926785376018,152
10793.927732525099,159
10803.92867967418,138
10813.929626823261,175
10823.930573972342,117
10833.931521121423,137
10843.932468270505,141
10853.933415419586,128
10863.934362568667,153
10873.935309717748,153
10883.93625686683,141
10893.93720401591,144
10903.938151164994,133
10913.939098314075,139
10923.940045463156,140
10933.940992612237,148
10943.941939761318,152
10953.9428869104,162
10963.94383405948,135
10973.944781208562,147
10983.945728357643,171
10993.946675506724,151
11003.947622655805,193
11013.948569804887,177
11023.949516953968,159
11033.950464103049,145
11043.95141125213,162
11053.952358401211,161
11063.953305550292,153
11073.954252699374,155
11083.955199848455,179
11093.956146997536,173
11103.957094146617,157
11113.958041295698,151
11123.958988444781,186
11133.959935593863,159
11143.960882742944,176
11153.961829892025,162
11163.962777041106,151
11173.963724190187,143
11183.964671339269,175
11193.96561848835,169
11203.96656563743,182
11213.967512786512,173
11223.968459935593,194
11233.969407084674,161
11243.970354233756,197
11253.971301382837,193
11263.972248531918,166
11273.973195681,164
11283.97414283008,175
11293.975089979162,184
11303.976037128243,170
11313.976984277324,184
11323.977931426405,187
11333.978878575486,197
11343.979825724567,176
11353.980772873649,165
11363.981720022732,187
11373.982667171813,193
11383.983614320894,201
11393.984561469975,181
11403.985508619056,229
11413.986455768138,192
11423.987402917219,210
11433.9883500663,221
11443.989297215381,180
11453.990244364462,218
11463.991191513544,198
11473.992138662625,197
11483.993085811706,229
11493.994032960787,234
11503.994980109868,234
11513.99592725895,218
11523.99687440803,228
11533.997821557112,234
11543.998768706193,213
11553.999715855274,221
11564.000663004355,218
11574.001610153437,217
11584.00255730252,206
11594.0035044516,218
11604.004451600682,218
11614.005398749763,222
11624.006345898844,245
11634.007293047925,245
11644.008240197007,213
11654.009187346088,266
11664.010134495169,240
11674.01108164425,274
11684.012028793331,255
11694.012975942413,248
11704.013923091494,245
11714.014870240575,261
11724.015817389656,253
11734.016764538737,247
11744.017711687819,273
11754.0186588369,248
11764.01960598598,274
11774.020553135062,246
11784.021500284143,285
11794.022447433224,289
11804.023394582306,258
11814.024341731389,288
11824.02528888047,267
11834.026236029551,261
11844.027183178632,266
11854.028130327713,300
11864.029077476795,295
11874.030024625876,282
11884.030971774957,284
11894.031918924038,304
11904.03286607312,280
11914.0338132222,297
11924.034760371282,307
11934.035707520363,306
11944.036654669444,295
11954.037601818525,309
11964.038548967606,322
11974.039496116688,309
11984.040443265769,349
11994.04139041485,335
12004.042337563931,313
12014.043284713012,317
12024.044231862094,332
12034.045179011177,322
12044.046126160258,338
12054.047073309339,331
12064.04802045842,335
12074.048967607501,297
12084.049914756582,353
12094.050861905664,338
12104.051809054745,362
12114.052756203826,346
12124.053703352907,380
12134.054650501988,358
12144.05559765107,382
12154.05654480015,352
12164.057491949232,346
12174.058439098313,357
12184.059386247394,368
12194.060333396475,392
12204.061280545557,404
12214.062227694638,376
12224.063174843719,364
12234.0641219928,397
12244.065069141881,370
12254.066016290963,369
12264.066963440044,402
12274.067910589127,348
12284.068857738208,400
12294.06980488729,360
12304.07075203637,390
12314.071699185452,399
12324.072646334533,428
12334.073593483614,387
12344.074540632695,429
12354.075487781776,413
12364.076434930857,443
12374.077382079939,465
12384.07832922902,429
12394.079276378101,450
12404.080223527182,416
12414.081170676263,458
12424.082117825345,407
12434.083064974426,418
12444.084012123507,436
12454.084959272588,433
12464.08590642167,441
12474.08685357075,426
12484.087800719832,438
12494.088747868915,471
12504.089695017996,449
12514.090642167077,416
12524.091589316158,469
12534.09253646524,466
12544.09348361432,485
12554.094430763402,485
12564.095377912483,476
12574.096325061564,478
12584.097272210645,465
12594.098219359726,483
12604.099166508808,490
12614.100113657889,465
12624.10106080697,504
12634.102007956051,491
12644.102955105132,484
12654.103902254214,523
12664.104849403295,436
12674.105796552376,497
12684.106743701457,516
12694.107690850538,463
12704.10863799962,536
12714.1095851487,479
12724.110532297784,500
12734.111479446865,470
12744.112426595946,484
12754.113373745027,527
12764.114320894108,486
12774.11526804319,478
12784.11621519227,487
12794.117162341352,522
12804.118109490433,542
12814.119056639514,535
12824.120003788596,504
12834.120950937677,541
12844.121898086758,536
12854.12284523584,520
12864.12379238492,482
12874.124739534001,503
12884.125686683083,484
12894.126633832164,508
12904.127580981245,530
12914.128528130326,508
12924.129475279407,471
12934.130422428489,521
12944.131369577572,484
12954.132316726653,537
12964.133263875734,531
12974.134211024815,518
12984.135158173896,516
12994.136105322978,529
13004.137052472059,520
13014.13799962114,491
13024.138946770221,528
13034.139893919302,504
13044.140841068383,534
13054.141788217465,492
13064.142735366546,514
13074.143682515627,493
13084.144629664708,555
13094.14557681379,526
13104.14652396287,486
13114.147471111952,521
13124.148418261033,497
13134.149365410114,554
13144.150312559195,535
13154.151259708276,552
13164.152206857358,523
13174.153154006439,500
13184.154101155522,520
13194.155048304603,490
13204.155995453684,493
13214.156942602765,569
13224.157889751847,558
13234.158836900928,560
13244.159784050009,503
13254.16073119909,525
13264.161678348171,486
13274.162625497253,501
13284.163572646334,520
13294.164519795415,513
13304.165466944496,489
13314.166414093577,506
13324.167361242658,480
13334.16830839174,554
13344.16925554082,499
13354.170202689902,508
13364.171149838983,550
13374.172096988064,535
13384.173044137146,500
13394.173991286227,513
13404.17493843531,467
13414.175885584391,459
13424.176832733472,487
13434.177779882553,481
13444.178727031634,497
13454.179674180716,552
13464.180621329797,494
13474.181568478878,506
13484.18251562796,503
13494.18346277704,492
13504.184409926122,481
13514.185357075203,530
13524.186304224284,518
13534.187251373365,523
13544.188198522446,526
13554.189145671528,531
13564.190092820609,533
13574.19103996969,479
13584.191987118771,495
13594.192934267852,474
13604.193881416933,501
13614.194828566015,503
13624.195775715096,473
13634.196722864179,488
13644.19767001326,454
13654.198617162341,500
13664.199564311422,493
13674.200511460504,489
13684.201458609585,473
13694.202405758666,471
13704.203352907747,489
13714.204300056828,465
13724.20524720591,485
13734.20619435499,457
13744.207141504072,441
13754.208088653153,448
13764.209035802234,454
13774.209982951315,475
13784.210930100397,434
13794.211877249478,444
13804.212824398559,476
13814.21377154764,453
13824.214718696721,440
13834.215665845803,454
13844.216612994884,434
13854.217560143967,464
13864.218507293048,449
13874.219454442129,394
13884.22040159121,417
13894.221348740291,452
13904.222295889373,438
13914.223243038454,428
13924.224190187535,456
13934.225137336616,442
13944.226084485697,465
13954.227031634779,414
13964.22797878386,450
13974.228925932941,453
13984.229873082022,432
13994.230820231103,438
14004.231767380184,420
14014.232714529266,428
14024.233661678347,451
14034.234608827428,480
14044.23555597651,445
14054.23650312559,445
14064.237450274672,465
14074.238397423753,450
14084.239344572834,460
14094.240291721917,431
14104.241238870998,451
14114.24218602008,414
14124.24313316916,413
14134.244080318242,402
14144.245027467323,446
14154.245974616404,421
14164.246921765485,380
14174.247868914566,400
14184.248816063648,435
14194.249763212729,418
14204.25071036181,386
14214.251657510891,425
14224.252604659972,416
14234.253551809054,415
14244.254498958135,392
14254.255446107216,418
14264.256393256297,433
14274.257340405378,390
14284.25828755446,412
14294.25923470354,385
14304.260181852622,413
14314.261129001705,394
14324.262076150786,383
14334.263023299867,433
14344.263970448948,403
14354.26491759803,379
14364.26586474711,443
14374.266811896192,418
14384.267759045273,392
14394.268706194354,404
14404.269653343435,395
14414.270600492517,380
14424.271547641598,411
14434.272494790679,391
14444.27344193976,383
14454.274389088841,381
14464.275336237923,394
14474.276283387004,409
14484.277230536085,404
14494.278177685166,414
14504.279124834247,383
14514.280071983329,375
14524.28101913241,383
14534.28196628149,399
14544.282913430574,387
14554.283860579655,384
14564.284807728736,383
14574.285754877817,398
14584.286702026899,413
14594.28764917598,353
14604.288596325061,373
14614.289543474142,387
14624.290490623223,357
14634.291437772305,393
14644.292384921386,388
14654.293332070467,385
14664.294279219548,379
14674.29522636863,373
14684.29617351771,413
14694.297120666792,382
14704.298067815873,368
14714.299014964954,352
14724.299962114035,350
14734.300909263116,373
14744.301856412198,383
14754.302803561279,382
14764.303750710362,340
14774.304697859443,351
14784.305645008524,345
14794.306592157605,378
14804.307539306687,365
14814.308486455768,389
14824.309433604849,379
14834.31038075393,323
14844.311327903011,376
14854.312275052092,352
14864.313222201174,346
14874.314169350255,358
14884.315116499336,346
14894.316063648417,348
14904.317010797498,359
14914.31795794658,339
14924.31890509566,372
14934.319852244742,365
14944.320799393823,359
14954.321746542904,344
14964.322693691985,331
14974.323640841067,345
14984.324587990148,331
14994.325535139229,346
15004.326482288312,337
15014.327429437393,357
15024.328376586474,306
15034.329323735556,333
15044.330270884637,332
15054.331218033718,331
15064.3321651828,324
15074.33311233188,295
15084.334059480962,338
15094.335006630043,315
15104.335953779124,304
15114.336900928205,330
15124.337848077286,301
15134.338795226367,348
15144.339742375449,319
15154.34068952453,319
15164.341636673611,308
15174.342583822692,345
15184.343530971773,293
15194.344478120855,313
15204.345425269936,305
15214.346372419017,298
15224.3473195681,291
15234.348266717181,288
15244.349213866262,265
15254.350161015343,302
15264.351108164425,285
15274.352055313506,271
15284.353002462587,299
15294.353949611668,256
15304.35489676075,305
15314.35584390983,258
15324.356791058912,293
15334.357738207993,273
15344.358685357074,269
15354.359632506155,273
15364.360579655237,296
15374.361526804318,251
15384.362473953399,271
15394.36342110248,279
15404.364368251561,288
15414.365315400642,244
15424.366262549724,293
15434.367209698805,228
15444.368156847886,278
15454.369103996969,274
15464.37005114605,271
15474.370998295131,279
15484.371945444213,269
15494.372892593294,270
15504.373839742375,237
15514.374786891456,256
15524.375734040537,257
15534.376681189618,234
15544.3776283387,265
15554.37857548778,199
15564.379522636862,238
15574.380469785943,236
15584.381416935024,225
15594.382364084106,234
15604.383311233187,231
15614.384258382268,226
15624.38520553135,258
15634.38615268043,215
15644.387099829511,227
15654.388046978593,236
15664.388994127674,211
15674.389941276757,194
15684.390888425838,206
15694.39183557492,193
15704.392782724,182
15714.393729873082,257
15724.394677022163,222
15734.395624171244,191
15744.396571320325,193
15754.397518469406,199
15764.398465618488,195
15774.399412767569,195
15784.40035991665,188
15794.401307065731,169
15804.402254214812,183
15814.403201363893,165
15824.404148512975,194
15834.405095662056,191
15844.406042811137,178
15854.406989960218,173
15864.4079371093,168
15874.40888425838,182
15884.409831407462,154
15894.410778556543,164
15904.411725705624,165
15914.412672854707,153
15924.413620003788,174
15934.41456715287,159
15944.41551430195,165
15954.416461451032,157
15964.417408600113,142
15974.418355749194,175
15984.419302898275,151
15994.420250047357,149
16004.421197196438,142
16014.422144345519,151
16024.4230914946,139
16034.424038643681,135
16044.424985792763,131
16054.425932941844,128
16064.426880090925,125
16074.427827240006,144
16084.428774389087,121
16094.429721538168,146
16104.43066868725,124
16114.43161583633,120
16124.432562985412,142
16134.433510134495,122
16144.434457283576,123
16154.435404432657,114
16164.436351581739,124
16174.43729873082,116
16184.438245879901,116
16194.439193028982,131
16204.440140178063,105
16214.441087327144,111
16224.442034476226,103
16234.442981625307,113
16244.443928774388,111
16254.44487592347,113
16264.44582307255,106
16274.446770221632,94
16284.447717370713,98
16294.448664519794,100
16304.449611668875,102
16314.450558817956,91
16324.451505967038,80
16334.452453116119,88
16344.4534002652,91
16354.454347414281,92
16364.455294563364,98
16374.456241712445,101
16384.457188861525,97
16394.45813601061,92
16404.459083159687,79
16414.460030308772,79
16424.46097745785,83
16434.461924606934,95
16444.46287175601,75
16454.463818905097,86
16464.464766054174,84
16474.46571320326,56
16484.466660352336,80
16494.46760750142,82
16504.4685546505,89
16514.469501799584,64
16524.47044894866,62
16534.471396097746,61
16544.472343246824,61
16554.47329039591,68
16564.474237544986,71
16574.47518469407,61
16584.476131843152,75
16594.477078992233,62
16604.478026141314,57
16614.478973290396,61
16624.479920439477,49
16634.480867588558,66
16644.48181473764,68
16654.48276188672,46
16664.4837090358,65
16674.484656184883,56
16684.485603333964,59
16694.486550483045,53
16704.487497632126,38
16714.488444781207,54
16724.48939193029,61
16734.49033907937,51
16744.49128622845,41
16754.492233377532,38
16764.493180526613,44
16774.494127675694,52
16784.495074824776,42
16794.496021973857,35
16804.496969122938,59
16814.49791627202,42
16824.498863421104,37
16834.49981057018,38
16844.500757719266,37
16854.501704868344,35
16864.50265201743,47
16874.503599166506,43
16884.50454631559,40
16894.50549346467,33
16904.506440613754,37
16914.50738776283,27
16924.508334911916,36
16934.509282060993,32
16944.51022921008,42
16954.511176359156,24
16964.51212350824,37
16974.513070657318,34
16984.514017806403,40
16994.51496495548,29
17004.515912104565,24
17014.516859253643,31
17024.517806402728,25
17034.518753551805,34
17044.51970070089,21
17054.52064784997,30
17064.521594999052,33
17074.522542148134,32
17084.523489297215,31
17094.524436446296,22
17104.525383595377,29
17114.52633074446,27
17124.52727789354,16
17134.52822504262,31
17144.529172191702,29
17154.530119340783,28
17164.531066489864,26
17174.532013638946,19
17184.532960788027,19
17194.533907937108,21
17204.53485508619,13
17214.53580223527,31
17224.53674938435,25
17234.537696533433,20
17244.538643682514,25
17254.539590831595,19
17264.540537980676,15
17274.541485129757,24
17284.54243227884,18
17294.543379427923,15
17304.544326577,11
17314.545273726086,19
17324.546220875163,22
17334.547168024248,17
17344.548115173326,19
17354.54906232241,19
17364.550009471488,12
17374.550956620573,21
17384.55190376965,21
17394.552850918735,14
17404.553798067813,21
17414.554745216898,21
17424.555692365975,17
17434.55663951506,19
17444.557586664137,16
17454.558533813222,10
17464.5594809623,19
17474.560428111385,25
17484.561375260462,17
17494.562322409547,15
17504.563269558625,13
17514.56421670771,18
17524.565163856787,17
17534.56611100587,11
17544.56705815495,17
17554.568005304034,16
17564.56895245311,8
17574.569899602197,17
17584.570846751274,13
17594.57179390036,5
17604.572741049436,20
17614.57368819852,7
17624.574635347606,10
17634.575582496684,17
17644.57652964577,18
17654.577476794846,10
17664.57842394393,11
17674.57937109301,18
17684.580318242093,16
17694.58126539117,15
17704.582212540256,9
17714.583159689333,11
17724.584106838418,9
17734.585053987495,9
17744.58600113658,11
17754.586948285658,12
17764.587895434743,5
17774.58884258382,16
17784.589789732905,11
17794.590736881983,9
17804.591684031067,12
17814.592631180145,12
17824.59357832923,13
17834.594525478307,10
17844.595472627392,18
17854.59641977647,10
17864.597366925555,18
17874.598314074632,11
17884.599261223717,11
17894.600208372794,9
17904.60115552188,10
17914.602102670957,9
17924.60304982004,11
17934.60399696912,5
17944.604944118204,11
17954.60589126728,10
17964.606838416366,8
17974.607785565444,14
17984.60873271453,11
17994.609679863606,11
18004.61062701269,11
18014.61157416177,9
18024.612521310853,11
18034.61346845993,11
18044.614415609016,8
18054.615362758093,16
18064.61630990718,9
18074.617257056263,6
18084.61820420534,9
18094.619151354425,12
18104.620098503503,10
18114.621045652588,13
18124.621992801665,11
18134.62293995075,14
18144.623887099828,12
18154.624834248913,12
18164.62578139799,8
18174.626728547075,8
18184.627675696152,10
18194.628622845237,11
18204.629569994315,12
18214.6305171434,11
18224.631464292477,10
18234.632411441562,9
18244.63335859064,6
18254.634305739724,17
18264.635252888802,16
18274.636200037887,8
18284.637147186964,11
18294.63809433605,12
18304.639041485127,14
18314.63998863421,14
18324.64093578329,8
18334.641882932374,12
18344.64283008145,19
18354.643777230536,7
18364.644724379614,10
18374.6456715287,9
18384.646618677776,8
18394.64756582686,8
18404.64851297594,14
18414.649460125023,13
18424.6504072741,12
18434.651354423186,10
18444.652301572263,10
18454.653248721348,17
18464.654195870426,11
18474.65514301951,11
18484.656090168588,8
18494.657037317673,8
18504.65798446675,8
18514.658931615835,11
18524.659878764916,7
18534.660825913998,10
18544.661773063082,12
18554.66272021216,7
18564.663667361245,6
18574.664614510322,17
18584.665561659407,8
18594.666508808485,6
18604.66745595757,9
18614.668403106647,14
18624.669350255732,11
18634.67029740481,9
18644.671244553894,6
18654.67219170297,12
18664.673138852057,16
18674.674086001134,10
18684.67503315022,9
18694.675980299296,15
18704.67692744838,10
18714.67787459746,14
18724.678821746544,9
18734.67976889562,13
18744.680716044706,13
18754.681663193784,9
18764.68261034287,11
18774.683557491946,11
18784.68450464103,10
18794.68545179011,14
18804.686398939193,16
18814.68734608827,14
18824.688293237356,21
18834.689240386433,9
18844.690187535518,6
18854.691134684595,15
18864.69208183368,14
18874.693028982758,13
18884.693976131843,8
18894.69492328092,18
18904.695870430005,14
18914.696817579083,12
18924.697764728167,16
18934.698711877245,10
18944.69965902633,13
18954.700606175407,8
18964.701553324492,9
18974.702500473573,17
18984.703447622654,8
18994.70439477174,16
19004.705341920817,13
19014.7062890699,17
19024.70723621898,8
19034.708183368064,15
19044.70913051714,5
19054.710077666226,13
19064.711024815304,13
19074.71197196439,5
19084.712919113466,15
19094.71386626255,15
19104.71481341163,17
19114.715760560714,11
19124.71670770979,11
19134.717654858876,13
19144.718602007953,16
19154.71954915704,10
19164.720496306116,16
19174.7214434552,21
19184.72239060428,17
19194.723337753363,13
19204.72428490244,11
19214.725232051525,12
19224.726179200603,8
19234.727126349688,14
19244.728073498765,19
19254.72902064785,13
19264.729967796928,14
19274.730914946012,19
19284.73186209509,14
19294.732809244175,15
19304.733756393252,10
19314.734703542337,10
19324.735650691415,13
19334.7365978405,11
19344.737544989577,11
19354.738492138662,16
19364.73943928774,14
19374.740386436824,23
19384.741333585902,24
19394.742280734987,12
19404.743227884064,15
19414.74417503315,11
19424.745122182227,13
19434.74606933131,10
19444.747016480396,18
19454.747963629474,15
19464.74891077856,12
19474.749857927636,13
19484.75080507672,13
19494.7517522258,11
19504.752699374883,17
19514.75364652396,15
19524.754593673046,15
19534.755540822123,13
19544.756487971208,14
19554.757435120286,13
19564.75838226937,15
19574.759329418448,14
19584.760276567533,13
19594.76122371661,18
19604.762170865695,15
19614.763118014773,13
19624.764065163858,11
19634.765012312935,7
19644.76595946202,11
19654.766906611098,13
19664.767853760182,15
19674.76880090926,18
19684.769748058345,8
19694.770695207422,19
19704.771642356507,10
19714.772589505585,16
19724.77353665467,14
19734.774483803747,11
19744.77543095283,18
19754.77637810191,8
19764.777325250994,14
19774.77827240007,12
19784.779219549157,27
19794.780166698234,19
19804.78111384732,16
19814.782060996396,20
19824.78300814548,13
19834.78395529456,24
19844.784902443644,13
19854.78584959272,15
19864.786796741806,13
19874.787743890884,16
19884.78869103997,17
19894.789638189053,18
19904.79058533813,18
19914.791532487216,12
19924.792479636293,15
19934.793426785378,11
19944.794373934456,22
19954.79532108354,21
19964.796268232618,11
19974.797215381703,14
19984.79816253078,17
19994.799109679865,17
20004.800056828943,16
20014.801003978027,21
20024.801951127105,20
20034.80289827619,21
20044.803845425267,15
20054.804792574352,16
20064.80573972343,20
20074.806686872515,15
20084.807634021592,17
20094.808581170677,10
20104.809528319754,17
20114.81047546884,10
20124.811422617917,19
20134.812369767,21
20144.81331691608,20
20154.814264065164,16
20164.81521121424,11
20174.816158363326,18
20184.817105512404,11
20194.81805266149,20
20204.818999810566,16
20214.81994695965,19
20224.82089410873,24
20234.821841257814,14
20244.82278840689,20
20254.823735555976,11
20264.824682705053,17
20274.82562985414,14
20284.826577003216,19
20294.8275241523,15
20304.828471301378,21
20314.829418450463,25
20324.83036559954,18
20334.831312748625,15
20344.832259897707,17
20354.833207046788,17
20364.834154195873,10
20374.83510134495,15
20384.836048494035,17
20394.836995643112,18
20404.837942792197,15
20414.838889941275,21
20424.83983709036,21
20434.840784239437,16
20444.841731388522,14
20454.8426785376,15
20464.843625686684,16
20474.844572835762,13
20484.845519984847,18
20494.846467133924,21
20504.84741428301,14
20514.848361432087,19
20524.84930858117,16
20534.85025573025,19
20544.851202879334,23
20554.85215002841,17
20564.853097177496,18
20574.854044326574,13
20584.85499147566,15
20594.855938624736,11
20604.85688577382,18
20614.8578329229,15
20624.858780071983,19
20634.85972722106,8
20644.860674370146,17
20654.861621519223,17
20664.862568668308,17
20674.863515817386,16
20684.86446296647,22
20694.865410115548,19
20704.866357264633,15
20714.86730441371,17
20724.868251562795,15
20734.869198711873,23
20744.870145860958,27
20754.871093010035,26
20764.87204015912,17
20774.872987308197,17
20784.873934457282,13
20794.874881606363,18
20804.875828755445,7
20814.87677590453,23
20824.877723053607,14
20834.878670202692,18
20844.87961735177,16
20854.880564500854,16
20864.88151164993,14
20874.882458799017,15
20884.883405948094,22
20894.88435309718,10
20904.885300246257,15
20914.88624739534,11
20924.88719454442,19
20934.888141693504,27
20944.88908884258,18
20954.890035991666,22
20964.890983140744,20
20974.89193028983,19
20984.892877438906,22
20994.89382458799,12
21004.89477173707,22
21014.895718886153,22
21024.89666603523,19
21034.897613184316,21
21044.898560333393,14
21054.899507482478,14
21064.900454631555,23
21074.90140178064,16
21084.902348929718,28
21094.903296078803,19
21104.90424322788,24
21114.905190376965,23
21124.906137526043,17
21134.907084675127,23
21144.908031824205,19
21154.90897897329,25
21164.909926122367,18
21174.910873271452,15
21184.91182042053,24
21194.912767569615,15
21204.913714718692,11
21214.914661867777,24
21224.915609016854,17
21234.91655616594,20
21244.917503315017,15
21254.9184504641,17
21264.919397613186,20
21274.920344762264,14
21284.92129191135,14
21294.922239060426,18
21304.92318620951,26
21314.92413335859,29
21324.925080507674,17
21334.92602765675,22
21344.926974805836,17
21354.927921954913,22
21364.928869104,19
21374.929816253076,14
21384.93076340216,20
21394.93171055124,23
21404.932657700323,21
21414.9336048494,25
21424.934551998485,19
21434.935499147563,16
21444.936446296648,21
21454.937393445725,25
21464.93834059481,20
21474.939287743888,24
21484.940234892973,14
21494.94118204205,14
21504.942129191135,21
21514.943076340212,19
21524.944023489297,22
21534.944970638375,17
21544.94591778746,17
21554.946864936537,27
21564.947812085622,26
21574.9487592347,20
21584.949706383784,14
21594.950653532862,15
21604.951600681947,24
21614.952547831024,19
21624.95349498011,18
21634.954442129187,27
21644.95538927827,19
21654.95633642735,23
21664.957283576434,14
21674.95823072551,12
21684.959177874596,20
21694.960125023674,18
21704.96107217276,21
21714.962019321843,20
21724.96296647092,17
21734.963913620006,21
21744.964860769083,28
21754.965807918168,19
21764.966755067246,20
21774.96770221633,17
21784.968649365408,23
21794.969596514493,30
21804.97054366357,17
21814.971490812655,19
21824.972437961733,17
21834.973385110818,18
21844.974332259895,7
21854.97527940898,24
21864.976226558058,16
21874.977173707142,30
21884.97812085622,14
21894.979068005305,21
21904.980015154382,21
21914.980962303467,22
21924.981909452545,18
21934.98285660163,20
21944.983803750707,20
21954.984750899792,21
21964.98569804887,15
21974.986645197954,19
21984.98759234703,20
21994.988539496117,22
22004.989486645194,22
22014.99043379428,19
22024.991380943356,20
22034.99232809244,13
22044.99327524152,17
22054.994222390604,23
22064.99516953968,13
22074.996116688766,19
22084.997063837844,26
22094.99801098693,24
22104.998958136006,25
22114.99990528509,24
22125.00085243417,16
22135.001799583253,19
22145.00274673233,28
22155.003693881416,23
22165.004641030497,17
22175.005588179578,20
22185.006535328663,30
22195.00748247774,23
22205.008429626825,23
22215.009376775903,18
22225.010323924987,22
22235.011271074065,24
22245.01221822315,25
22255.013165372227,23
22265.014112521312,26
22275.01505967039,23
22285.016006819475,11
22295.016953968552,22
22305.017901117637,23
22315.018848266714,18
22325.0197954158,30
22335.020742564877,18
22345.02168971396,22
22355.02263686304,18
22365.023584012124,23
22375.0245311612,28
22385.025478310286,21
22395.026425459364,18
22405.02737260845,23
22415.028319757526,16
22425.02926690661,25
22435.03021405569,18
22445.031161204774,25
22455.03210835385,18
22465.033055502936,17
22475.034002652013,19
22485.0349498011,23
22495.035896950176,23
22505.03684409926,21
22515.037791248338,19
22525.038738397423,16
22535.0396855465,22
22545.040632695585,23
22555.041579844663,20
22565.042526993748,15
22575.043474142825,23
22585.04442129191,25
22595.045368440988,27
22605.046315590072,27
22615.047262739154,30
22625.048209888235,26
22635.04915703732,19
22645.050104186397,22
22655.051051335482,20
22665.05199848456,24
22675.052945633644,31
22685.053892782722,31
22695.054839931807,21
22705.055787080884,22
22715.05673422997,24
22725.057681379047,21
22735.05862852813,28
22745.05957567721,25
22755.060522826294,18
22765.06146997537,26
22775.062417124456,22
22785.063364273534,19
22795.06431142262,28
22805.065258571696,17
22815.06620572078,20
22825.06715286986,26
22835.068100018943,25
22845.06904716802,27
22855.069994317106,20
22865.070941466183,26
22875.071888615268,28
22885.072835764346,13
22895.07378291343,20
22905.074730062508,26
22915.075677211593,25
22925.07662436067,16
22935.077571509755,24
22945.078518658833,27
22955.079465807918,26
22965.080412956995,31
22975.08136010608,19
22985.082307255158,20
22995.083254404242,22
23005.08420155332,25
23015.085148702405,22
23025.086095851482,33
23035.087043000567,28
23045.087990149645,28
23055.08893729873,17
23065.089884447807,23
23075.09083159689,25
23085.091778745977,21
23095.092725895054,27
23105.09367304414,26
23115.094620193217,26
23125.0955673423,24
23135.09651449138,32
23145.097461640464,15
23155.09840878954,19
23165.099355938626,27
23175.100303087704,22
23185.10125023679,25
23195.102197385866,25
23205.10314453495,19
23215.10409168403,25
23225.105038833113,29
23235.10598598219,23
23245.106933131276,22
23255.107880280353,20
23265.108827429438,24
23275.109774578515,20
23285.1107217276,28
23295.111668876678,27
23305.112616025763,26
23315.11356317484,14
23325.114510323925,29
23335.115457473003,26
23345.116404622087,30
23355.117351771165,23
23365.11829892025,20
23375.119246069327,22
23385.120193218412,23
23395.12114036749,26
23405.122087516575,18
23415.123034665652,32
23425.123981814737,26
23435.124928963814,19
23445.1258761129,18
23455.126823261977,17
23465.12777041106,25
23475.12871756014,16
23485.129664709224,28
23495.1306118583,23
23505.131559007386,29
23515.132506156464,32
23525.13345330555,31
23535.134400454634,21
23545.13534760371,25
23555.136294752796,24
23565.137241901873,26
23575.13818905096,29
23585.139136200036,33
23595.14008334912,34
23605.1410304982,29
23615.141977647283,20
23625.14292479636,30
23635.143871945445,19
23645.144819094523,23
23655.145766243608,24
23665.146713392685,30
23675.14766054177,24
23685.148607690848,24
23695.149554839933,27
23705.15050198901,21
23715.151449138095,22
23725.152396287172,29
23735.153343436257,25
23745.154290585335,30
23755.15523773442,22
23765.156184883497,22
23775.157132032582,30
23785.15807918166,24
23795.159026330744,19
23805.159973479822,31
23815.160920628907,27
23825.161867777984,30
23835.16281492707,25
23845.163762076147,40
23855.16470922523,25
23865.16565637431,32
23875.166603523394,27
23885.16755067247,23
23895.168497821556,22
23905.169444970634,39
23915.17039211972,24
23925.171339268796,28
23935.17228641788,28
23945.17323356696,25
23955.174180716043,29
23965.17512786512,29
23975.176075014206,24
23985.177022163287,26
23995.177969312368,22
24005.178916461453,30
24015.17986361053,40
24025.180810759615,21
24035.181757908693,27
24045.182705057778,29
24055.183652206855,21
24065.18459935594,21
24075.185546505018,52
24085.186493654102,32
24095.18744080318,41
24105.188387952265,33
24115.189335101342,22
24125.190282250427,33
24135.191229399505,27
24145.19217654859,30
24155.193123697667,33
24165.194070846752,26
24175.19501799583,30
24185.195965144914,28
24195.19691229399,18
24205.197859443077,28
24215.198806592154,29
24225.19975374124,32
24235.200700890317,29
24245.2016480394,34
24255.20259518848,26
24265.203542337564,34
24275.20448948664,35
24285.205436635726,28
24295.206383784804,29
24305.20733093389,26
24315.208278082966,44
24325.20922523205,31
24335.21017238113,28
24345.211119530213,32
24355.21206667929,37
24365.213013828376,35
24375.213960977453,36
24385.214908126538,35
24395.215855275615,42
24405.2168024247,29
24415.217749573778,29
24425.218696722863,32
24435.219643871944,35
24445.220591021025,29
24455.22153817011,27
24465.222485319187,27
24475.223432468272,35
24485.22437961735,37
24495.225326766435,34
24505.226273915512,40
24515.227221064597,44
24525.228168213675,30
24535.22911536276,21
24545.230062511837,28
24555.23100966092,42
24565.23195681,30
24575.232903959084,40
24585.23385110816,33
24595.234798257246,35
24605.235745406324,29
24615.23669255541,36
24625.237639704486,35
24635.23858685357,38
24645.23953400265,26
24655.240481151734,29
24665.24142830081,38
24675.242375449896,38
24685.243322598973,25
24695.24426974806,39
24705.245216897136,33
24715.24616404622,28
24725.2471111953,33
24735.248058344383,33
24745.24900549346,40
24755.249952642545,24
24765.250899791623,41
24775.251846940708,29
24785.252794089785,30
24795.25374123887,37
24805.254688387948,32
24815.255635537033,35
24825.25658268611,34
24835.257529835195,31
24845.258476984272,39
24855.259424133357,37
24865.260371282435,28
24875.26131843152,43
24885.262265580597,36
24895.263212729682,39
24905.264159878767,33
24915.265107027844,38
24925.26605417693,42
24935.267001326007,39
24945.26794847509,38
24955.26889562417,32
24965.269842773254,33
24975.27078992233,47
24985.271737071416,22
24995.272684220494,43
25005.27363136958,29
25015.274578518656,43
25025.27552566774,40
25035.27647281682,34
25045.277419965903,42
25055.27836711498,47
25065.279314264066,26
25075.280261413143,30
25085.281208562228,43
25095.282155711306,41
25105.28310286039,51
25115.284050009468,37
25125.284997158553,36
25135.28594430763,35
25145.286891456715,46
25155.287838605793,40
25165.288785754878,33
25175.289732903955,38
25185.29068005304,44
25195.291627202118,38
25205.292574351202,34
25215.29352150028,47
25225.294468649365,39
25235.295415798442,36
25245.296362947527,51
25255.297310096605,41
25265.29825724569,42
25275.299204394767,35
25285.300151543852,33
25295.30109869293,35
25305.302045842014,57
25315.30299299109,53
25325.303940140177,38
25335.304887289254,34
25345.30583443834,48
25355.306781587424,58
25365.3077287365,43
25375.308675885586,46
25385.309623034664,29
25395.31057018375,37
25405.311517332826,35
25415.31246448191,37
25425.31341163099,39
25435.314358780073,45
25445.31530592915,48
25455.316253078236,45
25465.317200227313,46
25475.318147376398,49
25485.319094525476,40
25495.32004167456,53
25505.320988823638,39
25515.321935972723,46
25525.3228831218,38
25535.323830270885,42
25545.324777419963,47
25555.325724569047,55
25565.326671718125,30
25575.32761886721,31
25585.328566016287,39
25595.329513165372,44
25605.33046031445,45
25615.331407463535,36
25625.332354612612,44
25635.333301761697,49
25645.334248910774,46
25655.33519605986,37
25665.336143208937,57
25675.33709035802,45
25685.3380375071,50
25695.338984656184,47
25705.33993180526,38
25715.340878954346,41
25725.341826103424,46
25735.34277325251,45
25745.343720401586,44
25755.34466755067,45
25765.34561469975,53
25775.346561848834,48
25785.34750899791,30
25795.348456146996,51
25805.349403296077,35
25815.35035044516,54
25825.351297594243,45
25835.35224474332,30
25845.353191892405,55
25855.354139041483,46
25865.355086190568,51
25875.356033339645,38
25885.35698048873,50
25895.357927637808,40
25905.358874786893,37
25915.35982193597,42
25925.360769085055,37
25935.361716234132,58
25945.362663383217,40
25955.363610532295,52
25965.36455768138,47
25975.365504830457,38
25985.366451979542,46
25995.36739912862,29
26005.368346277704,42
26015.369293426782,38
26025.370240575867,56
26035.371187724944,53
26045.37213487403,42
26055.373082023107,39
26065.37402917219,45
26075.37497632127,41
26085.375923470354,54
26095.37687061943,49
26105.377817768516,40
26115.378764917594,41
26125.37971206668,39
26135.380659215756,36
26145.38160636484,48
26155.38255351392,36
26165.383500663003,37
26175.38444781208,37
26185.385394961166,40
26195.386342110243,40
26205.387289259328,50
26215.388236408406,59
26225.38918355749,35
26235.390130706568,35
26245.391077855653,44
26255.392025004734,36
26265.392972153815,31
26275.3939193029,43
26285.394866451978,56
26295.395813601062,49
26305.39676075014,45
26315.397707899225,40
26325.398655048302,24
26335.399602197387,38
26345.400549346465,46
26355.40149649555,48
26365.402443644627,50
26375.403390793712,46
26385.40433794279,37
26395.405285091874,46
26405.40623224095,52
26415.407179390037,38
26425.408126539114,49
26435.4090736882,60
26445.410020837277,40
26455.41096798636,44
26465.41191513544,42
26475.412862284524,43
26485.4138094336,48
26495.414756582686,38
26505.415703731764,47
26515.41665088085,50
26525.417598029926,45
26535.41854517901,44
26545.41949232809,44
26555.420439477173,53
26565.42138662625,37
26575.422333775336,28
26585.423280924413,42
26595.424228073498,41
26605.425175222575,38
26615.42612237166,31
26625.427069520738,41
26635.428016669823,44
26645.4289638189,30
26655.429910967985,52
26665.430858117063,46
26675.431805266147,45
26685.432752415225,44
26695.43369956431,53
26705.434646713387,32
26715.435593862472,43
26725.436541011557,55
26735.437488160635,45
26745.43843530972,38
26755.439382458797,40
26765.44032960788,44
26775.44127675696,37
26785.442223906044,41
26795.44317105512,48
26805.444118204206,57
26815.445065353284,52
26825.44601250237,43
26835.446959651446,38
26845.44790680053,39
26855.44885394961,38
26865.449801098694,48
26875.45074824777,38
26885.451695396856,42
26895.452642545933,48
26905.45358969502,58
26915.454536844096,42
26925.45548399318,53
26935.45643114226,53
26945.457378291343,45
26955.45832544042,37
26965.459272589505,55
26975.460219738583,58
26985.461166887668,39
26995.462114036745,36
27005.46306118583,44
27015.464008334908,35
27025.464955483993,45
27035.46590263307,47
27045.466849782155,54
27055.467796931232,46
27065.468744080317,36
27075.469691229395,37
27085.47063837848,33
27095.471585527557,49
27105.472532676642,45
27115.47347982572,41
27125.474426974804,56
27135.475374123882,46
27145.476321272967,42
27155.477268422044,33
27165.47821557113,48
27175.479162720214,28
27185.48010986929,54
27195.481057018376,40
27205.482004167454,30
27215.48295131654,38
27225.483898465616,44
27235.4848456147,41
27245.48579276378,22
27255.486739912863,41
27265.48768706194,43
27275.488634211026,46
27285.489581360103,50
27295.490528509188,39
27305.491475658266,41
27315.49242280735,48
27325.493369956428,35
27335.494317105513,42
27345.49526425459,42
27355.496211403675,46
27365.497158552753,54
27375.498105701838,49
27385.499052850915,34
27395.5,37
27405.500947149078,43
27415.501894298162,39
27425.50284144724,32
27435.503788596325,43
27445.504735745402,36
27455.505682894487,38
27465.506630043565,41
27475.50757719265,58
27485.508524341727,45
27495.509471490812,45
27505.51041863989,37
27515.511365788974,35
27525.51231293805,35
27535.513260087137,30
27545.514207236214,49
27555.5151543853,39
27565.516101534377,51
27575.51704868346,35
27585.51799583254,59
27595.518942981624,27
27605.5198901307,44
27615.520837279786,44
27625.521784428867,50
27635.52273157795,37
27645.523678727033,44
27655.52462587611,41
27665.525573025196,41
27675.526520174273,33
27685.527467323358,40
27695.528414472436,34
27705.52936162152,32
27715.530308770598,38
27725.531255919683,36
27735.53220306876,53
27745.533150217845,41
27755.534097366923,44
27765.535044516007,43
27775.535991665085,33
27785.53693881417,33
27795.537885963247,44
27805.538833112332,33
27815.53978026141,37
27825.540727410495,30
27835.541674559572,42
27845.542621708657,41
27855.543568857734,38
27865.54451600682,34
27875.545463155897,42
27885.54641030498,47
27895.54735745406,38
27905.548304603144,43
27915.54925175222,35
27925.550198901306,37
27935.551146050384,47
27945.55209319947,43
27955.553040348546,37
27965.55398749763,35
27975.55493464671,34
27985.555881795794,34
27995.55682894487,36
28005.557776093956,40
28015.558723243033,28
28025.55967039212,48
28035.560617541196,46
28045.56156469028,40
28055.56251183936,38
28065.563458988443,41
28075.564406137524,34
28085.565353286605,43
28095.56630043569,39
28105.567247584768,41
28115.568194733853,39
28125.56914188293,42
28135.570089032015,35
28145.571036181092,52
28155.571983330177,40
28165.572930479255,36
28175.57387762834,46
28185.574824777417,52
28195.575771926502,32
28205.57671907558,38
28215.577666224664,47
28225.578613373742,44
28235.579560522827,49
28245.580507671904,43
28255.58145482099,33
28265.582401970067,39
28275.58334911915,47
28285.58429626823,49
28295.585243417314,30
28305.58619056639,43
28315.587137715476,30
28325.588084864554,41
28335.58903201364,34
28345.589979162716,42
28355.5909263118,38
28365.59187346088,42
28375.592820609963,35
28385.59376775904,37
28395.594714908126,42
28405.595662057203,40
28415.596609206288,38
28425.597556355366,40
28435.59850350445,25
28445.599450653528,44
28455.600397802613,45
28465.60134495169,50
28475.602292100775,54
28485.603239249853,43
28495.604186398938,42
28505.605133548015,42
28515.6060806971,45
28525.607027846178,38
28535.607974995262,32
28545.608922144347,44
28555.609869293425,45
28565.61081644251,34
28575.611763591587,27
28585.612710740672,32
28595.61365788975,35
28605.614605038834,42
28615.61555218791,40
28625.616499336997,35
28635.617446486074,41
28645.61839363516,44
28655.619340784237,37
28665.62028793332,37
28675.6212350824,33
28685.622182231484,35
28695.62312938056,36
28705.624076529646,41
28715.625023678724,22
28725.62597082781,43
28735.626917976886,40
28745.62786512597,33
28755.62881227505,39
28765.629759424133,42
28775.63070657321,38
28785.631653722296,40
28795.632600871373,41
28805.633548020458,38
28815.634495169536,36
28825.63544231862,34
28835.636389467698,37
28845.637336616783,39
28855.63828376586,39
28865.639230914945,37
28875.640178064023,29
28885.641125213107,44
28895.642072362185,47
28905.64301951127,31
28915.643966660347,34
28925.644913809432,32
28935.64586095851,29
28945.646808107595,35
28955.647755256672,42
28965.648702405757,30
28975.649649554834,33
28985.65059670392,51
28995.651543853004,41
29005.65249100208,36
29015.653438151166,32
29025.654385300244,48
29035.65533244933,49
29045.656279598406,51
29055.65722674749,37
29065.65817389657,41
29075.659121045654,39
29085.66006819473,40
29095.661015343816,40
29105.661962492894,29
29115.66290964198,36
29125.663856791056,44
29135.66480394014,36
29145.66575108922,30
29155.666698238303,36
29165.66764538738,39
29175.668592536465,41
29185.669539685543,37
29195.670486834628,32
29205.671433983705,30
29215.67238113279,42
29225.673328281868,49
29235.674275430953,37
29245.67522258003,50
29255.676169729115,33
29265.677116878192,40
29275.678064027277,38
29285.679011176355,29
29295.67995832544,41
29305.680905474517,37
29315.681852623602,39
29325.68279977268,34
29335.683746921764,36
29345.684694070842,43
29355.685641219927,28
29365.686588369004,43
29375.68753551809,43
29385.688482667167,38
29395.68942981625,29
29405.69037696533,39
29415.691324114414,35
29425.69227126349,31
29435.693218412576,42
29445.694165561657,37
29455.69511271074,31
29465.696059859823,27
29475.6970070089,35
29485.697954157986,31
29495.698901307063,45
29505.699848456148,39
29515.700795605226,37
29525.70174275431,44
29535.702689903388,42
29545.703637052473,30
29555.70458420155,40
29565.705531350635,33
29575.706478499713,40
29585.707425648798,31
29595.708372797875,37
29605.70931994696,41
29615.710267096038,34
29625.711214245122,36
29635.7121613942,28
29645.713108543285,40
29655.714055692362,32
29665.715002841447,44
29675.715949990525,26
29685.71689713961,46
29695.717844288687,44
29705.718791437772,36
29715.71973858685,40
29725.720685735934,44
29735.72163288501,41
29745.722580034097,37
29755.723527183174,43
29765.72447433226,35
29775.725421481337,30
29785.72636863042,30
29795.7273157795,41
29805.728262928584,32
29815.72921007766,38
29825.730157226746,47
29835.731104375824,47
29845.73205152491,36
29855.732998673986,41
29865.73394582307,52
29875.73489297215,36
29885.735840121233,45
29895.736787270314,32
29905.737734419396,33
29915.73868156848,39
29925.739628717558,41
29935.740575866643,28
29945.74152301572,38
29955.742470164805,29
29965.743417313883,35
29975.744364462967,42
29985.745311612045,42
29995.74625876113,35
30005.747205910207,28
30015.748153059292,44
30025.74910020837,44
30035.750047357455,40
30045.750994506532,38
30055.751941655617,35
30065.752888804695,33
30075.75383595378,35
30085.754783102857,38
30095.75573025194,30
30105.75667740102,32
30115.757624550104,32
30125.75857169918,47
30135.759518848266,27
30145.760465997344,34
30155.76141314643,33
30165.762360295506,34
30175.76330744459,37
30185.76425459367,29
30195.765201742754,33
30205.76614889183,23
30215.767096040916,38
30225.768043189993,33
30235.76899033908,35
30245.769937488156,34
30255.77088463724,34
30265.77183178632,37
30275.772778935403,38
30285.77372608448,29
30295.774673233565,39
30305.775620382643,39
30315.776567531728,40
30325.777514680805,32
30335.77846182989,34
30345.779408978968,31
30355.780356128053,26
30365.781303277137,38
30375.782250426215,30
30385.7831975753,35
30395.784144724377,26
30405.785091873462,31
30415.78603902254,33
30425.786986171624,27
30435.787933320702,29
30445.788880469787,32
30455.789827618864,40
30465.79077476795,27
30475.791721917027,40
30485.79266906611,28
30495.79361621519,30
30505.794563364274,25
30515.79551051335,28
30525.796457662436,21
30535.797404811514,39
30545.7983519606,38
30555.799299109676,27
30565.80024625876,25
30575.80119340784,30
30585.802140556923,33
30595.803087706,40
30605.804034855086,30
30615.804982004163,30
30625.805929153248,40
30635.806876302326,29
30645.80782345141,34
30655.808770600488,32
30665.809717749573,37
30675.81066489865,33
30685.811612047735,28
30695.812559196813,41
30705.813506345898,34
30715.814453494975,34
30725.81540064406,28
30735.816347793138,26
30745.817294942222,36
30755.8182420913,38
30765.819189240385,37
30775.820136389462,32
30785.821083538547,32
30795.822030687625,33
30805.82297783671,31
30815.823924985794,27
30825.824872134872,28
30835.825819283957,43
30845.826766433034,37
30855.82771358212,28
30865.828660731197,37
30875.82960788028,21
30885.83055502936,38
30895.831502178444,26
30905.83244932752,37
30915.833396476606,36
30925.834343625684,35
30935.83529077477,25
30945.836237923846,19
30955.83718507293,34
30965.83813222201,37
30975.839079371093,35
30985.84002652017,37
30995.840973669256,29
31005.841920818333,38
31015.842867967418,26
31025.843815116496,30
31035.84476226558,30
31045.845709414658,33
31055.846656563743,27
31065.84760371282,26
31075.848550861905,27
31085.849498010983,27
31095.850445160067,26
31105.851392309145,31
31115.85233945823,31
31125.853286607307,29
31135.854233756392,26
31145.85518090547,27
31155.856128054555,23
31165.857075203632,33
31175.858022352717,18
31185.858969501794,24
31195.85991665088,31
31205.860863799957,22
31215.86181094904,25
31225.86275809812,20
31235.863705247204,24
31245.86465239628,25
31255.865599545366,29
31265.866546694448,18
31275.86749384353,26
31285.868440992614,30
31295.86938814169,26
31305.870335290776,25
31315.871282439854,29
31325.87222958894,22
31335.873176738016,25
31345.8741238871,21
31355.87507103618,25
31365.876018185263,32
31375.87696533434,29
31385.877912483425,23
31395.878859632503,22
31405.879806781588,28
31415.880753930665,25
31425.88170107975,24
31435.882648228828,21
31445.883595377913,24
31455.88454252699,25
31465.885489676075,20
31475.886436825152,18
31485.887383974237,30
31495.888331123315,34
31505.8892782724,32
31515.890225421477,25
31525.891172570562,31
31535.89211971964,16
31545.893066868724,26
31555.894014017802,20
31565.894961166887,20
31575.895908315964,25
31585.89685546505,30
31595.897802614127,27
31605.89874976321,25
31615.89969691229,29
31625.900644061374,26
31635.90159121045,27
31645.902538359536,31
31655.903485508614,34
31665.9044326577,33
31675.905379806776,30
31685.90632695586,27
31695.90727410494,21
31705.908221254023,28
31715.909168403105,24
31725.910115552186,25
31735.91106270127,30
31745.912009850348,38
31755.912956999433,25
31765.91390414851,21
31775.914851297595,28
31785.915798446673,18
31795.916745595758,26
31805.917692744835,22
31815.91863989392,19
31825.919587042998,23
31835.920534192082,23
31845.92148134116,29
31855.922428490245,16
31865.923375639322,21
31875.924322788407,31
31885.925269937485,27
31895.92621708657,29
31905.927164235647,27
31915.928111384732,19
31925.92905853381,24
31935.930005682894,31
31945.93095283197,17
31955.931899981057,23
31965.932847130134,30
31975.93379427922,26
31985.934741428297,24
31995.93568857738,15
32005.93663572646,12
32015.937582875544,31
32025.93853002462,26
32035.939477173706,20
32045.940424322784,24
32055.94137147187,26
32065.942318620946,21
32075.94326577003,21
32085.94421291911,21
32095.945160068193,19
32105.94610721727,24
32115.947054366356,18
32125.948001515433,22
32135.948948664518,29
32145.949895813596,25
32155.95084296268,25
32165.951790111758,28
32175.952737260843,22
32185.953684409928,12
32195.954631559005,20
32205.95557870809,22
32215.956525857167,29
32225.957473006252,16
32235.95842015533,19
32245.959367304415,23
32255.960314453492,18
32265.961261602577,32
32275.962208751655,22
32285.96315590074,19
32295.964103049817,15
32305.9650501989,25
32315.96599734798,19
32325.966944497064,17
32335.96789164614,22
32345.968838795226,28
32355.969785944304,22
32365.97073309339,23
32375.971680242466,20
32385.97262739155,15
32395.97357454063,28
32405.974521689714,10
32415.97546883879,17
32425.976415987876,12
32435.977363136953,28
32445.97831028604,27
32455.979257435116,19
32465.9802045842,19
32475.98115173328,15
32485.982098882363,20
32495.98304603144,22
32505.983993180525,20
32515.984940329603,22
32525.985887478688,23
32535.986834627765,25
32545.98778177685,17
32555.988728925928,21
32565.989676075013,22
32575.99062322409,18
32585.991570373175,24
32595.992517522252,14
32605.993464671337,20
32615.994411820415,15
32625.9953589695,21
32635.99630611858,16
32645.997253267662,21
32655.998200416747,17
32665.999147565824,26
32676.00009471491,15
32686.001041863987,17
32696.00198901307,15
32706.00293616215,12
32716.003883311234,16
32726.00483046031,23
32736.005777609396,18
32746.006724758474,12
32756.00767190756,23
32766.00861905664,23
32776.00956620572,14
32786.0105133548,14
32796.01146050388,11
32806.01240765296,18
32816.013354802046,12
32826.01430195112,18
32836.01524910021,19
32846.016196249286,15
32856.01714339837,20
32866.01809054745,20
32876.01903769653,19
32886.01998484561,26
32896.020931994695,19
32906.02187914377,20
32916.02282629286,17
32926.023773441935,25
32936.02472059102,14
32946.0256677401,14
32956.02661488918,19
32966.02756203826,21
32976.028509187345,16
32986.02945633642,19
32996.03040348551,16
33006.031350634585,15
33016.03229778367,17
33026.03324493275,22
33036.03419208183,16
33046.03513923091,17
33056.036086379994,11
33066.03703352907,14
33076.03798067816,19
33086.038927827234,23
33096.03987497632,18
33106.040822125404,18
33116.04176927448,16
33126.042716423566,13
33136.043663572644,18
33146.04461072173,22
33156.045557870806,12
33166.04650501989,17
33176.04745216897,17
33186.04839931805,12
33196.04934646713,10
33206.050293616216,11
33216.05124076529,18
33226.05218791438,14
33236.053135063456,11
33246.05408221254,11
33256.05502936162,10
33266.0559765107,22
33276.05692365978,22
33286.057870808865,16
33296.05881795794,26
33306.05976510703,20
33316.060712256105,16
33326.06165940519,16
33336.06260655427,18
33346.06355370335,17
33356.06450085243,15
33366.065448001515,15
33376.06639515059,16
33386.06734229968,20
33396.068289448755,15
33406.06923659784,19
33416.07018374692,23
33426.071130896,18
33436.07207804508,16
33446.073025194164,15
33456.07397234324,13
33466.07491949233,19
33476.075866641404,18
33486.07681379049,18
33496.077760939566,8
33506.07870808865,12
33516.07965523773,9
33526.08060238681,12
33536.08154953589,13
33546.082496684976,19
33556.08344383406,22
33566.08439098314,10
33576.08533813222,13
33586.0862852813,15
33596.087232430385,22
33606.08817957946,13
33616.08912672855,18
33626.090073877625,23
33636.09102102671,13
33646.09196817579,16
33656.09291532487,7
33666.09386247395,11
33676.094809623035,16
33686.09575677211,8
33696.0967039212,12
33706.097651070275,12
33716.09859821936,17
33726.09954536844,24
33736.10049251752,11
33746.1014396666,12
33756.102386815684,21
33766.10333396477,20
33776.10428111385,11
33786.105228262924,8
33796.10617541201,14
33806.107122561094,10
33816.10806971017,15
33826.10901685925,12
33836.109964008334,12
33846.11091115742,15
33856.111858306496,16
33866.112805455574,14
33876.11375260466,12
33886.11469975374,11
33896.11564690282,21
33906.1165940519,14
33916.11754120098,11
33926.11848835007,13
33936.119435499146,13
33946.12038264822,22
33956.12132979731,15
33966.12227694639,13
33976.12322409547,16
33986.12417124455,11
33996.12511839363,15
34006.12606554272,14
34016.127012691795,17
34026.12795984087,4
34036.12890698996,9
34046.12985413904,11
34056.13080128812,22
34066.1317484372,10
34076.13269558628,18
34086.13364273537,15
34096.134589884445,9
34106.13553703352,13
34116.13648418261,13
34126.13743133169,17
34136.13837848077,12
34146.13932562985,17
34156.14027277893,18
34166.14121992802,10
34176.142167077094,13
34186.14311422617,8
34196.14406137526,12
34206.14500852434,11
34216.14595567342,11
34226.1469028225,10
34236.14784997159,14
34246.148797120666,16
34256.149744269744,21
34266.15069141883,13
34276.15163856791,11
34286.15258571699,14
34296.15353286607,11
34306.15448001515,9
34316.15542716424,16
34326.156374313316,15
34336.15732146239,18
34346.15826861148,13
34356.15921576056,14
34366.16016290964,9
34376.16111005872,10
34386.1620572078,18
34396.16300435689,19
34406.163951505965,13
34416.16489865504,16
34426.16584580413,14
34436.16679295321,10
34446.16774010229,13
34456.16868725137,6
34466.16963440045,12
34476.17058154954,8
34486.171528698615,12
34496.17247584769,11
34506.17342299678,14
34516.17437014586,11
34526.17531729494,18
34536.17626444402,17
34546.1772115931,15
34556.17815874219,19
34566.179105891264,11
34576.18005304034,18
34586.18100018943,11
34596.18194733851,15
34606.18289448759,8
34616.183841636666,9
34626.18478878575,13
34636.185735934836,11
34646.18668308391,8
34656.18763023299,12
34666.188577382076,9
34676.18952453116,13
34686.19047168024,10
34696.19141882932,18
34706.19236597841,12
34716.193313127485,9
34726.19426027656,16
34736.19520742565,13
34746.19615457473,18
34756.19710172381,20
34766.19804887289,18
34776.19899602197,10
34786.19994317106,14
34796.200890320135,19
34806.20183746921,18
34816.2027846183,11
34826.20373176738,16
34836.20467891646,16
34846.20562606554,18
34856.20657321462,7
34866.20752036371,13
34876.208467512784,14
34886.20941466186,14
34896.21036181095,12
34906.21130896003,18
34916.21225610911,13
34926.21320325819,18
34936.21415040727,8
34946.215097556356,10
34956.216044705434,12
34966.21699185451,11
34976.217939003596,12
34986.21888615268,16
34996.21983330176,10
35006.220780450836,10
35016.22172759992,9
35026.222674749006,7
35036.22362189808,13
35046.22456904716,23
35056.225516196246,15
35066.22646334533,4
35076.22741049441,16
35086.228357643486,20
35096.22930479257,15
35106.230251941655,12
35116.23119909073,11
35126.23214623981,11
35136.2330933889,13
35146.23404053798,17
35156.23498768706,18
35166.23593483614,18
35176.23688198523,15
35186.237829134305,12
35196.23877628338,8
35206.23972343247,8
35216.24067058155,16
35226.24161773063,14
35236.24256487971,7
35246.24351202879,15
35256.24445917788,15
35266.245406326954,10
35276.24635347603,16
35286.24730062512,10
35296.2482477742,7
35306.24919492328,13
35316.25014207236,18
35326.25108922144,14
35336.252036370526,9
35346.252983519604,8
35356.25393066868,14
35366.254877817766,8
35376.25582496685,13
35386.25677211593,11
35396.257719265006,18
35406.25866641409,13
35416.259613563176,17
35426.26056071225,17
35436.26150786133,15
35446.262455010416,16
35456.2634021595,17
35466.26434930858,13
35476.265296457655,14
35486.26624360674,17
35496.267190755825,7
35506.2681379049,9
35516.26908505398,11
35526.270032203065,10
35536.27097935215,14
35546.27192650123,10
35556.272873650305,14
35566.27382079939,10
35576.274767948475,17
35586.27571509755,11
35596.27666224664,16
35606.27760939572,10
35616.2785565448,16
35626.27950369388,11
35636.28045084296,10
35646.28139799205,11
35656.282345141124,11
35666.2832922902,15
35676.28423943929,12
35686.28518658837,13
35696.28613373745,15
35706.28708088653,9
35716.28802803561,12
35726.288975184696,6
35736.28992233377,16
35746.29086948285,9
35756.291816631936,13
35766.29276378102,17
35776.2937109301,16
35786.294658079176,12
35796.29560522826,7
35806.296552377346,8
35816.29749952642,8
35826.2984466755,9
35836.299393824585,13
35846.30034097367,13
35856.30128812275,15
35866.302235271825,8
35876.30318242091,14
35886.304129569995,15
35896.30507671907,9
35906.30602386815,14
35916.306971017235,8
35926.30791816632,13
35936.3088653154,12
35946.309812464475,16
35956.31075961356,11
35966.311706762644,17
35976.31265391172,21
35986.3136010608,18
35996.314548209884,11
36006.31549535897,13
36016.31644250805,10
36026.317389657124,11
36036.31833680621,9
36046.319283955294,12
36056.32023110437,11
36066.321178253456,14
36076.32212540254,11
36086.32307255162,11
36096.324019700696,11
36106.32496684978,14
36116.325913998866,10
36126.32686114794,6
36136.32780829702,12
36146.328755446106,12
36156.32970259519,12
36166.33064974427,8
36176.331596893346,16
36186.33254404243,12
36196.333491191515,5
36206.33443834059,9
36216.33538548967,11
36226.336332638755,13
36236.33727978784,17
36246.33822693692,17
36256.339174085995,12
36266.34012123508,18
36276.341068384165,13
36286.34201553324,12
36296.34296268232,9
36306.343909831405,7
36316.34485698049,13
36326.34580412957,9
36336.346751278645,10
36346.34769842773,13
36356.348645576814,9
36366.34959272589,13
36376.35053987497,13
36386.351487024054,13
36396.35243417314,8
36406.35338132222,11
36416.354328471294,11
36426.35527562038,11
36436.356222769464,10
36446.35716991854,15
36456.35811706762,11
36466.359064216704,18
36476.36001136579,8
36486.360958514866,13
36496.36190566394,10
36506.362852813036,9
36516.36379996211,14
36526.36474711119,13
36536.365694260276,12
36546.36664140936,9
36556.36758855844,14
36566.368535707516,12
36576.3694828566,10
36586.370430005685,5
36596.37137715476,13
36606.37232430384,10
36616.373271452925,8
36626.37421860201,13
36636.37516575109,10
36646.376112900165,15
36656.37706004925,10
36666.378007198335,15
36676.37895434741,10
36686.37990149649,13
36696.380848645575,12
36706.38179579466,11
36716.38274294374,8
36726.383690092815,9
36736.3846372419,8
36746.385584390984,18
36756.38653154006,10
36766.38747868914,9
36776.388425838224,8
36786.38937298731,15
36796.39032013639,10
36806.391267285464,16
36816.39221443455,18
36826.39316158363,5
36836.39410873271,13
36846.39505588179,12
36856.39600303087,12
36866.39695017996,12
36876.397897329036,11
36886.39884447811,6
36896.3997916272,7
36906.40073877628,7
36916.40168592536,10
36926.40263307444,10
36936.40358022352,7
36946.40452737261,9
36956.405474521685,11
36966.40642167077,11
36976.407368819855,10
36986.40831596893,9
36996.40926311801,14
37006.410210267095,6
37016.41115741618,9
37026.41210456526,13
37036.413051714335,12
37046.41399886342,12
37056.414946012505,8
37066.41589316158,8
37076.41684031066,16
37086.417787459744,13
37096.41873460883,7
37106.41968175791,14
37116.420628906984,11
37126.42157605607,11
37136.422523205154,3
37146.42347035423,10
37156.42441750331,14
37166.425364652394,12
37176.42631180148,10
37186.427258950556,11
37196.428206099634,12
37206.42915324872,13
37216.4301003978,12
37226.43104754688,15
37236.43199469596,9
37246.43294184504,14
37256.43388899413,9
37266.434836143206,9
37276.43578329228,9
37286.43673044137,13
37296.43767759045,7
37306.43862473953,12
37316.43957188861,12
37326.44051903769,8
37336.44146618678,10
37346.442413335855,13
37356.44336048493,6
37366.44430763402,10
37376.4452547831,14
37386.44620193218,14
37396.44714908126,14
37406.44809623035,11
37416.44904337943,15
37426.449990528505,12
37436.45093767759,12
37446.451884826674,8
37456.45283197575,9
37466.45377912483,11
37476.454726273914,7
37486.455673423,10
37496.45662057208,17
37506.457567721154,7
37516.45851487024,12
37526.459462019324,11
37536.4604091684,11
37546.46135631748,9
37556.462303466564,5
37566.46325061565,9
37576.464197764726,10
37586.465144913804,15
37596.46609206289,13
37606.46703921197,6
37616.46798636105,7
37626.46893351013,6
37636.46988065921,7
37646.4708278083,7
37656.471774957376,14
37666.47272210645,11
37676.47366925554,11
37686.47461640462,10
37696.4755635537,5
37706.47651070278,6
37716.47745785186,8
37726.47840500095,9
37736.479352150025,2
37746.4802992991,14
37756.48124644819,13
37766.48219359727,9
37776.48314074635,12
37786.48408789543,5
37796.48503504451,10
37806.4859821936,11
37816.486929342675,11
37826.48787649175,8
37836.48882364084,11
37846.48977078992,11
37856.490717939,8
37866.49166508808,8
37876.49261223717,17
37886.49355938625,10
37896.494506535324,5
37906.49545368441,10
37916.496400833494,14
37926.49734798257,8
37936.49829513165,8
37946.49924228073,4
37956.50018942982,7
37966.501136578896,8
37976.50208372797,6
37986.50303087706,10
37996.50397802614,17
38006.50492517522,9
38016.5058723243,11
38026.50681947338,6
38036.50776662247,10
38046.508713771545,7
38056.50966092062,11
38066.51060806971,7
38076.51155521879,14
38086.51250236787,10
38096.51344951695,10
38106.51439666603,9
38116.51534381512,7
38126.516290964195,13
38136.51723811327,10
38146.51818526236,9
38156.51913241144,18
38166.52007956052,12
38176.5210267096,5
38186.52197385868,10
38196.52292100777,10
38206.523868156844,8
38216.52481530592,6
38226.52576245501,7
38236.52670960409,10
38246.52765675317,13
38256.52860390225,10
38266.52955105133,16
38276.530498200416,8
38286.531445349494,11
38296.53239249857,13
38306.533339647656,12
38316.53428679674,4
38326.53523394582,8
38336.5361810949,13
38346.53712824399,12
38356.538075393066,19
38366.53902254214,7
38376.53996969123,11
38386.54091684031,16
38396.54186398939,8
38406.54281113847,8
38416.54375828755,5
38426.54470543664,9
38436.545652585715,9
38446.54659973479,9
38456.54754688388,7
38466.54849403296,6
38476.54944118204,9
38486.55038833112,8
38496.5513354802,5
38506.55228262929,8
38516.553229778365,16
38526.55417692744,20
38536.55512407653,7
38546.55607122561,11
38556.55701837469,11
38566.55796552377,6
38576.55891267285,5
38586.55985982194,11
38596.560806971014,4
38606.56175412009,5
38616.56270126918,9
38626.56364841826,13
38636.56459556734,4
38646.56554271642,5
38656.5664898655,4
38666.567437014586,9
38676.568384163664,8
38686.56933131274,6
38696.570278461826,7
38706.57122561091,16
38716.57217275999,6
38726.573119909066,13
38736.57406705815,12
38746.575014207236,8
38756.57596135631,10
38766.57690850539,7
38776.57785565448,7
38786.57880280356,9
38796.57974995264,9
38806.58069710172,8
38816.58164425081,6
38826.582591399885,12
38836.58353854896,8
38846.58448569805,12
38856.58543284713,10
38866.58637999621,6
38876.58732714529,9
38886.58827429437,10
38896.58922144346,5
38906.590168592535,9
38916.59111574161,9
38926.5920628907,7
38936.59301003978,12
38946.59395718886,5
38956.59490433794,7
38966.59585148702,7
38976.59679863611,8
38986.597745785184,14
38996.59869293426,4
39006.59964008335,15
39016.60058723243,3
39026.60153438151,6
39036.60248153059,7
39046.60342867967,8
39056.604375828756,4
39066.60532297783,13
39076.60627012691,10
39086.607217275996,7
39096.60816442508,10
39106.60911157416,5
39116.610058723236,2
39126.61100587232,6
39136.611953021405,12
39146.61290017048,10
39156.61384731956,5
39166.614794468645,16
39176.61574161773,4
39186.61668876681,7
39196.617635915885,7
39206.61858306497,12
39216.619530214055,7
39226.62047736313,6
39236.62142451222,9
39246.6223716613,5
39256.62331881038,8
39266.62426595946,5
39276.62521310854,5
39286.62616025763,3
39296.627107406704,11
39306.62805455578,9
39316.62900170487,7
39326.62994885395,10
39336.63089600303,13
39346.63184315211,9
39356.63279030119,8
39366.63373745028,3
39376.634684599354,6
39386.63563174843,9
39396.636578897516,8
39406.6375260466,4
39416.63847319568,11
39426.639420344756,3
39436.64036749384,5
39446.641314642926,8
39456.642261792,12
39466.64320894108,5
39476.644156090166,10
39486.64510323925,13
39496.64605038833,5
39506.646997537406,9
39516.64794468649,5
39526.648891835575,15
39536.64983898465,8
39546.65078613373,11
39556.651733282815,7
39566.6526804319,10
39576.65362758098,9
39586.654574730055,4
39596.65552187914,8
39606.656469028225,4
39616.6574161773,7
39626.65836332638,5
39636.659310475465,5
39646.66025762455,6
39656.66120477363,10
39666.662151922705,10
39676.66309907179,7
39686.664046220874,8
39696.66499336995,6
39706.66594051904,9
39716.66688766812,6
39726.6678348172,5
39736.66878196628,5
39746.66972911536,5
39756.670676264446,3
39766.671623413524,5
39776.6725705626,8
39786.673517711686,10
39796.67446486077,8
39806.67541200985,13
39816.676359158926,11
39826.67730630801,9
39836.678253457096,6
39846.67920060617,9
39856.68014775525,7
39866.681094904336,8
39876.68204205342,10
39886.6829892025,3
39896.683936351576,7
39906.68488350066,6
39916.685830649745,15
39926.68677779882,14
39936.6877249479,12
39946.688672096985,7
39956.68961924607,7
39966.69056639515,6
39976.691513544225,8
39986.69246069331,13
39996.693407842395,5
40006.69435499147,4
40016.69530214055,12
40026.696249289635,10
40036.69719643872,5
40046.6981435878,4
40056.699090736874,4
40066.70003788596,6
40076.700985035044,8
40086.70193218412,12
40096.7028793332,11
40106.703826482284,6
40116.70477363137,7
40126.70572078045,8
40136.706667929524,9
40146.707615078616,5
40156.70856222769,8
40166.70950937677,6
40176.710456525856,5
40186.71140367494,11
40196.71235082402,9
40206.713297973096,6
40216.71424512218,1
40226.715192271266,5
40236.71613942034,7
40246.71708656942,10
40256.718033718505,2
40266.71898086759,6
40276.71992801667,9
40286.720875165745,9
40296.72182231483,7
40306.722769463915,9
40316.72371661299,9
40326.72466376207,7
40336.725610911155,7
40346.72655806024,11
40356.72750520932,6
40366.728452358395,8
40376.72939950748,6
40386.730346656565,3
40396.73129380564,9
40406.73224095472,5
40416.733188103804,12
40426.73413525289,9
40436.73508240197,7
40446.736029551044,5
40456.73697670013,6
40466.737923849214,7
40476.73887099829,5
40486.73981814737,7
40496.740765296454,10
40506.74171244554,6
40516.742659594616,5
40526.743606743694,9
40536.74455389278,3
40546.74550104186,4
40556.74644819094,10
40566.74739534002,3
40576.7483424891,11
40586.74928963819,8
40596.750236787266,9
40606.75118393635,7
40616.752131085435,9
40626.75307823451,5
40636.75402538359,6
40646.754972532675,4
40656.75591968176,6
40666.75686683084,6
40676.757813979915,7
40686.758761129,8
40696.759708278085,6
40706.76065542716,3
40716.76160257624,6
40726.762549725325,6
40736.76349687441,3
40746.76444402349,7
40756.765391172565,4
40766.76633832165,8
40776.767285470734,4
40786.76823261981,7
40796.76917976889,7
40806.770126917974,9
40816.77107406706,7
40826.77202121614,5
40836.772968365214,2
40846.7739155143,3
40856.774862663384,7
40866.77580981246,9
40876.77675696154,9
40886.777704110624,8
40896.77865125971,6
40906.779598408786,7
40916.780545557864,6
40926.78149270695,8
40936.78243985603,11
40946.78338700511,4
40956.78433415419,6
40966.78528130327,6
40976.78622845236,4
40986.787175601436,7
40996.78812275051,5
41006.7890698996,6
41016.79001704868,5
41026.79096419776,6
41036.79191134684,8
41046.79285849593,5
41056.79380564501,3
41066.794752794085,8
41076.79569994317,3
41086.796647092255,4
41096.79759424133,6
41106.79854139041,4
41116.799488539495,6
41126.80043568858,4
41136.80138283766,7
41146.802329986735,2
41156.80327713582,7
41166.804224284904,4
41176.80517143398,4
41186.80611858306,5
41196.807065732144,5
41206.80801288123,7
41216.80896003031,4
41226.809907179384,5
41236.81085432847,7
41246.811801477554,7
41256.81274862663,1
41266.81369577571,5
41276.81464292479,8
41286.81559007388,4
41296.816537222956,9
41306.81748437203,5
41316.81843152112,6
41326.8193786702,6
41336.82032581928,7
41346.82127296836,2
41356.82222011744,7
41366.82316726653,3
41376.824114415605,9
41386.82506156468,5
41396.82600871377,5
41406.82695586285,6
41416.82790301193,3
41426.82885016101,3
41436.82979731009,1
41446.83074445918,7
41456.831691608255,4
41466.83263875733,8
41476.83358590642,7
41486.8345330555,7
41496.83548020458,6
41506.83642735366,5
41516.83737450275,11
41526.83832165183,3
41536.839268800904,9
41546.84021594999,9
41556.841163099074,5
41566.84211024815,6
41576.84305739723,5
41586.844004546314,9
41596.8449516954,10
41606.845898844476,4
41616.846845993554,3
41626.84779314264,3
41636.84874029172,5
41646.8496874408,3
41656.85063458988,4
41666.85158173896,5
41676.85252888805,6
41686.853476037126,4
41696.8544231862,4
41706.85537033529,6
41716.85631748437,10
41726.85726463345,3
41736.85821178253,7
41746.85915893161,9
41756.8601060807,6
41766.861053229775,6
41776.86200037885,5
41786.86294752794,3
41796.86389467702,7
41806.8648418261,5
41816.86578897518,4
41826.86673612426,3
41836.86768327335,2
41846.868630422425,4
41856.8695775715,6
41866.87052472059,6
41876.87147186967,5
41886.87241901875,9
41896.87336616783,5
41906.87431331691,6
41916.875260466,4
41926.876207615074,4
41936.87715476415,12
41946.87810191324,8
41956.87904906232,4
41966.8799962114,1
41976.880943360484,4
41986.88189050957,1
41996.882837658646,4
42006.883784807724,9
42016.88473195681,0
42026.88567910589,5
42036.88662625497,5
42046.88757340405,10
42056.88852055313,9
42066.88946770222,4
42076.890414851296,5
42086.89136200037,3
42096.89230914946,11
42106.89325629854,8
42116.89420344762,6
42126.8951505967,3
42136.89609774578,3
42146.89704489487,5
42156.897992043945,3
42166.89893919302,2
42176.89988634211,6
42186.90083349119,10
42196.90178064027,3
42206.90272778935,9
42216.90367493843,6
42226.90462208752,3
42236.905569236595,3
42246.90651638567,3
42256.90746353476,1
42266.90841068384,7
42276.90935783292,6
42286.910304982,5
42296.91125213108,3
42306.91219928017,3
42316.913146429244,6
42326.91409357832,6
42336.91504072741,7
42346.91598787649,6
42356.91693502557,9
42366.91788217465,1
42376.91882932373,5
42386.919776472816,6
42396.92072362189,6
42406.92167077097,9
42416.92261792006,8
42426.92356506914,3
42436.92451221822,5
42446.9254593673,3
42456.92640651639,4
42466.927353665465,5
42476.92830081454,3
42486.92924796363,3
42496.93019511271,3
42506.93114226179,1
42516.93208941087,5
42526.93303655995,6
42536.93398370904,8
42546.934930858115,4
42556.93587800719,3
42566.93682515628,5
42576.93777230536,4
42586.93871945444,5
42596.93966660352,4
42606.9406137526,6
42616.94156090169,5
42626.942508050764,9
42636.94345519984,5
42646.94440234893,0
42656.94534949801,4
42666.94629664709,2
42676.94724379617,6
42686.94819094525,0
42696.94913809434,1
42706.950085243414,7
42716.95103239249,4
42726.951979541576,2
42736.95292669066,7
42746.95387383974,2
42756.954820988816,8
42766.9557681379,2
42776.956715286986,3
42786.95766243606,2
42796.95860958514,4
42806.959556734226,8
42816.96050388331,4
42826.96145103239,2
42836.962398181466,3
42846.96334533055,7
42856.964292479635,3
42866.96523962871,1
42876.96618677779,6
42886.96713392688,3
42896.96808107596,3
42906.96902822504,4
42916.96997537412,3
42926.97092252321,6
42936.971869672285,5
42946.97281682136,7
42956.97376397045,5
42966.97471111953,1
42976.97565826861,1
42986.97660541769,4
42996.97755256677,3
43006.97849971586,5
43016.979446864934,4
43026.98039401401,2
43036.9813411631,4
43046.98228831218,3
43056.98323546126,3
43066.98418261034,5
43076.98512975942,4
43086.986076908506,3
43096.987024057584,3
43106.98797120666,5
43116.988918355746,4
43126.98986550483,8
43136.99081265391,5
43146.991759802986,6
43156.99270695207,2
43166.993654101156,7
43176.99460125023,2
43186.99554839931,2
43196.996495548396,6
43206.99744269748,4
43216.99838984656,8
43226.999336995636,3
43237.00028414472,5
43247.001231293805,6
43257.00217844288,7
43267.00312559196,3
43277.004072741045,6
43287.00501989013,5
43297.00596703921,3
43307.006914188285,5
43317.00786133737,10
43327.008808486455,2
43337.00975563553,2
43347.01070278462,4
43357.0116499337,8
43367.01259708278,4
43377.01354423186,6
43387.01449138094,1
43397.01543853003,3
43407.016385679104,5
43417.01733282818,2
43427.01827997727,2
43437.01922712635,3
43447.02017427543,2
43457.02112142451,7
43467.02206857359,4
43477.023015722676,4
43487.02396287175,2
43497.02491002083,5
43507.025857169916,2
43517.026804319,3
43527.02775146808,2
43537.028698617156,3
43547.02964576624,4
43557.030592915326,3
43567.0315400644,3
43577.03248721348,2
43587.033434362565,2
43597.03438151165,8
43607.03532866073,4
43617.036275809805,3
43627.03722295889,2
43637.038170107975,4
43647.03911725705,4
43657.04006440613,1
43667.041011555215,1
43677.0419587043,1
43687.04290585338,3
43697.043853002455,4
43707.04480015154,2
43717.045747300624,3
43727.0466944497,3
43737.04764159878,3
43747.048588747864,7
43757.04953589695,2
43767.05048304603,4
43777.051430195104,2
43787.0523773442,2
43797.053324493274,3
43807.05427164235,1
43817.055218791436,1
43827.05616594052,2
43837.0571130896,5
43847.058060238676,2
43857.05900738776,5
43867.059954536846,5
43877.06090168592,3
43887.061848835,2
43897.062795984086,1
43907.06374313317,4
43917.06469028225,4
43927.065637431326,3
43937.06658458041,1
43947.067531729495,4
43957.06847887857,3
43967.06942602765,3
43977.070373176735,2
43987.07132032582,4
43997.0722674749,2
44007.073214623975,1
44017.07416177306,3
44027.075108922145,5
44037.07605607122,2
44047.0770032203,3
44057.077950369385,2
44067.07889751847,3
44077.07984466755,1
44087.080791816625,1
44097.08173896571,2
44107.082686114794,2
44117.08363326387,4
44127.08458041295,4
44137.085527562034,0
44147.08647471112,5
44157.0874218602,2
44167.088369009274,3
44177.08931615836,1
44187.090263307444,4
44197.09121045652,2
44207.0921576056,2
44217.093104754684,3
44227.09405190377,0
44237.094999052846,4
44247.09594620193,0
44257.096893351016,4
44267.09784050009,7
44277.09878764917,3
44287.099734798256,3
44297.10068194734,5
44307.10162909642,3
44317.102576245496,6
44327.10352339458,1
44337.104470543665,2
44347.10541769274,2
44357.10636484182,4
44367.107311990905,4
44377.10825913999,7
44387.10920628907,2
44397.110153438145,5
44407.11110058723,2
44417.112047736315,0
44427.11299488539,3
44437.11394203447,1
44447.114889183555,6
44457.11583633264,2
44467.11678348172,2
44477.117730630795,2
44487.11867777988,7
44497.119624928964,3
44507.12057207804,0
44517.12151922712,1
44527.122466376204,0
44537.12341352529,1
44547.12436067437,6
44557.125307823444,3
44567.12625497253,1
44577.127202121614,4
44587.12814927069,2
44597.12909641977,3
44607.13004356885,3
44617.13099071794,5
44627.131937867016,4
44637.13288501609,2
44647.13383216518,3
44657.13477931426,5
44667.13572646334,1
44677.13667361242,5
44687.1376207615,2
44697.13856791059,4
44707.139515059665,5
44717.14046220875,4
44727.141409357835,4
44737.14235650691,4
44747.14330365599,6
44757.144250805075,4
44767.14519795416,0
44777.14614510324,2
44787.147092252315,1
44797.1480394014,2
44807.148986550485,5
44817.14993369956,4
44827.15088084864,2
44837.151827997724,3
44847.15277514681,4
44857.15372229589,5
44867.154669444964,2
44877.15561659405,2
44887.156563743134,4
44897.15751089221,2
44907.15845804129,3
44917.159405190374,3
44927.16035233946,3
44937.161299488536,3
44947.162246637614,1
44957.1631937867,3
44967.16414093578,1
44977.16508808486,6
44987.16603523394,3
44997.16698238302,4
45007.16792953211,6
45017.168876681186,0
45027.16982383026,2
45037.17077097935,1
45047.17171812843,2
45057.17266527751,2
45067.17361242659,1
45077.17455957567,0
45087.17550672476,2
45097.176453873835,1
45107.17740102291,2
45117.178348172,1
45127.17929532108,0
45137.18024247016,1
45147.18118961924,2
45157.18213676833,5
45167.18308391741,2
45177.184031066485,2
45187.18497821557,3
45197.185925364654,3
45207.18687251373,1
45217.18781966281,1
45227.188766811894,0
45237.18971396098,1
45247.19066111006,5
45257.191608259134,1
45267.19255540822,0
45277.193502557304,0
45287.19444970638,2
45297.19539685546,2
45307.196344004544,2
45317.19729115363,4
45327.198238302706,3
45337.199185451784,2
45347.20013260087,0
45357.20107974995,1
45367.20202689903,4
45377.20297404811,2
45387.20392119719,1
45397.20486834628,1
45407.205815495356,1
45417.20676264443,4
45427.20770979352,1
45437.2086569426,1
45447.20960409168,4
45457.21055124076,4
45467.21149838984,4
45477.21244553893,3
45487.213392688005,4
45497.21433983708,0
45507.21528698617,2
45517.21623413525,0
45527.21718128433,0
45537.21812843341,1
45547.21907558249,1
45557.22002273158,1
45567.220969880655,1
45577.22191702973,0
45587.22286417882,4
45597.2238113279,3
45607.22475847698,3
45617.225705626064,1
45627.22665277515,2
45637.22759992423,1
45647.228547073304,2
45657.22949422239,3
45667.230441371474,0
45677.23138852055,0
45687.23233566963,0
45697.23328281871,0
45707.2342299678,2
45717.235177116876,2
45727.23612426595,0
45737.23707141504,2
45747.23801856412,2
45757.2389657132,1
45767.23991286228,3
45777.24086001136,0
45787.24180716045,2
45797.242754309525,2
45807.2437014586,2
45817.24464860769,2
45827.24559575677,0
45837.24654290585,0
45847.24749005493,1
45857.24843720401,2
45867.2493843531,0
45877.250331502175,1
45887.25127865125,2
45897.25222580034,5
45907.25317294942,0
45917.2541200985,2
45927.25506724758,4
45937.25601439666,2
45947.25696154575,4
45957.257908694824,3
45967.2588558439,2
45977.25980299299,3
45987.26075014207,0
45997.26169729115,3
46007.26264444023,0
46017.26359158931,3
46027.2645387384,1
46037.265485887474,2
46047.26643303655,1
46057.26738018564,1
46067.26832733472,3
46077.2692744838,2
46087.27022163288,3
46097.27116878197,1
46107.272115931046,3
46117.27306308012,5
46127.27401022921,2
46137.27495737829,1
46147.27590452737,1
46157.27685167645,0
46167.27779882553,2
46177.27874597462,0
46187.279693123695,2
46197.28064027277,2
46207.28158742186,0
46217.28253457094,2
46227.28348172002,0
46237.2844288691,0
46247.28537601818,1
46257.28632316727,0
46267.287270316345,0
46277.28821746542,1
46287.28916461451,1
46297.29011176359,0
46307.29105891267,0
46317.29200606175,1
46327.29295321083,0
46337.29390035992,1
46347.294847508994,3
46357.29579465807,3
46367.29674180716,1
46377.29768895624,1
46387.29863610532,1
46397.2995832544,2
46407.30053040348,1
46417.301477552566,2
46427.302424701644,2
46437.30337185072,3
46447.304318999806,2
46457.30526614889,2
46467.30621329797,1
46477.307160447046,1
46487.30810759613,1
46497.309054745216,1
46507.31000189429,1
46517.31094904337,1
46527.31189619246,1
46537.31284334154,0
46547.31379049062,0
46557.3147376397,2
46567.31568478879,3
46577.316631937865,3
46587.31757908694,0
46597.31852623603,2
46607.31947338511,3
46617.32042053419,3
46627.32136768327,0
46637.32231483235,1
46647.32326198144,3
46657.324209130515,1
46667.32515627959,1
46677.32610342868,1
46687.32705057776,5
46697.32799772684,1
46707.32894487592,3
46717.329892025,1
46727.33083917409,1
46737.331786323164,2
46747.33273347224,2
46757.33368062133,2
46767.33462777041,0
46777.33557491949,4
46787.33652206857,0
46797.33746921765,0
46807.338416366736,2
46817.33936351581,1
46827.34031066489,1
46837.341257813976,0
46847.34220496306,3
46857.34315211214,2
46867.344099261216,0
46877.3450464103,0
46887.345993559386,0
46897.34694070846,6
46907.34788785754,1
46917.348835006625,0
46927.34978215571,2
46937.35072930479,2
46947.351676453865,0
46957.35262360295,2
46967.353570752035,1
46977.35451790111,0
46987.3554650502,0
46997.35641219928,0
47007.35735934836,1
47017.35830649744,2
47027.35925364652,1
47037.36020079561,1
47047.361147944684,0
47057.36209509376,2
47067.36304224285,1
47077.36398939193,0
47087.36493654101,2
47097.36588369009,0
47107.36683083917,0
47117.36777798826,0
47127.368725137334,2
47137.36967228641,1
47147.370619435496,0
47157.37156658458,2
47167.37251373366,2
47177.373460882736,0
47187.37440803182,0
47197.375355180906,2
47207.37630232998,1
47217.37724947906,0
47227.378196628146,0
47237.37914377723,1
47247.38009092631,0
47257.381038075386,0
47267.38198522447,0
47277.382932373555,0
47287.38387952263,2
47297.38482667171,1
47307.385773820795,0
47317.38672096988,0
47327.38766811896,0
47337.388615268035,1
47347.38956241712,1
47357.390509566205,1
47367.39145671528,0
47377.39240386436,0
47387.393351013445,0
47397.39429816253,3
47407.39524531161,0
47417.396192460685,1
47427.39713960978,0
47437.398086758854,1
47447.39903390793,1
47457.39998105702,3
47467.4009282061,1
47477.40187535518,1
47487.40282250426,1
47497.40376965334,1
47507.404716802426,1
47517.405663951504,0
47527.40661110058,1
47537.407558249666,2
47547.40850539875,1
47557.40945254783,0
47567.410399696906,1
47577.41134684599,2
47587.412293995076,2
47597.41324114415,2
47607.41418829323,1
47617.415135442316,0
47627.4160825914,0
47637.41702974048,2
47647.417976889556,2
47657.41892403864,0
47667.419871187725,0
47677.4208183368,0
47687.42176548588,2
47697.422712634965,2
47707.42365978405,0
47717.42460693313,0
47727.425554082205,1
47737.42650123129,0
47747.427448380375,0
47757.42839552945,0
47767.42934267853,0
47777.430289827615,0
47787.4312369767,0
47797.43218412578,2
47807.433131274855,0
47817.43407842394,2
47827.435025573024,0
47837.4359727221,0
47847.43691987118,2
47857.437867020264,1
47867.43881416935,1
47877.43976131843,2
47887.44070846751,0
47897.441655616596,1
47907.442602765674,0
47917.44354991475,0
47927.444497063836,1
47937.44544421292,0
47947.446391362,0
47957.447338511076,1
47967.44828566016,0
47977.449232809246,0
47987.45017995832,1
47997.4511271074,2
48007.452074256486,0
48017.45302140557,0
48027.45396855465,1
48037.454915703725,0
48047.45586285281,1
48057.456810001895,0
48067.45775715097,0
48077.45870430005,0
48087.459651449135,1
48097.46059859822,0
48107.4615457473,0
48117.462492896375,0
48127.46344004546,0
48137.464387194545,0
48147.46533434362,0
48157.4662814927,0
48167.467228641784,0
48177.46817579087,1
48187.46912293995,2
48197.470070089024,2
48207.47101723811,1
48217.471964387194,0
48227.47291153627,1
48237.47385868535,0
48247.474805834434,0
48257.47575298352,0
48267.476700132596,0
48277.477647281674,2
48287.47859443076,1
48297.47954157984,1
48307.48048872892,0
48317.481435878,1
48327.48238302708,0
48337.48333017617,0
48347.484277325246,1
48357.48522447433,0
48367.486171623415,2
48377.48711877249,0
48387.48806592157,1
48397.489013070655,0
48407.48996021974,1
48417.49090736882,0
48427.491854517895,1
48437.49280166698,0
48447.493748816065,1
48457.49469596514,1
48467.49564311422,0
48477.496590263305,2
48487.49753741239,0
48497.49848456147,0
48507.499431710545,1
48517.50037885963,0
48527.501326008714,1
48537.50227315779,0
48547.50322030687,1
48557.504167455954,1
48567.50511460504,0
48577.50606175412,1
48587.507008903194,1
48597.50795605228,0
48607.508903201364,0
48617.50985035044,1
48627.51079749952,0
48637.511744648604,0
48647.51269179769,0
48657.513638946766,0
48667.514586095844,1
48677.51553324493,0
48687.51648039401,0
48697.51742754309,0
48707.51837469217,1
48717.51932184125,0
48727.52026899034,1
48737.521216139416,1
48747.52216328849,0
48757.52311043758,0
48767.52405758666,2
48777.52500473574,0
48787.52595188482,0
48797.52689903391,0
48807.52784618299,0
48817.528793332065,1
48827.52974048115,0
48837.530687630235,0
48847.53163477931,0
48857.53258192839,0
48867.533529077475,0
48877.53447622656,1
48887.53542337564,0
48897.536370524715,0
48907.5373176738,0
48917.538264822884,0
48927.53921197196,2
48937.54015912104,1
48947.541106270124,0
48957.54205341921,0
48967.54300056829,0
48977.543947717364,0
48987.54489486645,0
48997.545842015534,0
49007.54678916461,0
49017.54773631369,0
49027.54868346277,0
49037.54963061186,0
49047.550577760936,2
49057.55152491001,0
49067.5524720591,0
49077.55341920818,1
49087.55436635726,0
49097.55531350634,0
49107.55626065542,0
49117.55720780451,0
49127.558154953585,0
49137.55910210266,2
49147.56004925175,2
49157.56099640083,2
49167.56194354991,1
49177.56289069899,0
49187.56383784807,0
49197.56478499716,0
49207.565732146235,0
49217.56667929531,0
49227.5676264444,0
49237.56857359348,0
49247.56952074256,1
49257.570467891645,0
49267.57141504073,0
49277.57236218981,1
49287.573309338884,0
49297.57425648797,0
49307.575203637054,1
49317.57615078613,0
49327.57709793521,1
49337.578045084294,0
49347.57899223338,0
49357.579939382456,0
49367.580886531534,0
49377.58183368062,0
49387.5827808297,0
49397.58372797878,1
49407.58467512786,1
49417.58562227694,1
49427.58656942603,0
49437.587516575106,1
49447.58846372418,0
49457.58941087327,1
49467.59035802235,0
49477.59130517143,1
49487.59225232051,0
49497.59319946959,1
49507.59414661868,0
49517.595093767755,0
49527.59604091683,0
49537.59698806592,1
49547.597935215,0
49557.59888236408,0
49567.59982951316,2
49577.60077666224,0
49587.60172381133,0
49597.602670960405,0
49607.60361810948,0
49617.60456525857,1
49627.60551240765,0
49637.60645955673,0
49647.60740670581,0
49657.60835385489,1
49667.60930100398,1
49677.610248153054,0
49687.61119530213,0
49697.612142451224,0
49707.6130896003,1
49717.61403674938,0
49727.614983898464,0
49737.61593104755,0
49747.616878196626,0
49757.617825345704,0
49767.61877249479,0
49777.61971964387,0
49787.62066679295,1
49797.62161394203,1
49807.62256109111,0
49817.6235082402,0
49827.624455389276,0
49837.62540253835,0
49847.62634968744,2
49857.62729683652,0
49867.6282439856,0
49877.62919113468,0
49887.63013828376,0
49897.63108543285,0
49907.632032581925,0
49917.632979731,0
49927.63392688009,0
49937.63487402917,1
49947.63582117825,1
49957.63676832733,0
49967.63771547641,0
49977.6386626255,0
49987.639609774575,0
49997.64055692365,0
50007.64150407274,0
50017.64245122182,1
50027.6433983709,0
50037.64434551998,0
50047.64529266906,0
50057.64623981815,0
50067.647186967224,0
50077.6481341163,0
50087.64908126539,0
50097.65002841447,0
50107.65097556355,2
50117.65192271263,0
50127.65286986171,0
50137.653817010796,1
50147.65476415987,0
50157.65571130895,0
50167.65665845804,0
50177.65760560712,0
50187.6585527562,0
50197.65949990528,0
50207.66044705437,0
50217.661394203446,0
50227.66234135252,0
50237.66328850161,0
50247.66423565069,1
50257.66518279977,0
50267.66612994885,0
50277.66707709793,0
50287.66802424702,0
50297.668971396095,0
50307.66991854517,1
50317.67086569426,0
50327.67181284334,0
50337.67275999242,0
50347.6737071415,0
50357.67465429058,0
50367.67560143967,0
50377.676548588744,1
50387.67749573782,0
50397.67844288691,1
50407.67939003599,0
50417.68033718507,0
50427.68128433415,0
50437.68223148323,0
50447.68317863232,0
50457.684125781394,0
50467.68507293047,0
50477.686020079556,0
50487.68696722864,0
50497.68791437772,0
50507.688861526796,0
50517.68980867588,1
50527.690755824966,0
50537.69170297404,0
50547.69265012312,0
50557.693597272206,0
50567.69454442129,0
50577.69549157037,0
50587.696438719446,0
50597.69738586853,0
50607.698333017615,0
50617.69928016669,0
50627.70022731578,1
50637.70117446486,0
50647.70212161394,0
50657.70306876302,0
50667.7040159121,0
50677.70496306119,1
50687.705910210265,0
50697.70685735934,1
50707.70780450843,0
50717.70875165751,0
50727.70969880659,0
50737.71064595567,0
50747.71159310475,0
50757.71254025384,0
50767.713487402914,1
50777.71443455199,0
50787.71538170108,0
50797.71632885016,0
50807.71727599924,0
50817.71822314832,0
50827.7191702974,0
50837.720117446486,0
50847.721064595564,0
50857.72201174464,0
50867.722958893726,0
50877.72390604281,0
50887.72485319189,0
50897.725800340966,0
50907.72674749005,0
50917.727694639136,2
50927.72864178821,0
50937.72958893729,0
50947.730536086376,0
50957.73148323546,0
50967.73243038454,0
50977.733377533616,0
50987.7343246827,1
50997.735271831785,1
51007.73621898086,0
51017.73716612994,0
51027.738113279025,0
51037.73906042811,0
51047.74000757719,0
51057.740954726265,0
51067.74190187536,0
51077.742849024435,0
51087.74379617351,0
51097.7447433226,0
51107.74569047168,0
51117.74663762076,0
51127.74758476984,1
51137.74853191892,0
51147.74947906801,0
51157.750426217084,0
51167.75137336616,0
51177.75232051525,0
51187.75326766433,0
51197.75421481341,0
51207.75516196249,0
51217.75610911157,0
51227.757056260656,1
51237.758003409734,0
51247.75895055881,0
51257.759897707896,0
51267.76084485698,0
51277.76179200606,0
51287.762739155136,0
51297.76368630422,0
51307.764633453306,0
51317.76558060238,0
51327.76652775146,0
51337.767474900545,0
51347.76842204963,0
51357.76936919871,1
51367.770316347785,0
51377.77126349687,0
51387.772210645955,0
51397.77315779503,0
51407.77410494411,0
51417.775052093195,0
51427.77599924228,0
51437.77694639136,0
51447.777893540435,0
51457.77884068952,0
51467.779787838605,1
51477.78073498768,0
51487.78168213676,0
51497.782629285844,0
51507.78357643493,0
51517.78452358401,0
51527.78547073309,0
51537.78641788218,0
51547.787365031254,0
51557.78831218033,0
51567.78925932942,0
51577.7902064785,0
51587.79115362758,1
51597.792100776656,0
51607.79304792574,0
51617.793995074826,0
51627.7949422239,0
51637.79588937298,0
51647.796836522066,0
51657.79778367115,1
51667.79873082023,0
51677.799677969306,0
51687.80062511839,0
51697.801572267475,0
51707.80251941655,0
51717.80346656563,0
51727.804413714715,0
51737.8053608638,1
51747.80630801288,0
51757.807255161955,0
51767.80820231104,0
51777.809149460125,0
51787.8100966092,0
51797.81104375828,0
51807.811990907365,0
51817.81293805645,0
51827.81388520553,0
51837.814832354605,0
51847.81577950369,0
51857.816726652774,0
51867.81767380185,0
51877.81862095093,0
51887.819568100014,0
51897.8205152491,0
51907.82146239818,0
51917.822409547254,0
51927.82335669634,1
51937.824303845424,0
51947.8252509945,0
51957.82619814358,0
51967.827145292664,1
51977.82809244175,1
51987.829039590826,0
51997.82998673991,0
52007.830933888996,0
52017.83188103807,0
52027.83282818715,0
52037.833775336236,0
52047.83472248532,0
52057.8356696344,0
52067.836616783476,1
52077.83756393256,0
52087.838511081645,0
52097.83945823072,0
52107.8404053798,0
52117.841352528885,0
52127.84229967797,0
52137.84324682705,0
52147.844193976125,0
52157.84514112521,0
52167.846088274295,0
52177.84703542337,0
52187.84798257245,0
52197.848929721535,0
52207.84987687062,0
52217.8508240197,0
52227.851771168775,0
52237.85271831786,0
52247.853665466944,0
52257.85461261602,0
52267.8555597651,0
52277.856506914184,0
52287.85745406327,0
52297.85840121235,0
52307.859348361424,0
52317.86029551051,0
52327.861242659594,0
52337.86218980867,0
52347.86313695775,0
52357.86408410683,0
52367.86503125592,0
52377.865978404996,0
52387.86692555407,0
52397.86787270316,0
52407.86881985224,0
52417.86976700132,0
52427.8707141504,0
52437.87166129949,0
52447.87260844857,0
52457.873555597645,0
52467.87450274673,0
52477.875449895815,0
52487.87639704489,0
52497.87734419397,0
52507.878291343055,0
52517.87923849214,0
52527.88018564122,0
52537.881132790295,0
52547.88207993938,0
52557.883027088465,0
52567.88397423754,0
52577.88492138662,0
52587.885868535705,0
52597.88681568479,0
52607.88776283387,0
52617.888709982944,0
52627.88965713203,0
52637.890604281114,0
52647.89155143019,0
52657.89249857927,0
52667.893445728354,0
52677.89439287744,0
52687.895340026516,0
52697.896287175594,0
52707.89723432468,0
52717.89818147376,0
52727.89912862284,0
52737.90007577192,0
52747.901022921,0
52757.90197007009,0
52767.902917219166,0
52777.90386436824,0
52787.90481151733,0
52797.90575866641,0
52807.90670581549,0
52817.90765296457,0
52827.90860011365,0
52837.90954726274,0
52847.910494411815,0
52857.91144156089,0
52867.91238870998,0
52877.91333585906,0
52887.91428300814,0
52897.915230157225,0
52907.91617730631,0
52917.91712445539,0
52927.918071604465,0
52937.91901875355,0
52947.919965902634,0
52957.92091305171,0
52967.92186020079,0
52977.922807349874,0
52987.92375449896,0
52997.92470164804,0
53007.925648797114,0
53017.9265959462,0
53027.927543095284,0
53037.92849024436,0
53047.92943739344,0
53057.930384542524,1
53067.93133169161,0
53077.932278840686,0
53087.933225989764,0
53097.93417313885,0
53107.93512028793,0
53117.93606743701,0
53127.93701458609,0
53137.93796173517,0
53147.93890888426,1
53157.939856033336,0
53167.94080318241,0
53177.9417503315,0
53187.94269748058,0
53197.94364462966,0
53207.94459177874,0
53217.94553892782,0
53227.94648607691,0
53237.947433225985,0
53247.94838037506,0
53257.94932752415,0
53267.95027467323,0
53277.95122182231,0
53287.95216897139,0
53297.95311612047,0
53307.95406326956,0
53317.955010418635,0
53327.95595756771,0
53337.956904716804,0
53347.95785186588,0
53357.95879901496,0
53367.959746164044,0
53377.96069331313,0
53387.96164046221,0
53397.962587611284,0
53407.96353476037,0
53417.964481909454,0
53427.96542905853,0
53437.96637620761,0
53447.967323356694,0
53457.96827050578,0
53467.969217654856,0
53477.97016480393,0
53487.97111195302,0
53497.9720591021,0
53507.97300625118,0
53517.97395340026,0
53527.97490054934,0
53537.97584769843,0
53547.976794847506,0
53557.97774199658,0
53567.97868914567,0
53577.97963629475,0
53587.98058344383,0
53597.98153059291,0
53607.98247774199,0
53617.98342489108,0
53627.984372040155,0
53637.98531918923,0
53647.98626633832,0
53657.9872134874,0
53667.98816063648,0
53677.98910778556,0
53687.99005493464,0
53697.99100208373,0
53707.991949232804,0
53717.99289638188,0
53727.99384353097,0
53737.99479068005,0
53747.99573782913,0
53757.99668497821,0
53767.99763212729,0
53777.99857927638,0
53787.999526425454,1
