bin_center,count
1646.000465116279,1
1656.0013953488374,0
1666.0023255813953,0
1676.0032558139535,0
1686.0041860465117,0
1696.0051162790696,0
1706.006046511628,0
1716.006976744186,0
1726.0079069767444,0
1736.0088372093023,0
1746.0097674418603,0
1756.0106976744187,0
1766.0116279069766,0
1776.012558139535,0
1786.013488372093,0
1796.0144186046514,0
1806.0153488372093,0
1816.0162790697673,1
1826.0172093023257,0
1836.0181395348836,0
1846.019069767442,0
1856.02,0
1866.020930232558,0
1876.0218604651163,0
1886.0227906976743,1
1896.0237209302327,0
1906.0246511627906,0
1916.025581395349,0
1926.026511627907,0
1936.027441860465,0
1946.0283720930233,0
1956.0293023255813,0
1966.0302325581397,0
1976.0311627906976,0
1986.032093023256,2
1996.033023255814,0
2006.033953488372,0
2016.0348837209303,0
2026.0358139534883,0
2036.0367441860467,0
2046.0376744186046,0
2056.038604651163,0
2066.039534883721,0
2076.040465116279,0
2086.041395348837,1
2096.0423255813953,0
2106.0432558139537,0
2116.0441860465116,0
2126.0451162790696,0
2136.046046511628,0
2146.0469767441864,0
2156.0479069767443,0
2166.0488372093023,0
2176.0497674418602,0
2186.0506976744186,0
2196.051627906977,1
2206.052558139535,1
2216.053488372093,0
2226.054418604651,0
2236.0553488372093,1
2246.0562790697677,0
2256.0572093023256,1
2266.0581395348836,0
2276.0590697674415,0
2286.0600000000004,2
2296.0609302325583,0
2306.0618604651163,0
2316.0627906976742,1
2326.0637209302326,1
2336.064651162791,0
2346.065581395349,0
2356.066511627907,1
2366.067441860465,0
2376.0683720930233,1
2386.0693023255817,0
2396.0702325581397,0
2406.0711627906976,0
2416.0720930232555,0
2426.073023255814,1
2436.0739534883724,0
2446.0748837209303,1
2456.0758139534883,0
2466.076744186046,0
2476.077674418605,0
2486.078604651163,0
2496.079534883721,0
2506.080465116279,1
2516.0813953488373,0
2526.0823255813957,0
2536.0832558139537,0
2546.0841860465116,0
2556.0851162790696,1
2566.086046511628,0
2576.0869767441864,0
2586.0879069767443,0
2596.0888372093023,0
2606.08976744186,0
2616.0906976744186,0
2626.091627906977,0
2636.092558139535,0
2646.093488372093,0
2656.094418604651,0
2666.0953488372097,0
2676.0962790697677,0
2686.0972093023256,0
2696.0981395348836,0
2706.0990697674415,0
2716.1000000000004,0
2726.1009302325583,0
2736.1018604651163,0
2746.102790697674,0
2756.1037209302326,0
2766.104651162791,0
2776.105581395349,0
2786.106511627907,0
2796.107441860465,0
2806.1083720930237,0
2816.1093023255817,0
2826.1102325581396,0
2836.1111627906976,1
2846.1120930232555,0
2856.1130232558144,0
2866.1139534883723,0
2876.1148837209303,0
2886.115813953488,0
2896.116744186046,0
2906.117674418605,0
2916.118604651163,0
2926.119534883721,1
2936.120465116279,0
2946.1213953488377,0
2956.1223255813957,0
2966.1232558139536,0
2976.1241860465116,0
2986.1251162790695,0
2996.1260465116284,0
3006.1269767441863,0
3016.1279069767443,0
3026.128837209302,0
3036.12976744186,0
3046.130697674419,0
3056.131627906977,0
3066.132558139535,0
3076.133488372093,0
3086.1344186046513,0
3096.1353488372097,1
3106.1362790697676,0
3116.1372093023256,0
3126.1381395348835,0
3136.1390697674424,2
3146.1400000000003,0
3156.1409302325583,0
3166.141860465116,0
3176.142790697674,0
3186.143720930233,0
3196.144651162791,0
3206.145581395349,0
3216.146511627907,0
3226.147441860465,0
3236.1483720930237,0
3246.1493023255816,0
3256.1502325581396,0
3266.1511627906975,0
3276.152093023256,0
3286.1530232558143,0
3296.1539534883723,1
3306.1548837209302,0
3316.155813953488,0
3326.156744186047,0
3336.157674418605,0
3346.158604651163,0
3356.159534883721,0
3366.160465116279,0
3376.1613953488377,0
3386.1623255813956,0
3396.1632558139536,1
3406.1641860465115,0
3416.1651162790695,0
3426.1660465116283,0
3436.1669767441863,0
3446.1679069767442,0
3456.168837209302,0
3466.1697674418606,1
3476.170697674419,0
3486.171627906977,0
3496.172558139535,0
3506.173488372093,0
3516.1744186046517,0
3526.1753488372096,0
3536.1762790697676,0
3546.1772093023255,0
3556.1781395348835,0
3566.1790697674423,0
3576.1800000000003,0
3586.1809302325582,0
3596.181860465116,0
3606.182790697674,0
3616.183720930233,0
3626.184651162791,0
3636.185581395349,0
3646.186511627907,0
3656.1874418604652,0
3666.1883720930236,1
3676.1893023255816,0
3686.1902325581395,0
3696.1911627906975,0
3706.192093023256,0
3716.1930232558143,0
3726.1939534883722,0
3736.19488372093,0
3746.1958139534886,0
3756.1967441860465,0
3766.197674418605,0
3776.198604651163,0
3786.199534883721,0
3796.2004651162792,0
3806.2013953488377,0
3816.2023255813956,0
3826.2032558139535,0
3836.2041860465115,0
3846.20511627907,0
3856.2060465116283,0
3866.2069767441862,0
3876.207906976744,0
3886.208837209302,0
3896.2097674418605,0
3906.210697674419,0
3916.211627906977,0
3926.212558139535,0
3936.2134883720933,1
3946.214418604651,0
3956.2153488372096,0
3966.2162790697676,0
3976.2172093023255,0
3986.218139534884,0
3996.2190697674423,0
4006.2200000000003,0
4016.220930232558,0
4026.221860465116,0
4036.2227906976746,0
4046.223720930233,1
4056.224651162791,0
4066.225581395349,0
4076.2265116279073,0
4086.227441860465,0
4096.228372093024,0
4106.229302325582,0
4116.2302325581395,0
4126.231162790697,0
4136.232093023255,0
4146.233023255814,0
4156.233953488372,0
4166.23488372093,0
4176.235813953489,0
4186.236744186047,0
4196.237674418605,0
4206.238604651163,0
4216.239534883721,0
4226.240465116279,0
4236.241395348838,0
4246.242325581396,0
4256.2432558139535,0
4266.244186046512,0
4276.24511627907,0
4286.246046511628,0
4296.246976744186,0
4306.247906976744,1
4316.248837209302,0
4326.24976744186,0
4336.250697674419,0
4346.251627906977,0
4356.252558139535,0
4366.253488372094,0
4376.254418604652,1
4386.25534883721,1
4396.2562790697675,0
4406.2572093023255,0
4416.258139534883,0
4426.259069767442,0
4436.26,0
4446.260930232558,0
4456.261860465117,0
4466.262790697675,0
4476.263720930233,0
4486.264651162791,0
4496.265581395349,0
4506.266511627907,0
4516.267441860466,0
4526.268372093024,1
4536.2693023255815,0
4546.2702325581395,0
4556.271162790698,0
4566.272093023256,0
4576.273023255814,0
4586.273953488372,0
4596.27488372093,0
4606.275813953488,1
4616.276744186047,0
4626.277674418605,0
4636.278604651163,0
4646.279534883722,0
4656.28046511628,0
4666.281395348838,0
4676.2823255813955,0
4686.2832558139535,0
4696.284186046511,0
4706.28511627907,0
4716.286046511628,0
4726.286976744186,0
4736.287906976744,1
4746.288837209303,0
4756.289767441861,0
4766.290697674419,0
4776.291627906977,0
4786.292558139535,0
4796.293488372093,0
4806.294418604652,0
4816.2953488372095,0
4826.2962790697675,0
4836.297209302326,0
4846.298139534884,0
4856.299069767442,0
4866.3,0
4876.300930232558,0
4886.301860465116,1
4896.302790697675,0
4906.303720930233,0
4916.304651162791,0
4926.305581395349,0
4936.306511627908,0
4946.307441860466,1
4956.3083720930235,0
4966.3093023255815,1
4976.310232558139,0
4986.311162790697,0
4996.312093023256,0
5006.313023255814,0
5016.313953488372,0
5026.314883720931,1
5036.315813953489,0
5046.316744186047,0
5056.317674418605,2
5066.318604651163,0
5076.319534883721,0
5086.32046511628,0
5096.3213953488375,0
5106.3223255813955,0
5116.323255813953,0
5126.324186046512,0
5136.32511627907,1
5146.326046511628,1
5156.326976744186,0
5166.327906976744,1
5176.328837209302,0
5186.329767441861,0
5196.330697674419,0
5206.331627906977,0
5216.332558139536,0
5226.333488372094,0
5236.334418604652,0
5246.3353488372095,0
5256.336279069767,0
5266.337209302325,1
5276.338139534884,1
5286.339069767442,0
5296.34,0
5306.340930232558,0
5316.341860465117,0
5326.342790697675,0
5336.343720930233,0
5346.344651162791,0
5356.345581395349,0
5366.346511627907,0
5376.347441860466,0
5386.3483720930235,1
5396.349302325581,1
5406.35023255814,0
5416.351162790698,0
5426.352093023256,0
5436.353023255814,0
5446.353953488372,0
5456.35488372093,0
5466.355813953489,1
5476.356744186047,0
5486.357674418605,0
5496.358604651163,2
5506.359534883722,0
5516.36046511628,1
5526.3613953488375,0
5536.362325581395,0
5546.363255813953,0
5556.364186046511,0
5566.36511627907,0
5576.366046511628,0
5586.366976744186,0
5596.367906976745,0
5606.368837209303,1
5616.369767441861,0
5626.370697674419,0
5636.371627906977,0
5646.372558139535,1
5656.373488372094,0
5666.3744186046515,1
5676.3753488372095,1
5686.376279069767,0
5696.377209302326,0
5706.378139534884,0
5716.379069767442,0
5726.38,0
5736.380930232558,0
5746.381860465117,0
5756.382790697675,0
5766.383720930233,0
5776.384651162791,1
5786.385581395349,0
5796.386511627908,0
5806.3874418604655,1
5816.3883720930235,0
5826.389302325581,0
5836.39023255814,1
5846.391162790698,0
5856.392093023256,0
5866.393023255814,0
5876.393953488372,0
5886.39488372093,0
5896.395813953489,0
5906.396744186047,0
5916.397674418605,0
5926.398604651163,0
5936.399534883722,0
5946.4004651162795,0
5956.4013953488375,0
5966.402325581395,0
5976.403255813953,0
5986.404186046512,1
5996.40511627907,0
6006.406046511628,0
6016.406976744186,0
6026.407906976745,0
6036.408837209303,0
6046.409767441861,0
6056.410697674419,0
6066.411627906977,0
6076.412558139535,0
6086.4134883720935,1
6096.4144186046515,0
6106.415348837209,0
6116.416279069767,1
6126.417209302326,0
6136.418139534884,0
6146.419069767442,0
6156.42,0
6166.420930232558,0
6176.421860465117,0
6186.422790697675,0
6196.423720930233,0
6206.424651162791,0
6216.42558139535,1
6226.4265116279075,0
6236.4274418604655,0
6246.428372093023,0
6256.429302325581,0
6266.430232558139,0
6276.431162790698,0
6286.432093023256,0
6296.433023255814,0
6306.433953488373,0
6316.434883720931,0
6326.435813953489,0
6336.436744186047,0
6346.437674418605,0
6356.438604651163,1
6366.4395348837215,0
6376.4404651162795,0
6386.441395348837,0
6396.442325581395,0
6406.443255813954,0
6416.444186046512,0
6426.44511627907,0
6436.446046511628,0
6446.446976744186,0
6456.447906976744,0
6466.448837209303,0
6476.449767441861,0
6486.450697674419,0
6496.451627906978,0
6506.4525581395355,1
6516.4534883720935,2
6526.454418604651,1
6536.455348837209,1
6546.456279069767,0
6556.457209302326,0
6566.458139534884,0
6576.459069767442,0
6586.46,0
6596.460930232559,0
6606.461860465117,0
6616.462790697675,0
6626.463720930233,0
6636.464651162791,0
6646.465581395349,0
6656.4665116279075,1
6666.467441860465,0
6676.468372093023,0
6686.469302325582,0
6696.47023255814,0
6706.471162790698,0
6716.472093023256,0
6726.473023255814,0
6736.473953488372,0
6746.474883720931,0
6756.475813953489,1
6766.476744186047,0
6776.477674418605,1
6786.478604651164,0
6796.4795348837215,0
6806.480465116279,0
6816.481395348837,1
6826.482325581395,0
6836.483255813953,0
6846.484186046512,0
6856.48511627907,0
6866.486046511628,0
6876.486976744187,1
6886.487906976745,0
6896.488837209303,1
6906.489767441861,1
6916.490697674419,0
6926.491627906977,0
6936.4925581395355,0
6946.493488372093,0
6956.494418604651,0
6966.495348837209,0
6976.496279069768,0
6986.497209302326,0
6996.498139534884,1
7006.499069767442,0
7016.5,0
7026.500930232558,0
7036.501860465117,0
7046.502790697675,0
7056.503720930233,0
7066.504651162792,0
7076.5055813953495,0
7086.5065116279075,0
7096.507441860465,0
7106.508372093023,0
7116.509302325581,0
7126.51023255814,0
7136.511162790698,0
7146.512093023256,0
7156.513023255814,0
7166.513953488373,0
7176.514883720931,0
7186.515813953489,1
7196.516744186047,1
7206.517674418605,0
7216.518604651163,0
7226.5195348837215,0
7236.520465116279,0
7246.521395348837,0
7256.522325581396,0
7266.523255813954,0
7276.524186046512,0
7286.52511627907,0
7296.526046511628,0
7306.526976744186,0
7316.527906976745,0
7326.528837209303,0
7336.529767441861,0
7346.530697674419,0
7356.5316279069775,1
7366.5325581395355,0
7376.533488372093,0
7386.534418604651,0
7396.535348837209,0
7406.536279069768,0
7416.537209302326,0
7426.538139534884,0
7436.539069767442,1
7446.540000000001,0
7456.540930232559,0
7466.541860465117,0
7476.542790697675,1
7486.543720930233,1
7496.544651162791,1
7506.5455813953495,0
7516.546511627907,0
7526.547441860465,0
7536.548372093023,1
7546.549302325582,1
7556.55023255814,0
7566.551162790698,0
7576.552093023256,1
7586.553023255814,0
7596.553953488373,1
7606.554883720931,0
7616.555813953489,0
7626.556744186047,0
7636.5576744186055,0
7646.5586046511635,0
7656.559534883721,0
7666.560465116279,0
7676.561395348837,0
7686.562325581395,0
7696.563255813954,0
7706.564186046512,1
7716.56511627907,2
7726.566046511628,1
7736.566976744187,0
7746.567906976745,0
7756.568837209303,0
7766.569767441861,0
7776.570697674419,0
7786.5716279069775,0
7796.572558139535,0
7806.573488372093,0
7816.574418604651,0
7826.57534883721,0
7836.576279069768,0
7846.577209302326,0
7856.578139534884,0
7866.579069767442,1
7876.58,1
7886.580930232559,0
7896.581860465117,0
7906.582790697675,0
7916.583720930233,0
7926.5846511627915,0
7936.585581395349,1
7946.586511627907,0
7956.587441860465,0
7966.588372093023,0
7976.589302325582,0
7986.59023255814,0
7996.591162790698,0
8006.592093023256,0
8016.593023255815,0
8026.593953488373,0
8036.594883720931,0
8046.595813953489,0
8056.596744186047,0
8066.597674418605,0
8076.598604651163,0
8086.599534883721,1
8096.600465116279,0
8106.601395348837,0
8116.602325581396,0
8126.603255813954,0
8136.604186046512,0
8146.60511627907,2
8156.606046511628,0
8166.606976744187,0
8176.607906976745,0
8186.608837209303,0
8196.60976744186,0
8206.61069767442,0
8216.611627906977,0
8226.612558139535,0
8236.613488372093,0
8246.614418604651,2
8256.61534883721,0
8266.616279069767,0
8276.617209302327,2
8286.618139534883,0
8296.619069767443,0
8306.62,0
8316.620930232559,0
8326.621860465117,0
8336.622790697675,1
8346.623720930233,0
8356.62465116279,0
8366.62558139535,1
8376.626511627906,1
8386.627441860466,0
8396.628372093024,1
8406.629302325582,0
8416.63023255814,0
8426.631162790698,0
8436.632093023256,0
8446.633023255814,1
8456.633953488374,0
8466.63488372093,1
8476.63581395349,0
8486.636744186046,1
8496.637674418605,0
8506.638604651163,0
8516.639534883721,0
8526.64046511628,0
8536.641395348837,0
8546.642325581397,0
8556.643255813953,0
8566.644186046513,1
8576.645116279069,0
8586.646046511629,1
8596.646976744187,1
8606.647906976745,1
8616.648837209303,0
8626.64976744186,0
8636.650697674419,0
8646.651627906977,1
8656.652558139536,0
8666.653488372092,1
8676.654418604652,0
8686.65534883721,0
8696.656279069768,1
8706.657209302326,0
8716.658139534884,0
8726.659069767442,0
8736.66,0
8746.66093023256,0
8756.661860465116,0
8766.662790697676,0
8776.663720930233,0
8786.664651162791,0
8796.66558139535,0
8806.666511627907,0
8816.667441860465,0
8826.668372093023,0
8836.669302325583,0
8846.67023255814,0
8856.671162790699,0
8866.672093023257,0
8876.673023255815,0
8886.673953488373,0
8896.67488372093,1
8906.675813953489,0
8916.676744186047,0
8926.677674418606,0
8936.678604651162,0
8946.679534883722,0
8956.680465116278,1
8966.681395348838,1
8976.682325581396,1
8986.683255813954,0
8996.684186046512,0
9006.68511627907,0
9016.686046511628,1
9026.686976744186,0
9036.687906976746,0
9046.688837209302,0
9056.689767441861,0
9066.69069767442,0
9076.691627906977,0
9086.692558139535,0
9096.693488372093,0
9106.694418604651,0
9116.69534883721,0
9126.696279069769,0
9136.697209302325,0
9146.698139534885,1
9156.699069767443,1
9166.7,0
9176.700930232559,0
9186.701860465117,1
9196.702790697675,0
9206.703720930233,0
9216.704651162792,1
9226.705581395348,0
9236.706511627908,1
9246.707441860466,0
9256.708372093024,1
9266.709302325582,0
9276.71023255814,0
9286.711162790698,0
9296.712093023256,0
9306.713023255816,0
9316.713953488372,1
9326.714883720932,0
9336.715813953488,3
9346.716744186047,0
9356.717674418605,0
9366.718604651163,1
9376.719534883721,0
9386.72046511628,1
9396.721395348837,0
9406.722325581395,0
9416.723255813955,0
9426.724186046511,1
9436.72511627907,0
9446.726046511629,0
9456.726976744187,0
9466.727906976745,1
9476.728837209303,0
9486.72976744186,0
9496.730697674418,0
9506.731627906978,0
9516.732558139534,0
9526.733488372094,0
9536.734418604652,0
9546.73534883721,1
9556.736279069768,0
9566.737209302326,0
9576.738139534884,0
9586.739069767442,0
9596.740000000002,0
9606.740930232558,0
9616.741860465117,0
9626.742790697675,1
9636.743720930233,0
9646.744651162791,2
9656.74558139535,0
9666.746511627907,0
9676.747441860465,0
9686.748372093025,0
9696.749302325581,1
9706.75023255814,0
9716.751162790697,0
9726.752093023257,0
9736.753023255815,0
9746.753953488373,0
9756.75488372093,0
9766.755813953489,0
9776.756744186046,0
9786.757674418604,0
9796.758604651164,0
9806.75953488372,0
9816.76046511628,0
9826.761395348838,0
9836.762325581396,0
9846.763255813954,0
9856.764186046512,0
9866.765116279072,0
9876.766046511628,1
9886.766976744188,3
9896.767906976744,0
9906.768837209303,0
9916.76976744186,0
9926.77069767442,0
9936.771627906977,1
9946.772558139535,0
9956.773488372095,0
9966.774418604651,0
9976.775348837211,0
9986.776279069767,0
9996.777209302327,1
10006.778139534883,0
10016.779069767443,0
10026.779999999999,0
10036.780930232559,0
10046.781860465118,1
10056.782790697674,0
10066.783720930234,1
10076.78465116279,0
10086.78558139535,1
10096.786511627906,0
10106.787441860466,0
10116.788372093022,1
10126.789302325582,0
10136.790232558142,0
10146.791162790698,1
10156.792093023258,0
10166.793023255814,0
10176.793953488374,0
10186.79488372093,0
10196.79581395349,0
10206.796744186046,0
10216.797674418605,1
10226.798604651163,0
10236.799534883721,0
10246.800465116281,0
10256.801395348837,0
10266.802325581397,0
10276.803255813953,0
10286.804186046513,0
10296.805116279069,0
10306.806046511629,0
10316.806976744187,0
10326.807906976745,0
10336.808837209304,0
10346.80976744186,1
10356.81069767442,0
10366.811627906976,0
10376.812558139536,1
10386.813488372092,0
10396.814418604652,0
10406.815348837208,0
10416.816279069768,0
10426.817209302328,0
10436.818139534884,0
10446.819069767444,0
10456.82,0
10466.82093023256,0
10476.821860465116,1
10486.822790697675,0
10496.823720930232,0
10506.824651162791,2
10516.825581395351,0
10526.826511627907,0
10536.827441860467,0
10546.828372093023,0
10556.829302325583,1
10566.830232558139,0
10576.831162790699,0
10586.832093023255,0
10596.833023255815,0
10606.833953488373,1
10616.83488372093,0
10626.83581395349,0
10636.836744186046,0
10646.837674418606,0
10656.838604651162,0
10666.839534883722,0
10676.840465116278,0
10686.841395348838,0
10696.842325581396,0
10706.843255813954,0
10716.844186046514,0
10726.84511627907,0
10736.84604651163,0
10746.846976744186,0
10756.847906976745,0
10766.848837209302,2
10776.849767441861,0
10786.85069767442,0
10796.851627906977,0
10806.852558139537,0
10816.853488372093,1
10826.854418604653,0
10836.855348837209,0
10846.856279069769,0
10856.857209302325,1
10866.858139534885,0
10876.85906976744,0
10886.86,0
10896.86093023256,1
10906.861860465116,0
10916.862790697676,0
10926.863720930232,1
10936.864651162792,2
10946.865581395348,1
10956.866511627908,0
10966.867441860464,1
10976.868372093024,1
10986.869302325584,0
10996.87023255814,0
11006.8711627907,0
11016.872093023256,0
11026.873023255815,0
11036.873953488372,1
11046.874883720931,0
11056.875813953488,0
11066.876744186047,1
11076.877674418605,0
11086.878604651163,0
11096.879534883723,0
11106.880465116279,2
11116.881395348839,0
11126.882325581395,0
11136.883255813955,0
11146.88418604651,0
11156.88511627907,0
11166.886046511629,0
11176.886976744187,0
11186.887906976746,1
11196.888837209302,1
11206.889767441862,1
11216.890697674418,0
11226.891627906978,0
11236.892558139534,1
11246.893488372094,0
11256.89441860465,0
11266.89534883721,0
11276.89627906977,1
11286.897209302326,0
11296.898139534886,0
11306.899069767442,1
11316.900000000001,0
11326.900930232558,1
11336.901860465117,0
11346.902790697673,0
11356.903720930233,0
11366.904651162793,0
11376.90558139535,0
11386.906511627909,0
11396.907441860465,1
11406.908372093025,0
11416.909302325581,0
11426.91023255814,0
11436.911162790697,1
11446.912093023257,0
11456.913023255815,0
11466.913953488372,0
11476.914883720932,0
11486.915813953488,1
11496.916744186048,1
11506.917674418604,1
11516.918604651164,0
11526.91953488372,0
11536.92046511628,0
11546.921395348838,0
11556.922325581396,0
11566.923255813956,0
11576.924186046512,0
11586.925116279072,0
11596.926046511628,1
11606.926976744187,0
11616.927906976744,0
11626.928837209303,1
11636.92976744186,0
11646.93069767442,0
11656.931627906979,1
11666.932558139535,1
11676.933488372095,0
11686.934418604651,0
11696.93534883721,0
11706.936279069767,0
11716.937209302327,1
11726.938139534883,1
11736.939069767443,1
11746.940000000002,0
11756.940930232558,0
11766.941860465118,0
11776.942790697674,1
11786.943720930234,0
11796.94465116279,0
11806.94558139535,0
11816.946511627906,1
11826.947441860466,0
11836.948372093024,2
11846.949302325582,0
11856.950232558142,0
11866.951162790698,0
11876.952093023257,1
11886.953023255814,0
11896.953953488373,0
11906.95488372093,0
11916.95581395349,0
11926.956744186047,0
11936.957674418605,0
11946.958604651165,0
11956.959534883721,0
11966.96046511628,0
11976.961395348837,0
11986.962325581397,0
11996.963255813953,0
12006.964186046513,1
12016.965116279069,1
12026.966046511629,0
12036.966976744188,0
12046.967906976744,0
12056.968837209304,0
12066.96976744186,0
12076.97069767442,0
12086.971627906976,0
12096.972558139536,0
12106.973488372092,0
12116.974418604652,1
12126.975348837212,1
12136.976279069768,1
12146.977209302328,0
12156.978139534884,0
12166.979069767443,0
12176.98,0
12186.98093023256,1
12196.981860465115,1
12206.982790697675,1
12216.983720930233,0
12226.984651162791,1
12236.98558139535,0
12246.986511627907,1
12256.987441860467,0
12266.988372093023,0
12276.989302325583,0
12286.990232558139,0
12296.991162790699,0
12306.992093023257,0
12316.993023255814,0
12326.993953488374,0
12336.99488372093,0
12346.99581395349,0
12356.996744186046,0
12366.997674418606,0
12376.998604651162,0
12386.999534883722,1
12397.000465116278,0
12407.001395348838,0
12417.002325581398,0
12427.003255813954,1
12437.004186046513,0
12447.00511627907,0
12457.00604651163,0
12467.006976744186,0
12477.007906976745,0
12487.008837209301,0
12497.009767441861,0
12507.010697674421,0
12517.011627906977,0
12527.012558139537,0
12537.013488372093,1
12547.014418604653,1
12557.015348837209,0
12567.016279069769,1
12577.017209302325,0
12587.018139534885,0
12597.019069767442,0
12607.02,3
12617.02093023256,1
12627.021860465116,1
12637.022790697676,1
12647.023720930232,0
12657.024651162792,0
12667.025581395348,0
12677.026511627908,1
12687.027441860466,0
12697.028372093024,0
12707.029302325584,0
12717.03023255814,1
12727.0311627907,2
12737.032093023256,1
12747.033023255815,0
12757.033953488371,0
12767.034883720931,0
12777.035813953487,0
12787.036744186047,1
12797.037674418607,1
12807.038604651163,0
12817.039534883723,1
12827.040465116279,0
12837.041395348839,2
12847.042325581395,1
12857.043255813955,0
12867.04418604651,1
12877.04511627907,0
12887.04604651163,2
12897.046976744186,0
12907.047906976746,1
12917.048837209302,1
12927.049767441862,1
12937.050697674418,1
12947.051627906978,1
12957.052558139534,0
12967.053488372094,0
12977.054418604652,0
12987.05534883721,1
12997.05627906977,1
13007.057209302326,0
13017.058139534885,0
13027.059069767442,0
13037.060000000001,0
13047.060930232557,0
13057.061860465117,1
13067.062790697675,0
13077.063720930233,1
13087.064651162793,2
13097.065581395349,0
13107.066511627909,2
13117.067441860465,0
13127.068372093025,0
13137.06930232558,0
13147.07023255814,1
13157.071162790699,0
13167.072093023256,1
13177.073023255816,1
13187.073953488372,0
13197.074883720932,0
13207.075813953488,0
13217.076744186048,0
13227.077674418604,1
13237.078604651164,0
13247.07953488372,0
13257.08046511628,1
13267.08139534884,1
13277.082325581396,0
13287.083255813955,0
13297.084186046512,0
13307.085116279071,1
13317.086046511628,2
13327.086976744187,0
13337.087906976743,0
13347.088837209303,1
13357.089767441863,0
13367.090697674419,1
13377.091627906979,0
13387.092558139535,0
13397.093488372095,0
13407.09441860465,0
13417.09534883721,1
13427.096279069767,1
13437.097209302327,1
13447.098139534884,1
13457.099069767442,0
13467.100000000002,0
13477.100930232558,0
13487.101860465118,0
13497.102790697674,0
13507.103720930234,0
13517.10465116279,0
13527.10558139535,0
13537.106511627908,0
13547.107441860466,1
13557.108372093026,1
13567.109302325582,1
13577.110232558141,1
13587.111162790698,2
13597.112093023257,0
13607.113023255813,1
13617.113953488373,0
13627.11488372093,0
13637.11581395349,0
13647.116744186049,0
13657.117674418605,1
13667.118604651165,0
13677.119534883721,1
13687.12046511628,0
13697.121395348837,1
13707.122325581397,0
13717.123255813953,1
13727.124186046512,0
13737.125116279072,0
13747.126046511628,0
13757.126976744188,1
13767.127906976744,0
13777.128837209304,0
13787.12976744186,1
13797.13069767442,1
13807.131627906976,0
13817.132558139536,1
13827.133488372094,2
13837.134418604652,0
13847.135348837211,0
13857.136279069768,0
13867.137209302327,0
13877.138139534884,0
13887.139069767443,1
13897.14,0
13907.14093023256,2
13917.141860465117,0
13927.142790697675,0
13937.143720930235,0
13947.144651162791,0
13957.14558139535,0
13967.146511627907,0
13977.147441860467,0
13987.148372093023,0
13997.149302325583,0
14007.150232558139,0
14017.151162790698,1
14027.152093023258,0
14037.153023255814,1
14047.153953488374,2
14057.15488372093,0
14067.15581395349,1
14077.156744186046,2
14087.157674418606,0
14097.158604651162,0
14107.159534883722,0
14117.160465116282,0
14127.161395348838,0
14137.162325581397,1
14147.163255813954,1
14157.164186046513,0
14167.16511627907,0
14177.16604651163,0
14187.166976744185,1
14197.167906976745,0
14207.168837209303,0
14217.169767441861,1
14227.17069767442,0
14237.171627906977,0
14247.172558139537,1
14257.173488372093,1
14267.174418604653,1
14277.175348837209,1
14287.176279069768,0
14297.177209302326,0
14307.178139534884,1
14317.179069767444,2
14327.18,0
14337.18093023256,1
14347.181860465116,0
14357.182790697676,0
14367.183720930232,0
14377.184651162792,0
14387.185581395348,1
14397.186511627908,1
14407.187441860468,0
14417.188372093024,0
14427.189302325583,0
14437.19023255814,0
14447.1911627907,0
14457.192093023255,1
14467.193023255815,0
14477.193953488371,0
14487.194883720931,1
14497.19581395349,0
14507.196744186047,1
14517.197674418607,0
14527.198604651163,1
14537.199534883723,0
14547.200465116279,0
14557.201395348839,0
14567.202325581395,1
14577.203255813954,0
14587.204186046512,0
14597.20511627907,0
14607.20604651163,0
14617.206976744186,0
14627.207906976746,0
14637.208837209302,0
14647.209767441862,0
14657.210697674418,0
14667.211627906978,0
14677.212558139536,1
14687.213488372094,1
14697.214418604653,1
14707.21534883721,0
14717.21627906977,1
14727.217209302326,0
14737.218139534885,0
14747.219069767441,0
14757.220000000001,1
14767.220930232557,0
14777.221860465117,0
14787.222790697677,0
14797.223720930233,1
14807.224651162793,1
14817.225581395349,0
14827.226511627909,0
14837.227441860465,0
14847.228372093025,1
14857.22930232558,1
14867.23023255814,2
14877.2311627907,0
14887.232093023256,1
14897.233023255816,1
14907.233953488372,0
14917.234883720932,0
14927.235813953488,0
14937.236744186048,0
14947.237674418604,0
14957.238604651164,2
14967.239534883722,1
14977.24046511628,3
14987.24139534884,0
14997.242325581396,1
15007.243255813955,0
15017.244186046511,0
15027.245116279071,0
15037.246046511627,1
15047.246976744187,0
15057.247906976745,1
15067.248837209303,1
15077.249767441863,1
15087.250697674419,1
15097.251627906979,1
15107.252558139535,1
15117.253488372095,1
15127.25441860465,1
15137.25534883721,0
15147.256279069767,0
15157.257209302326,0
15167.258139534886,0
15177.259069767442,2
15187.260000000002,0
15197.260930232558,1
15207.261860465118,1
15217.262790697674,0
15227.263720930234,1
15237.26465116279,0
15247.26558139535,0
15257.26651162791,2
15267.267441860466,0
15277.268372093025,1
15287.269302325582,3
15297.270232558141,2
15307.271162790697,1
15317.272093023257,1
15327.273023255813,0
15337.273953488373,1
15347.274883720931,0
15357.275813953489,0
15367.276744186049,0
15377.277674418605,0
15387.278604651165,0
15397.27953488372,0
15407.28046511628,0
15417.281395348837,0
15427.282325581396,0
15437.283255813954,1
15447.284186046512,0
15457.285116279072,0
15467.286046511628,1
15477.286976744188,0
15487.287906976744,1
15497.288837209304,0
15507.28976744186,1
15517.29069767442,0
15527.291627906976,0
15537.292558139536,0
15547.293488372095,0
15557.294418604652,1
15567.295348837211,0
15577.296279069767,0
15587.297209302327,0
15597.298139534883,0
15607.299069767443,0
15617.3,0
15627.300930232559,0
15637.301860465119,1
15647.302790697675,1
15657.303720930235,0
15667.30465116279,0
15677.30558139535,1
15687.306511627907,0
15697.307441860466,0
15707.308372093023,0
15717.309302325582,0
15727.31023255814,0
15737.311162790698,0
15747.312093023258,2
15757.313023255814,0
15767.313953488374,0
15777.31488372093,0
15787.31581395349,0
15797.316744186046,0
15807.317674418606,0
15817.318604651164,0
15827.319534883722,1
15837.320465116281,0
15847.321395348838,1
15857.322325581397,0
15867.323255813953,0
15877.324186046513,1
15887.32511627907,0
15897.32604651163,0
15907.326976744187,1
15917.327906976745,0
15927.328837209305,0
15937.32976744186,0
15947.33069767442,0
15957.331627906977,1
15967.332558139537,0
15977.333488372093,0
15987.334418604652,0
15997.335348837209,0
16007.336279069768,0
16017.337209302328,1
16027.338139534884,0
16037.339069767444,0
16047.34,2
16057.34093023256,1
16067.341860465116,0
16077.342790697676,0
16087.343720930232,0
16097.344651162792,0
16107.345581395351,0
16117.346511627908,0
16127.347441860467,0
16137.348372093023,1
16147.349302325583,2
16157.35023255814,0
16167.3511627907,0
16177.352093023255,0
16187.353023255815,1
16197.353953488373,0
16207.354883720931,0
16217.35581395349,1
16227.356744186047,1
16237.357674418607,0
16247.358604651163,0
16257.359534883723,0
16267.360465116279,0
16277.361395348838,0
16287.362325581396,1
16297.363255813954,0
16307.364186046514,1
16317.36511627907,1
16327.36604651163,1
16337.366976744186,1
16347.367906976746,0
16357.368837209302,1
16367.369767441862,0
16377.370697674418,0
16387.371627906978,1
16397.372558139537,1
16407.373488372094,0
16417.374418604653,0
16427.37534883721,0
16437.37627906977,1
16447.377209302325,0
16457.378139534885,0
16467.37906976744,0
16477.38,0
16487.38093023256,0
16497.381860465117,0
16507.382790697677,0
16517.383720930233,0
16527.384651162793,1
16537.38558139535,1
16547.38651162791,1
16557.387441860465,0
16567.388372093024,0
16577.38930232558,0
16587.39023255814,0
16597.3911627907,1
16607.392093023256,0
16617.393023255816,0
16627.393953488372,1
16637.394883720932,1
16647.395813953488,0
16657.396744186048,1
16667.397674418607,0
16677.398604651164,0
16687.399534883723,0
16697.40046511628,0
16707.40139534884,0
16717.402325581395,1
16727.403255813955,1
16737.40418604651,0
16747.40511627907,1
16757.406046511627,0
16767.406976744187,0
16777.407906976747,0
16787.408837209303,1
16797.409767441863,0
16807.41069767442,0
16817.41162790698,0
16827.412558139535,0
16837.413488372094,0
16847.41441860465,0
16857.41534883721,0
16867.41627906977,0
16877.417209302326,0
16887.418139534886,0
16897.419069767442,0
16907.420000000002,0
16917.420930232558,1
16927.421860465118,0
16937.422790697674,0
16947.423720930234,0
16957.424651162793,0
16967.42558139535,0
16977.42651162791,0
16987.427441860465,0
16997.428372093025,0
17007.42930232558,2
17017.43023255814,0
17027.431162790697,0
17037.432093023257,0
17047.433023255813,0
17057.433953488373,0
17067.434883720933,0
17077.43581395349,0
17087.43674418605,0
17097.437674418605,0
17107.438604651164,1
17117.43953488372,0
17127.44046511628,1
17137.441395348837,0
17147.442325581396,1
17157.443255813956,1
17167.444186046512,0
17177.445116279072,1
17187.446046511628,0
17197.446976744188,0
17207.447906976744,0
17217.448837209304,0
17227.44976744186,2
17237.45069767442,0
17247.45162790698,0
17257.452558139536,0
17267.453488372095,1
17277.45441860465,0
17287.45534883721,0
17297.456279069767,0
17307.457209302327,0
17317.458139534883,1
17327.459069767443,1
17337.46,0
17347.46093023256,0
17357.46186046512,0
17367.462790697675,0
17377.463720930235,0
17387.46465116279,0
17397.46558139535,0
17407.466511627907,0
17417.467441860466,1
17427.468372093026,0
17437.469302325582,1
17447.470232558142,0
17457.471162790698,0
17467.472093023258,0
17477.473023255814,0
17487.473953488374,0
17497.47488372093,0
17507.47581395349,0
17517.476744186046,0
17527.477674418606,0
17537.478604651165,0
17547.47953488372,0
17557.48046511628,1
17567.481395348837,0
17577.482325581397,1
17587.483255813953,0
17597.484186046513,0
17607.48511627907,2
17617.48604651163,0
17627.48697674419,0
17637.487906976745,0
17647.488837209305,1
17657.48976744186,0
17667.49069767442,1
17677.491627906977,0
17687.492558139536,0
17697.493488372093,0
17707.494418604652,0
17717.495348837212,0
17727.49627906977,0
17737.497209302328,1
17747.498139534884,0
17757.499069767444,0
17767.5,0
17777.50093023256,1
17787.501860465116,0
17797.502790697676,0
17807.50372093023,1
17817.50465116279,0
17827.50558139535,0
17837.506511627907,0
17847.507441860467,0
17857.508372093023,0
17867.509302325583,1
17877.51023255814,0
17887.5111627907,0
17897.512093023255,1
17907.513023255815,1
17917.513953488375,0
17927.51488372093,0
17937.51581395349,0
17947.516744186047,0
17957.517674418606,0
17967.518604651163,0
17977.519534883722,1
17987.52046511628,0
17997.52139534884,0
18007.522325581398,0
18017.523255813954,0
18027.524186046514,0
18037.52511627907,0
18047.52604651163,1
18057.526976744186,0
18067.527906976746,0
18077.528837209305,1
18087.52976744186,0
18097.530697674418,0
18107.531627906978,1
18117.532558139537,0
18127.533488372093,0
18137.53441860465,0
18147.535348837213,3
18157.53627906977,0
18167.537209302325,0
18177.538139534885,0
18187.539069767445,0
18197.54,0
18207.540930232557,0
18217.541860465117,1
18227.542790697677,0
18237.543720930233,0
18247.544651162792,0
18257.545581395352,0
18267.54651162791,1
18277.547441860464,1
18287.548372093024,0
18297.549302325584,0
18307.55023255814,2
18317.551162790696,0
18327.55209302326,0
18337.553023255816,0
18347.553953488372,0
18357.55488372093,1
18367.55581395349,0
18377.556744186048,1
18387.557674418604,0
18397.558604651163,1
18407.559534883723,0
18417.56046511628,0
18427.561395348836,0
18437.5623255814,0
18447.563255813955,0
18457.56418604651,0
18467.56511627907,0
18477.56604651163,1
18487.566976744187,0
18497.567906976743,1
18507.568837209303,0
18517.569767441862,0
18527.57069767442,1
18537.57162790698,2
18547.572558139538,0
18557.573488372094,0
18567.57441860465,0
18577.57534883721,0
18587.57627906977,0
18597.577209302326,0
18607.578139534882,0
18617.579069767446,1
18627.58,0
18637.580930232558,1
18647.581860465118,0
18657.582790697677,1
18667.583720930234,0
18677.58465116279,0
18687.58558139535,0
18697.58651162791,0
18707.587441860465,0
18717.588372093025,1
18727.589302325585,0
18737.59023255814,0
18747.591162790697,0
18757.592093023257,0
18767.593023255817,0
18777.593953488373,0
18787.59488372093,0
18797.59581395349,0
18807.59674418605,0
18817.597674418605,0
18827.598604651164,0
18837.599534883724,0
18847.60046511628,0
18857.601395348836,0
18867.602325581396,0
18877.603255813956,1
18887.604186046512,1
18897.605116279068,0
18907.60604651163,1
18917.606976744188,0
18927.607906976744,1
18937.608837209304,2
18947.609767441863,0
18957.61069767442,0
18967.611627906976,0
18977.612558139535,1
18987.613488372095,0
18997.61441860465,1
19007.61534883721,0
19017.61627906977,0
19027.617209302327,0
19037.618139534883,0
19047.619069767443,0
19057.620000000003,0
19067.62093023256,0
19077.621860465115,0
19087.62279069768,0
19097.623720930234,0
19107.62465116279,0
19117.62558139535,0
19127.62651162791,1
19137.627441860466,0
19147.628372093022,0
19157.629302325582,0
19167.630232558142,0
19177.631162790698,0
19187.632093023254,0
19197.633023255818,0
19207.633953488374,1
19217.63488372093,0
19227.63581395349,1
19237.63674418605,0
19247.637674418605,0
19257.63860465116,0
19267.63953488372,0
19277.64046511628,0
19287.641395348837,0
19297.642325581397,0
19307.643255813957,0
19317.644186046513,1
19327.64511627907,0
19337.64604651163,0
19347.64697674419,0
19357.647906976745,0
19367.6488372093,0
19377.649767441864,0
19387.65069767442,0
19397.651627906977,0
19407.652558139536,0
19417.653488372096,0
19427.654418604652,1
19437.65534883721,0
19447.656279069768,0
19457.657209302328,1
19467.658139534884,1
19477.659069767444,0
19487.660000000003,0
19497.66093023256,0
19507.661860465116,0
19517.662790697676,0
19527.663720930235,0
19537.66465116279,0
19547.665581395348,0
19557.666511627907,1
19567.667441860467,0
19577.668372093023,0
19587.669302325583,0
19597.670232558143,0
19607.6711627907,1
19617.672093023255,1
19627.673023255815,1
19637.673953488375,0
19647.67488372093,0
19657.675813953487,0
19667.67674418605,0
19677.677674418606,0
19687.678604651162,0
19697.679534883722,0
19707.680465116282,0
19717.681395348838,0
19727.682325581394,0
19737.683255813954,0
19747.684186046514,1
19757.68511627907,0
19767.68604651163,1
19777.68697674419,1
19787.687906976746,0
19797.6888372093,0
19807.68976744186,0
19817.69069767442,0
19827.691627906977,0
19837.692558139534,0
19847.693488372097,0
19857.694418604653,0
19867.69534883721,0
19877.69627906977,0
19887.69720930233,0
19897.698139534885,0
19907.69906976744,0
19917.7,0
19927.70093023256,0
19937.701860465117,0
19947.702790697676,0
19957.703720930236,0
19967.704651162792,0
19977.70558139535,0
19987.70651162791,1
19997.707441860468,0
20007.708372093024,1
20017.70930232558,0
20027.71023255814,0
20037.7111627907,0
20047.712093023256,0
20057.713023255816,0
20067.713953488375,0
20077.71488372093,0
20087.715813953488,0
20097.716744186047,0
20107.717674418607,1
20117.718604651163,0
20127.71953488372,0
20137.720465116283,0
20147.72139534884,0
20157.722325581395,0
20167.723255813955,0
20177.724186046515,0
20187.72511627907,0
20197.726046511627,0
20207.726976744187,1
20217.727906976746,0
20227.728837209303,0
20237.729767441862,0
20247.730697674422,0
20257.73162790698,0
20267.732558139534,0
20277.733488372094,0
20287.734418604654,0
20297.73534883721,2
20307.736279069766,0
20317.73720930233,1
20327.738139534886,0
20337.739069767442,0
20347.74,0
20357.74093023256,0
20367.741860465117,0
20377.742790697674,0
20387.743720930233,0
20397.744651162793,0
20407.74558139535,0
20417.746511627905,0
20427.74744186047,0
20437.748372093025,0
20447.74930232558,0
20457.75023255814,0
20467.7511627907,0
20477.752093023257,0
20487.753023255813,0
20497.753953488373,0
20507.754883720932,0
20517.75581395349,0
20527.75674418605,0
20537.757674418608,0
20547.758604651164,0
20557.75953488372,0
20567.76046511628,0
20577.76139534884,0
20587.762325581396,0
20597.763255813952,1
20607.764186046516,1
20617.76511627907,1
20627.766046511628,0
20637.766976744188,0
20647.767906976747,0
20657.768837209303,0
20667.76976744186,0
20677.77069767442,0
20687.77162790698,0
20697.772558139535,0
20707.773488372095,1
20717.774418604655,0
20727.77534883721,1
20737.776279069767,1
20747.777209302327,0
20757.778139534887,0
20767.779069767443,0
20777.78,0
20787.78093023256,0
20797.78186046512,1
20807.782790697674,0
20817.783720930234,0
20827.784651162794,0
20837.78558139535,0
20847.786511627906,1
20857.787441860466,0
20867.788372093026,0
20877.789302325582,0
20887.790232558138,0
20897.7911627907,0
20907.792093023258,0
20917.793023255814,0
20927.793953488374,0
20937.794883720933,0
20947.79581395349,1
20957.796744186046,0
20967.797674418605,1
20977.798604651165,0
20987.79953488372,0
20997.80046511628,0
21007.80139534884,0
21017.802325581397,0
21027.803255813953,0
21037.804186046513,0
21047.805116279073,0
21057.80604651163,0
21067.806976744185,0
21077.80790697675,0
21087.808837209304,0
21097.80976744186,0
21107.81069767442,0
21117.81162790698,0
21127.812558139536,0
21137.813488372092,0
21147.814418604652,0
21157.81534883721,0
21167.816279069768,1
21177.817209302324,0
21187.818139534887,1
21197.819069767444,0
21207.82,2
21217.82093023256,1
21227.82186046512,0
21237.822790697675,0
21247.82372093023,1
21257.82465116279,0
21267.82558139535,0
21277.826511627907,0
21287.827441860467,0
21297.828372093027,0
21307.829302325583,0
21317.83023255814,0
21327.8311627907,0
21337.83209302326,1
21347.833023255815,0
21357.83395348837,0
21367.834883720934,0
21377.83581395349,0
21387.836744186046,0
21397.837674418606,0
21407.838604651166,0
21417.839534883722,0
21427.84046511628,0
21437.841395348838,1
21447.842325581398,0
21457.843255813954,0
21467.844186046514,0
21477.845116279073,0
21487.84604651163,0
21497.846976744186,0
21507.847906976745,0
21517.848837209305,1
21527.84976744186,0
21537.850697674417,1
21547.851627906977,0
21557.852558139537,0
21567.853488372093,0
21577.854418604653,0
21587.855348837213,0
21597.85627906977,0
21607.857209302325,0
21617.858139534885,0
21627.859069767444,0
21637.86,1
21647.860930232557,0
21657.86186046512,0
21667.862790697676,0
21677.863720930232,1
21687.864651162792,0
21697.865581395352,0
21707.866511627908,1
21717.867441860464,0
21727.868372093024,0
21737.869302325584,1
21747.87023255814,0
21757.8711627907,0
21767.87209302326,0
21777.873023255815,1
21787.87395348837,0
21797.87488372093,0
21807.87581395349,0
21817.876744186047,0
21827.877674418603,0
21837.878604651167,0
21847.879534883723,0
21857.88046511628,0
21867.88139534884,0
21877.8823255814,1
21887.883255813955,0
21897.88418604651,0
21907.88511627907,1
21917.88604651163,0
21927.886976744187,0
21937.887906976743,0
21947.888837209306,0
21957.889767441862,0
21967.89069767442,0
21977.891627906978,1
21987.892558139538,1
21997.893488372094,2
22007.89441860465,0
22017.89534883721,0
22027.89627906977,1
22037.897209302326,1
22047.898139534886,1
22057.899069767445,1
22067.9,0
22077.900930232558,0
22087.901860465117,0
22097.902790697677,0
22107.903720930233,1
22117.90465116279,1
22127.905581395353,1
22137.90651162791,0
22147.907441860465,0
22157.908372093025,1
22167.909302325585,0
22177.91023255814,0
22187.911162790697,0
22197.912093023257,0
22207.913023255816,0
22217.913953488372,0
22227.914883720932,0
22237.915813953492,1
22247.916744186048,0
22257.917674418604,0
22267.918604651164,0
22277.919534883724,0
22287.92046511628,0
22297.921395348836,0
22307.9223255814,0
22317.923255813956,0
22327.92418604651,0
22337.92511627907,0
22347.92604651163,0
22357.926976744187,0
22367.927906976744,0
22377.928837209303,0
22387.929767441863,0
22397.93069767442,1
22407.931627906975,1
22417.93255813954,0
22427.933488372095,1
22437.93441860465,1
22447.93534883721,0
22457.93627906977,0
22467.937209302327,0
22477.938139534883,0
22487.939069767443,0
22497.940000000002,1
22507.94093023256,0
22517.94186046512,0
22527.942790697678,0
22537.943720930234,1
22547.94465116279,2
22557.94558139535,0
22567.94651162791,1
22577.947441860466,0
22587.948372093022,0
22597.949302325585,1
22607.95023255814,1
22617.951162790698,2
22627.952093023257,0
22637.953023255817,0
22647.953953488373,0
22657.95488372093,0
22667.95581395349,0
22677.95674418605,0
22687.957674418605,0
22697.958604651165,0
22707.959534883725,0
22717.96046511628,1
22727.961395348837,1
22737.962325581397,1
22747.963255813956,0
22757.964186046513,0
22767.96511627907,0
22777.96604651163,0
22787.96697674419,0
22797.967906976744,0
22807.968837209304,0
22817.969767441864,0
22827.97069767442,0
22837.971627906976,1
22847.972558139536,0
22857.973488372096,0
22867.974418604652,0
22877.975348837208,1
22887.97627906977,0
22897.977209302328,0
22907.978139534884,1
22917.979069767443,1
22927.980000000003,1
22937.98093023256,0
22947.981860465115,1
22957.982790697675,1
22967.983720930235,0
22977.98465116279,0
22987.98558139535,0
22997.98651162791,0
23007.987441860467,2
23017.988372093023,1
23027.989302325583,0
23037.990232558142,0
23047.9911627907,1
23057.992093023255,0
23067.993023255818,0
23077.993953488374,1
23087.99488372093,0
23097.99581395349,0
23107.99674418605,0
23117.997674418606,0
23127.998604651162,1
23137.999534883722,0
23148.00046511628,0
23158.001395348838,0
23168.002325581394,1
23178.003255813957,0
23188.004186046513,0
23198.00511627907,0
23208.00604651163,1
23218.00697674419,0
23228.007906976745,0
23238.0088372093,1
23248.00976744186,0
23258.01069767442,0
23268.011627906977,1
23278.012558139537,0
23288.013488372097,0
23298.014418604653,0
23308.01534883721,1
23318.01627906977,1
23328.01720930233,0
23338.018139534885,1
23348.01906976744,0
23358.020000000004,0
23368.02093023256,0
23378.021860465116,1
23388.022790697676,1
23398.023720930236,2
23408.024651162792,0
23418.025581395348,0
23428.026511627908,1
23438.027441860468,0
23448.028372093024,0
23458.029302325584,1
23468.030232558143,0
23478.0311627907,0
23488.032093023256,1
23498.033023255815,1
23508.033953488375,0
23518.03488372093,0
23528.035813953487,0
23538.036744186047,1
23548.037674418607,0
23558.038604651163,0
23568.039534883723,0
23578.040465116283,1
23588.04139534884,0
23598.042325581395,0
23608.043255813955,0
23618.044186046514,1
23628.04511627907,0
23638.046046511627,0
23648.04697674419,0
23658.047906976746,1
23668.048837209302,0
23678.049767441862,1
23688.050697674422,1
23698.051627906978,1
23708.052558139534,0
23718.053488372094,0
23728.054418604654,1
23738.05534883721,0
23748.05627906977,0
23758.05720930233,1
23768.058139534885,0
23778.05906976744,2
23788.06,0
23798.06093023256,0
23808.061860465117,2
23818.062790697673,4
23828.063720930237,1
23838.064651162793,2
23848.06558139535,1
23858.06651162791,2
23868.06744186047,2
23878.068372093025,3
23888.06930232558,0
23898.07023255814,0
23908.0711627907,1
23918.072093023256,2
23928.073023255813,1
23938.073953488376,0
23948.074883720932,0
23958.07581395349,0
23968.076744186048,0
23978.077674418608,0
23988.078604651164,0
23998.07953488372,0
24008.08046511628,1
24018.08139534884,0
24028.082325581396,0
24038.083255813955,0
24048.084186046515,0
24058.08511627907,2
24068.086046511628,1
24078.086976744187,1
24088.087906976747,2
24098.088837209303,0
24108.08976744186,0
24118.090697674423,0
24128.09162790698,2
24138.092558139535,0
24148.093488372095,0
24158.094418604654,0
24168.09534883721,0
24178.096279069767,0
24188.097209302327,1
24198.098139534886,1
24208.099069767442,0
24218.100000000002,1
24228.100930232562,1
24238.101860465118,0
24248.102790697674,3
24258.103720930234,0
24268.104651162794,1
24278.10558139535,0
24288.106511627906,0
24298.107441860466,2
24308.108372093026,0
24318.10930232558,0
24328.11023255814,0
24338.1111627907,0
24348.112093023257,0
24358.113023255813,0
24368.113953488373,1
24378.114883720933,2
24388.11581395349,0
24398.116744186045,0
24408.11767441861,0
24418.118604651165,1
24428.11953488372,0
24438.12046511628,2
24448.12139534884,3
24458.122325581397,0
24468.123255813953,1
24478.124186046512,0
24488.125116279072,0
24498.12604651163,1
24508.126976744188,0
24518.127906976748,1
24528.128837209304,1
24538.12976744186,0
24548.13069767442,0
24558.13162790698,1
24568.132558139536,0
24578.133488372092,1
24588.134418604655,0
24598.13534883721,2
24608.136279069768,0
24618.137209302327,1
24628.138139534887,2
24638.139069767443,2
24648.14,1
24658.14093023256,2
24668.14186046512,1
24678.142790697675,0
24688.143720930235,1
24698.144651162795,1
24708.14558139535,1
24718.146511627907,0
24728.147441860467,0
24738.148372093026,0
24748.149302325583,2
24758.15023255814,0
24768.1511627907,0
24778.15209302326,1
24788.153023255814,1
24798.153953488374,1
24808.154883720934,0
24818.15581395349,1
24828.156744186046,4
24838.157674418606,0
24848.158604651166,0
24858.15953488372,0
24868.160465116278,0
24878.16139534884,0
24888.162325581397,0
24898.163255813954,0
24908.164186046513,0
24918.165116279073,0
24928.16604651163,1
24938.166976744185,2
24948.167906976745,0
24958.168837209305,1
24968.16976744186,0
24978.17069767442,0
24988.17162790698,2
24998.172558139537,0
25008.173488372093,0
25018.174418604653,0
25028.175348837212,2
25038.17627906977,1
25048.177209302325,0
25058.178139534888,1
25068.179069767444,0
25078.18,0
25088.18093023256,0
25098.18186046512,0
25108.182790697676,0
25118.183720930232,1
25128.184651162792,1
25138.18558139535,1
25148.186511627908,1
25158.187441860464,1
25168.188372093027,0
25178.189302325583,1
25188.19023255814,0
25198.1911627907,0
25208.19209302326,0
25218.193023255815,2
25228.19395348837,1
25238.19488372093,1
25248.19581395349,2
25258.196744186047,1
25268.197674418607,1
25278.198604651167,0
25288.199534883723,0
25298.20046511628,1
25308.20139534884,0
25318.2023255814,1
25328.203255813954,1
25338.20418604651,0
25348.205116279074,1
25358.20604651163,2
25368.206976744186,2
25378.207906976746,1
25388.208837209306,0
25398.209767441862,1
25408.210697674418,1
25418.211627906978,1
25428.212558139538,1
25438.213488372094,1
25448.214418604653,3
25458.215348837213,1
25468.21627906977,1
25478.217209302326,0
25488.218139534885,2
25498.219069767445,1
25508.22,0
25518.220930232557,2
25528.221860465117,1
25538.222790697677,0
25548.223720930233,1
25558.224651162793,0
25568.225581395352,0
25578.22651162791,0
25588.227441860465,0
25598.228372093025,1
25608.229302325584,2
25618.23023255814,0
25628.231162790697,1
25638.23209302326,1
25648.233023255816,1
25658.233953488372,0
25668.234883720932,0
25678.23581395349,0
25688.236744186048,2
25698.237674418604,0
25708.238604651164,0
25718.239534883724,0
25728.24046511628,2
25738.24139534884,1
25748.2423255814,2
25758.243255813955,1
25768.24418604651,0
25778.24511627907,0
25788.24604651163,0
25798.246976744187,0
25808.247906976743,1
25818.248837209307,0
25828.249767441863,1
25838.25069767442,0
25848.25162790698,0
25858.25255813954,0
25868.253488372095,1
25878.25441860465,0
25888.25534883721,1
25898.25627906977,3
25908.257209302326,0
25918.258139534883,1
25928.259069767446,0
25938.260000000002,1
25948.260930232558,1
25958.261860465118,2
25968.262790697678,3
25978.263720930234,0
25988.26465116279,1
25998.26558139535,2
26008.26651162791,0
26018.267441860466,0
26028.268372093025,0
26038.269302325585,1
26048.27023255814,1
26058.271162790697,1
26068.272093023257,0
26078.273023255817,0
26088.273953488373,1
26098.27488372093,1
26108.275813953493,0
26118.27674418605,0
26128.277674418605,0
26138.278604651165,1
26148.279534883724,2
26158.28046511628,1
26168.281395348837,1
26178.282325581396,1
26188.283255813956,0
26198.284186046512,2
26208.285116279072,0
26218.286046511632,0
26228.286976744188,2
26238.287906976744,2
26248.288837209304,2
26258.289767441864,0
26268.29069767442,2
26278.291627906976,2
26288.292558139536,0
26298.293488372095,0
26308.29441860465,0
26318.29534883721,1
26328.29627906977,1
26338.297209302327,1
26348.298139534883,0
26358.299069767443,1
26368.300000000003,0
26378.30093023256,1
26388.301860465115,0
26398.30279069768,1
26408.303720930235,1
26418.30465116279,1
26428.30558139535,2
26438.30651162791,0
26448.307441860466,0
26458.308372093023,0
26468.309302325582,0
26478.310232558142,2
26488.3111627907,1
26498.312093023258,2
26508.313023255818,0
26518.313953488374,0
26528.31488372093,1
26538.31581395349,1
26548.31674418605,1
26558.317674418606,0
26568.318604651162,0
26578.319534883725,0
26588.32046511628,2
26598.321395348838,0
26608.322325581397,2
26618.323255813957,1
26628.324186046513,0
26638.32511627907,0
26648.32604651163,3
26658.32697674419,1
26668.327906976745,0
26678.3288372093,1
26688.329767441865,2
26698.33069767442,1
26708.331627906977,3
26718.332558139537,1
26728.333488372096,1
26738.334418604652,2
26748.33534883721,3
26758.33627906977,2
26768.337209302328,3
26778.338139534884,1
26788.339069767444,2
26798.340000000004,0
26808.34093023256,0
26818.341860465116,1
26828.342790697676,1
26838.343720930236,1
26848.34465116279,2
26858.345581395348,2
26868.34651162791,0
26878.347441860467,2
26888.348372093023,1
26898.349302325583,1
26908.350232558143,2
26918.3511627907,1
26928.352093023255,0
26938.353023255815,1
26948.353953488375,2
26958.35488372093,1
26968.35581395349,2
26978.35674418605,0
26988.357674418607,2
26998.358604651163,2
27008.359534883723,2
27018.360465116282,0
27028.36139534884,3
27038.362325581395,1
27048.363255813954,3
27058.364186046514,0
27068.36511627907,1
27078.36604651163,3
27088.36697674419,2
27098.367906976746,2
27108.368837209302,0
27118.36976744186,1
27128.37069767442,0
27138.371627906978,1
27148.372558139534,1
27158.373488372097,2
27168.374418604653,3
27178.37534883721,2
27188.37627906977,0
27198.37720930233,1
27208.378139534885,0
27218.37906976744,2
27228.38,3
27238.38093023256,1
27248.381860465117,1
27258.382790697677,2
27268.383720930236,1
27278.384651162793,3
27288.38558139535,3
27298.38651162791,0
27308.38744186047,2
27318.388372093024,1
27328.38930232558,1
27338.390232558144,3
27348.3911627907,0
27358.392093023256,3
27368.393023255816,1
27378.393953488376,2
27388.394883720932,3
27398.395813953488,1
27408.396744186048,1
27418.397674418607,0
27428.398604651164,2
27438.399534883723,1
27448.400465116283,2
27458.40139534884,1
27468.402325581395,0
27478.403255813955,2
27488.404186046515,0
27498.40511627907,2
27508.406046511627,0
27518.406976744187,1
27528.407906976747,1
27538.408837209303,1
27548.409767441863,3
27558.410697674422,0
27568.41162790698,1
27578.412558139535,1
27588.413488372094,4
27598.414418604654,2
27608.41534883721,1
27618.416279069766,1
27628.41720930233,1
27638.418139534886,4
27648.419069767442,4
27658.420000000002,1
27668.42093023256,1
27678.421860465118,2
27688.422790697674,1
27698.423720930234,6
27708.424651162793,1
27718.42558139535,1
27728.42651162791,4
27738.42744186047,2
27748.428372093025,2
27758.42930232558,0
27768.43023255814,2
27778.4311627907,2
27788.432093023257,4
27798.433023255813,3
27808.433953488377,0
27818.434883720933,3
27828.43581395349,1
27838.43674418605,0
27848.43767441861,0
27858.438604651164,2
27868.43953488372,2
27878.44046511628,1
27888.44139534884,1
27898.442325581396,1
27908.443255813952,2
27918.444186046516,1
27928.445116279072,1
27938.446046511628,0
27948.446976744188,2
27958.447906976748,1
27968.448837209304,6
27978.44976744186,3
27988.45069767442,1
27998.45162790698,4
28008.452558139536,5
28018.453488372095,3
28028.454418604655,2
28038.45534883721,1
28048.456279069767,5
28058.457209302327,4
28068.458139534887,1
28078.459069767443,1
28088.46,0
28098.460930232563,1
28108.46186046512,0
28118.462790697675,3
28128.463720930235,6
28138.464651162794,2
28148.46558139535,4
28158.466511627907,2
28168.467441860466,3
28178.468372093026,2
28188.469302325582,0
28198.470232558142,3
28208.4711627907,3
28218.472093023258,2
28228.473023255814,2
28238.473953488374,2
28248.474883720934,2
28258.47581395349,2
28268.476744186046,2
28278.477674418606,3
28288.478604651165,2
28298.47953488372,4
28308.48046511628,1
28318.48139534884,2
28328.482325581397,1
28338.483255813953,4
28348.484186046513,1
28358.485116279073,1
28368.48604651163,1
28378.486976744185,7
28388.48790697675,1
28398.488837209305,1
28408.48976744186,3
28418.49069767442,3
28428.49162790698,1
28438.492558139536,0
28448.493488372093,3
28458.494418604652,1
28468.495348837212,1
28478.49627906977,2
28488.497209302328,6
28498.498139534888,2
28508.499069767444,4
28518.5,0
28528.50093023256,0
28538.50186046512,4
28548.502790697676,2
28558.50372093023,2
28568.504651162795,3
28578.50558139535,3
28588.506511627907,1
28598.507441860467,2
28608.508372093027,3
28618.509302325583,3
28628.51023255814,2
28638.5111627907,4
28648.51209302326,3
28658.513023255815,3
28668.51395348837,0
28678.514883720934,3
28688.51581395349,0
28698.516744186047,1
28708.517674418606,4
28718.518604651166,3
28728.519534883722,6
28738.52046511628,2
28748.52139534884,1
28758.522325581398,4
28768.523255813954,4
28778.524186046514,3
28788.525116279074,2
28798.52604651163,3
28808.526976744186,2
28818.527906976746,3
28828.528837209305,4
28838.52976744186,2
28848.530697674418,4
28858.53162790698,1
28868.532558139537,4
28878.533488372093,2
28888.534418604653,4
28898.535348837213,0
28908.53627906977,1
28918.537209302325,0
28928.538139534885,4
28938.539069767445,4
28948.54,2
28958.54093023256,2
28968.54186046512,4
28978.542790697677,3
28988.543720930233,4
28998.544651162792,1
29008.545581395352,2
29018.54651162791,2
29028.547441860464,0
29038.548372093024,1
29048.549302325584,1
29058.55023255814,2
29068.5511627907,2
29078.55209302326,1
29088.553023255816,3
29098.553953488372,3
29108.55488372093,1
29118.55581395349,1
29128.556744186048,3
29138.557674418604,0
29148.558604651167,2
29158.559534883723,1
29168.56046511628,0
29178.56139534884,1
29188.5623255814,2
29198.563255813955,2
29208.56418604651,7
29218.56511627907,3
29228.56604651163,1
29238.566976744187,2
29248.567906976747,2
29258.568837209306,2
29268.569767441862,2
29278.57069767442,3
29288.57162790698,5
29298.572558139538,4
29308.573488372094,3
29318.57441860465,3
29328.575348837214,2
29338.57627906977,2
29348.577209302326,2
29358.578139534886,6
29368.579069767446,2
29378.58,3
29388.580930232558,2
29398.581860465118,2
29408.582790697677,3
29418.583720930234,2
29428.58465116279,0
29438.585581395353,4
29448.58651162791,1
29458.587441860465,4
29468.588372093025,1
29478.589302325585,1
29488.59023255814,4
29498.591162790697,2
29508.592093023257,0
29518.593023255817,3
29528.593953488373,0
29538.594883720933,2
29548.595813953492,1
29558.59674418605,3
29568.597674418605,4
29578.598604651164,1
29588.599534883724,2
29598.60046511628,2
29608.601395348836,3
29618.6023255814,4
29628.603255813956,2
29638.604186046512,3
29648.60511627907,0
29658.60604651163,2
29668.606976744188,0
29678.607906976744,1
29688.608837209304,3
29698.609767441863,3
29708.61069767442,0
29718.61162790698,4
29728.61255813954,2
29738.613488372095,5
29748.61441860465,3
29758.61534883721,0
29768.61627906977,2
29778.617209302327,4
29788.618139534883,3
29798.619069767443,0
29808.620000000003,2
29818.62093023256,3
29828.62186046512,6
29838.62279069768,4
29848.623720930234,3
29858.62465116279,4
29868.62558139535,4
29878.62651162791,2
29888.627441860466,5
29898.628372093022,0
29908.629302325586,0
29918.630232558142,1
29928.631162790698,1
29938.632093023258,0
29948.633023255818,5
29958.633953488374,3
29968.63488372093,1
29978.63581395349,5
29988.63674418605,2
29998.637674418605,2
30008.638604651165,1
30018.639534883725,1
30028.64046511628,5
30038.641395348837,5
30048.642325581397,2
30058.643255813957,4
30068.644186046513,1
30078.64511627907,3
30088.646046511632,3
30098.64697674419,2
30108.647906976745,2
30118.648837209304,2
30128.649767441864,2
30138.65069767442,4
30148.651627906977,2
30158.652558139536,2
30168.653488372096,1
30178.654418604652,2
30188.655348837212,1
30198.65627906977,4
30208.657209302328,2
30218.658139534884,6
30228.659069767444,3
30238.660000000003,6
30248.66093023256,1
30258.661860465116,4
30268.662790697676,4
30278.663720930235,1
30288.66465116279,6
30298.66558139535,1
30308.66651162791,1
30318.667441860467,3
30328.668372093023,1
30338.669302325583,2
30348.670232558143,3
30358.6711627907,1
30368.672093023255,1
30378.67302325582,2
30388.673953488375,3
30398.67488372093,2
30408.67581395349,4
30418.67674418605,2
30428.677674418606,7
30438.678604651162,2
30448.679534883722,2
30458.680465116282,7
30468.681395348838,1
30478.682325581398,3
30488.683255813958,3
30498.684186046514,2
30508.68511627907,2
30518.68604651163,2
30528.68697674419,2
30538.687906976746,0
30548.6888372093,3
30558.689767441865,3
30568.69069767442,3
30578.691627906977,2
30588.692558139537,3
30598.693488372097,3
30608.694418604653,1
30618.69534883721,3
30628.69627906977,1
30638.69720930233,3
30648.698139534885,4
30658.69906976744,2
30668.700000000004,4
30678.70093023256,6
30688.701860465117,3
30698.702790697676,6
30708.703720930236,2
30718.704651162792,2
30728.70558139535,1
30738.70651162791,3
30748.707441860468,7
30758.708372093024,4
30768.709302325584,4
30778.710232558144,3
30788.7111627907,3
30798.712093023256,2
30808.713023255816,6
30818.713953488375,2
30828.71488372093,2
30838.715813953488,0
30848.71674418605,1
30858.717674418607,2
30868.718604651163,5
30878.719534883723,3
30888.720465116283,2
30898.72139534884,3
30908.722325581395,5
30918.723255813955,1
30928.724186046515,5
30938.72511627907,6
30948.72604651163,0
30958.72697674419,3
30968.727906976746,5
30978.728837209303,1
30988.729767441862,1
30998.730697674422,1
31008.73162790698,5
31018.732558139534,1
31028.733488372094,7
31038.734418604654,6
31048.73534883721,3
31058.73627906977,1
31068.73720930233,2
31078.738139534886,5
31088.739069767442,2
31098.74,4
31108.74093023256,4
31118.741860465117,3
31128.742790697674,2
31138.743720930237,2
31148.744651162793,4
31158.74558139535,3
31168.74651162791,5
31178.74744186047,4
31188.748372093025,1
31198.74930232558,1
31208.75023255814,2
31218.7511627907,3
31228.752093023257,3
31238.753023255817,2
31248.753953488376,2
31258.754883720932,1
31268.75581395349,0
31278.75674418605,4
31288.757674418608,4
31298.758604651164,1
31308.75953488372,0
31318.760465116284,1
31328.76139534884,1
31338.762325581396,6
31348.763255813956,3
31358.764186046516,1
31368.76511627907,2
31378.766046511628,1
31388.766976744188,5
31398.767906976747,5
31408.768837209303,2
31418.76976744186,4
31428.770697674423,3
31438.77162790698,7
31448.772558139535,1
31458.773488372095,5
31468.774418604655,3
31478.77534883721,6
31488.776279069767,2
31498.777209302327,3
31508.778139534887,2
31518.779069767443,5
31528.780000000002,3
31538.780930232562,1
31548.78186046512,1
31558.782790697674,6
31568.783720930234,4
31578.784651162794,1
31588.78558139535,5
31598.786511627906,2
31608.78744186047,2
31618.788372093026,1
31628.789302325582,3
31638.79023255814,5
31648.7911627907,4
31658.792093023258,4
31668.793023255814,3
31678.793953488374,2
31688.794883720933,3
31698.79581395349,2
31708.79674418605,1
31718.79767441861,4
31728.798604651165,1
31738.79953488372,3
31748.80046511628,0
31758.80139534884,2
31768.802325581397,3
31778.803255813953,5
31788.804186046513,2
31798.805116279073,3
31808.80604651163,3
31818.80697674419,5
31828.80790697675,2
31838.808837209304,3
31848.80976744186,2
31858.81069767442,3
31868.81162790698,2
31878.812558139536,3
31888.813488372092,3
31898.814418604656,4
31908.81534883721,2
31918.816279069768,0
31928.817209302328,0
31938.818139534887,3
31948.819069767444,3
31958.82,4
31968.82093023256,3
31978.82186046512,6
31988.822790697675,1
31998.823720930235,0
32008.824651162795,3
32018.82558139535,1
32028.826511627907,6
32038.827441860467,5
32048.828372093027,1
32058.829302325583,2
32068.83023255814,3
32078.831162790702,1
32088.83209302326,0
32098.833023255815,1
32108.833953488374,2
32118.834883720934,2
32128.83581395349,1
32138.836744186046,1
32148.837674418606,2
32158.838604651166,5
32168.839534883722,2
32178.84046511628,4
32188.84139534884,2
32198.842325581398,0
32208.843255813954,5
32218.844186046514,3
32228.845116279073,2
32238.84604651163,2
32248.846976744186,2
32258.847906976745,2
32268.848837209305,1
32278.84976744186,0
32288.85069767442,3
32298.85162790698,2
32308.852558139537,0
32318.853488372093,2
32328.854418604653,1
32338.855348837213,4
32348.85627906977,2
32358.857209302325,1
32368.85813953489,2
32378.859069767444,4
32388.86,4
32398.86093023256,2
32408.86186046512,1
32418.862790697676,0
32428.863720930232,4
32438.864651162792,1
32448.865581395352,3
32458.866511627908,2
32468.867441860468,1
32478.868372093028,4
32488.869302325584,1
32498.87023255814,1
32508.8711627907,2
32518.87209302326,3
32528.873023255815,2
32538.87395348837,0
32548.874883720935,0
32558.87581395349,4
32568.876744186047,0
32578.877674418607,2
32588.878604651167,3
32598.879534883723,1
32608.88046511628,5
32618.88139534884,1
32628.8823255814,2
32638.883255813955,0
32648.88418604651,3
32658.885116279074,0
32668.88604651163,1
32678.886976744187,5
32688.887906976746,1
32698.888837209306,0
32708.889767441862,3
32718.89069767442,4
32728.891627906978,0
32738.892558139538,2
32748.893488372094,0
32758.894418604654,1
32768.89534883721,1
32778.89627906977,1
32788.897209302326,3
32798.89813953488,1
32808.899069767445,1
32818.9,3
32828.90093023256,1
32838.90186046512,1
32848.90279069768,2
32858.90372093023,2
32868.9046511628,0
32878.90558139535,0
32888.90651162791,0
32898.907441860465,2
32908.90837209302,1
32918.909302325585,1
32928.91023255814,3
32938.9111627907,2
32948.91209302326,1
32958.91302325582,2
32968.91395348837,2
32978.914883720936,4
32988.91581395349,1
32998.91674418605,1
33008.917674418604,2
33018.91860465116,3
33028.919534883724,1
33038.92046511628,2
33048.921395348836,2
33058.9223255814,1
33068.923255813956,3
33078.92418604651,1
33088.925116279075,4
33098.92604651163,0
33108.92697674419,0
33118.92790697674,0
33128.92883720931,1
33138.92976744186,1
33148.93069767442,0
33158.931627906975,0
33168.93255813954,2
33178.933488372095,2
33188.93441860465,2
33198.935348837214,3
33208.93627906977,1
33218.93720930233,4
33228.93813953489,2
33238.939069767446,2
33248.94,1
33258.94093023256,1
33268.941860465115,2
33278.94279069768,2
33288.943720930234,2
33298.94465116279,2
33308.945581395354,5
33318.94651162791,1
33328.947441860466,2
33338.94837209303,2
33348.949302325585,0
33358.95023255814,2
33368.9511627907,0
33378.952093023254,1
33388.95302325582,2
33398.95395348837,0
33408.95488372093,3
33418.95581395349,1
33428.95674418605,1
33438.957674418605,2
33448.95860465117,0
33458.959534883725,1
33468.96046511628,1
33478.96139534884,2
33488.96232558139,2
33498.96325581396,2
33508.96418604651,0
33518.96511627907,1
33528.96604651163,3
33538.96697674419,1
33548.967906976744,0
33558.96883720931,0
33568.969767441864,1
33578.97069767442,2
33588.971627906976,3
33598.97255813954,1
33608.973488372096,2
33618.97441860465,2
33628.97534883721,2
33638.97627906977,2
33648.97720930233,0
33658.978139534884,0
33668.97906976745,5
33678.98,3
33688.98093023256,1
33698.98186046512,3
33708.98279069768,1
33718.983720930235,0
33728.98465116279,3
33738.98558139535,3
33748.98651162791,2
33758.98744186047,3
33768.98837209302,0
33778.989302325586,3
33788.99023255814,1
33798.9911627907,0
33808.99209302326,3
33818.99302325582,0
33828.993953488374,1
33838.99488372093,1
33848.99581395349,0
33858.99674418605,0
33868.997674418606,3
33878.99860465116,3
33888.999534883726,4
33899.00046511628,2
33909.00139534884,1
33919.0023255814,2
33929.00325581396,1
33939.00418604651,2
33949.00511627907,1
33959.006046511626,0
33969.00697674419,2
33979.007906976745,4
33989.0088372093,0
33999.009767441865,2
34009.01069767442,2
34019.01162790698,3
34029.01255813954,2
34039.0134883721,1
34049.01441860465,0
34059.01534883721,0
34069.01627906977,1
34079.01720930233,1
34089.018139534885,2
34099.01906976744,3
34109.020000000004,1
34119.02093023256,0
34129.021860465116,1
34139.02279069768,0
34149.023720930236,2
34159.02465116279,1
34169.02558139535,0
34179.02651162791,3
34189.02744186047,0
34199.028372093024,1
34209.02930232558,1
34219.03023255814,1
34229.0311627907,1
34239.032093023256,1
34249.03302325582,0
34259.033953488375,3
34269.03488372093,0
34279.035813953495,1
34289.03674418605,1
34299.03767441861,0
34309.03860465116,2
34319.03953488372,2
34329.04046511628,2
34339.04139534884,1
34349.042325581395,1
34359.04325581396,0
34369.044186046514,2
34379.04511627907,2
34389.046046511634,4
34399.04697674419,0
34409.047906976746,1
34419.04883720931,0
34429.04976744186,2
34439.05069767442,0
34449.05162790698,0
34459.052558139534,0
34469.0534883721,1
34479.05441860465,1
34489.05534883721,1
34499.05627906977,1
34509.05720930232,2
34519.058139534885,0
34529.05906976745,0
34539.06,1
34549.06093023256,0
34559.061860465124,1
34569.06279069767,0
34579.06372093024,1
34589.06465116279,3
34599.06558139535,1
34609.06651162791,1
34619.06744186046,0
34629.068372093025,1
34639.06930232559,1
34649.07023255814,1
34659.0711627907,1
34669.072093023264,1
34679.07302325581,0
34689.073953488376,0
34699.07488372093,0
34709.07581395349,0
34719.07674418605,2
34729.0776744186,1
34739.078604651164,1
34749.07953488373,3
34759.080465116276,0
34769.08139534884,2
34779.0823255814,1
34789.08325581395,0
34799.084186046515,1
34809.08511627907,2
34819.08604651163,1
34829.08697674419,1
34839.08790697675,2
34849.0888372093,0
34859.08976744187,0
34869.090697674415,0
34879.09162790698,0
34889.09255813954,0
34899.09348837209,0
34909.094418604654,2
34919.09534883721,1
34929.09627906977,0
34939.09720930233,1
34949.098139534886,0
34959.09906976744,2
34969.100000000006,0
34979.100930232555,0
34989.10186046512,1
34999.10279069768,2
35009.10372093023,1
35019.104651162794,0
35029.10558139536,2
35039.106511627906,2
35049.10744186047,0
35059.108372093026,0
35069.10930232558,1
35079.110232558145,0
35089.111162790694,0
35099.11209302326,1
35109.11302325582,1
35119.11395348837,0
35129.11488372093,1
35139.1158139535,1
35149.116744186045,2
35159.11767441861,0
35169.118604651165,0
35179.11953488372,0
35189.120465116284,1
35199.12139534883,1
35209.1223255814,0
35219.12325581396,2
35229.12418604651,3
35239.12511627907,0
35249.126046511636,1
35259.126976744185,1
35269.12790697675,0
35279.128837209304,2
35289.12976744186,0
35299.13069767442,2
35309.13162790698,0
35319.132558139536,0
35329.1334883721,1
35339.13441860465,1
35349.13534883721,1
35359.136279069775,1
35369.137209302324,1
35379.13813953489,0
35389.13906976744,0
35399.14,0
35409.14093023256,0
35419.14186046512,1
35429.142790697675,0
35439.14372093024,1
35449.14465116279,0
35459.14558139535,0
35469.146511627914,0
35479.14744186046,2
35489.14837209303,1
35499.14930232559,1
35509.15023255814,3
35519.1511627907,0
35529.15209302326,0
35539.153023255814,0
35549.15395348838,1
35559.15488372093,0
35569.15581395349,1
35579.15674418605,0
35589.1576744186,3
35599.158604651166,0
35609.15953488373,1
35619.16046511628,0
35629.16139534884,0
35639.1623255814,1
35649.16325581395,1
35659.16418604652,0
35669.165116279066,1
35679.16604651163,1
35689.16697674419,0
35699.16790697674,2
35709.168837209305,1
35719.16976744187,0
35729.17069767442,0
35739.17162790698,0
35749.17255813954,0
35759.17348837209,2
35769.174418604656,2
35779.17534883721,2
35789.17627906977,0
35799.17720930233,0
35809.17813953488,0
35819.179069767444,2
35829.18000000001,0
35839.18093023256,2
35849.18186046512,0
35859.182790697676,0
35869.18372093023,1
35879.184651162795,0
35889.18558139535,0
35899.18651162791,1
35909.18744186047,1
35919.18837209302,1
35929.18930232558,0
35939.19023255815,0
35949.191162790696,2
35959.19209302326,1
35969.193023255815,1
35979.19395348837,0
35989.194883720935,0
35999.19581395349,2
36009.19674418605,1
36019.19767441861,0
36029.19860465116,0
36039.19953488372,1
36049.200465116286,1
36059.201395348835,0
36069.2023255814,0
36079.20325581396,1
36089.20418604651,0
36099.205116279074,0
36109.20604651163,0
36119.206976744186,0
36129.20790697675,1
36139.2088372093,0
36149.20976744186,0
36159.210697674425,2
36169.211627906974,0
36179.21255813954,0
36189.2134883721,0
36199.21441860465,0
36209.21534883721,1
36219.21627906977,0
36229.217209302326,0
36239.21813953489,0
36249.219069767445,0
36259.22,0
36269.220930232565,1
36279.22186046511,1
36289.22279069768,1
36299.22372093024,0
36309.22465116279,1
36319.22558139535,0
36329.22651162791,0
36339.227441860465,0
36349.22837209303,0
36359.229302325584,0
36369.23023255814,0
36379.231162790704,0
36389.23209302325,1
36399.233023255816,0
36409.23395348838,0
36419.23488372093,1
36429.23581395349,0
36439.23674418605,1
36449.237674418604,1
36459.23860465117,0
36469.23953488372,0
36479.24046511628,0
36489.24139534884,1
36499.24232558139,0
36509.243255813955,0
36519.24418604652,0
36529.24511627907,1
36539.24604651163,0
36549.246976744194,0
36559.24790697674,0
36569.24883720931,0
36579.24976744186,0
36589.25069767442,0
36599.25162790698,0
36609.25255813953,0
36619.253488372095,0
36629.25441860466,0
36639.25534883721,0
36649.25627906977,0
36659.257209302334,0
36669.25813953488,0
36679.259069767446,0
36689.26,1
36699.26093023256,0
36709.26186046512,0
36719.26279069767,2
36729.263720930234,0
36739.2646511628,1
36749.265581395346,1
36759.26651162791,0
36769.26744186047,0
36779.26837209302,0
36789.269302325585,0
36799.27023255814,0
36809.2711627907,1
36819.27209302326,0
36829.27302325582,0
36839.27395348837,0
36849.27488372094,0
36859.275813953485,0
36869.27674418605,0
36879.27767441861,0
36889.27860465116,0
36899.279534883724,1
36909.28046511628,0
36919.28139534884,0
36929.2823255814,0
36939.283255813956,0
36949.28418604651,0
36959.285116279076,0
36969.286046511625,0
36979.28697674419,0
36989.28790697675,0
36999.2888372093,0
37009.289767441864,0
37019.29069767443,1
37029.291627906976,0
37039.29255813954,0
37049.293488372095,0
37059.29441860465,0
37069.295348837215,0
37079.296279069764,0
37089.29720930233,0
37099.29813953489,0
37109.29906976744,0
37119.3,0
37129.300930232566,0
37139.301860465115,0
37149.30279069768,0
37159.303720930235,1
37169.30465116279,0
37179.305581395354,0
37189.3065116279,0
37199.30744186047,0
37209.30837209303,0
37219.30930232558,0
37229.31023255814,0
37239.311162790706,0
37249.312093023254,0
37259.31302325582,0
37269.313953488374,0
37279.31488372093,0
37289.31581395349,0
37299.31674418605,1
37309.317674418606,1
37319.31860465117,0
37329.31953488372,1
37339.32046511628,0
37349.321395348845,0
37359.322325581394,0
37369.32325581396,0
37379.32418604651,0
37389.32511627907,0
37399.32604651163,0
37409.32697674419,0
37419.327906976745,0
37429.32883720931,0
37439.32976744186,1
37449.33069767442,0
37459.331627906984,0
37469.33255813953,0
37479.333488372096,0
37489.33441860465,0
37499.33534883721,0
37509.33627906977,0
37519.33720930233,0
37529.338139534884,0
37539.33906976745,0
37549.34,0
37559.34093023256,0
37569.34186046512,0
37579.34279069767,0
37589.343720930236,0
37599.3446511628,0
37609.34558139535,0
37619.34651162791,0
37629.34744186047,0
37639.34837209302,0
37649.34930232559,0
37659.350232558136,0
37669.3511627907,0
37679.35209302326,0
37689.35302325581,0
37699.353953488375,1
37709.35488372094,0
37719.35581395349,1
37729.35674418605,0
37739.35767441861,0
37749.35860465116,0
37759.359534883726,0
37769.36046511628,0
37779.36139534884,0
37789.3623255814,0
37799.36325581395,0
37809.364186046514,0
37819.36511627908,0
37829.366046511626,0
37839.36697674419,0
37849.367906976746,1
37859.3688372093,0
37869.369767441865,0
37879.37069767442,0
37889.37162790698,1
37899.37255813954,0
37909.37348837209,0
37919.37441860465,0
37929.37534883722,0
37939.376279069766,0
37949.37720930233,0
37959.378139534885,0
37969.37906976744,0
37979.380000000005,0
37989.38093023256,0
37999.38186046512,0
38009.38279069768,0
38019.38372093023,0
38029.38465116279,0
38039.385581395356,0
38049.386511627905,0
38059.38744186047,0
38069.38837209303,0
38079.38930232558,0
38089.390232558144,1
38099.3911627907,2
38109.392093023256,0
38119.39302325582,0
38129.39395348837,1
38139.39488372093,0
38149.395813953495,1
38159.396744186044,0
38169.39767441861,0
38179.39860465117,0
38189.39953488372,0
38199.40046511628,0
38209.40139534884,0
38219.402325581395,0
38229.40325581396,0
38239.404186046515,0
38249.40511627907,1
38259.406046511634,0
38269.40697674418,0
38279.40790697675,0
38289.40883720931,0
38299.40976744186,0
38309.41069767442,0
38319.41162790698,0
38329.412558139535,0
38339.4134883721,0
38349.414418604654,0
38359.41534883721,0
38369.416279069774,0
38379.41720930232,0
38389.418139534886,0
38399.41906976745,0
38409.42,0
38419.42093023256,0
38429.42186046512,0
38439.422790697674,0
38449.42372093024,0
38459.42465116279,0
38469.42558139535,0
38479.42651162791,0
38489.42744186046,0
38499.428372093025,0
38509.42930232559,0
38519.43023255814,0
38529.4311627907,0
38539.432093023264,0
38549.43302325581,0
38559.43395348838,0
38569.43488372093,0
38579.43581395349,0
38589.43674418605,0
38599.4376744186,0
38609.438604651164,0
38619.43953488373,0
38629.44046511628,0
38639.44139534884,0
38649.4423255814,0
38659.44325581395,0
38669.444186046516,0
38679.44511627907,0
38689.44604651163,0
38699.44697674419,0
38709.44790697674,0
38719.448837209304,0
38729.44976744187,0
38739.450697674416,0
38749.45162790698,0
38759.45255813954,0
38769.45348837209,0
38779.454418604655,0
38789.45534883721,1
38799.45627906977,0
38809.45720930233,0
38819.45813953489,1
38829.45906976744,0
38839.46000000001,0
38849.460930232555,0
38859.46186046512,0
38869.46279069768,0
38879.46372093023,0
38889.464651162794,0
38899.46558139535,0
38909.46651162791,0
38919.46744186047,0
38929.468372093026,0
38939.46930232558,0
38949.470232558146,0
38959.471162790695,0
38969.47209302326,0
38979.47302325582,0
38989.47395348837,0
38999.47488372093,0
39009.4758139535,0
39019.476744186046,0
39029.47767441861,0
39039.478604651165,0
39049.47953488372,0
39059.480465116285,0
39069.481395348834,0
39079.4823255814,0
39089.48325581396,0
39099.48418604651,0
39109.48511627907,0
39119.486046511636,0
39129.486976744185,0
39139.48790697675,0
39149.488837209305,0
39159.48976744186,0
39169.490697674424,0
39179.49162790697,0
39189.49255813954,0
39199.4934883721,0
39209.49441860465,0
39219.49534883721,0
39229.496279069775,0
39239.497209302324,0
39249.49813953489,0
39259.499069767444,1
39269.5,0
39279.50093023256,0
39289.50186046512,0
39299.502790697676,0
39309.50372093024,0
39319.50465116279,0
39329.50558139535,0
39339.506511627915,0
39349.50744186046,0
39359.50837209303,0
39369.50930232558,0
39379.51023255814,0
39389.5111627907,1
39399.51209302326,0
39409.513023255815,0
39419.51395348838,0
39429.51488372093,0
39439.51581395349,0
39449.516744186054,0
39459.5176744186,0
39469.518604651166,0
39479.51953488372,0
39489.52046511628,0
39499.52139534884,0
39509.5223255814,0
39519.523255813954,0
39529.52418604652,0
39539.52511627907,0
39549.52604651163,0
39559.52697674419,1
39569.52790697674,1
39579.528837209305,0
39589.52976744187,1
39599.53069767442,0
39609.53162790698,0
39619.53255813954,0
39629.53348837209,0
39639.53441860466,0
39649.535348837206,0
39659.53627906977,0
39669.53720930233,0
39679.53813953488,0
39689.539069767445,0
39699.54000000001,0
39709.54093023256,0
39719.54186046512,0
39729.54279069768,1
39739.54372093023,0
39749.544651162796,0
39759.54558139535,0
39769.54651162791,0
39779.54744186047,0
39789.54837209302,0
39799.549302325584,0
39809.55023255815,0
39819.551162790696,1
39829.55209302326,0
39839.553023255816,0
39849.55395348837,1
39859.554883720935,0
39869.55581395349,0
39879.55674418605,0
39889.55767441861,0
39899.55860465116,0
39909.55953488372,0
39919.56046511629,0
39929.561395348836,0
39939.5623255814,0
39949.563255813955,0
39959.56418604651,0
39969.565116279075,0
39979.56604651163,0
39989.56697674419,0
39999.56790697675,1
40009.5688372093,0
40019.56976744186,0
40029.570697674426,0
40039.571627906975,0
40049.57255813954,0
40059.5734883721,0
40069.57441860465,0
40079.575348837214,0
40089.57627906977,0
40099.577209302326,0
40109.57813953489,0
40119.57906976744,0
40129.58,0
40139.580930232565,0
40149.581860465114,0
40159.58279069768,0
40169.58372093024,0
40179.58465116279,0
40189.58558139535,0
40199.58651162791,0
40209.587441860465,0
40219.58837209303,0
40229.589302325585,0
40239.59023255814,0
40249.591162790704,0
40259.59209302325,1
40269.59302325582,0
40279.59395348838,0
40289.59488372093,0
40299.59581395349,0
40309.59674418605,0
40319.597674418605,0
40329.59860465117,0
40339.599534883724,0
40349.60046511628,0
40359.601395348844,0
40369.60232558139,0
40379.603255813956,0
40389.60418604652,0
40399.60511627907,0
40409.60604651163,0
40419.60697674419,0
40429.607906976744,0
40439.60883720931,1
40449.60976744186,0
40459.61069767442,0
40469.61162790698,0
40479.61255813953,0
40489.613488372095,0
40499.61441860466,0
40509.61534883721,0
40519.61627906977,0
40529.617209302334,0
40539.61813953488,0
40549.61906976745,0
40559.62,0
40569.62093023256,0
40579.62186046512,0
40589.62279069767,0
40599.623720930234,0
40609.6246511628,0
40619.62558139535,0
40629.62651162791,0
40639.62744186047,0
40649.62837209302,0
40659.629302325586,0
40669.63023255814,0
40679.6311627907,0
40689.63209302326,0
40699.63302325581,0
40709.633953488374,0
40719.63488372094,0
40729.635813953486,0
40739.63674418605,0
40749.63767441861,0
40759.63860465116,0
40769.639534883725,0
40779.64046511628,0
40789.64139534884,0
40799.6423255814,0
40809.64325581396,0
40819.64418604651,0
40829.645116279076,0
40839.646046511625,0
40849.64697674419,0
40859.64790697675,0
40869.6488372093,1
40879.649767441864,0
40889.65069767442,0
40899.65162790698,0
40909.65255813954,0
40919.653488372096,0
40929.65441860465,0
40939.655348837216,0
40949.656279069764,1
40959.65720930233,0
40969.65813953489,0
40979.65906976744,0
40989.66,0
40999.66093023257,0
41009.661860465116,0
41019.66279069768,0
41029.663720930235,0
41039.66465116279,0
41049.665581395355,0
41059.666511627904,0
41069.66744186047,0
41079.66837209303,0
41089.66930232558,0
41099.67023255814,0
41109.671162790706,0
41119.672093023255,0
41129.67302325582,0
41139.673953488375,0
41149.67488372093,0
41159.675813953494,1
41169.67674418604,0
41179.677674418606,1
41189.67860465117,0
41199.67953488372,0
41209.68046511628,0
41219.681395348845,0
41229.682325581394,0
41239.68325581396,1
41249.684186046514,0
41259.68511627907,0
41269.68604651163,0
41279.68697674419,0
41289.687906976746,0
41299.68883720931,0
41309.68976744186,0
41319.69069767442,0
41329.691627906985,0
41339.69255813953,0
41349.6934883721,0
41359.69441860465,0
41369.69534883721,0
41379.69627906977,0
41389.69720930233,0
41399.698139534885,0
41409.69906976745,0
41419.7,0
41429.70093023256,0
41439.701860465124,0
41449.70279069767,1
41459.703720930236,0
41469.70465116279,0
41479.70558139535,0
41489.70651162791,0
41499.70744186047,0
41509.708372093024,0
41519.70930232559,0
41529.710232558136,0
41539.7111627907,1
41549.71209302326,0
41559.71302325581,0
41569.713953488375,0
41579.71488372094,0
41589.71581395349,0
41599.71674418605,0
41609.71767441861,0
41619.71860465116,0
41629.71953488373,0
41639.720465116276,0
41649.72139534884,0
41659.7223255814,0
41669.72325581395,0
41679.724186046515,0
41689.72511627908,0
41699.72604651163,0
41709.72697674419,0
41719.72790697675,0
41729.7288372093,0
41739.729767441866,0
41749.73069767442,0
41759.73162790698,0
41769.73255813954,0
41779.73348837209,0
41789.734418604654,0
41799.73534883722,0
41809.736279069766,0
41819.73720930233,0
41829.738139534886,0
41839.73906976744,0
41849.740000000005,0
41859.74093023256,0
41869.74186046512,0
41879.74279069768,0
41889.74372093023,0
41899.74465116279,0
41909.74558139536,0
41919.746511627905,0
41929.74744186047,0
41939.748372093025,0
41949.74930232558,0
41959.750232558144,0
41969.7511627907,0
41979.75209302326,0
41989.75302325582,0
41999.75395348837,0
42009.75488372093,0
42019.755813953496,0
42029.756744186045,0
42039.75767441861,0
42049.75860465117,0
42059.75953488372,1
42069.760465116284,0
42079.76139534884,0
42089.762325581396,0
42099.76325581396,0
42109.76418604651,0
42119.76511627907,1
42129.766046511635,0
42139.766976744184,0
42149.76790697675,0
42159.76883720931,0
42169.76976744186,0
42179.77069767442,0
42189.77162790698,0
42199.772558139535,0
42209.7734883721,0
42219.77441860465,0
42229.77534883721,0
42239.776279069774,0
42249.77720930232,0
42259.77813953489,0
42269.77906976745,0
42279.78,2
42289.78093023256,0
42299.78186046512,0
42309.782790697674,0
42319.78372093024,0
42329.784651162794,0
42339.78558139535,0
42349.78651162791,1
42359.78744186046,0
42369.788372093026,0
42379.78930232559,0
42389.79023255814,2
42399.7911627907,0
42409.79209302326,0
42419.793023255814,0
42429.79395348838,0
42439.79488372093,0
42449.79581395349,1
42459.79674418605,0
42469.7976744186,0
42479.798604651165,0
42489.79953488373,0
42499.80046511628,0
42509.80139534884,0
42519.802325581404,0
42529.80325581395,0
42539.80418604652,0
42549.80511627907,1
42559.80604651163,0
42569.80697674419,0
42579.80790697674,0
42589.808837209304,0
42599.80976744187,0
42609.81069767442,0
42619.81162790698,0
42629.81255813954,1
42639.81348837209,0
42649.814418604656,0
42659.81534883721,0
42669.81627906977,0
42679.81720930233,0
42689.81813953488,0
42699.81906976744,0
42709.82000000001,0
42719.820930232556,0
42729.82186046512,0
42739.82279069768,0
42749.82372093023,0
42759.824651162795,0
42769.82558139535,0
42779.82651162791,0
42789.82744186047,0
42799.82837209303,0
42809.82930232558,0
42819.830232558146,0
42829.831162790695,0
42839.83209302326,0
42849.83302325582,0
42859.83395348837,0
42869.834883720934,0
42879.83581395349,0
42889.83674418605,0
42899.83767441861,0
42909.838604651166,0
42919.83953488372,2
42929.840465116285,0
42939.841395348834,0
42949.8423255814,1
42959.84325581396,0
42969.84418604651,0
42979.84511627907,0
42989.84604651164,0
42999.846976744186,0
43009.84790697675,0
43019.848837209305,0
43029.84976744186,0
43039.850697674425,0
43049.85162790697,0
43059.85255813954,0
43069.8534883721,0
43079.85441860465,0
43089.85534883721,0
43099.856279069776,0
43109.857209302325,0
43119.85813953489,0
43129.859069767444,0
43139.86,0
43149.860930232564,0
43159.86186046511,0
43169.862790697676,0
43179.86372093024,0
43189.86465116279,0
43199.86558139535,1
43209.866511627915,0
43219.867441860464,0
43229.86837209303,0
43239.869302325584,0
43249.87023255814,0
43259.8711627907,0
43269.87209302326,0
43279.873023255815,0
43289.87395348838,0
43299.87488372093,0
43309.87581395349,0
43319.876744186055,0
43329.8776744186,0
43339.87860465117,0
43349.87953488372,0
43359.88046511628,0
43369.88139534884,0
43379.8823255814,0
43389.883255813955,0
43399.88418604652,0
43409.88511627907,0
43419.88604651163,0
43429.886976744194,1
43439.88790697674,0
43449.888837209306,0
43459.88976744186,0
43469.89069767442,0
43479.89162790698,1
43489.89255813954,0
43499.893488372094,1
43509.89441860466,0
43519.895348837206,0
43529.89627906977,0
43539.89720930233,0
43549.89813953488,1
43559.899069767445,0
43569.90000000001,0
43579.90093023256,0
43589.90186046512,0
43599.90279069768,0
43609.90372093023,0
43619.9046511628,0
43629.905581395346,0
43639.90651162791,1
43649.90744186047,0
43659.90837209302,0
43669.909302325585,0
43679.91023255815,0
43689.9111627907,0
43699.91209302326,0
43709.91302325582,0
43719.91395348837,0
43729.914883720936,0
43739.91581395349,0
43749.91674418605,0
43759.91767441861,0
43769.91860465116,0
43779.919534883724,0
43789.92046511629,0
43799.921395348836,0
43809.9223255814,0
43819.923255813956,0
43829.92418604651,0
43839.925116279075,0
43849.92604651163,0
43859.92697674419,0
43869.92790697675,0
43879.9288372093,0
43889.92976744186,0
43899.93069767443,0
43909.931627906975,0
43919.93255813954,1
43929.933488372095,0
43939.93441860465,0
43949.935348837214,0
43959.93627906977,0
43969.93720930233,0
43979.93813953489,1
43989.93906976744,0
43999.94,0
44009.940930232566,0
44019.941860465115,0
44029.94279069768,0
44039.94372093024,0
44049.94465116279,0
44059.945581395354,0
44069.94651162791,0
44079.947441860466,0
44089.94837209303,0
44099.94930232558,0
44109.95023255814,0
44119.951162790705,0
44129.952093023254,0
44139.95302325582,0
44149.95395348838,0
44159.95488372093,0
44169.95581395349,0
44179.95674418605,0
44189.957674418605,0
44199.95860465117,0
44209.95953488372,0
44219.96046511628,0
44229.961395348844,0
44239.96232558139,0
44249.96325581396,0
44259.96418604652,0
44269.96511627907,0
44279.96604651163,0
44289.96697674419,0
44299.967906976744,0
44309.96883720931,0
44319.969767441864,0
44329.97069767442,0
44339.97162790698,0
44349.97255813953,0
44359.973488372096,0
44369.97441860466,0
44379.97534883721,0
44389.97627906977,0
44399.97720930233,0
44409.978139534884,0
44419.97906976745,0
44429.98,0
44439.98093023256,0
44449.98186046512,0
44459.98279069767,0
44469.983720930235,0
44479.9846511628,0
44489.98558139535,0
44499.98651162791,0
44509.987441860474,0
44519.98837209302,0
44529.989302325586,0
44539.99023255814,0
44549.9911627907,0
44559.99209302326,0
44569.99302325581,1
44579.993953488374,0
44589.99488372094,0
44599.99581395349,0
44609.99674418605,0
44619.99767441861,0
44629.99860465116,0
44639.999534883726,0
44650.00046511628,0
44660.00139534884,0
44670.0023255814,0
44680.00325581395,0
44690.00418604651,0
44700.00511627908,0
44710.006046511626,1
44720.00697674419,0
44730.00790697675,0
44740.0088372093,0
44750.009767441865,1
44760.01069767442,0
44770.01162790698,0
44780.01255813954,0
44790.0134883721,0
44800.01441860465,0
44810.015348837216,0
44820.016279069765,1
44830.01720930233,1
44840.01813953489,0
44850.01906976744,0
44860.020000000004,0
44870.02093023256,0
44880.021860465116,0
44890.02279069768,0
44900.023720930236,0
44910.02465116279,0
44920.025581395355,0
44930.026511627904,0
44940.02744186047,0
44950.02837209303,0
44960.02930232558,0
44970.03023255814,0
44980.0311627907,0
44990.032093023256,0
45000.03302325582,0
45010.033953488375,0
45020.03488372093,0
45030.035813953495,0
45040.03674418604,0
45050.03767441861,0
45060.03860465117,0
45070.03953488372,0
45080.04046511628,1
45090.041395348846,0
45100.042325581395,0
45110.04325581396,0
45120.044186046514,0
45130.04511627907,0
45140.046046511634,0
45150.04697674418,0
45160.047906976746,0
45170.04883720931,0
45180.04976744186,0
45190.05069767442,0
45200.051627906985,0
45210.052558139534,0
45220.0534883721,1
45230.05441860465,0
45240.05534883721,0
45250.05627906977,0
45260.05720930233,0
45270.058139534885,0
45280.05906976745,0
45290.06,0
45300.06093023256,0
45310.061860465124,0
45320.06279069767,0
45330.06372093024,0
45340.06465116279,0
45350.06558139535,0
45360.06651162791,0
45370.06744186047,0
45380.068372093025,0
45390.06930232559,0
45400.07023255814,0
45410.0711627907,0
45420.072093023264,0
45430.07302325581,0
45440.073953488376,0
45450.07488372093,1
45460.07581395349,0
45470.07674418605,0
45480.07767441861,0
45490.078604651164,0
45500.07953488373,0
45510.080465116276,0
45520.08139534884,0
45530.0823255814,0
45540.08325581395,0
45550.084186046515,0
45560.08511627908,0
45570.08604651163,1
45580.08697674419,0
45590.08790697675,0
45600.0888372093,0
45610.08976744187,0
45620.090697674415,0
45630.09162790698,1
45640.09255813954,0
45650.09348837209,0
45660.094418604654,0
45670.09534883722,0
45680.09627906977,0
45690.09720930233,0
45700.098139534886,0
45710.09906976744,0
45720.100000000006,0
45730.10093023256,0
45740.10186046512,0
45750.10279069768,0
45760.10372093023,0
45770.104651162794,0
45780.10558139536,0
45790.106511627906,0
45800.10744186047,0
45810.108372093026,0
45820.10930232558,0
45830.110232558145,0
45840.1111627907,0
45850.11209302326,0
45860.11302325582,0
45870.11395348837,0
45880.11488372093,0
45890.1158139535,0
45900.116744186045,1
45910.11767441861,0
45920.118604651165,0
45930.11953488372,0
45940.120465116284,0
45950.12139534884,0
45960.1223255814,0
45970.12325581396,0
45980.12418604651,0
45990.12511627907,0
46000.126046511636,0
46010.126976744185,0
46020.12790697675,0
46030.12883720931,0
46040.12976744186,0
46050.13069767442,0
46060.13162790698,0
46070.132558139536,0
46080.1334883721,0
46090.13441860465,1
46100.13534883721,0
46110.136279069775,0
46120.137209302324,1
46130.13813953489,0
46140.13906976745,0
46150.14,1
46160.14093023256,0
46170.14186046512,0
46180.142790697675,0
46190.14372093024,0
46200.14465116279,0
46210.14558139535,1
46220.146511627914,0
46230.14744186046,0
46240.14837209303,0
46250.14930232559,0
46260.15023255814,0
46270.1511627907,0
46280.15209302326,0
46290.153023255814,0
46300.15395348838,0
46310.154883720934,0
46320.15581395349,0
46330.15674418605,0
46340.1576744186,0
46350.158604651166,0
46360.15953488373,0
46370.16046511628,1
46380.16139534884,0
46390.1623255814,0
46400.16325581395,0
46410.16418604652,0
46420.16511627907,0
46430.16604651163,0
46440.16697674419,0
46450.16790697674,0
46460.168837209305,1
46470.16976744187,0
46480.17069767442,0
46490.17162790698,0
46500.172558139544,0
46510.17348837209,0
46520.174418604656,0
46530.17534883721,0
46540.17627906977,1
46550.17720930233,0
46560.17813953488,0
46570.179069767444,0
46580.18000000001,1
46590.18093023256,0
46600.18186046512,1
46610.18279069768,0
46620.18372093023,0
46630.184651162795,0
46640.18558139535,0
46650.18651162791,0
46660.18744186047,0
46670.18837209302,0
46680.18930232558,0
46690.19023255815,0
46700.191162790696,0
46710.19209302326,0
46720.19302325582,0
46730.19395348837,0
46740.194883720935,0
46750.19581395349,0
46760.19674418605,0
46770.19767441861,0
46780.19860465117,0
46790.19953488372,1
46800.200465116286,0
46810.201395348835,0
46820.2023255814,0
46830.20325581396,0
46840.20418604651,0
46850.205116279074,1
46860.20604651163,0
46870.206976744186,0
46880.20790697675,0
46890.208837209306,0
46900.20976744186,0
46910.210697674425,0
46920.211627906974,1
46930.21255813954,0
46940.2134883721,0
46950.21441860465,0
46960.21534883721,0
46970.21627906977,0
46980.217209302326,0
46990.21813953489,0
47000.219069767445,0
47010.22,0
47020.220930232565,0
47030.22186046511,0
47040.22279069768,0
47050.22372093024,0
47060.22465116279,0
47070.22558139535,0
47080.226511627916,0
47090.227441860465,1
47100.22837209303,0
47110.229302325584,0
47120.23023255814,0
47130.231162790704,0
47140.23209302325,0
47150.233023255816,0
47160.23395348838,0
47170.23488372093,0
47180.23581395349,0
47190.236744186055,0
47200.237674418604,0
47210.23860465117,0
47220.23953488372,0
47230.24046511628,0
47240.24139534884,0
47250.2423255814,0
47260.243255813955,0
47270.24418604652,0
47280.24511627907,0
47290.24604651163,0
47300.246976744194,1
47310.24790697674,0
47320.24883720931,0
47330.24976744186,0
47340.25069767442,0
47350.25162790698,0
47360.25255813954,0
47370.253488372095,0
47380.25441860466,0
47390.25534883721,0
47400.25627906977,0
47410.257209302334,0
47420.25813953488,0
47430.259069767446,0
47440.26,0
47450.26093023256,0
47460.26186046512,0
47470.26279069768,0
47480.263720930234,0
47490.2646511628,0
47500.265581395346,0
47510.26651162791,0
47520.26744186047,0
47530.26837209302,0
47540.269302325585,0
47550.27023255815,0
47560.2711627907,0
47570.27209302326,0
47580.27302325582,0
47590.27395348837,0
47600.27488372094,0
47610.275813953485,0
47620.27674418605,0
47630.27767441861,0
47640.27860465116,0
47650.279534883724,0
47660.28046511629,0
47670.28139534884,0
47680.2823255814,0
47690.283255813956,0
47700.28418604651,1
47710.285116279076,0
47720.28604651163,0
47730.28697674419,0
47740.28790697675,0
47750.2888372093,1
47760.289767441864,0
47770.29069767443,0
47780.291627906976,0
47790.29255813954,0
47800.293488372095,0
47810.29441860465,0
47820.295348837215,0
47830.29627906977,1
47840.29720930233,0
47850.29813953489,0
47860.29906976744,0
47870.3,0
47880.300930232566,0
47890.301860465115,0
47900.30279069768,0
47910.303720930235,0
47920.30465116279,0
47930.305581395354,0
47940.30651162791,1
47950.30744186047,1
47960.30837209303,0
47970.30930232558,1
47980.31023255814,0
47990.311162790706,0
48000.312093023254,0
48010.31302325582,0
48020.31395348838,1
48030.31488372093,0
48040.31581395349,0
48050.31674418605,0
48060.317674418606,0
48070.31860465117,0
48080.31953488372,0
48090.32046511628,0
48100.321395348845,0
48110.322325581394,0
48120.32325581396,0
48130.32418604652,0
48140.32511627907,0
48150.32604651163,0
48160.32697674419,0
48170.327906976745,0
48180.32883720931,0
48190.32976744186,0
48200.33069767442,0
48210.331627906984,1
48220.33255813953,0
48230.333488372096,0
48240.33441860466,0
48250.33534883721,0
48260.33627906977,0
48270.33720930233,0
48280.338139534884,0
48290.33906976745,0
48300.340000000004,0
48310.34093023256,0
48320.34186046512,0
48330.34279069767,0
48340.343720930236,0
48350.3446511628,1
48360.34558139535,0
48370.34651162791,0
48380.34744186047,0
48390.34837209302,1
48400.34930232559,0
48410.35023255814,0
48420.3511627907,0
48430.35209302326,0
48440.35302325581,0
48450.353953488375,0
48460.35488372094,0
48470.35581395349,0
48480.35674418605,0
48490.357674418614,0
48500.35860465116,0
48510.359534883726,0
48520.36046511628,0
48530.36139534884,0
48540.3623255814,0
48550.36325581395,0
48560.364186046514,0
48570.36511627908,2
48580.366046511626,0
48590.36697674419,0
48600.36790697675,0
48610.3688372093,0
48620.369767441865,0
48630.37069767442,0
48640.37162790698,0
48650.37255813954,0
48660.37348837209,0
48670.37441860465,0
48680.37534883722,0
48690.376279069766,0
48700.37720930233,0
48710.37813953489,0
48720.37906976744,0
48730.380000000005,0
48740.38093023256,0
48750.38186046512,0
48760.38279069768,0
48770.38372093024,0
48780.38465116279,0
48790.385581395356,0
48800.386511627905,0
48810.38744186047,0
48820.38837209303,0
48830.38930232558,0
48840.390232558144,0
48850.3911627907,0
48860.392093023256,0
48870.39302325582,0
48880.393953488376,0
48890.39488372093,0
48900.395813953495,0
48910.396744186044,0
48920.39767441861,0
48930.39860465117,0
48940.39953488372,0
48950.40046511628,0
48960.40139534884,0
48970.402325581395,0
48980.40325581396,1
48990.404186046515,1
49000.40511627907,0
49010.406046511634,0
49020.40697674418,1
49030.40790697675,0
49040.40883720931,0
49050.40976744186,0
49060.41069767442,0
49070.411627906986,0
49080.412558139535,0
49090.4134883721,0
49100.414418604654,0
49110.41534883721,0
49120.416279069774,0
49130.41720930232,0
49140.418139534886,0
49150.41906976745,0
49160.42,0
49170.42093023256,0
49180.421860465125,0
49190.422790697674,0
49200.42372093024,0
49210.42465116279,0
49220.42558139535,0
49230.42651162791,0
49240.42744186047,0
49250.428372093025,0
49260.42930232559,0
49270.43023255814,0
49280.4311627907,0
49290.432093023264,1
49300.43302325581,1
49310.43395348838,0
49320.43488372093,1
49330.43581395349,0
49340.43674418605,0
49350.43767441861,1
49360.438604651164,0
49370.43953488373,0
49380.44046511628,0
49390.44139534884,0
49400.4423255814,0
49410.44325581395,0
49420.444186046516,1
49430.44511627907,0
49440.44604651163,0
49450.44697674419,1
49460.44790697675,0
49470.448837209304,0
49480.44976744187,0
49490.450697674416,0
49500.45162790698,1
49510.45255813954,0
49520.45348837209,0
49530.454418604655,0
49540.45534883722,0
49550.45627906977,0
49560.45720930233,0
49570.45813953489,0
49580.45906976744,0
49590.46000000001,0
49600.460930232555,0
49610.46186046512,0
49620.46279069768,0
49630.46372093023,0
49640.464651162794,0
49650.46558139536,0
49660.46651162791,0
49670.46744186047,0
49680.468372093026,0
49690.46930232558,1
49700.470232558146,0
49710.471162790695,0
49720.47209302326,0
49730.47302325582,0
49740.47395348837,1
49750.47488372093,0
49760.4758139535,0
49770.476744186046,0
49780.47767441861,0
49790.478604651165,0
49800.47953488372,0
49810.480465116285,0
49820.48139534884,0
49830.4823255814,0
49840.48325581396,0
49850.48418604651,0
49860.48511627907,0
49870.486046511636,0
49880.486976744185,0
49890.48790697675,0
49900.488837209305,0
49910.48976744186,0
49920.490697674424,0
49930.49162790698,0
49940.49255813954,0
49950.4934883721,0
49960.49441860465,0
49970.49534883721,0
49980.496279069775,0
49990.497209302324,0
50000.49813953489,0
50010.49906976745,1
50020.5,0
50030.50093023256,0
50040.50186046512,0
50050.502790697676,0
50060.50372093024,0
50070.50465116279,0
50080.50558139535,0
50090.506511627915,0
50100.50744186046,0
50110.50837209303,0
50120.50930232559,0
50130.51023255814,0
50140.5111627907,0
50150.51209302326,0
50160.513023255815,0
50170.51395348838,0
50180.51488372093,0
50190.51581395349,0
50200.516744186054,0
50210.5176744186,0
50220.518604651166,0
50230.51953488373,0
50240.52046511628,0
50250.52139534884,0
50260.5223255814,0
50270.523255813954,0
50280.52418604652,1
50290.525116279074,0
50300.52604651163,0
50310.52697674419,1
50320.52790697674,0
50330.528837209305,0
50340.52976744187,0
50350.53069767442,0
50360.53162790698,0
50370.53255813954,0
50380.53348837209,0
50390.53441860466,0
50400.53534883721,0
50410.53627906977,0
50420.53720930233,0
50430.53813953488,0
50440.539069767445,0
50450.54000000001,0
50460.54093023256,0
50470.54186046512,0
50480.542790697684,0
50490.54372093023,0
50500.544651162796,0
50510.54558139535,0
50520.54651162791,0
50530.54744186047,0
50540.54837209302,0
50550.549302325584,0
50560.55023255815,1
50570.551162790696,0
50580.55209302326,0
50590.55302325582,0
50600.55395348837,0
50610.554883720935,0
50620.55581395349,0
50630.55674418605,0
50640.55767441861,0
50650.55860465116,0
50660.55953488372,0
50670.56046511629,0
50680.561395348836,0
50690.5623255814,0
50700.56325581396,0
50710.56418604651,0
50720.565116279075,0
50730.56604651163,0
50740.56697674419,0
50750.56790697675,0
50760.56883720931,0
50770.56976744186,0
50780.570697674426,0
50790.571627906975,0
50800.57255813954,0
50810.5734883721,0
50820.57441860465,0
50830.575348837214,0
50840.57627906977,0
50850.577209302326,0
50860.57813953489,0
50870.579069767446,0
50880.58,1
50890.580930232565,0
50900.581860465114,0
50910.58279069768,0
50920.58372093024,0
50930.58465116279,0
50940.58558139535,0
50950.58651162791,0
50960.587441860465,0
50970.58837209303,0
50980.589302325585,0
50990.59023255814,0
51000.591162790704,0
51010.59209302325,0
51020.59302325582,0
51030.59395348838,2
51040.59488372093,0
51050.59581395349,0
51060.596744186056,0
51070.597674418605,0
51080.59860465117,0
51090.599534883724,0
51100.60046511628,1
51110.601395348844,0
51120.60232558139,1
51130.603255813956,0
51140.60418604652,1
51150.60511627907,0
51160.60604651163,0
51170.606976744195,0
51180.607906976744,0
51190.60883720931,0
51200.60976744186,0
51210.61069767442,0
51220.61162790698,0
51230.61255813954,0
51240.613488372095,1
51250.61441860466,0
51260.61534883721,0
51270.61627906977,0
51280.617209302334,0
51290.61813953488,0
51300.61906976745,0
51310.62,0
51320.62093023256,0
51330.62186046512,0
51340.62279069768,0
51350.623720930234,0
51360.6246511628,0
51370.62558139535,0
51380.62651162791,0
51390.62744186047,0
51400.62837209302,0
51410.629302325586,0
51420.63023255814,3
51430.6311627907,0
51440.63209302326,0
51450.63302325582,0
51460.633953488374,0
51470.63488372094,0
51480.635813953486,0
51490.63674418605,0
51500.63767441861,0
51510.63860465116,0
51520.639534883725,0
51530.64046511629,0
51540.64139534884,0
51550.6423255814,0
51560.64325581396,0
51570.64418604651,0
51580.645116279076,0
51590.646046511625,0
51600.64697674419,0
51610.64790697675,0
51620.6488372093,0
51630.649767441864,0
51640.65069767443,0
51650.65162790698,0
51660.65255813954,0
51670.653488372096,1
51680.65441860465,1
51690.655348837216,0
51700.656279069764,1
51710.65720930233,0
51720.65813953489,0
51730.65906976744,0
51740.66,0
51750.66093023257,0
51760.661860465116,0
51770.66279069768,0
51780.663720930235,0
51790.66465116279,0
51800.665581395355,0
51810.66651162791,0
51820.66744186047,0
51830.66837209303,0
51840.66930232558,0
51850.67023255814,0
51860.671162790706,1
51870.672093023255,1
51880.67302325582,0
51890.673953488375,0
51900.67488372093,0
51910.675813953494,0
51920.67674418605,0
51930.677674418606,0
51940.67860465117,0
51950.67953488372,0
51960.68046511628,0
51970.681395348845,0
51980.682325581394,0
51990.68325581396,0
52000.68418604652,0
52010.68511627907,0
52020.68604651163,0
52030.68697674419,0
52040.687906976746,0
52050.68883720931,0
52060.68976744186,0
52070.69069767442,0
52080.691627906985,0
52090.69255813953,0
52100.6934883721,0
52110.69441860466,0
52120.69534883721,0
52130.69627906977,0
52140.69720930233,0
52150.698139534885,0
52160.69906976745,0
52170.7,0
52180.70093023256,0
52190.701860465124,0
52200.70279069767,0
52210.703720930236,0
52220.7046511628,0
52230.70558139535,0
52240.70651162791,0
52250.70744186047,0
52260.708372093024,0
52270.70930232559,0
52280.71023255814,0
52290.7111627907,0
52300.71209302326,0
52310.71302325581,1
52320.713953488375,0
52330.71488372094,0
52340.71581395349,0
52350.71674418605,0
52360.71767441861,0
52370.71860465116,0
52380.71953488373,0
52390.72046511628,0
52400.72139534884,0
52410.7223255814,0
52420.72325581395,0
52430.724186046515,0
52440.72511627908,0
52450.72604651163,0
52460.72697674419,0
52470.72790697675,0
52480.7288372093,0
52490.729767441866,0
52500.73069767442,0
52510.73162790698,0
52520.73255813954,0
52530.73348837209,0
52540.734418604654,0
52550.73534883722,0
52560.736279069766,0
52570.73720930233,0
52580.73813953489,0
52590.73906976744,0
52600.740000000005,0
52610.74093023256,0
52620.74186046512,0
52630.74279069768,0
52640.74372093023,0
52650.74465116279,0
52660.74558139536,0
52670.746511627905,0
52680.74744186047,0
52690.74837209303,0
52700.74930232558,0
52710.750232558144,0
52720.7511627907,0
52730.75209302326,0
52740.75302325582,0
52750.753953488376,0
52760.75488372093,0
52770.755813953496,0
52780.756744186045,1
52790.75767441861,0
52800.75860465117,0
52810.75953488372,0
52820.760465116284,0
52830.76139534884,0
52840.762325581396,0
52850.76325581396,0
52860.764186046516,0
52870.76511627907,0
52880.766046511635,0
52890.766976744184,0
52900.76790697675,0
52910.76883720931,0
52920.76976744186,0
52930.77069767442,0
52940.77162790698,0
52950.772558139535,0
52960.7734883721,0
52970.774418604655,0
52980.77534883721,0
52990.776279069774,0
53000.77720930232,0
53010.77813953489,0
53020.77906976745,0
53030.78,0
53040.78093023256,0
53050.781860465126,0
53060.782790697674,0
53070.78372093024,0
53080.784651162794,0
53090.78558139535,0
53100.78651162791,0
53110.78744186046,0
53120.788372093026,1
53130.78930232559,0
53140.79023255814,0
53150.7911627907,0
53160.792093023265,0
53170.793023255814,0
53180.79395348838,0
53190.79488372093,1
53200.79581395349,0
53210.79674418605,0
53220.79767441861,0
53230.798604651165,0
53240.79953488373,1
53250.80046511628,0
53260.80139534884,0
53270.802325581404,0
53280.80325581395,0
53290.80418604652,0
53300.80511627907,0
53310.80604651163,0
53320.80697674419,0
53330.80790697675,0
53340.808837209304,0
53350.80976744187,0
53360.81069767442,0
53370.81162790698,1
53380.81255813954,0
53390.81348837209,1
53400.814418604656,0
53410.81534883721,0
53420.81627906977,0
53430.81720930233,0
53440.81813953489,0
53450.81906976744,0
53460.82000000001,0
53470.820930232556,0
53480.82186046512,0
53490.82279069768,0
53500.82372093023,0
53510.824651162795,0
53520.82558139536,0
53530.82651162791,1
53540.82744186047,0
53550.82837209303,0
53560.82930232558,0
53570.830232558146,0
53580.831162790695,0
53590.83209302326,0
53600.83302325582,0
53610.83395348837,0
53620.834883720934,0
53630.8358139535,0
53640.83674418605,0
53650.83767441861,0
53660.838604651166,0
53670.83953488372,0
53680.840465116285,0
53690.841395348834,0
53700.8423255814,0
53710.84325581396,1
53720.84418604651,0
53730.84511627907,0
53740.84604651164,0
53750.846976744186,0
53760.84790697675,0
53770.848837209305,0
53780.84976744186,0
53790.850697674425,0
53800.85162790698,0
53810.85255813954,0
53820.8534883721,0
53830.85441860465,0
53840.85534883721,0
53850.856279069776,0
53860.857209302325,0
53870.85813953489,0
53880.859069767444,0
53890.86,1
53900.860930232564,0
53910.86186046512,0
53920.862790697676,0
53930.86372093024,0
53940.86465116279,0
53950.86558139535,0
53960.866511627915,0
53970.867441860464,0
53980.86837209303,0
53990.86930232559,0
54000.87023255814,0
54010.8711627907,1
54020.87209302326,0
54030.873023255815,0
54040.87395348838,1
54050.87488372093,0
54060.87581395349,0
54070.876744186055,0
54080.8776744186,0
54090.87860465117,0
54100.87953488373,0
54110.88046511628,0
54120.88139534884,0
54130.8823255814,0
54140.883255813955,0
54150.88418604652,0
54160.88511627907,0
54170.88604651163,0
54180.886976744194,0
54190.88790697674,0
54200.888837209306,0
54210.88976744187,0
54220.89069767442,0
54230.89162790698,0
54240.89255813954,0
54250.893488372094,0
54260.89441860466,0
54270.89534883721,0
54280.89627906977,0
54290.89720930233,0
54300.89813953488,0
54310.899069767445,0
54320.90000000001,0
54330.90093023256,0
54340.90186046512,0
54350.90279069768,0
54360.90372093023,0
54370.9046511628,0
54380.90558139535,1
54390.90651162791,0
54400.90744186047,0
54410.90837209302,0
54420.909302325585,0
54430.91023255815,0
54440.9111627907,0
54450.91209302326,0
54460.91302325582,0
54470.91395348837,0
54480.914883720936,0
54490.91581395349,0
54500.91674418605,0
54510.91767441861,0
54520.91860465116,0
54530.919534883724,1
54540.92046511629,0
54550.921395348836,0
54560.9223255814,0
54570.92325581396,0
54580.92418604651,0
54590.925116279075,0
54600.92604651163,0
54610.92697674419,0
54620.92790697675,0
54630.9288372093,0
54640.92976744186,0
54650.93069767443,0
54660.931627906975,0
54670.93255813954,0
54680.9334883721,0
54690.93441860465,0
54700.935348837214,0
54710.93627906977,0
54720.93720930233,0
54730.93813953489,0
54740.939069767446,0
54750.94,0
54760.940930232566,0
54770.941860465115,0
54780.94279069768,0
54790.94372093024,0
54800.94465116279,0
54810.945581395354,0
54820.94651162791,0
54830.947441860466,1
54840.94837209303,0
54850.949302325585,0
54860.95023255814,0
54870.951162790705,0
54880.952093023254,0
54890.95302325582,0
54900.95395348838,0
54910.95488372093,0
54920.95581395349,0
54930.95674418605,0
54940.957674418605,0
54950.95860465117,0
54960.959534883725,0
54970.96046511628,0
54980.961395348844,0
54990.96232558139,0
55000.96325581396,0
55010.96418604652,0
55020.96511627907,0
55030.96604651163,0
55040.966976744196,0
55050.967906976744,0
55060.96883720931,1
55070.969767441864,0
55080.97069767442,0
55090.97162790698,0
55100.97255813953,0
55110.973488372096,0
55120.97441860466,0
55130.97534883721,0
55140.97627906977,1
55150.977209302335,0
55160.978139534884,0
55170.97906976745,0
55180.98,0
55190.98093023256,1
55200.98186046512,1
55210.98279069767,0
55220.983720930235,0
55230.9846511628,0
55240.98558139535,0
55250.98651162791,0
55260.987441860474,0
55270.98837209302,1
55280.989302325586,0
55290.99023255814,0
55300.9911627907,0
55310.99209302326,0
55320.99302325582,0
55330.993953488374,0
55340.99488372094,0
55350.99581395349,0
55360.99674418605,0
55370.99767441861,0
55380.99860465116,0
55390.999534883726,0
55401.00046511628,0
55411.00139534884,0
55421.0023255814,0
55431.00325581396,0
55441.00418604651,0
55451.00511627908,0
55461.006046511626,0
55471.00697674419,0
55481.00790697675,0
55491.0088372093,0
55501.009767441865,0
55511.01069767443,0
55521.01162790698,0
55531.01255813954,0
55541.0134883721,0
55551.01441860465,0
55561.015348837216,0
55571.016279069765,0
55581.01720930233,0
55591.01813953489,0
55601.01906976744,0
55611.020000000004,0
55621.02093023257,0
55631.021860465116,0
55641.02279069768,0
55651.023720930236,1
55661.02465116279,0
55671.025581395355,0
55681.026511627904,1
55691.02744186047,0
55701.02837209303,0
55711.02930232558,1
55721.03023255814,0
55731.03116279071,0
55741.032093023256,0
55751.03302325582,0
55761.033953488375,0
55771.03488372093,0
55781.035813953495,0
55791.03674418605,0
55801.03767441861,0
55811.03860465117,0
55821.03953488372,0
55831.04046511628,0
55841.041395348846,0
55851.042325581395,0
55861.04325581396,0
55871.044186046514,0
55881.04511627907,0
55891.046046511634,0
55901.04697674419,0
55911.047906976746,0
55921.04883720931,0
55931.04976744186,0
55941.05069767442,0
55951.051627906985,0
55961.052558139534,0
55971.0534883721,0
55981.05441860466,1
55991.05534883721,1
56001.05627906977,0
56011.05720930233,0
56021.058139534885,1
56031.05906976745,0
56041.06,0
56051.06093023256,0
56061.061860465124,0
56071.06279069767,0
56081.06372093024,0
56091.0646511628,0
56101.06558139535,0
56111.06651162791,0
56121.06744186047,0
56131.068372093025,0
56141.06930232559,0
56151.07023255814,0
56161.0711627907,0
56171.072093023264,0
56181.07302325581,0
56191.073953488376,0
56201.07488372094,0
56211.07581395349,0
56221.07674418605,0
56231.07767441861,1
56241.078604651164,0
56251.07953488373,0
56261.08046511628,0
56271.08139534884,0
56281.0823255814,0
56291.08325581395,0
56301.084186046515,0
56311.08511627908,0
56321.08604651163,0
56331.08697674419,0
56341.08790697675,0
56351.0888372093,0
56361.08976744187,0
56371.09069767442,0
56381.09162790698,0
56391.09255813954,0
56401.09348837209,0
56411.094418604654,0
56421.09534883722,0
56431.09627906977,0
56441.09720930233,0
56451.098139534886,0
56461.09906976744,0
56471.100000000006,0
56481.10093023256,0
56491.10186046512,0
56501.10279069768,0
56511.10372093023,0
56521.104651162794,0
56531.10558139536,0
56541.106511627906,0
56551.10744186047,0
56561.10837209303,0
56571.10930232558,0
56581.110232558145,0
56591.1111627907,0
56601.11209302326,0
56611.11302325582,0
56621.11395348837,0
56631.11488372093,0
56641.1158139535,0
56651.116744186045,0
56661.11767441861,1
56671.11860465117,0
56681.11953488372,0
56691.120465116284,0
56701.12139534884,0
56711.1223255814,1
56721.12325581396,0
56731.124186046516,0
56741.12511627907,0
56751.126046511636,0
56761.126976744185,0
56771.12790697675,0
56781.12883720931,0
56791.12976744186,0
56801.13069767442,0
56811.13162790698,0
56821.132558139536,0
56831.1334883721,0
56841.134418604655,0
56851.13534883721,0
56861.136279069775,0
56871.137209302324,0
56881.13813953489,0
56891.13906976745,0
56901.14,0
56911.14093023256,0
56921.14186046512,0
56931.142790697675,0
56941.14372093024,0
56951.144651162795,0
56961.14558139535,0
56971.146511627914,1
56981.14744186046,0
56991.14837209303,1
57001.14930232559,0
57011.15023255814,0
57021.1511627907,0
57031.152093023265,1
57041.153023255814,0
57051.15395348838,0
57061.154883720934,0
57071.15581395349,0
57081.15674418605,0
57091.1576744186,0
57101.158604651166,0
57111.15953488373,0
57121.16046511628,0
57131.16139534884,0
57141.162325581405,0
57151.16325581395,0
57161.16418604652,0
57171.16511627907,0
57181.16604651163,0
57191.16697674419,0
57201.16790697674,0
57211.168837209305,0
57221.16976744187,0
57231.17069767442,0
57241.17162790698,0
57251.172558139544,0
57261.17348837209,0
57271.174418604656,0
57281.17534883721,0
57291.17627906977,0
57301.17720930233,0
57311.17813953489,0
57321.179069767444,0
57331.18000000001,0
57341.18093023256,0
57351.18186046512,0
57361.18279069768,0
57371.18372093023,0
57381.184651162795,0
57391.18558139535,0
57401.18651162791,0
57411.18744186047,0
57421.18837209303,0
57431.18930232558,0
57441.19023255815,0
57451.191162790696,0
57461.19209302326,0
57471.19302325582,0
57481.19395348837,0
57491.194883720935,0
57501.1958139535,0
57511.19674418605,0
57521.19767441861,0
57531.19860465117,0
57541.19953488372,0
57551.200465116286,0
57561.201395348835,0
57571.2023255814,0
57581.20325581396,0
57591.20418604651,0
57601.205116279074,0
57611.20604651164,0
57621.206976744186,0
57631.20790697675,0
57641.208837209306,0
57651.20976744186,0
57661.210697674425,0
57671.211627906974,0
57681.21255813954,0
57691.2134883721,0
57701.21441860465,0
57711.21534883721,0
57721.21627906978,0
57731.217209302326,0
57741.21813953489,0
57751.219069767445,0
57761.22,0
57771.220930232565,0
57781.22186046512,0
57791.22279069768,0
57801.22372093024,0
57811.22465116279,0
57821.22558139535,0
57831.226511627916,0
57841.227441860465,0
57851.22837209303,0
57861.229302325584,0
57871.23023255814,0
57881.231162790704,0
57891.23209302326,0
57901.233023255816,0
57911.23395348838,0
57921.23488372093,0
57931.23581395349,0
57941.236744186055,0
57951.237674418604,0
57961.23860465117,0
57971.23953488372,0
57981.24046511628,0
57991.24139534884,0
58001.2423255814,0
58011.243255813955,0
58021.24418604652,0
58031.24511627907,0
58041.24604651163,0
58051.246976744194,0
58061.24790697674,0
58071.24883720931,0
58081.24976744187,0
58091.25069767442,0
58101.25162790698,0
58111.25255813954,0
58121.253488372095,0
58131.25441860466,0
58141.25534883721,0
58151.25627906977,0
58161.257209302334,0
58171.25813953488,0
58181.259069767446,0
58191.26000000001,0
58201.26093023256,0
58211.26186046512,0
58221.26279069768,0
58231.263720930234,0
58241.2646511628,0
58251.26558139535,0
58261.26651162791,0
58271.26744186047,0
58281.26837209302,0
58291.269302325585,0
58301.27023255815,0
58311.2711627907,0
58321.27209302326,0
58331.27302325582,0
58341.27395348837,0
58351.27488372094,0
58361.27581395349,0
58371.27674418605,0
58381.27767441861,0
58391.27860465116,0
58401.279534883724,0
58411.28046511629,0
58421.28139534884,0
58431.2823255814,0
58441.283255813956,0
58451.28418604651,0
58461.285116279076,0
58471.28604651163,0
58481.28697674419,0
58491.28790697675,0
58501.2888372093,0
58511.289767441864,0
58521.29069767443,0
58531.291627906976,0
58541.29255813954,0
58551.2934883721,0
58561.29441860465,0
58571.295348837215,0
58581.29627906977,0
58591.29720930233,0
58601.29813953489,0
58611.29906976744,0
58621.3,0
58631.300930232566,0
58641.301860465115,0
58651.30279069768,0
58661.30372093024,0
58671.30465116279,0
58681.305581395354,0
58691.30651162791,0
58701.30744186047,0
58711.30837209303,0
58721.309302325586,1
58731.31023255814,0
58741.311162790706,0
58751.312093023254,0
58761.31302325582,0
58771.31395348838,0
58781.31488372093,0
58791.31581395349,0
58801.31674418605,0
58811.317674418606,1
58821.31860465117,0
58831.319534883725,0
58841.32046511628,0
58851.321395348845,0
58861.322325581394,0
58871.32325581396,0
58881.32418604652,0
58891.32511627907,0
58901.32604651163,0
58911.32697674419,0
58921.327906976745,0
58931.32883720931,0
58941.329767441865,0
58951.33069767442,0
58961.331627906984,0
58971.33255813953,0
58981.333488372096,0
58991.33441860466,0
59001.33534883721,0
59011.33627906977,0
59021.337209302335,0
59031.338139534884,0
59041.33906976745,0
59051.340000000004,0
59061.34093023256,1
59071.34186046512,0
59081.34279069767,0
59091.343720930236,0
59101.3446511628,0
59111.34558139535,0
59121.34651162791,0
59131.347441860475,0
59141.34837209302,0
59151.34930232559,0
59161.35023255814,0
59171.3511627907,0
59181.35209302326,0
59191.35302325581,0
59201.353953488375,0
59211.35488372094,0
59221.35581395349,0
59231.35674418605,0
59241.357674418614,0
59251.35860465116,0
59261.359534883726,0
59271.36046511628,0
59281.36139534884,0
59291.3623255814,0
59301.36325581396,0
59311.364186046514,0
59321.36511627908,0
59331.366046511626,0
59341.36697674419,0
59351.36790697675,0
59361.3688372093,0
59371.369767441865,0
59381.37069767442,0
59391.37162790698,0
59401.37255813954,0
59411.3734883721,0
59421.37441860465,0
59431.37534883722,0
59441.376279069766,0
59451.37720930233,0
59461.37813953489,0
59471.37906976744,0
59481.380000000005,0
59491.38093023257,0
59501.38186046512,0
59511.38279069768,0
59521.38372093024,0
59531.38465116279,1
59541.385581395356,0
59551.386511627905,0
59561.38744186047,0
59571.38837209303,0
59581.38930232558,0
59591.390232558144,0
59601.39116279071,0
59611.392093023256,0
59621.39302325582,0
59631.393953488376,0
59641.39488372093,0
59651.395813953495,0
59661.396744186044,0
59671.39767441861,0
59681.39860465117,0
59691.39953488372,0
59701.40046511628,0
59711.40139534885,0
59721.402325581395,0
59731.40325581396,0
59741.404186046515,0
59751.40511627907,0
59761.406046511634,0
59771.40697674419,0
59781.40790697675,0
59791.40883720931,0
59801.40976744186,0
59811.41069767442,0
59821.411627906986,0
59831.412558139535,0
59841.4134883721,0
59851.414418604654,1
59861.41534883721,0
59871.416279069774,0
59881.41720930233,0
59891.418139534886,0
59901.41906976745,0
59911.42,0
59921.42093023256,0
59931.421860465125,0
59941.422790697674,0
59951.42372093024,0
59961.42465116279,0
59971.42558139535,0
59981.42651162791,0
59991.42744186047,0
60001.428372093025,0
60011.42930232559,0
60021.43023255814,0
60031.4311627907,0
60041.432093023264,0
60051.43302325581,0
60061.43395348838,0
60071.43488372094,0
60081.43581395349,0
60091.43674418605,0
60101.43767441861,0
60111.438604651164,0
60121.43953488373,0
60131.44046511628,0
60141.44139534884,0
60151.4423255814,0
60161.44325581395,0
60171.444186046516,0
60181.44511627908,0
60191.44604651163,0
60201.44697674419,0
60211.44790697675,0
60221.448837209304,0
60231.44976744187,0
60241.45069767442,0
60251.45162790698,0
60261.45255813954,0
60271.45348837209,0
60281.454418604655,0
60291.45534883722,0
60301.45627906977,0
60311.45720930233,0
60321.45813953489,0
60331.45906976744,0
60341.46000000001,0
60351.46093023256,0
60361.46186046512,0
60371.46279069768,0
60381.46372093023,0
60391.464651162794,0
60401.46558139536,0
60411.46651162791,0
60421.46744186047,0
60431.468372093026,0
60441.46930232558,0
60451.470232558146,0
60461.4711627907,0
60471.47209302326,0
60481.47302325582,0
60491.47395348837,0
60501.47488372093,0
60511.4758139535,0
60521.476744186046,0
60531.47767441861,0
60541.47860465117,0
60551.47953488372,0
60561.480465116285,0
60571.48139534884,0
60581.4823255814,0
60591.48325581396,0
60601.48418604651,0
60611.48511627907,0
60621.486046511636,0
60631.486976744185,0
60641.48790697675,0
60651.48883720931,0
60661.48976744186,0
60671.490697674424,0
60681.49162790698,0
60691.49255813954,0
60701.4934883721,0
60711.494418604656,0
60721.49534883721,0
60731.496279069775,0
60741.497209302324,0
60751.49813953489,0
60761.49906976745,0
60771.5,0
60781.50093023256,0
60791.50186046512,0
60801.502790697676,0
60811.50372093024,0
60821.504651162795,0
60831.50558139535,0
60841.506511627915,0
60851.50744186046,0
60861.50837209303,0
60871.50930232559,0
60881.51023255814,0
60891.5111627907,0
60901.51209302326,0
60911.513023255815,0
60921.51395348838,0
60931.514883720934,0
60941.51581395349,0
60951.516744186054,0
60961.5176744186,0
60971.518604651166,0
60981.51953488373,0
60991.52046511628,0
61001.52139534884,0
61011.522325581405,0
61021.523255813954,0
61031.52418604652,0
61041.525116279074,0
61051.52604651163,0
61061.52697674419,0
61071.52790697674,0
61081.528837209305,0
61091.52976744187,0
61101.53069767442,0
61111.53162790698,0
61121.532558139545,0
61131.53348837209,0
61141.53441860466,0
61151.53534883721,0
61161.53627906977,0
61171.53720930233,0
61181.53813953488,0
61191.539069767445,0
61201.54000000001,0
61211.54093023256,0
61221.54186046512,0
61231.542790697684,0
61241.54372093023,0
61251.544651162796,0
61261.54558139535,0
61271.54651162791,0
61281.54744186047,0
61291.54837209303,0
61301.549302325584,0
61311.55023255815,0
61321.551162790696,0
61331.55209302326,0
61341.55302325582,0
61351.55395348837,0
61361.554883720935,0
61371.55581395349,0
61381.55674418605,0
61391.55767441861,0
61401.55860465117,0
61411.55953488372,0
61421.56046511629,0
61431.561395348836,0
61441.5623255814,0
61451.56325581396,0
61461.56418604651,0
61471.565116279075,0
61481.56604651164,0
61491.56697674419,0
61501.56790697675,0
61511.56883720931,0
61521.56976744186,0
61531.570697674426,0
61541.571627906975,0
61551.57255813954,0
61561.5734883721,0
61571.57441860465,0
61581.575348837214,0
61591.57627906978,0
61601.577209302326,0
61611.57813953489,0
61621.579069767446,0
61631.58,0
61641.580930232565,0
61651.581860465114,0
61661.58279069768,0
61671.58372093024,0
61681.58465116279,0
61691.58558139535,0
61701.58651162792,0
61711.587441860465,0
61721.58837209303,0
61731.589302325585,0
61741.59023255814,0
61751.591162790704,0
61761.59209302326,0
61771.59302325582,0
61781.59395348838,0
61791.59488372093,0
61801.59581395349,0
61811.596744186056,0
61821.597674418605,0
61831.59860465117,0
61841.599534883724,0
61851.60046511628,0
61861.601395348844,0
61871.6023255814,0
61881.603255813956,0
61891.60418604652,0
61901.60511627907,0
61911.60604651163,0
61921.606976744195,0
61931.607906976744,0
61941.60883720931,0
61951.60976744186,0
61961.61069767442,0
61971.61162790698,0
61981.61255813954,0
61991.613488372095,0
62001.61441860466,0
62011.61534883721,0
62021.61627906977,0
62031.617209302334,0
62041.61813953488,1
62051.61906976745,0
62061.62000000001,0
62071.62093023256,0
62081.62186046512,0
62091.62279069768,0
62101.623720930234,0
62111.6246511628,0
62121.62558139535,0
62131.62651162791,0
62141.62744186047,0
62151.62837209302,0
62161.629302325586,0
62171.63023255815,0
62181.6311627907,0
62191.63209302326,0
62201.63302325582,0
62211.633953488374,0
62221.63488372094,0
62231.63581395349,0
62241.63674418605,0
62251.63767441861,0
62261.63860465116,0
62271.639534883725,0
62281.64046511629,0
62291.64139534884,0
62301.6423255814,0
62311.64325581396,0
62321.64418604651,0
62331.645116279076,0
62341.64604651163,0
62351.64697674419,0
62361.64790697675,0
62371.6488372093,0
62381.649767441864,0
62391.65069767443,0
62401.65162790698,0
62411.65255813954,0
62421.653488372096,0
62431.65441860465,0
62441.655348837216,0
62451.65627906977,0
62461.65720930233,0
62471.65813953489,0
62481.65906976744,0
62491.66,0
62501.66093023257,0
62511.661860465116,0
62521.66279069768,0
62531.66372093024,0
62541.66465116279,0
62551.665581395355,0
62561.66651162791,0
62571.66744186047,0
62581.66837209303,0
62591.66930232558,0
62601.67023255814,0
62611.671162790706,0
62621.672093023255,0
62631.67302325582,0
62641.67395348838,0
62651.67488372093,0
62661.675813953494,0
62671.67674418605,0
62681.677674418606,0
62691.67860465117,0
62701.67953488372,0
62711.68046511628,0
62721.681395348845,0
62731.682325581394,0
62741.68325581396,0
62751.68418604652,0
62761.68511627907,0
62771.68604651163,0
62781.68697674419,0
62791.687906976746,0
62801.68883720931,0
62811.689767441865,0
62821.69069767442,0
62831.691627906985,0
62841.69255813953,0
62851.6934883721,0
62861.69441860466,0
62871.69534883721,0
62881.69627906977,0
62891.69720930233,0
62901.698139534885,0
62911.69906976745,0
62921.700000000004,0
62931.70093023256,0
62941.701860465124,0
62951.70279069767,0
62961.703720930236,0
62971.7046511628,0
62981.70558139535,0
62991.70651162791,0
63001.707441860475,0
63011.708372093024,0
63021.70930232559,0
63031.71023255814,0
63041.7111627907,0
63051.71209302326,0
63061.71302325581,0
63071.713953488375,0
63081.71488372094,0
63091.71581395349,0
63101.71674418605,0
63111.717674418614,0
63121.71860465116,0
63131.71953488373,0
63141.72046511628,0
63151.72139534884,0
63161.7223255814,0
63171.72325581395,0
63181.724186046515,0
63191.72511627908,0
63201.72604651163,0
63211.72697674419,0
63221.727906976754,0
63231.7288372093,0
63241.729767441866,0
63251.73069767442,0
63261.73162790698,0
63271.73255813954,0
63281.7334883721,0
63291.734418604654,0
63301.73534883722,0
63311.736279069766,0
63321.73720930233,0
63331.73813953489,0
63341.73906976744,0
63351.740000000005,0
63361.74093023256,0
63371.74186046512,0
63381.74279069768,0
63391.74372093024,0
63401.74465116279,0
63411.74558139536,0
63421.746511627905,0
63431.74744186047,0
63441.74837209303,0
63451.74930232558,0
63461.750232558144,0
63471.75116279071,0
63481.75209302326,0
63491.75302325582,0
63501.753953488376,0
63511.75488372093,0
63521.755813953496,0
63531.756744186045,0
63541.75767441861,0
63551.75860465117,0
63561.75953488372,0
63571.760465116284,0
63581.76139534885,0
63591.762325581396,0
63601.76325581396,0
63611.764186046516,0
63621.76511627907,0
63631.766046511635,0
63641.766976744184,0
63651.76790697675,0
63661.76883720931,0
63671.76976744186,0
63681.77069767442,0
63691.77162790699,0
63701.772558139535,0
63711.7734883721,0
63721.774418604655,0
63731.77534883721,0
63741.776279069774,0
63751.77720930233,0
63761.77813953489,0
63771.77906976745,0
63781.78,1
63791.78093023256,0
63801.781860465126,0
63811.782790697674,0
63821.78372093024,0
63831.784651162794,0
63841.78558139535,0
63851.78651162791,0
63861.78744186047,0
63871.788372093026,0
63881.78930232559,0
63891.79023255814,0
63901.7911627907,0
63911.792093023265,0
63921.793023255814,0
63931.79395348838,0
63941.79488372093,0
63951.79581395349,0
63961.79674418605,0
63971.79767441861,0
63981.798604651165,0
63991.79953488373,0
64001.80046511628,0
64011.80139534884,0
64021.802325581404,0
64031.80325581395,0
64041.80418604652,0
64051.80511627908,0
64061.80604651163,0
64071.80697674419,0
64081.80790697675,0
64091.808837209304,0
64101.80976744187,0
64111.81069767442,0
64121.81162790698,0
64131.81255813954,0
64141.81348837209,0
64151.814418604656,0
64161.81534883722,0
64171.81627906977,0
64181.81720930233,0
64191.81813953489,0
64201.81906976744,0
64211.82000000001,0
64221.82093023256,0
64231.82186046512,0
64241.82279069768,0
64251.82372093023,0
64261.824651162795,0
64271.82558139536,0
64281.82651162791,0
64291.82744186047,0
64301.82837209303,0
64311.82930232558,0
64321.830232558146,0
64331.8311627907,0
64341.83209302326,0
64351.83302325582,0
64361.83395348837,0
64371.834883720934,0
64381.8358139535,0
64391.83674418605,0
64401.83767441861,0
64411.838604651166,0
64421.83953488372,0
64431.840465116285,0
64441.84139534884,0
64451.8423255814,0
64461.84325581396,0
64471.84418604651,0
64481.84511627907,0
64491.84604651164,0
64501.846976744186,0
64511.84790697675,0
64521.84883720931,0
64531.84976744186,0
64541.850697674425,0
64551.85162790698,0
64561.85255813954,0
64571.8534883721,0
64581.85441860465,0
64591.85534883721,0
64601.856279069776,0
64611.857209302325,0
64621.85813953489,0
64631.85906976745,0
64641.86,0
64651.860930232564,0
64661.86186046512,0
64671.862790697676,0
64681.86372093024,0
64691.86465116279,0
64701.86558139535,0
64711.866511627915,0
64721.867441860464,0
64731.86837209303,0
64741.86930232559,0
64751.87023255814,0
64761.8711627907,0
64771.87209302326,0
64781.873023255815,0
64791.87395348838,0
64801.874883720935,0
64811.87581395349,0
64821.876744186055,0
64831.8776744186,0
64841.87860465117,0
64851.87953488373,0
64861.88046511628,0
64871.88139534884,0
64881.8823255814,0
64891.883255813955,0
64901.88418604652,0
64911.885116279074,0
64921.88604651163,0
64931.886976744194,0
64941.88790697674,0
64951.888837209306,0
64961.88976744187,0
64971.89069767442,0
64981.89162790698,0
64991.892558139545,0
65001.893488372094,0
65011.89441860466,0
65021.89534883721,0
65031.89627906977,0
65041.89720930233,0
65051.89813953488,0
65061.899069767445,0
65071.90000000001,0
65081.90093023256,0
65091.90186046512,0
65101.902790697684,0
65111.90372093023,0
65121.9046511628,0
65131.90558139535,0
65141.90651162791,0
65151.90744186047,0
65161.90837209302,0
65171.909302325585,0
65181.91023255815,0
65191.9111627907,0
65201.91209302326,0
65211.913023255824,0
65221.91395348837,0
65231.914883720936,0
65241.91581395349,0
65251.91674418605,0
65261.91767441861,0
65271.91860465117,0
65281.919534883724,0
65291.92046511629,0
65301.921395348836,0
65311.9223255814,0
65321.92325581396,0
65331.92418604651,0
65341.925116279075,0
65351.92604651163,0
65361.92697674419,0
65371.92790697675,0
65381.92883720931,0
65391.92976744186,0
65401.93069767443,0
65411.931627906975,0
65421.93255813954,0
65431.9334883721,0
65441.93441860465,0
65451.935348837214,0
65461.93627906977,0
65471.93720930233,0
65481.93813953489,0
65491.939069767446,0
65501.94,0
65511.940930232566,0
65521.941860465115,0
65531.94279069768,0
65541.94372093024,0
65551.94465116279,0
65561.94558139535,0
65571.94651162792,0
65581.94744186047,0
65591.94837209303,0
65601.94930232558,0
65611.95023255814,0
65621.9511627907,0
65631.95209302325,0
65641.95302325582,0
65651.95395348838,0
65661.95488372093,0
65671.9558139535,0
65681.95674418606,0
65691.9576744186,0
65701.95860465117,0
65711.95953488373,0
65721.96046511628,0
65731.96139534884,0
65741.96232558141,0
65751.96325581396,0
65761.96418604652,0
65771.96511627907,0
65781.96604651163,0
65791.9669767442,0
65801.96790697674,0
65811.96883720931,0
65821.96976744186,0
65831.97069767442,0
65841.97162790698,0
65851.97255813953,0
65861.9734883721,0
65871.97441860466,0
65881.97534883721,0
65891.97627906977,0
65901.97720930233,0
65911.97813953488,0
65921.97906976745,0
65931.98000000001,0
65941.98093023256,0
65951.98186046512,0
65961.98279069769,0
65971.98372093023,0
65981.9846511628,0
65991.98558139535,0
66001.98651162791,0
66011.98744186047,0
66021.98837209302,0
66031.98930232559,0
66041.99023255815,0
66051.9911627907,0
66061.99209302326,0
66071.99302325581,0
66081.99395348837,0
66091.99488372094,0
66101.99581395349,0
66111.99674418605,0
66121.99767441861,0
66131.99860465116,0
66141.99953488373,1
