bin_center,count
2.5001732051615138,124570
7.500519615484541,62340
12.500866025807568,103844
17.501212436130597,143035
22.501558846453623,172486
27.501905256776652,191199
32.50225166709968,196212
37.502598077422704,197936
42.50294448774574,194102
47.503290898068755,189174
52.50363730839179,179965
57.50398371871482,171937
62.50433012903784,161978
67.50467653936087,152068
72.5050229496839,141865
77.50536936000692,132027
82.50571577032996,122335
87.50606218065298,112139
92.50640859097601,102845
97.50675500129904,92353
102.50710141162206,85183
107.50744782194509,77031
112.50779423226811,68828
117.50814064259114,62139
122.50848705291418,55646
127.50883346323721,50135
132.50917987356024,43603
137.50952628388325,39133
142.5098726942063,34965
147.5102191045293,29861
152.51056551485232,26702
157.51091192517538,23580
162.51125833549838,20825
167.51160474582144,17387
172.51195115614445,15341
177.51229756646745,13365
182.5126439767905,11532
187.51299038711352,9753
192.51333679743658,8364
197.51368320775958,7231
202.5140296180826,5931
207.51437602840565,5188
212.51472243872865,4364
217.51506884905172,3642
222.51541525937472,3242
227.51576166969775,2589
232.51610808002079,2191
237.5164544903438,1843
242.51680090066685,1533
247.51714731098986,1334
252.5174937213129,1076
257.5178401316359,925
262.5181865419589,742
267.518532952282,625
272.518879362605,516
277.51922577292805,436
282.51957218325106,389
287.51991859357406,284
292.5202650038971,255
297.5206114142201,189
302.5209578245432,187
307.5213042348662,167
312.5216506451892,132
317.52199705551226,117
322.52234346583526,92
327.5226898761583,98
332.52303628648133,77
337.52338269680433,70
342.5237291071274,37
347.5240755174504,53
352.52442192777346,37
357.52476833809646,32
362.52511474841947,47
367.52546115874253,46
372.52580756906553,34
377.5261539793886,43
382.5265003897116,28
387.5268468000346,30
392.52719321035767,33
397.52753962068067,29
402.52788603100373,32
407.52823244132674,27
412.52857885164974,24
417.5289252619728,20
422.52927167229586,29
427.52961808261887,24
432.5299644929419,23
437.5303109032649,35
442.53065731358794,19
447.531003723911,27
452.531350134234,23
457.531696544557,19
462.53204295488,36
467.5323893652031,28
472.53273577552613,27
477.53308218584914,24
482.53342859617214,15
487.53377500649515,31
492.5341214168182,32
497.53446782714127,25
502.5348142374643,18
507.5351606477873,16
512.5355070581103,21
517.5358534684333,14
522.5361998787564,18
527.5365462890794,26
532.5368926994024,22
537.5372391097255,20
542.5375855200484,22
547.5379319303715,27
552.5382783406945,16
557.5386247510176,21
562.5389711613407,19
567.5393175716636,25
572.5396639819867,16
577.5400103923097,22
582.5403568026327,21
587.5407032129558,19
592.5410496232787,21
597.5413960336018,29
602.5417424439248,22
607.5420888542478,22
612.5424352645709,19
617.5427816748938,11
622.543128085217,32
627.54347449554,13
632.543820905863,19
637.5441673161861,20
642.544513726509,14
647.5448601368321,14
652.5452065471551,19
657.5455529574781,17
662.5458993678012,16
667.5462457781241,24
672.5465921884472,19
677.5469385987702,12
682.5472850090932,14
687.5476314194163,24
692.5479778297392,17
697.5483242400624,20
702.5486706503854,13
707.5490170607084,22
712.5493634710315,25
717.5497098813544,20
722.5500562916775,18
727.5504027020005,17
732.5507491123235,22
737.5510955226466,20
742.5514419329695,18
747.5517883432926,17
752.5521347536156,16
757.5524811639386,21
762.5528275742618,14
767.5531739845846,20
772.5535203949078,18
777.5538668052308,18
782.5542132155538,18
787.5545596258769,17
792.5549060361998,11
797.5552524465229,17
802.5555988568459,21
807.5559452671689,17
812.556291677492,21
817.5566380878149,25
822.556984498138,23
827.5573309084612,15
832.557677318784,13
837.5580237291072,20
842.55837013943,27
847.5587165497532,6
852.5590629600763,18
857.5594093703992,14
862.5597557807223,14
867.5601021910452,15
872.5604486013683,15
877.5607950116914,13
882.5611414220143,14
887.5614878323374,10
892.5618342426603,13
897.5621806529834,27
902.5625270633066,11
907.5628734736295,7
912.5632198839526,16
917.5635662942755,12
922.5639127045986,17
927.5642591149217,18
932.5646055252446,11
937.5649519355677,14
942.5652983458906,10
947.5656447562137,18
952.5659911665368,14
957.5663375768597,15
962.5666839871828,9
967.5670303975057,12
972.5673768078289,20
977.567723218152,6
982.5680696284749,13
987.568416038798,22
992.5687624491209,15
997.569108859444,19
1002.5694552697671,12
1007.56980168009,14
1012.5701480904131,17
1017.570494500736,15
1022.5708409110591,11
1027.5711873213822,13
1032.5715337317051,15
1037.5718801420282,13
1042.5722265523514,12
1047.5725729626743,13
1052.5729193729971,10
1057.5732657833205,13
1062.5736121936434,14
1067.5739586039663,12
1072.5743050142894,14
1077.5746514246125,13
1082.5749978349354,8
1087.5753442452585,11
1092.5756906555816,13
1097.5760370659045,15
1102.5763834762274,13
1107.5767298865508,17
1112.5770762968737,6
1117.5774227071965,5
1122.5777691175197,10
1127.5781155278428,19
1132.5784619381657,15
1137.5788083484888,14
1142.579154758812,10
1147.5795011691348,22
1152.5798475794577,18
1157.580193989781,11
1162.580540400104,14
1167.5808868104268,13
1172.58123322075,20
1177.581579631073,15
1182.581926041396,13
1187.582272451719,15
1192.5826188620422,14
1197.582965272365,16
1202.583311682688,12
1207.5836580930113,15
1212.5840045033342,22
1217.584350913657,9
1222.5846973239802,22
1227.5850437343033,9
1232.5853901446262,12
1237.5857365549493,15
1242.5860829652725,16
1247.5864293755953,8
1252.5867757859182,9
1257.5871221962416,11
1262.5874686065645,18
1267.5878150168874,10
1272.5881614272105,18
1277.5885078375336,14
1282.5888542478565,9
1287.5892006581796,11
1292.5895470685027,12
1297.5898934788256,7
1302.5902398891485,11
1307.5905862994719,18
1312.5909327097947,12
1317.5912791201176,14
1322.5916255304408,12
1327.5919719407639,14
1332.5923183510868,11
1337.5926647614099,11
1342.593011171733,12
1347.593357582056,12
1352.5937039923788,8
1357.5940504027021,14
1362.594396813025,12
1367.594743223348,13
1372.595089633671,19
1377.5954360439941,14
1382.595782454317,9
1387.5961288646401,12
1392.5964752749633,5
1397.5968216852862,13
1402.597168095609,13
1407.5975145059324,10
1412.5978609162553,8
1417.5982073265782,8
1422.5985537369013,16
1427.5989001472244,11
1432.5992465575473,16
1437.5995929678704,9
1442.5999393781935,5
1447.6002857885164,9
1452.6006321988393,19
1457.6009786091627,7
1462.6013250194856,14
1467.6016714298084,15
1472.6020178401316,9
1477.6023642504547,17
1482.6027106607776,16
1487.6030570711007,11
1492.6034034814238,9
1497.6037498917467,12
1502.6040963020696,9
1507.604442712393,10
1512.6047891227158,10
1517.6051355330387,10
1522.6054819433618,7
1527.605828353685,12
1532.6061747640078,14
1537.606521174331,5
1542.606867584654,13
1547.607213994977,9
1552.6075604052999,12
1557.6079068156232,7
1562.608253225946,7
1567.608599636269,9
1572.608946046592,14
1577.6092924569152,15
1582.6096388672381,8
1587.6099852775612,11
1592.6103316878844,8
1597.6106780982072,7
1602.6110245085301,13
1607.6113709188535,7
1612.6117173291764,19
1617.6120637394993,14
1622.6124101498226,16
1627.6127565601455,8
1632.6131029704684,5
1637.6134493807915,10
1642.6137957911146,6
1647.6141422014375,16
1652.6144886117606,15
1657.6148350220838,9
1662.6151814324066,10
1667.6155278427295,12
1672.6158742530529,7
1677.6162206633758,8
1682.6165670736987,14
1687.6169134840218,5
1692.617259894345,8
1697.6176063046678,8
1702.617952714991,10
1707.618299125314,15
1712.618645535637,7
1717.6189919459598,10
1722.6193383562832,11
1727.619684766606,10
1732.620031176929,11
1737.620377587252,14
1742.6207239975752,12
1747.621070407898,11
1752.6214168182212,10
1757.6217632285443,10
1762.6221096388672,6
1767.62245604919,12
1772.6228024595134,7
1777.6231488698363,12
1782.6234952801592,12
1787.6238416904823,7
1792.6241881008054,7
1797.6245345111283,9
1802.6248809214514,11
1807.6252273317746,16
1812.6255737420975,6
1817.6259201524203,12
1822.6262665627437,14
1827.6266129730666,11
1832.6269593833895,13
1837.6273057937126,6
1842.6276522040357,18
1847.6279986143586,11
1852.6283450246817,8
1857.6286914350048,6
1862.6290378453277,14
1867.6293842556506,11
1872.629730665974,7
1877.6300770762969,6
1882.6304234866197,7
1887.6307698969429,12
1892.631116307266,14
1897.6314627175889,13
1902.631809127912,10
1907.632155538235,10
1912.632501948558,11
1917.632848358881,11
1922.6331947692042,8
1927.6335411795271,12
1932.63388758985,11
1937.6342340001731,12
1942.6345804104963,8
1947.6349268208191,13
1952.6352732311423,11
1957.6356196414654,12
1962.6359660517883,14
1967.6363124621112,12
1972.6366588724345,13
1977.6370052827574,9
1982.6373516930803,7
1987.6376981034034,11
1992.6380445137265,5
1997.6383909240494,14
2002.6387373343725,8
2007.6390837446957,12
2012.6394301550185,7
2017.6397765653414,10
2022.6401229756648,14
2027.6404693859877,10
2032.6408157963106,12
2037.6411622066337,18
2042.6415086169568,9
2047.6418550272797,15
2052.642201437603,10
2057.642547847926,9
2062.642894258249,11
2067.6432406685717,8
2072.643587078895,16
2077.643933489218,7
2082.644279899541,8
2087.644626309864,12
2092.644972720187,10
2097.64531913051,15
2102.645665540833,10
2107.646011951156,6
2112.646358361479,5
2117.6467047718024,7
2122.6470511821253,12
2127.647397592448,9
2132.647744002771,12
2137.648090413094,11
2142.6484368234173,13
2147.6487832337402,12
2152.6491296440636,6
2157.6494760543865,14
2162.6498224647094,8
2167.6501688750323,12
2172.6505152853556,5
2177.6508616956785,7
2182.6512081060014,19
2187.6515545163247,18
2192.6519009266476,10
2197.6522473369705,12
2202.6525937472934,12
2207.6529401576167,9
2212.6532865679396,8
2217.653632978263,7
2222.653979388586,4
2227.6543257989088,12
2232.6546722092316,8
2237.6550186195545,6
2242.655365029878,12
2247.655711440201,10
2252.656057850524,10
2257.656404260847,11
2262.65675067117,8
2267.657097081493,12
2272.657443491816,10
2277.657789902139,13
2282.658136312462,7
2287.6584827227853,2
2292.658829133108,11
2297.659175543431,19
2302.659521953754,6
2307.6598683640773,19
2312.6602147744,7
2317.6605611847235,10
2322.6609075950464,8
2327.6612540053693,8
2332.661600415692,8
2337.661946826015,5
2342.6622932363384,8
2347.6626396466613,9
2352.6629860569847,5
2357.6633324673076,6
2362.6636788776304,12
2367.6640252879533,19
2372.6643716982767,6
2377.6647181085996,13
2382.6650645189225,12
2387.665410929246,14
2392.6657573395687,10
2397.6661037498916,11
2402.6664501602145,7
2407.666796570538,8
2412.6671429808607,10
2417.667489391184,13
2422.667835801507,10
2427.66818221183,9
2432.6685286221527,16
2437.6688750324756,8
2442.669221442799,7
2447.669567853122,11
2452.669914263445,11
2457.670260673768,14
2462.670607084091,4
2467.670953494414,6
2472.671299904737,9
2477.67164631506,13
2482.671992725383,10
2487.6723391357064,9
2492.6726855460292,12
2497.673031956352,6
2502.673378366675,10
2507.6737247769984,6
2512.6740711873213,14
2517.6744175976446,8
2522.6747640079675,8
2527.6751104182904,6
2532.6754568286133,11
2537.675803238936,11
2542.6761496492595,12
2547.6764960595824,14
2552.6768424699058,6
2557.6771888802286,14
2562.6775352905515,11
2567.6778817008744,12
2572.6782281111978,11
2577.6785745215207,13
2582.678920931844,11
2587.679267342167,14
2592.67961375249,5
2597.6799601628127,12
2602.6803065731356,10
2607.680652983459,9
2612.680999393782,8
2617.681345804105,10
2622.681692214428,7
2627.682038624751,11
2632.682385035074,13
2637.682731445397,13
2642.68307785572,4
2647.683424266043,9
2652.6837706763663,14
2657.684117086689,9
2662.684463497012,18
2667.684809907335,7
2672.6851563176583,5
2677.685502727981,12
2682.6858491383045,7
2687.6861955486274,10
2692.6865419589503,11
2697.686888369273,8
2702.687234779596,10
2707.6875811899195,8
2712.6879276002423,12
2717.6882740105657,9
2722.6886204208886,10
2727.6889668312115,9
2732.6893132415344,6
2737.6896596518577,8
2742.6900060621806,6
2747.6903524725035,10
2752.690698882827,13
2757.6910452931497,11
2762.6913917034726,5
2767.6917381137955,8
2772.692084524119,8
2777.6924309344417,12
2782.692777344765,6
2787.693123755088,18
2792.693470165411,10
2797.6938165757338,13
2802.6941629860567,8
2807.69450939638,7
2812.694855806703,4
2817.6952022170262,12
2822.695548627349,8
2827.695895037672,7
2832.696241447995,5
2837.6965878583183,10
2842.696934268641,10
2847.697280678964,5
2852.6976270892874,5
2857.6979734996103,8
2862.698319909933,11
2867.698666320256,6
2872.6990127305794,12
2877.6993591409023,10
2882.6997055512256,7
2887.7000519615485,4
2892.7003983718714,15
2897.7007447821943,11
2902.701091192517,6
2907.7014376028405,3
2912.7017840131634,12
2917.702130423487,12
2922.7024768338097,12
2927.7028232441326,7
2932.7031696544555,7
2937.703516064779,10
2942.7038624751017,9
2947.7042088854246,6
2952.704555295748,13
2957.704901706071,7
2962.7052481163937,7
2967.7055945267166,12
2972.70594093704,8
2977.706287347363,8
2982.706633757686,6
2987.706980168009,9
2992.707326578332,13
2997.707672988655,6
3002.7080193989777,5
3007.708365809301,7
3012.708712219624,9
3017.7090586299473,11
3022.70940504027,7
3027.709751450593,4
3032.710097860916,7
3037.7104442712393,8
3042.7107906815622,9
3047.711137091885,11
3052.7114835022085,5
3057.7118299125314,12
3062.7121763228542,14
3067.712522733177,9
3072.7128691435005,5
3077.7132155538234,15
3082.7135619641467,14
3087.7139083744696,5
3092.7142547847925,11
3097.7146011951154,14
3102.7149476054383,7
3107.7152940157616,11
3112.7156404260845,6
3117.715986836408,11
3122.7163332467308,8
3127.7166796570536,5
3132.7170260673765,4
3137.7173724777,10
3142.717718888023,6
3147.7180652983457,11
3152.718411708669,10
3157.718758118992,16
3162.719104529315,11
3167.7194509396377,10
3172.719797349961,12
3177.720143760284,13
3182.7204901706073,10
3187.72083658093,4
3192.721182991253,6
3197.721529401576,7
3202.721875811899,11
3207.722222222222,8
3212.722568632545,5
3217.7229150428684,9
3222.7232614531913,7
3227.723607863514,10
3232.723954273837,9
3237.7243006841604,8
3242.7246470944833,9
3247.7249935048067,9
3252.7253399151296,11
3257.7256863254524,4
3262.7260327357753,11
3267.726379146098,5
3272.7267255564216,14
3277.7270719667445,10
3282.727418377068,8
3287.7277647873907,10
3292.7281111977136,7
3297.7284576080365,13
3302.72880401836,11
3307.7291504286827,8
3312.7294968390056,10
3317.729843249329,4
3322.730189659652,11
3327.7305360699747,13
3332.7308824802976,9
3337.731228890621,10
3342.731575300944,12
3347.731921711267,11
3352.73226812159,7
3357.732614531913,7
3362.732960942236,7
3367.7333073525588,6
3372.733653762882,7
3377.734000173205,11
3382.7343465835283,7
3387.7346929938512,12
3392.735039404174,7
3397.735385814497,3
3402.7357322248204,8
3407.7360786351433,7
3412.736425045466,8
3417.7367714557895,8
3422.7371178661124,11
3427.7374642764353,3
3432.737810686758,7
3437.7381570970815,15
3442.7385035074044,11
3447.7388499177277,7
3452.7391963280506,13
3457.7395427383735,10
3462.7398891486964,7
3467.7402355590193,10
3472.7405819693427,6
3477.7409283796655,11
3482.741274789989,8
3487.741621200312,7
3492.7419676106347,9
3497.7423140209576,8
3502.742660431281,8
3507.743006841604,16
3512.7433532519267,6
3517.74369966225,7
3522.744046072573,8
3527.744392482896,5
3532.7447388932187,13
3537.745085303542,6
3542.745431713865,13
3547.7457781241883,8
3552.746124534511,8
3557.746470944834,15
3562.746817355157,14
3567.74716376548,10
3572.747510175803,12
3577.747856586126,5
3582.7482029964494,8
3587.7485494067723,8
3592.748895817095,10
3597.749242227418,8
3602.7495886377415,8
3607.7499350480643,11
3612.7502814583872,7
3617.7506278687106,11
3622.7509742790335,9
3627.7513206893564,7
3632.7516670996793,16
3637.7520135100026,7
3642.7523599203255,10
3647.752706330649,10
3652.7530527409717,7
3657.7533991512946,6
3662.7537455616175,17
3667.7540919719404,7
3672.7544383822637,7
3677.7547847925866,12
3682.75513120291,10
3687.755477613233,5
3692.7558240235558,11
3697.7561704338787,6
3702.756516844202,6
3707.756863254525,7
3712.757209664848,10
3717.757556075171,6
3722.757902485494,13
3727.758248895817,10
3732.75859530614,8
3737.758941716463,15
3742.759288126786,7
3747.7596345371094,7
3752.7599809474323,16
3757.760327357755,12
3762.760673768078,13
3767.761020178401,14
3772.7613665887243,7
3777.761712999047,6
3782.7620594093705,5
3787.7624058196934,9
3792.7627522300163,10
3797.763098640339,3
3802.7634450506625,8
3807.7637914609854,16
3812.7641378713083,12
3817.7644842816317,6
3822.7648306919546,4
3827.7651771022774,5
3832.7655235126003,10
3837.7658699229237,11
3842.7662163332466,15
3847.76656274357,6
3852.766909153893,11
3857.7672555642157,9
3862.7676019745386,5
3867.767948384862,5
3872.768294795185,9
3877.7686412055077,10
3882.768987615831,6
3887.769334026154,10
3892.769680436477,5
3897.7700268467997,8
3902.770373257123,12
3907.770719667446,9
3912.7710660777693,9
3917.771412488092,9
3922.771758898415,14
3927.772105308738,11
3932.772451719061,12
3937.7727981293842,12
3942.773144539707,10
3947.7734909500305,11
3952.7738373603534,8
3957.7741837706762,11
3962.774530180999,16
3967.7748765913225,9
3972.7752230016454,6
3977.7755694119683,8
3982.7759158222916,9
3987.7762622326145,10
3992.7766086429374,11
3997.7769550532603,8
4002.7773014635836,10
4007.7776478739065,4
4012.77799428423,6
4017.7783406945528,7
4022.7786871048756,6
4027.7790335151985,11
4032.7793799255214,6
4037.7797263358448,12
4042.7800727461677,7
4047.780419156491,8
4052.780765566814,5
4057.781111977137,11
4062.7814583874597,10
4067.781804797783,13
4072.782151208106,12
4077.782497618429,7
4082.782844028752,14
4087.783190439075,7
4092.783536849398,12
4097.783883259721,7
4102.784229670044,11
4107.784576080367,6
4112.78492249069,3
4117.785268901013,10
4122.785615311336,10
4127.785961721659,16
4132.786308131982,24
4137.786654542306,9
4142.787000952629,13
4147.787347362952,16
4152.787693773274,10
4157.788040183597,7
4162.78838659392,14
4167.788733004243,8
4172.789079414566,12
4177.78942582489,13
4182.789772235213,10
4187.790118645536,17
4192.7904650558585,7
4197.790811466181,7
4202.791157876504,12
4207.791504286828,9
4212.791850697151,13
4217.792197107474,7
4222.792543517797,15
4227.79288992812,9
4232.7932363384425,5
4237.793582748765,6
4242.793929159089,4
4247.794275569412,9
4252.794621979735,12
4257.794968390058,10
4262.795314800381,6
4267.795661210704,9
4272.7960076210275,15
4277.79635403135,13
4282.796700441673,8
4287.797046851996,11
4292.797393262319,15
4297.797739672642,17
4302.798086082965,11
4307.798432493288,7
4312.7987789036115,9
4317.799125313934,12
4322.799471724257,12
4327.79981813458,17
4332.800164544903,11
4337.800510955227,8
4342.80085736555,20
4347.801203775873,12
4352.8015501861955,15
4357.801896596518,14
4362.802243006841,10
4367.802589417164,11
4372.802935827487,14
4377.803282237811,15
4382.803628648134,11
4387.803975058457,16
4392.80432146878,19
4397.804667879102,15
4402.805014289425,13
4407.805360699749,12
4412.805707110072,11
4417.806053520395,18
4422.806399930718,13
4427.806746341041,8
4432.807092751364,9
4437.8074391616865,7
4442.80778557201,12
4447.808131982333,15
4452.808478392656,5
4457.808824802979,4
4462.809171213302,11
4467.809517623625,12
4472.8098640339485,9
4477.810210444271,10
4482.810556854594,11
4487.810903264917,11
4492.81124967524,12
4497.811596085563,13
4502.811942495886,9
4507.81228890621,9
4512.812635316533,7
4517.8129817268555,13
4522.813328137178,11
4527.813674547501,16
4532.814020957824,7
4537.814367368148,11
4542.814713778471,6
4547.815060188794,11
4552.815406599117,13
4557.8157530094395,10
4562.816099419762,15
4567.816445830085,13
4572.816792240408,11
4577.817138650732,14
4582.817485061055,14
4587.817831471378,10
4592.818177881701,13
4597.8185242920235,14
4602.818870702347,20
4607.81921711267,6
4612.819563522993,7
4617.819909933316,8
4622.820256343639,13
4627.820602753962,14
4632.820949164285,8
4637.821295574608,9
4642.821641984931,20
4647.821988395254,12
4652.822334805577,8
4657.8226812159,8
4662.823027626223,10
4667.823374036546,9
4672.82372044687,17
4677.8240668571925,9
4682.824413267515,11
4687.824759677838,14
4692.825106088161,14
4697.825452498484,13
4702.825798908807,7
4707.826145319131,15
4712.826491729454,10
4717.826838139777,11
4722.827184550099,15
4727.827530960422,5
4732.827877370745,14
4737.828223781069,13
4742.828570191392,8
4747.828916601715,11
4752.829263012038,10
4757.829609422361,16
4762.8299558326835,7
4767.830302243006,11
4772.830648653329,15
4777.830995063653,17
4782.831341473976,16
4787.831687884299,13
4792.832034294622,11
4797.832380704945,15
4802.832727115268,14
4807.833073525591,10
4812.833419935914,10
4817.833766346237,13
4822.83411275656,8
4827.834459166883,10
4832.834805577206,8
4837.835151987529,12
4842.8354983978525,10
4847.835844808175,10
4852.836191218498,11
4857.836537628821,9
4862.836884039144,16
4867.837230449467,10
4872.837576859791,17
4877.837923270114,14
4882.8382696804365,11
4887.838616090759,10
4892.838962501082,12
4897.839308911405,17
4902.839655321728,11
4907.840001732052,11
4912.840348142375,11
4917.840694552698,9
4922.8410409630205,8
4927.841387373343,13
4932.841733783666,9
4937.84208019399,14
4942.842426604313,5
4947.842773014636,16
4952.843119424959,11
4957.843465835282,11
4962.843812245605,16
4967.8441586559275,15
4972.84450506625,1
4977.844851476574,16
4982.845197886897,11
4987.84554429722,20
4992.845890707543,8
4997.846237117866,9
5002.8465835281895,9
5007.846929938512,9
5012.847276348835,17
5017.847622759158,18
5022.847969169481,9
5027.848315579804,12
5032.848661990127,10
5037.84900840045,11
5042.849354810774,15
5047.849701221096,7
5052.850047631419,13
5057.850394041742,12
5062.850740452065,11
5067.851086862388,9
5072.851433272712,10
5077.851779683035,8
5082.852126093358,13
5087.8524725036805,12
5092.852818914003,14
5097.853165324326,9
5102.853511734649,15
5107.853858144973,7
5112.854204555296,9
5117.854550965619,14
5122.854897375942,11
5127.8552437862645,17
5132.855590196587,13
5137.855936606911,13
5142.856283017234,5
5147.856629427557,9
5152.85697583788,17
5157.857322248203,9
5162.857668658526,9
5167.8580150688485,13
5172.858361479172,9
5177.858707889495,10
5182.859054299818,7
5187.859400710141,16
5192.859747120464,13
5197.860093530787,7
5202.860439941111,10
5207.8607863514335,12
5212.861132761756,12
5217.861479172079,12
5222.861825582402,14
5227.862171992725,10
5232.862518403048,14
5237.862864813371,13
5242.863211223695,9
5247.8635576340175,11
5252.86390404434,10
5257.864250454663,7
5262.864596864986,15
5267.86494327531,16
5272.865289685633,10
5277.865636095956,10
5282.865982506279,18
5287.866328916602,8
5292.866675326924,7
5297.867021737247,6
5302.86736814757,11
5307.867714557894,17
5312.868060968217,8
5317.86840737854,14
5322.868753788863,12
5327.869100199186,11
5332.8694466095085,10
5337.869793019832,13
5342.870139430155,9
5347.870485840478,7
5352.870832250801,10
5357.871178661124,10
5362.871525071447,5
5367.87187148177,14
5372.872217892093,5
5377.872564302416,10
5382.872910712739,14
5387.873257123062,12
5392.873603533385,14
5397.873949943708,12
5402.874296354032,11
5407.874642764355,5
5412.8749891746775,7
5417.875335585,9
5422.875681995323,13
5427.876028405646,9
5432.876374815969,10
5437.876721226292,11
5442.877067636616,12
5447.877414046939,17
5452.8777604572615,8
5457.878106867584,19
5462.878453277907,11
5467.878799688231,9
5472.879146098554,12
5477.879492508877,6
5482.8798389192,16
5487.880185329523,11
5492.8805317398455,10
5497.880878150168,4
5502.881224560491,7
5507.881570970815,8
5512.881917381138,7
5517.882263791461,7
5522.882610201784,11
5527.882956612107,13
5532.88330302243,11
5537.883649432753,10
5542.883995843076,3
5547.884342253399,7
5552.884688663722,10
5557.885035074045,10
5562.885381484368,11
5567.885727894691,4
5572.8860743050145,10
5577.886420715337,9
5582.88676712566,17
5587.887113535983,10
5592.887459946306,10
5597.887806356629,7
5602.888152766953,7
5607.888499177276,15
5612.888845587599,7
5617.889191997921,19
5622.889538408244,9
5627.889884818567,13
5632.89023122889,12
5637.890577639213,6
5642.890924049537,5
5647.89127045986,14
5652.891616870183,8
5657.8919632805055,11
5662.892309690828,14
5667.892656101152,12
5672.893002511475,14
5677.893348921798,10
5682.893695332121,7
5687.894041742444,10
5692.894388152767,9
5697.8947345630895,9
5702.895080973412,15
5707.895427383736,20
5712.895773794059,15
5717.896120204382,6
5722.896466614705,9
5727.896813025028,5
5732.897159435351,9
5737.8975058456745,13
5742.897852255997,8
5747.89819866632,6
5752.898545076643,12
5757.898891486966,11
5762.899237897289,8
5767.899584307612,12
5772.899930717936,14
5777.9002771282585,6
5782.900623538581,9
5787.900969948904,12
5792.901316359227,14
5797.90166276955,19
5802.902009179874,6
5807.902355590197,14
5812.90270200052,6
5817.9030484108425,8
5822.903394821165,17
5827.903741231488,9
5832.904087641811,7
5837.904434052135,11
5842.904780462458,8
5847.905126872781,13
5852.905473283104,7
5857.905819693427,12
5862.9061661037495,8
5867.906512514073,13
5872.906858924396,14
5877.907205334719,13
5882.907551745042,11
5887.907898155365,12
5892.908244565688,11
5897.908590976011,9
5902.9089373863335,11
5907.909283796657,8
5912.90963020698,5
5917.909976617303,6
5922.910323027626,10
5927.910669437949,12
5932.911015848273,13
5937.911362258596,16
5942.911708668918,16
5947.912055079241,18
5952.912401489564,16
5957.912747899887,9
5962.91309431021,11
5967.913440720533,13
5972.913787130857,13
5977.91413354118,8
5982.9144799515025,13
5987.914826361825,12
5992.915172772148,4
5997.915519182471,6
6002.915865592795,10
6007.916212003118,16
6012.916558413441,8
6017.916904823764,9
6022.9172512340865,12
6027.917597644409,9
6032.917944054732,6
6037.918290465056,11
6042.918636875379,9
6047.918983285702,8
6052.919329696025,18
6057.919676106348,4
6062.9200225166705,14
6067.920368926994,8
6072.920715337317,16
6077.92106174764,12
6082.921408157963,6
6087.921754568286,15
6092.922100978609,9
6097.922447388932,11
6102.922793799255,12
6107.923140209578,15
6112.923486619901,9
6117.923833030224,17
6122.924179440547,19
6127.92452585087,7
6132.924872261194,10
6137.925218671517,11
6142.9255650818395,12
6147.925911492162,18
6152.926257902485,3
6157.926604312808,9
6162.926950723131,8
6167.927297133454,19
6172.927643543778,3
6177.927989954101,17
6182.928336364424,12
6187.928682774746,13
6192.929029185069,14
6197.929375595392,10
6202.929722005716,10
6207.930068416039,13
6212.930414826362,11
6217.930761236685,6
6222.931107647008,11
6227.9314540573305,9
6232.931800467653,13
6237.932146877977,10
6242.9324932883,11
6247.932839698623,13
6252.933186108946,8
6257.933532519269,10
6262.933878929592,7
6267.934225339915,11
6272.934571750238,7
6277.934918160561,17
6282.935264570884,6
6287.935610981207,9
6292.93595739153,10
6297.936303801853,10
6302.936650212176,10
6307.9369966224995,12
6312.937343032822,14
6317.937689443145,9
6322.938035853468,5
6327.938382263791,8
6332.938728674115,8
6337.939075084438,8
6342.939421494761,18
6347.9397679050835,12
6352.940114315406,9
6357.940460725729,14
6362.940807136052,13
6367.941153546375,10
6372.941499956699,11
6377.941846367022,14
6382.942192777345,13
6387.9425391876675,17
6392.94288559799,15
6397.943232008313,12
6402.943578418637,12
6407.94392482896,11
6412.944271239283,12
6417.944617649606,12
6422.944964059929,13
6427.945310470252,13
6432.9456568805745,14
6437.946003290898,12
6442.946349701221,20
6447.946696111544,17
6452.947042521867,12
6457.94738893219,10
6462.947735342513,12
6467.9480817528365,14
6472.948428163159,11
6477.948774573482,10
6482.949120983805,16
6487.949467394128,16
6492.949813804451,15
6497.950160214774,11
6502.950506625098,11
6507.950853035421,15
6512.951199445743,14
6517.951545856066,17
6522.951892266389,21
6527.952238676712,16
6532.952585087036,14
6537.952931497359,10
6542.953277907682,17
6547.953624318005,12
6552.9539707283275,8
6557.95431713865,13
6562.954663548973,17
6567.955009959296,13
6572.95535636962,11
6577.955702779943,9
6582.956049190266,12
6587.956395600589,12
6592.9567420109115,8
6597.957088421235,14
6602.957434831558,18
6607.957781241881,11
6612.958127652204,17
6617.958474062527,11
6622.95882047285,16
6627.959166883173,13
6632.959513293496,11
6637.959859703819,16
6642.960206114142,13
6647.960552524465,12
6652.960898934788,16
6657.961245345111,13
6662.961591755434,17
6667.961938165758,10
6672.9622845760805,13
6677.962630986403,15
6682.962977396726,25
6687.963323807049,13
6692.963670217372,21
6697.964016627695,8
6702.964363038019,17
6707.964709448342,22
6712.9650558586645,10
6717.965402268987,13
6722.96574867931,15
6727.966095089633,12
6732.966441499957,12
6737.96678791028,21
6742.967134320603,18
6747.967480730926,12
6752.967827141249,14
6757.968173551571,13
6762.968519961894,15
6767.968866372217,17
6772.969212782541,13
6777.969559192864,18
6782.969905603187,10
6787.97025201351,8
6792.970598423833,14
6797.970944834156,19
6802.971291244479,17
6807.971637654802,13
6812.971984065125,15
6817.972330475448,13
6822.972676885771,20
6827.973023296094,13
6832.973369706417,14
6837.97371611674,17
6842.974062527063,20
6847.974408937386,13
6852.974755347709,8
6857.975101758032,20
6862.975448168355,9
6867.975794578679,19
6872.976140989002,14
6877.9764873993245,9
6882.976833809647,25
6887.97718021997,18
6892.977526630293,11
6897.977873040616,18
6902.97821945094,17
6907.978565861263,12
6912.978912271586,9
6917.9792586819085,10
6922.979605092231,22
6927.979951502554,21
6932.980297912878,18
6937.980644323201,18
6942.980990733524,14
6947.981337143847,10
6952.98168355417,17
6957.9820299644925,13
6962.982376374815,16
6967.982722785138,12
6972.983069195462,14
6977.983415605785,21
6982.983762016108,17
6987.984108426431,15
6992.984454836754,19
6997.9848012470775,16
7002.9851476574,22
7007.985494067723,18
7012.985840478046,20
7017.986186888369,17
7022.986533298692,21
7027.986879709015,13
7032.987226119338,17
7037.9875725296615,14
7042.987918939984,24
7047.988265350307,19
7052.98861176063,16
7057.988958170953,14
7062.989304581277,21
7067.9896509916,25
7072.989997401923,18
7077.990343812246,17
7082.990690222568,21
7087.991036632891,15
7092.991383043214,19
7097.991729453537,15
7102.992075863861,21
7107.992422274184,17
7112.992768684507,24
7117.99311509483,22
7122.9934615051525,21
7127.993807915475,22
7132.994154325799,18
7137.994500736122,24
7142.994847146445,25
7147.995193556768,13
7152.995539967091,19
7157.995886377414,19
7162.9962327877365,17
7167.99657919806,19
7172.996925608383,22
7177.997272018706,9
7182.997618429029,8
7187.997964839352,12
7192.998311249675,25
7197.998657659999,22
7202.9990040703215,12
7207.999350480644,30
7212.999696890967,23
7218.00004330129,19
7223.000389711613,16
7228.000736121936,23
7233.001082532259,20
7238.001428942583,15
7243.0017753529055,14
7248.002121763228,22
7253.002468173551,15
7258.002814583874,23
7263.003160994198,12
7268.003507404521,17
7273.003853814844,22
7278.004200225167,24
7283.0045466354895,21
7288.004893045812,26
7293.005239456135,26
7298.005585866458,22
7303.005932276782,29
7308.006278687105,18
7313.006625097428,24
7318.006971507751,28
7323.007317918074,20
7328.0076643283965,24
7333.00801073872,22
7338.008357149043,28
7343.008703559366,14
7348.009049969689,19
7353.009396380012,25
7358.009742790335,12
7363.010089200658,22
7368.010435610981,16
7373.010782021304,23
7378.011128431627,31
7383.01147484195,22
7388.011821252273,16
7393.012167662596,23
7398.01251407292,24
7403.012860483243,19
7408.013206893565,19
7413.013553303888,23
7418.013899714211,21
7423.014246124534,22
7428.014592534857,24
7433.01493894518,18
7438.015285355504,22
7443.015631765827,29
7448.0159781761495,19
7453.016324586472,22
7458.016670996795,31
7463.017017407119,28
7468.017363817442,14
7473.017710227765,20
7478.018056638088,29
7483.018403048411,14
7488.0187494587335,21
7493.019095869056,26
7498.019442279379,27
7503.019788689703,18
7508.020135100026,25
7513.020481510349,25
7518.020827920672,13
7523.021174330995,25
7528.0215207413175,26
7533.021867151641,32
7538.022213561964,22
7543.022559972287,30
7548.02290638261,25
7553.023252792933,20
7558.023599203256,30
7563.023945613579,29
7568.0242920239025,27
7573.024638434225,23
7578.024984844548,23
7583.025331254871,22
7588.025677665194,31
7593.026024075517,22
7598.026370485841,30
7603.026716896164,27
7608.0270633064865,24
7613.027409716809,22
7618.027756127132,32
7623.028102537455,27
7628.028448947778,32
7633.028795358101,30
7638.029141768425,32
7643.029488178748,25
7648.029834589071,28
7653.030180999393,23
7658.030527409716,26
7663.03087382004,28
7668.031220230363,24
7673.031566640686,31
7678.031913051009,27
7683.032259461332,32
7688.032605871655,21
7693.0329522819775,26
7698.0332986923,35
7703.033645102624,22
7708.033991512947,34
7713.03433792327,23
7718.034684333593,18
7723.035030743916,22
7728.0353771542395,25
7733.035723564562,24
7738.036069974885,25
7743.036416385208,22
7748.036762795531,32
7753.037109205854,26
7758.037455616177,15
7763.0378020265,26
7768.038148436824,23
7773.0384948471465,29
7778.038841257469,38
7783.039187667792,26
7788.039534078115,29
7793.039880488438,31
7798.040226898762,38
7803.040573309085,23
7808.040919719408,26
7813.0412661297305,22
7818.041612540053,36
7823.041958950376,35
7828.042305360699,23
7833.042651771023,31
7838.042998181346,30
7843.043344591669,32
7848.043691001992,29
7853.0440374123145,33
7858.044383822637,25
7863.044730232961,24
7868.045076643284,29
7873.045423053607,32
7878.04576946393,33
7883.046115874253,33
7888.046462284576,33
7893.046808694899,28
7898.0471551052215,27
7903.047501515545,33
7908.047847925868,28
7913.048194336191,31
7918.048540746514,37
7923.048887156837,43
7928.049233567161,18
7933.0495799774835,34
7938.049926387806,35
7943.050272798129,29
7948.050619208452,22
7953.050965618775,35
7958.051312029098,29
7963.051658439421,30
7968.052004849745,35
7973.052351260068,36
7978.05269767039,33
7983.053044080713,33
7988.053390491036,34
7993.053736901359,42
7998.054083311683,37
8003.054429722006,37
8008.054776132329,30
8013.055122542652,30
8018.0554689529745,33
8023.055815363297,38
8028.05616177362,30
8033.056508183944,36
8038.056854594267,41
8043.05720100459,33
8048.057547414913,31
8053.057893825236,34
8058.0582402355585,31
8063.058586645882,36
8068.058933056205,35
8073.059279466528,35
8078.059625876851,33
8083.059972287174,43
8088.060318697497,34
8093.06066510782,38
8098.061011518143,48
8103.061357928466,41
8108.061704338789,29
8113.062050749112,40
8118.062397159435,36
8123.062743569758,43
8128.063089980082,35
8133.063436390405,35
8138.0637828007275,36
8143.06412921105,36
8148.064475621373,36
8153.064822031696,38
8158.065168442019,43
8163.065514852342,31
8168.065861262666,32
8173.066207672989,37
8178.0665540833115,34
8183.066900493634,46
8188.067246903957,30
8193.067593314281,37
8198.067939724602,31
8203.068286134927,41
8208.068632545248,40
8213.068978955573,38
8218.069325365897,38
8223.069671776218,42
8228.070018186543,35
8233.070364596864,49
8238.070711007189,53
8243.07105741751,38
8248.071403827835,38
8253.071750238156,43
8258.07209664848,43
8263.072443058802,39
8268.072789469126,44
8273.073135879447,49
8278.073482289772,42
8283.073828700097,43
8288.074175110418,45
8293.074521520743,28
8298.074867931064,34
8303.075214341388,53
8308.07556075171,34
8313.075907162034,35
8318.076253572355,49
8323.07659998268,33
8328.076946393001,39
8333.077292803326,31
8338.077639213647,51
8343.077985623971,41
8348.078332034296,40
8353.078678444617,32
8358.079024854942,51
8363.079371265263,43
8368.079717675588,50
8373.080064085909,37
8378.080410496234,48
8383.080756906555,52
8388.08110331688,40
8393.0814497272,43
8398.081796137525,34
8403.082142547846,37
8408.08248895817,38
8413.082835368494,45
8418.083181778817,53
8423.083528189141,43
8428.083874599462,36
8433.084221009787,38
8438.084567420108,59
8443.084913830433,39
8448.085260240754,53
8453.085606651079,44
8458.0859530614,52
8463.086299471724,45
8468.086645882046,45
8473.08699229237,37
8478.087338702693,53
8483.087685113016,39
8488.08803152334,43
8493.088377933662,41
8498.088724343987,46
8503.089070754308,45
8508.089417164632,40
8513.089763574953,50
8518.090109985278,44
8523.0904563956,49
8528.090802805924,43
8533.091149216245,39
8538.09149562657,41
8543.091842036893,34
8548.092188447215,33
8553.09253485754,43
8558.092881267861,43
8563.093227678186,51
8568.093574088507,38
8573.093920498832,60
8578.094266909153,43
8583.094613319478,37
8588.094959729799,50
8593.095306140123,58
8598.095652550444,50
8603.095998960769,44
8608.09634537109,49
8613.096691781415,52
8618.09703819174,70
8623.09738460206,44
8628.097731012385,43
8633.098077422706,43
8638.098423833031,55
8643.098770243352,35
8648.099116653677,49
8653.099463063998,47
8658.099809474323,36
8663.100155884644,39
8668.100502294968,45
8673.10084870529,49
8678.101195115614,49
8683.101541525939,40
8688.10188793626,33
8693.102234346585,40
8698.102580756906,42
8703.10292716723,46
8708.103273577552,38
8713.103619987876,34
8718.103966398197,41
8723.104312808522,56
8728.104659218843,44
8733.105005629168,40
8738.105352039489,39
8743.105698449814,55
8748.106044860138,46
8753.10639127046,63
8758.106737680784,50
8763.107084091105,55
8768.10743050143,57
8773.107776911751,61
8778.108123322076,50
8783.108469732397,36
8788.108816142721,43
8793.109162553043,52
8798.109508963367,51
8803.109855373688,52
8808.110201784013,61
8813.110548194336,42
8818.110894604659,49
8823.111241014984,56
8828.111587425305,51
8833.11193383563,51
8838.11228024595,47
8843.112626656275,54
8848.112973066596,49
8853.11331947692,48
8858.113665887242,54
8863.114012297567,47
8868.114358707888,49
8873.114705118212,42
8878.115051528535,37
8883.115397938858,32
8888.115744349183,36
8893.116090759504,38
8898.116437169829,55
8903.11678358015,54
8908.117129990474,47
8913.117476400796,48
8918.11782281112,52
8923.118169221441,46
8928.118515631766,54
8933.118862042087,49
8938.119208452412,36
8943.119554862735,46
8948.119901273058,42
8953.120247683382,48
8958.120594093703,37
8963.120940504028,47
8968.12128691435,41
8973.121633324674,40
8978.121979734995,56
8983.12232614532,53
8988.12267255564,47
8993.123018965965,51
8998.123365376287,50
9003.123711786611,53
9008.124058196934,52
9013.124404607257,46
9018.124751017582,52
9023.125097427903,46
9028.125443838228,46
9033.125790248549,49
9038.126136658873,43
9043.126483069194,44
9048.126829479519,48
9053.12717588984,49
9058.127522300165,64
9063.127868710486,51
9068.12821512081,57
9073.128561531132,38
9078.128907941456,50
9083.129254351781,44
9088.129600762102,49
9093.129947172427,57
9098.130293582748,57
9103.130639993073,66
9108.130986403394,60
9113.131332813718,60
9118.13167922404,54
9123.132025634364,56
9128.132372044685,45
9133.13271845501,47
9138.133064865331,46
9143.133411275656,57
9148.13375768598,48
9153.134104096302,48
9158.134450506626,43
9163.134796916947,52
9168.135143327272,46
9173.135489737593,53
9178.135836147918,45
9183.136182558239,56
9188.136528968564,50
9193.136875378885,38
9198.13722178921,30
9203.13756819953,46
9208.137914609855,56
9213.13826102018,47
9218.138607430501,44
9223.138953840826,66
9228.139300251147,60
9233.139646661471,40
9238.139993071793,46
9243.140339482117,46
9248.140685892438,41
9253.141032302763,44
9258.141378713084,42
9263.141725123409,43
9268.14207153373,63
9273.142417944055,54
9278.142764354378,42
9283.1431107647,44
9288.143457175025,48
9293.143803585346,45
9298.14414999567,57
9303.144496405992,58
9308.144842816317,54
9313.145189226638,43
9318.145535636962,46
9323.145882047284,53
9328.146228457608,57
9333.14657486793,38
9338.146921278254,57
9343.147267688577,51
9348.1476140989,50
9353.147960509225,49
9358.148306919546,49
9363.14865332987,51
9368.148999740191,56
9373.149346150516,45
9378.149692560837,47
9383.150038971162,49
9388.150385381483,51
9393.150731791808,59
9398.151078202129,43
9403.151424612453,48
9408.151771022776,55
9413.1521174331,40
9418.152463843424,47
9423.152810253745,54
9428.15315666407,57
9433.15350307439,46
9438.153849484715,49
9443.154195895037,43
9448.154542305361,48
9453.154888715682,40
9458.155235126007,63
9463.155581536328,58
9468.155927946653,46
9473.156274356974,52
9478.156620767299,49
9483.156967177623,60
9488.157313587944,42
9493.157659998269,38
9498.15800640859,47
9503.158352818915,57
9508.158699229236,50
9513.15904563956,43
9518.159392049882,57
9523.159738460206,55
9528.160084870527,63
9533.160431280852,51
9538.160777691173,46
9543.161124101498,43
9548.161470511823,43
9553.161816922144,59
9558.162163332468,60
9563.16250974279,47
9568.162856153114,51
9573.163202563435,61
9578.16354897376,52
9583.163895384081,47
9588.164241794406,47
9593.164588204727,39
9598.164934615052,54
9603.165281025373,47
9608.165627435697,37
9613.165973846022,55
9618.166320256343,43
9623.166666666668,52
9628.167013076989,63
9633.167359487314,52
9638.167705897635,52
9643.16805230796,46
9648.16839871828,54
9653.168745128605,61
9658.169091538926,50
9663.169437949251,39
9668.169784359572,52
9673.170130769897,54
9678.170477180221,42
9683.170823590543,51
9688.171170000867,56
9693.171516411188,49
9698.171862821513,63
9703.172209231834,56
9708.172555642159,57
9713.17290205248,56
9718.173248462805,39
9723.173594873126,47
9728.17394128345,66
9733.174287693771,48
9738.174634104096,70
9743.174980514419,48
9748.175326924742,57
9753.175673335067,52
9758.176019745388,56
9763.176366155712,54
9768.176712566034,52
9773.177058976358,61
9778.17740538668,53
9783.177751797004,53
9788.178098207325,49
9793.17844461765,63
9798.17879102797,65
9803.179137438296,58
9808.179483848618,56
9813.179830258941,52
9818.180176669266,55
9823.180523079587,59
9828.180869489912,47
9833.181215900233,54
9838.181562310558,58
9843.181908720879,58
9848.182255131203,53
9853.182601541524,58
9858.18294795185,60
9863.18329436217,55
9868.183640772495,62
9873.183987182818,61
9878.18433359314,54
9883.184680003465,62
9888.185026413787,57
9893.185372824111,73
9898.185719234432,57
9903.186065644757,55
9908.186412055078,57
9913.186758465403,61
9918.187104875724,56
9923.187451286049,50
9928.18779769637,72
9933.188144106694,70
9938.188490517015,59
9943.18883692734,74
9948.189183337665,66
9953.189529747986,72
9958.18987615831,59
9963.190222568632,55
9968.190568978956,56
9973.190915389278,59
9978.191261799602,68
9983.191608209923,49
9988.191954620248,44
9993.192301030569,77
9998.192647440894,72
10003.192993851215,60
10008.19334026154,57
10013.193686671864,64
10018.194033082185,55
10023.19437949251,67
10028.194725902831,68
10033.195072313156,62
10038.195418723477,50
10043.195765133802,51
10048.196111544123,70
10053.196457954447,56
10058.196804364768,56
10063.197150775093,74
10068.197497185414,65
10073.197843595739,77
10078.198190006064,58
10083.198536416385,68
10088.19888282671,65
10093.19922923703,69
10098.199575647355,65
10103.199922057676,57
10108.200268468001,69
10113.200614878322,68
10118.200961288647,55
10123.201307698968,65
10128.201654109293,72
10133.202000519614,67
10138.202346929938,52
10143.202693340261,62
10148.203039750584,67
10153.203386160909,60
10158.20373257123,63
10163.204078981555,52
10168.204425391876,66
10173.2047718022,76
10178.205118212521,79
10183.205464622846,70
10188.205811033167,63
10193.206157443492,71
10198.206503853813,73
10203.206850264138,72
10208.20719667446,56
10213.207543084784,75
10218.207889495108,84
10223.20823590543,73
10228.208582315754,54
10233.208928726075,58
10238.2092751364,56
10243.20962154672,63
10248.209967957046,63
10253.210314367367,65
10258.210660777691,59
10263.211007188012,58
10268.211353598337,50
10273.21170000866,62
10278.212046418983,75
10283.212392829308,57
10288.212739239629,64
10293.213085649953,69
10298.213432060274,69
10303.2137784706,69
10308.21412488092,70
10313.214471291245,57
10318.214817701566,76
10323.21516411189,62
10328.215510522212,66
10333.215856932537,59
10338.21620334286,51
10343.216549753182,66
10348.216896163507,89
10353.217242573828,69
10358.217588984153,66
10363.217935394474,60
10368.218281804799,60
10373.21862821512,55
10378.218974625444,61
10383.219321035765,71
10388.21966744609,64
10393.220013856411,56
10398.220360266736,63
10403.220706677057,58
10408.221053087382,64
10413.221399497706,64
10418.221745908028,58
10423.222092318352,69
10428.222438728673,68
10433.222785138998,52
10438.223131549319,75
10443.223477959644,67
10448.223824369965,66
10453.22417078029,66
10458.22451719061,79
10463.224863600935,53
10468.225210011256,53
10473.225556421581,59
10478.225902831906,53
10483.226249242227,74
10488.226595652552,65
10493.226942062873,64
10498.227288473197,53
10503.227634883518,72
10508.227981293843,47
10513.228327704164,65
10518.228674114489,76
10523.22902052481,63
10528.229366935135,72
10533.229713345456,63
10538.23005975578,61
10543.230406166105,81
10548.230752576426,57
10553.231098986751,59
10558.231445397072,72
10563.231791807397,59
10568.232138217718,62
10573.232484628043,62
10578.232831038364,79
10583.233177448688,77
10588.23352385901,73
10593.233870269334,76
10598.234216679655,64
10603.23456308998,74
10608.234909500303,76
10613.235255910626,71
10618.23560232095,70
10623.235948731271,67
10628.236295141596,58
10633.236641551917,72
10638.236987962242,60
10643.237334372563,58
10648.237680782888,58
10653.238027193209,74
10658.238373603534,69
10663.238720013855,63
10668.23906642418,73
10673.239412834502,61
10678.239759244825,58
10683.24010565515,65
10688.24045206547,65
10693.240798475796,70
10698.241144886117,82
10703.241491296441,83
10708.241837706762,74
10713.242184117087,67
10718.242530527408,69
10723.242876937733,69
10728.243223348054,82
10733.243569758379,61
10738.243916168702,56
10743.244262579025,66
10748.24460898935,72
10753.24495539967,75
10758.245301809995,80
10763.245648220316,77
10768.24599463064,74
10773.246341040962,72
10778.246687451287,56
10783.247033861608,87
10788.247380271932,61
10793.247726682253,81
10798.248073092578,86
10803.2484195029,64
10808.248765913224,90
10813.249112323549,92
10818.24945873387,62
10823.249805144194,62
10828.250151554515,60
10833.25049796484,69
10838.250844375161,69
10843.251190785486,70
10848.251537195807,63
10853.251883606132,64
10858.252230016453,69
10863.252576426778,81
10868.252922837099,73
10873.253269247423,76
10878.253615657748,74
10883.253962068069,67
10888.254308478394,88
10893.254654888715,64
10898.25500129904,76
10903.25534770936,65
10908.255694119685,63
10913.256040530006,74
10918.256386940331,66
10923.256733350652,61
10928.257079760977,78
10933.257426171298,80
10938.257772581623,65
10943.258118991947,77
10948.258465402268,78
10953.258811812593,81
10958.259158222914,84
10963.259504633239,73
10968.25985104356,66
10973.260197453885,76
10978.260543864206,64
10983.26089027453,90
10988.261236684852,89
10993.261583095176,70
10998.261929505497,88
11003.262275915822,96
11008.262622326147,89
11013.262968736468,89
11018.263315146793,89
11023.263661557114,92
11028.264007967438,56
11033.26435437776,70
11038.264700788084,89
11043.265047198405,77
11048.26539360873,84
11053.265740019051,89
11058.266086429376,68
11063.266432839697,77
11068.266779250022,85
11073.267125660344,70
11078.267472070667,79
11083.267818480992,96
11088.268164891313,88
11093.268511301638,78
11098.268857711959,78
11103.269204122284,91
11108.269550532605,74
11113.26989694293,79
11118.27024335325,85
11123.270589763575,96
11128.270936173896,79
11133.27128258422,80
11138.271628994544,87
11143.271975404867,101
11148.272321815191,72
11153.272668225512,89
11158.273014635837,79
11163.273361046158,73
11168.273707456483,73
11173.274053866804,66
11178.274400277129,79
11183.27474668745,89
11188.275093097775,79
11193.275439508096,88
11198.27578591842,90
11203.276132328743,95
11208.276478739066,100
11213.27682514939,76
11218.277171559712,85
11223.277517970037,94
11228.277864380358,91
11233.278210790682,83
11238.278557201003,92
11243.278903611328,105
11248.27925002165,89
11253.279596431974,98
11258.279942842295,86
11263.28028925262,84
11268.28063566294,81
11273.280982073265,91
11278.28132848359,63
11283.281674893911,91
11288.282021304236,94
11293.282367714557,105
11298.282714124882,82
11303.283060535203,85
11308.283406945528,90
11313.283753355849,101
11318.284099766173,87
11323.284446176494,98
11328.28479258682,83
11333.28513899714,101
11338.285485407465,93
11343.28583181779,93
11348.28617822811,80
11353.286524638435,82
11358.286871048756,87
11363.287217459081,97
11368.287563869402,89
11373.287910279727,111
11378.288256690048,98
11383.288603100373,97
11388.288949510694,95
11393.289295921018,99
11398.28964233134,87
11403.289988741664,108
11408.290335151989,119
11413.29068156231,97
11418.291027972635,101
11423.291374382956,107
11428.29172079328,98
11433.292067203602,117
11438.292413613926,97
11443.292760024247,89
11448.293106434572,94
11453.293452844893,105
11458.293799255218,110
11463.294145665539,112
11468.294492075864,90
11473.294838486187,96
11478.29518489651,104
11483.295531306834,120
11488.295877717155,129
11493.29622412748,107
11498.296570537801,117
11503.296916948126,121
11508.297263358447,107
11513.297609768772,101
11518.297956179093,116
11523.298302589417,117
11528.298648999738,120
11533.298995410063,107
11538.299341820386,110
11543.299688230709,115
11548.300034641034,107
11553.300381051355,111
11558.30072746168,79
11563.301073872,111
11568.301420282325,119
11573.301766692646,102
11578.30211310297,116
11583.302459513292,97
11588.302805923617,106
11593.303152333938,111
11598.303498744262,105
11603.303845154585,113
11608.304191564908,105
11613.304537975233,103
11618.304884385554,121
11623.305230795879,131
11628.3055772062,116
11633.305923616525,116
11638.306270026846,117
11643.30661643717,114
11648.306962847491,107
11653.307309257816,157
11658.307655668137,113
11663.308002078462,116
11668.308348488785,135
11673.308694899108,115
11678.309041309432,150
11683.309387719753,122
11688.309734130078,132
11693.3100805404,131
11698.310426950724,113
11703.310773361045,117
11708.31111977137,136
11713.31146618169,139
11718.311812592015,113
11723.312159002337,130
11728.312505412661,127
11733.312851822982,133
11738.313198233307,116
11743.313544643632,148
11748.313891053953,126
11753.314237464278,125
11758.314583874599,124
11763.314930284923,130
11768.315276695244,140
11773.31562310557,120
11778.31596951589,130
11783.316315926215,133
11788.316662336536,149
11793.31700874686,156
11798.317355157182,138
11803.317701567506,122
11808.318047977831,128
11813.318394388152,142
11818.318740798477,143
11823.319087208798,129
11828.319433619123,147
11833.319780029444,131
11838.320126439769,128
11843.32047285009,133
11848.320819260414,145
11853.321165670735,139
11858.32151208106,156
11863.321858491381,140
11868.322204901706,150
11873.32255131203,166
11878.322897722352,104
11883.323244132676,141
11888.323590542997,154
11893.323936953322,147
11898.324283363643,161
11903.324629773968,137
11908.324976184289,136
11913.325322594614,152
11918.325669004935,151
11923.32601541526,154
11928.32636182558,155
11933.326708235905,165
11938.327054646228,139
11943.327401056551,139
11948.327747466876,144
11953.328093877197,160
11958.328440287522,161
11963.328786697843,154
11968.329133108167,175
11973.329479518488,136
11978.329825928813,171
11983.330172339134,167
11988.330518749459,182
11993.33086515978,164
11998.331211570105,167
12003.331557980428,157
12008.33190439075,153
12013.332250801075,161
12018.332597211396,164
12023.332943621721,167
12028.333290032042,166
12033.333636442367,154
12038.333982852688,175
12043.334329263012,163
12048.334675673334,160
12053.335022083658,163
12058.33536849398,170
12063.335714904304,165
12068.336061314627,174
12073.33640772495,152
12078.336754135275,153
12083.337100545596,170
12088.33744695592,160
12093.337793366241,179
12098.338139776566,167
12103.338486186887,180
12108.338832597212,173
12113.339179007533,194
12118.339525417858,169
12123.339871828179,178
12128.340218238503,206
12133.340564648825,181
12138.34091105915,168
12143.341257469474,195
12148.341603879795,204
12153.34195029012,173
12158.34229670044,177
12163.342643110765,191
12168.342989521087,156
12173.343335931411,164
12178.343682341732,179
12183.344028752057,174
12188.344375162378,205
12193.344721572703,205
12198.345067983024,181
12203.345414393349,209
12208.345760803673,188
12213.346107213994,208
12218.34645362432,179
12223.34680003464,172
12228.347146444965,188
12233.347492855286,200
12238.34783926561,188
12243.348185675932,179
12248.348532086256,198
12253.348878496578,187
12258.349224906902,179
12263.349571317223,207
12268.349917727548,201
12273.350264137873,169
12278.350610548194,205
12283.350956958519,193
12288.35130336884,179
12293.351649779164,182
12298.351996189485,182
12303.35234259981,181
12308.352689010131,205
12313.353035420456,208
12318.353381830777,209
12323.353728241102,221
12328.354074651423,187
12333.354421061747,203
12338.354767472072,186
12343.355113882393,212
12348.355460292718,227
12353.355806703039,190
12358.356153113364,221
12363.356499523685,219
12368.35684593401,239
12373.35719234433,219
12378.357538754655,234
12383.357885164976,210
12388.358231575301,211
12393.358577985622,241
12398.358924395947,215
12403.35927080627,208
12408.359617216593,200
12413.359963626917,228
12418.360310037238,223
12423.360656447563,222
12428.361002857884,199
12433.361349268209,204
12438.36169567853,219
12443.362042088855,215
12448.362388499176,207
12453.3627349095,204
12458.363081319822,233
12463.363427730146,227
12468.36377414047,211
12473.364120550792,222
12478.364466961117,213
12483.364813371438,218
12488.365159781762,218
12493.365506192084,246
12498.365852602408,245
12503.36619901273,235
12508.366545423054,181
12513.366891833375,197
12518.3672382437,236
12523.36758465402,248
12528.367931064346,230
12533.368277474669,250
12538.368623884991,207
12543.368970295316,248
12548.369316705637,233
12553.369663115962,265
12558.370009526283,229
12563.370355936608,216
12568.370702346929,260
12573.371048757253,249
12578.371395167575,232
12583.3717415779,230
12588.37208798822,225
12593.372434398545,233
12598.372780808866,257
12603.37312721919,241
12608.373473629516,250
12613.373820039837,221
12618.374166450161,243
12623.374512860482,247
12628.374859270807,246
12633.375205681128,246
12638.375552091453,248
12643.375898501774,232
12648.376244912099,266
12653.37659132242,267
12658.376937732744,238
12663.377284143065,228
12668.37763055339,210
12673.377976963715,246
12678.378323374036,264
12683.37866978436,232
12688.379016194682,280
12693.379362605006,227
12698.379709015328,228
12703.380055425652,273
12708.380401835973,266
12713.380748246298,254
12718.38109465662,226
12723.381441066944,255
12728.381787477265,248
12733.38213388759,235
12738.382480297914,223
12743.382826708235,250
12748.38317311856,249
12753.383519528881,265
12758.383865939206,261
12763.384212349527,259
12768.384558759852,234
12773.384905170173,229
12778.385251580497,247
12783.385597990818,232
12788.385944401143,263
12793.386290811464,264
12798.386637221789,252
12803.386983632112,275
12808.387330042435,257
12813.38767645276,285
12818.38802286308,252
12823.388369273405,247
12828.388715683726,250
12833.389062094051,266
12838.389408504372,286
12843.389754914697,264
12848.390101325018,271
12853.390447735343,263
12858.390794145664,258
12863.391140555988,253
12868.391486966311,222
12873.391833376634,257
12878.392179786959,244
12883.39252619728,243
12888.392872607605,244
12893.393219017926,263
12898.39356542825,248
12903.393911838572,270
12908.394258248896,253
12913.394604659217,252
12918.394951069542,266
12923.395297479863,241
12928.395643890188,217
12933.39599030051,266
12938.396336710834,261
12943.396683121158,250
12948.39702953148,236
12953.397375941804,267
12958.397722352125,279
12963.39806876245,248
12968.398415172771,275
12973.398761583096,260
12978.399107993417,252
12983.399454403741,284
12988.399800814062,256
12993.400147224387,255
12998.40049363471,264
13003.400840045033,270
13008.401186455358,240
13013.401532865679,233
13018.401879276003,266
13023.402225686325,251
13028.40257209665,264
13033.40291850697,245
13038.403264917295,264
13043.403611327616,286
13048.40395773794,248
13053.404304148262,256
13058.404650558587,247
13063.404996968908,260
13068.405343379232,245
13073.405689789557,256
13078.406036199878,246
13083.406382610203,269
13088.406729020524,286
13093.407075430849,275
13098.40742184117,251
13103.407768251494,228
13108.408114661815,260
13113.40846107214,250
13118.408807482461,250
13123.409153892786,254
13128.409500303107,262
13133.409846713432,265
13138.410193123756,271
13143.410539534078,268
13148.410885944402,281
13153.411232354723,275
13158.411578765048,263
13163.41192517537,277
13168.412271585694,248
13173.412617996015,269
13178.41296440634,242
13183.41331081666,243
13188.413657226985,267
13193.414003637306,231
13198.414350047631,254
13203.414696457956,233
13208.415042868277,285
13213.415389278602,262
13218.415735688923,294
13223.416082099247,303
13228.416428509569,265
13233.416774919893,277
13238.417121330214,263
13243.417467740539,254
13248.41781415086,264
13253.418160561185,230
13258.418506971506,286
13263.41885338183,228
13268.419199792153,261
13273.419546202476,244
13278.419892612801,248
13283.420239023122,272
13288.420585433447,255
13293.420931843768,255
13298.421278254093,263
13303.421624664414,249
13308.421971074738,241
13313.42231748506,243
13318.422663895384,260
13323.423010305705,236
13328.42335671603,266
13333.423703126353,260
13338.424049536676,271
13343.424395947,244
13348.424742357322,242
13353.425088767646,265
13358.425435177967,267
13363.425781588292,254
13368.426127998613,289
13373.426474408938,277
13378.426820819259,245
13383.427167229584,262
13388.427513639905,250
13393.42786005023,281
13398.428206460552,221
13403.428552870875,243
13408.4288992812,219
13413.429245691521,249
13418.429592101846,228
13423.429938512167,229
13428.430284922491,247
13433.430631332812,233
13438.430977743137,265
13443.431324153458,236
13448.431670563783,260
13453.432016974104,268
13458.432363384429,268
13463.432709794752,245
13468.433056205075,251
13473.4334026154,268
13478.43374902572,241
13483.434095436045,251
13488.434441846366,247
13493.43478825669,239
13498.435134667012,261
13503.435481077337,224
13508.435827487658,261
13513.436173897982,269
13518.436520308303,245
13523.436866718628,253
13528.43721312895,279
13533.437559539274,276
13538.437905949599,251
13543.43825235992,263
13548.438598770244,258
13553.438945180565,267
13558.43929159089,267
13563.439638001211,262
13568.439984411536,263
13573.440330821857,261
13578.440677232182,214
13583.441023642503,270
13588.441370052828,229
13593.441716463149,220
13598.442062873473,257
13603.442409283798,247
13608.44275569412,245
13613.443102104444,272
13618.443448514765,226
13623.44379492509,265
13628.44414133541,224
13633.444487745735,247
13638.444834156056,234
13643.445180566381,204
13648.445526976702,260
13653.445873387027,244
13658.446219797348,252
13663.446566207673,255
13668.446912617997,240
13673.447259028319,250
13678.447605438643,239
13683.447951848964,239
13688.448298259289,228
13693.44864466961,238
13698.448991079935,236
13703.449337490256,244
13708.44968390058,239
13713.450030310902,236
13718.450376721226,236
13723.450723131547,240
13728.451069541872,242
13733.451415952195,223
13738.451762362518,234
13743.452108772843,230
13748.452455183164,196
13753.452801593488,223
13758.45314800381,242
13763.453494414134,224
13768.453840824455,235
13773.45418723478,238
13778.454533645101,223
13783.454880055426,232
13788.455226465747,193
13793.455572876072,235
13798.455919286394,214
13803.456265696717,253
13808.456612107042,246
13813.456958517363,215
13818.457304927688,225
13823.457651338009,199
13828.457997748334,240
13833.458344158655,238
13838.45869056898,208
13843.4590369793,223
13848.459383389625,221
13853.459729799946,235
13858.460076210271,228
13863.460422620594,243
13868.460769030917,196
13873.461115441241,186
13878.461461851562,223
13883.461808261887,204
13888.462154672208,203
13893.462501082533,214
13898.462847492854,241
13903.463193903179,222
13908.4635403135,224
13913.463886723825,203
13918.464233134146,219
13923.46457954447,221
13928.464925954791,222
13933.465272365116,230
13938.46561877544,220
13943.465965185762,237
13948.466311596087,217
13953.466658006408,212
13958.467004416732,212
13963.467350827053,220
13968.467697237378,243
13973.4680436477,215
13978.468390058024,225
13983.468736468345,215
13988.46908287867,226
13993.46942928899,195
13998.469775699316,222
14003.47012210964,219
14008.470468519961,215
14013.470814930286,205
14018.471161340607,239
14023.471507750932,220
14028.471854161253,219
14033.472200571578,243
14038.472546981899,244
14043.472893392223,202
14048.473239802544,229
14053.47358621287,229
14058.47393262319,229
14063.474279033515,219
14068.47462544384,242
14073.47497185416,224
14078.475318264485,217
14083.475664674806,230
14088.476011085131,224
14093.476357495452,244
14098.476703905777,195
14103.477050316098,217
14108.477396726423,228
14113.477743136744,195
14118.478089547069,214
14123.47843595739,209
14128.478782367714,214
14133.479128778039,212
14138.47947518836,198
14143.479821598685,214
14148.480168009006,224
14153.48051441933,199
14158.480860829652,226
14163.481207239976,176
14168.481553650297,200
14173.481900060622,212
14178.482246470943,185
14183.482592881268,228
14188.482939291589,211
14193.483285701914,207
14198.483632112237,213
14203.48397852256,187
14208.484324932884,192
14213.484671343205,200
14218.48501775353,223
14223.485364163851,205
14228.485710574176,217
14233.486056984497,200
14238.486403394822,215
14243.486749805143,196
14248.487096215467,201
14253.487442625788,210
14258.487789036113,206
14263.488135446436,217
14268.488481856759,229
14273.488828267084,180
14278.489174677405,196
14283.48952108773,219
14288.48986749805,187
14293.490213908375,190
14298.490560318696,205
14303.490906729021,192
14308.491253139342,222
14313.491599549667,195
14318.491945959988,205
14323.492292370312,175
14328.492638780635,198
14333.492985190958,214
14338.493331601283,214
14343.493678011604,198
14348.494024421929,210
14353.49437083225,201
14358.494717242575,175
14363.495063652896,232
14368.49541006322,214
14373.495756473541,201
14378.496102883866,209
14383.496449294187,201
14388.496795704512,187
14393.497142114833,200
14398.497488525158,208
14403.497834935482,210
14408.498181345803,189
14413.498527756128,202
14418.49887416645,171
14423.499220576774,214
14428.499566987095,197
14433.49991339742,237
14438.50025980774,194
14443.500606218066,189
14448.500952628387,203
14453.501299038711,191
14458.501645449032,189
14463.501991859357,181
14468.502338269682,206
14473.502684680003,215
14478.503031090328,188
14483.503377500649,214
14488.503723910973,207
14493.504070321294,199
14498.50441673162,191
14503.50476314194,192
14508.505109552265,196
14513.505455962586,200
14518.50580237291,186
14523.506148783232,171
14528.506495193556,217
14533.506841603881,216
14538.507188014202,174
14543.507534424527,206
14548.507880834848,186
14553.508227245173,204
14558.508573655494,173
14563.508920065819,200
14568.50926647614,193
14573.509612886464,196
14578.509959296785,221
14583.51030570711,197
14588.510652117431,182
14593.510998527756,179
14598.511344938079,193
14603.511691348402,174
14608.512037758726,197
14613.512384169047,188
14618.512730579372,174
14623.513076989693,192
14628.513423400018,198
14633.513769810339,177
14638.514116220664,203
14643.514462630985,185
14648.51480904131,197
14653.51515545163,184
14658.515501861955,211
14663.515848272278,187
14668.516194682601,184
14673.516541092926,186
14678.516887503247,189
14683.517233913572,211
14688.517580323893,193
14693.517926734217,189
14698.518273144538,200
14703.518619554863,188
14708.518965965184,162
14713.519312375509,193
14718.51965878583,173
14723.520005196155,180
14728.520351606478,175
14733.5206980168,202
14738.521044427125,175
14743.521390837446,180
14748.521737247771,202
14753.522083658092,187
14758.522430068417,194
14763.522776478738,166
14768.523122889063,176
14773.523469299384,170
14778.523815709708,172
14783.52416212003,154
14788.524508530354,201
14793.524854940677,184
14798.525201351,189
14803.525547761325,195
14808.525894171646,188
14813.52624058197,199
14818.526586992291,178
14823.526933402616,195
14828.527279812937,169
14833.527626223262,158
14838.527972633583,165
14843.528319043908,190
14848.528665454229,193
14853.529011864553,172
14858.529358274875,175
14863.5297046852,178
14868.530051095524,163
14873.530397505845,174
14878.53074391617,203
14883.53109032649,166
14888.531436736816,161
14893.531783147137,168
14898.532129557461,205
14903.532475967782,172
14908.532822378107,166
14913.533168788428,156
14918.533515198753,193
14923.533861609074,186
14928.534208019399,175
14933.534554429723,182
14938.534900840044,186
14943.53524725037,183
14948.53559366069,175
14953.535940071015,173
14958.536286481336,170
14963.53663289166,160
14968.536979301982,169
14973.537325712306,174
14978.537672122628,169
14983.538018532952,172
14988.538364943273,166
14993.538711353598,184
14998.539057763923,163
15003.539404174244,157
15008.539750584569,173
15013.54009699489,178
15018.540443405214,173
15023.540789815535,159
15028.54113622586,162
15033.541482636181,166
15038.541829046506,161
15043.542175456827,164
15048.542521867152,162
15053.542868277473,169
15058.543214687797,158
15063.54356109812,173
15068.543907508443,147
15073.544253918768,145
15078.544600329089,165
15083.544946739414,168
15088.545293149735,160
15093.54563956006,155
15098.54598597038,161
15103.546332380705,146
15108.546678791026,171
15113.547025201351,160
15118.547371611672,146
15123.547718021997,168
15128.54806443232,149
15133.548410842643,172
15138.548757252967,165
15143.549103663288,179
15148.549450073613,163
15153.549796483934,157
15158.550142894259,146
15163.55048930458,148
15168.550835714905,167
15173.551182125226,180
15178.55152853555,157
15183.551874945872,141
15188.552221356196,148
15193.55256776652,153
15198.552914176842,169
15203.553260587167,147
15208.553606997488,154
15213.553953407813,147
15218.554299818134,167
15223.554646228458,130
15228.55499263878,141
15233.555339049104,144
15238.555685459425,128
15243.55603186975,144
15248.556378280071,130
15253.556724690396,154
15258.557071100717,159
15263.557417511041,137
15268.557763921366,146
15273.558110331687,140
15278.558456742012,136
15283.558803152333,155
15288.559149562658,133
15293.559495972979,112
15298.559842383303,143
15303.560188793625,154
15308.56053520395,174
15313.56088161427,113
15318.561228024595,127
15323.561574434916,150
15328.56192084524,127
15333.562267255566,149
15338.562613665887,126
15343.562960076211,144
15348.563306486532,128
15353.563652896857,137
15358.563999307178,148
15363.564345717503,145
15368.564692127824,132
15373.565038538149,137
15378.56538494847,135
15383.565731358794,132
15388.566077769116,129
15393.56642417944,150
15398.566770589765,146
15403.567117000086,142
15408.56746341041,127
15413.567809820732,131
15418.568156231056,119
15423.568502641378,143
15428.568849051702,145
15433.569195462023,115
15438.569541872348,125
15443.56988828267,133
15448.570234692994,126
15453.570581103315,143
15458.57092751364,148
15463.571273923964,138
15468.571620334285,120
15473.57196674461,148
15478.572313154931,143
15483.572659565256,131
15488.573005975577,141
15493.573352385902,117
15498.573698796223,140
15503.574045206547,123
15508.574391616869,121
15513.574738027193,137
15518.575084437514,107
15523.575430847839,127
15528.575777258162,132
15533.576123668485,109
15538.57647007881,122
15543.57681648913,145
15548.577162899455,123
15553.577509309776,96
15558.577855720101,115
15563.578202130422,117
15568.578548540747,108
15573.578894951068,114
15578.579241361393,123
15583.579587771714,112
15588.579934182038,113
15593.580280592361,114
15598.580627002684,116
15603.580973413009,117
15608.58131982333,112
15613.581666233655,110
15618.582012643976,120
15623.5823590543,128
15628.582705464622,125
15633.583051874946,105
15638.583398285267,125
15643.583744695592,112
15648.584091105913,100
15653.584437516238,118
15658.58478392656,124
15663.585130336884,108
15668.585476747208,96
15673.58582315753,90
15678.586169567854,111
15683.586515978175,98
15688.5868623885,111
15693.587208798821,95
15698.587555209146,87
15703.587901619467,90
15708.588248029791,111
15713.588594440113,131
15718.588940850437,127
15723.589287260758,100
15728.589633671083,103
15733.589980081408,91
15738.590326491729,98
15743.590672902053,101
15748.591019312375,106
15753.5913657227,104
15758.59171213302,79
15763.592058543345,104
15768.592404953666,104
15773.59275136399,96
15778.593097774312,92
15783.593444184637,94
15788.593790594958,87
15793.594137005282,81
15798.594483415607,83
15803.594829825928,94
15808.595176236253,93
15813.595522646574,88
15818.595869056899,87
15823.59621546722,92
15828.596561877544,97
15833.596908287866,99
15838.59725469819,92
15843.597601108511,91
15848.597947518836,83
15853.598293929157,91
15858.598640339482,92
15863.598986749806,80
15868.599333160128,81
15873.599679570452,84
15878.600025980773,90
15883.600372391098,93
15888.60071880142,76
15893.601065211744,72
15898.601411622065,83
15903.60175803239,79
15908.60210444271,88
15913.602450853035,79
15918.602797263356,70
15923.603143673681,86
15928.603490084004,87
15933.603836494327,70
15938.604182904652,99
15943.604529314973,77
15948.604875725297,80
15953.605222135619,80
15958.605568545943,77
15963.605914956264,64
15968.606261366589,78
15973.60660777691,85
15978.606954187235,87
15983.607300597556,75
15988.60764700788,73
15993.607993418203,70
15998.608339828526,79
16003.608686238851,73
16008.609032649172,68
16013.609379059497,73
16018.609725469818,83
16023.610071880143,59
16028.610418290464,75
16033.610764700788,69
16038.61111111111,64
16043.611457521434,65
16048.611803931755,62
16053.61215034208,64
16058.612496752403,73
16063.612843162726,64
16068.61318957305,65
16073.613535983372,71
16078.613882393696,62
16083.614228804017,52
16088.614575214342,81
16093.614921624663,81
16098.615268034988,55
16103.615614445309,66
16108.615960855634,66
16113.616307265955,58
16118.61665367628,57
16123.617000086602,71
16128.617346496925,72
16133.61769290725,69
16138.618039317571,54
16143.618385727896,67
16148.618732138217,57
16153.619078548541,51
16158.619424958863,63
16163.619771369187,60
16168.620117779508,53
16173.620464189833,59
16178.620810600154,61
16183.621157010479,58
16188.6215034208,58
16193.621849831125,74
16198.62219624145,50
16203.62254265177,48
16208.622889062095,58
16213.623235472416,54
16218.62358188274,68
16223.623928293062,47
16228.624274703387,49
16233.624621113708,55
16238.624967524032,60
16243.625313934353,55
16248.625660344678,59
16253.626006755,51
16258.626353165324,61
16263.626699575649,51
16268.62704598597,48
16273.627392396294,39
16278.627738806616,56
16283.62808521694,53
16288.628431627261,41
16293.628778037586,55
16298.629124447907,50
16303.629470858232,53
16308.629817268553,51
16313.630163678878,36
16318.630510089199,50
16323.630856499523,40
16328.631202909848,45
16333.63154932017,40
16338.631895730494,41
16343.632242140815,53
16348.63258855114,50
16353.63293496146,43
16358.633281371785,48
16363.633627782106,41
16368.633974192431,49
16373.634320602752,54
16378.634667013077,48
16383.6350134234,50
16388.635359833723,47
16393.635706244044,49
16398.63605265437,44
16403.636399064693,38
16408.636745475014,35
16413.637091885335,44
16418.63743829566,37
16423.637784705985,40
16428.638131116306,51
16433.63847752663,38
16438.638823936955,48
16443.639170347276,39
16448.639516757597,41
16453.639863167922,44
16458.640209578247,39
16463.640555988568,49
16468.64090239889,27
16473.641248809214,28
16478.64159521954,31
16483.64194162986,46
16488.64228804018,39
16493.64263445051,42
16498.64298086083,41
16503.64332727115,44
16508.643673681476,38
16513.6440200918,32
16518.64436650212,34
16523.644712912443,29
16528.645059322767,36
16533.645405733092,25
16538.645752143413,32
16543.646098553734,29
16548.64644496406,35
16553.646791374384,35
16558.647137784705,38
16563.64748419503,29
16568.647830605354,39
16573.648177015675,26
16578.648523425996,35
16583.64886983632,36
16588.649216246646,29
16593.649562656967,34
16598.649909067288,31
16603.650255477613,34
16608.650601887937,23
16613.65094829826,31
16618.65129470858,30
16623.651641118908,20
16628.65198752923,35
16633.65233393955,37
16638.652680349875,26
16643.6530267602,34
16648.65337317052,33
16653.65371958084,22
16658.654065991166,24
16663.65441240149,39
16668.654758811812,26
16673.655105222133,36
16678.655451632458,22
16683.655798042782,32
16688.656144453103,20
16693.65649086343,27
16698.656837273753,27
16703.657183684074,21
16708.657530094395,21
16713.65787650472,29
16718.658222915044,25
16723.658569325366,31
16728.658915735687,26
16733.65926214601,22
16738.659608556336,29
16743.659954966657,18
16748.660301376978,26
16753.660647787303,19
16758.660994197628,18
16763.66134060795,24
16768.661687018273,20
16773.662033428598,30
16778.66237983892,19
16783.66272624924,17
16788.663072659565,28
16793.66341906989,15
16798.66376548021,23
16803.66411189053,29
16808.664458300856,30
16813.66480471118,15
16818.665151121502,25
16823.665497531823,15
16828.66584394215,18
16833.666190352473,19
16838.666536762794,19
16843.66688317312,17
16848.667229583443,18
16853.667575993764,16
16858.667922404085,22
16863.66826881441,23
16868.668615224735,26
16873.668961635056,19
16878.669308045377,27
16883.6696544557,14
16888.670000866026,22
16893.670347276347,17
16898.670693686672,17
16903.671040096997,14
16908.671386507318,18
16913.67173291764,13
16918.672079327964,18
16923.67242573829,15
16928.67277214861,19
16933.67311855893,19
16938.673464969255,14
16943.67381137958,23
16948.6741577899,16
16953.674504200222,10
16958.67485061055,25
16963.67519702087,12
16968.675543431193,19
16973.675889841517,16
16978.676236251842,15
16983.676582662163,19
16988.676929072484,22
16993.67727548281,15
16998.677621893134,12
17003.677968303455,9
17008.678314713776,16
17013.6786611241,13
17018.679007534425,17
17023.679353944746,12
17028.67970035507,20
17033.680046765396,13
17038.680393175717,11
17043.680739586038,9
17048.681085996363,17
17053.681432406687,14
17058.68177881701,18
17063.68212522733,12
17068.682471637654,18
17073.68281804798,14
17078.6831644583,19
17083.68351086862,17
17088.68385727895,8
17093.68420368927,11
17098.68455009959,14
17103.684896509916,15
17108.68524292024,16
17113.685589330562,12
17118.685935740883,13
17123.686282151208,7
17128.686628561532,12
17133.686974971853,15
17138.687321382175,16
17143.6876677925,15
17148.688014202824,11
17153.688360613145,17
17158.688707023466,11
17163.689053433794,14
17168.689399844116,13
17173.689746254437,8
17178.69009266476,9
17183.690439075086,12
17188.690785485407,9
17193.691131895728,7
17198.691478306053,11
17203.691824716378,7
17208.6921711267,9
17213.69251753702,14
17218.692863947344,14
17223.69321035767,12
17228.69355676799,15
17233.693903178315,11
17238.69424958864,8
17243.69459599896,13
17248.69494240928,14
17253.695288819607,12
17258.69563522993,5
17263.695981640252,8
17268.696328050573,9
17273.696674460898,13
17278.697020871223,10
17283.697367281544,6
17288.697713691865,12
17293.698060102193,7
17298.698406512514,7
17303.698752922835,2
17308.69909933316,12
17313.699445743485,9
17318.699792153806,10
17323.700138564127,10
17328.70048497445,8
17333.700831384776,9
17338.701177795097,7
17343.70152420542,11
17348.701870615743,10
17353.702217026068,10
17358.70256343639,8
17363.702909846714,7
17368.70325625704,7
17373.70360266736,7
17378.70394907768,14
17383.704295488005,10
17388.70464189833,11
17393.70498830865,7
17398.705334718972,6
17403.705681129297,14
17408.70602753962,6
17413.706373949943,10
17418.706720360264,10
17423.707066770592,10
17428.707413180913,12
17433.707759591234,12
17438.70810600156,3
17443.708452411884,7
17448.708798822205,10
17453.709145232526,6
17458.70949164285,3
17463.709838053175,12
17468.710184463496,11
17473.710530873817,13
17478.710877284142,12
17483.711223694467,6
17488.711570104788,8
17493.711916515113,4
17498.712262925437,11
17503.71260933576,7
17508.71295574608,7
17513.713302156404,10
17518.71364856673,6
17523.71399497705,12
17528.71434138737,5
17533.714687797696,6
17538.71503420802,5
17543.71538061834,5
17548.715727028663,16
17553.71607343899,2
17558.716419849312,10
17563.716766259633,5
17568.717112669958,5
17573.717459080282,10
17578.717805490603,7
17583.718151900925,6
17588.71849831125,5
17593.718844721574,2
17598.719191131895,5
17603.719537542216,11
17608.71988395254,8
17613.720230362866,4
17618.720576773187,1
17623.720923183508,5
17628.721269593836,8
17633.721616004157,5
17638.72196241448,12
17643.722308824803,8
17648.722655235128,8
17653.72300164545,6
17658.72334805577,2
17663.723694466094,6
17668.72404087642,7
17673.72438728674,9
17678.72473369706,9
17683.725080107386,7
17688.72542651771,10
17693.72577292803,8
17698.726119338357,7
17703.72646574868,4
17708.726812159002,4
17713.727158569323,5
17718.727504979648,8
17723.727851389973,3
17728.728197800294,3
17733.728544210615,4
17738.72889062094,9
17743.729237031264,3
17748.729583441585,6
17753.729929851906,4
17758.730276262235,7
17763.730622672556,3
17768.730969082877,5
17773.7313154932,6
17778.731661903526,10
17783.732008313847,3
17788.73235472417,5
17793.732701134493,3
17798.733047544818,6
17803.73339395514,6
17808.73374036546,8
17813.734086775785,7
17818.73443318611,2
17823.73477959643,11
17828.735126006755,6
17833.73547241708,3
17838.7358188274,6
17843.736165237722,11
17848.736511648047,6
17853.73685805837,5
17858.737204468693,5
17863.737550879014,8
17868.73789728934,9
17873.738243699663,6
17878.738590109984,5
17883.738936520305,7
17888.739282930634,3
17893.739629340955,3
17898.739975751276,7
17903.7403221616,6
17908.740668571925,3
17913.741014982246,4
17918.741361392567,5
17923.741707802892,8
17928.742054213217,5
17933.742400623538,2
17938.74274703386,1
17943.743093444184,6
17948.74343985451,6
17953.74378626483,5
17958.744132675154,5
17963.74447908548,5
17968.7448254958,7
17973.74517190612,6
17978.745518316446,4
17983.74586472677,4
17988.74621113709,8
17993.746557547413,6
17998.746903957737,4
18003.747250368062,7
18008.747596778383,2
18013.747943188704,7
18018.748289599032,5
18023.748636009354,5
18028.748982419675,7
18033.74932883,4
18038.749675240324,4
18043.750021650645,6
18048.750368060966,2
18053.75071447129,13
18058.751060881616,5
18063.751407291937,3
18068.751753702258,4
18073.752100112582,3
18078.752446522907,3
18083.75279293323,6
18088.75313934355,3
18093.753485753878,7
18098.7538321642,6
18103.75417857452,5
18108.754524984844,5
18113.75487139517,11
18118.75521780549,4
18123.75556421581,4
18128.755910626136,7
18133.75625703646,6
18138.75660344678,8
18143.756949857103,7
18148.757296267428,5
18153.757642677752,4
18158.757989088073,5
18163.758335498398,4
18168.758681908723,7
18173.759028319044,2
18178.759374729365,7
18183.75972113969,4
18188.760067550014,4
18193.760413960335,4
18198.760760370656,7
18203.76110678098,4
18208.761453191306,6
18213.761799601627,6
18218.762146011948,6
18223.762492422276,5
18228.762838832597,3
18233.76318524292,3
18238.763531653243,7
18243.763878063568,4
18248.76422447389,5
18253.76457088421,6
18258.764917294535,16
18263.76526370486,3
18268.76561011518,6
18273.7659565255,3
18278.766302935826,5
18283.76664934615,8
18288.766995756472,3
18293.767342166797,5
18298.76768857712,7
18303.768034987443,10
18308.768381397764,5
18313.76872780809,7
18318.769074218413,4
18323.769420628734,3
18328.769767039055,7
18333.77011344938,5
18338.770459859705,9
18343.770806270026,11
18348.771152680347,6
18353.771499090675,5
18358.771845500996,3
18363.772191911317,4
18368.772538321642,4
18373.772884731967,3
18378.773231142288,7
18383.77357755261,2
18388.773923962934,6
18393.77427037326,3
18398.77461678358,8
18403.7749631939,5
18408.775309604225,6
18413.77565601455,7
18418.77600242487,5
18423.776348835196,5
18428.77669524552,7
18433.77704165584,7
18438.777388066163,5
18443.777734476487,4
18448.778080886812,4
18453.778427297133,10
18458.778773707454,8
18463.77912011778,5
18468.779466528104,6
18473.779812938425,7
18478.780159348746,3
18483.78050575907,3
18488.780852169395,5
18493.781198579716,4
18498.78154499004,5
18503.781891400366,3
18508.782237810687,7
18513.782584221008,5
18518.782930631332,4
18523.783277041657,2
18528.78362345198,4
18533.7839698623,6
18538.784316272624,6
18543.78466268295,8
18548.78500909327,1
18553.78535550359,5
18558.78570191392,4
18563.78604832424,0
18568.78639473456,8
18573.786741144886,7
18578.78708755521,10
18583.78743396553,4
18588.787780375853,1
18593.788126786178,0
18598.788473196502,6
18603.788819606823,5
18608.789166017144,7
18613.78951242747,2
18618.789858837794,11
18623.790205248115,5
18628.79055165844,4
18633.790898068764,5
18638.791244479085,5
18643.791590889407,2
18648.79193729973,4
18653.792283710056,5
18658.792630120377,7
18663.792976530698,8
18668.793322941023,9
18673.793669351347,5
18678.79401576167,3
18683.79436217199,3
18688.794708582318,11
18693.79505499264,7
18698.79540140296,3
18703.795747813285,6
18708.79609422361,5
18713.79644063393,6
18718.79678704425,8
18723.797133454576,6
18728.7974798649,3
18733.797826275222,6
18738.798172685543,8
18743.798519095868,6
18748.798865506193,5
18753.799211916514,4
18758.79955832684,5
18763.799904737163,5
18768.800251147484,8
18773.800597557805,6
18778.80094396813,5
18783.801290378455,3
18788.801636788776,8
18793.801983199097,5
18798.80232960942,10
18803.802676019746,7
18808.803022430067,8
18813.80336884039,6
18818.803715250717,7
18823.804061661038,13
18828.80440807136,7
18833.804754481684,6
18838.80510089201,3
18843.80544730233,4
18848.80579371265,2
18853.806140122975,10
18858.8064865333,5
18863.80683294362,4
18868.807179353942,9
18873.807525764267,9
18878.80787217459,4
18883.808218584913,5
18888.808564995237,5
18893.808911405562,7
18898.809257815883,12
18903.809604226204,6
18908.80995063653,6
18913.810297046854,8
18918.810643457175,6
18923.810989867496,9
18928.81133627782,4
18933.811682688145,5
18938.812029098466,7
18943.812375508787,10
18948.812721919112,0
18953.813068329437,7
18958.813414739758,2
18963.813761150082,6
18968.814107560407,3
18973.81445397073,10
18978.81480038105,6
18983.815146791374,5
18988.8154932017,6
18993.81583961202,6
18998.81618602234,7
19003.816532432666,9
19008.81687884299,7
19013.81722525331,10
19018.817571663632,5
19023.81791807396,5
19028.818264484282,3
19033.818610894603,10
19038.818957304928,6
19043.819303715252,0
19048.819650125573,5
19053.819996535894,8
19058.82034294622,7
19063.820689356544,5
19068.821035766865,5
19073.821382177186,2
19078.82172858751,5
19083.822074997835,7
19088.822421408157,9
19093.82276781848,5
19098.823114228806,12
19103.823460639127,7
19108.823807049448,5
19113.824153459773,4
19118.824499870097,9
19123.82484628042,3
19128.82519269074,7
19133.825539101064,7
19138.82588551139,7
19143.82623192171,8
19148.82657833203,6
19153.82692474236,5
19158.82727115268,9
19163.827617563,8
19168.827963973326,7
19173.82831038365,13
19178.828656793972,7
19183.829003204293,7
19188.829349614618,9
19193.829696024943,7
19198.830042435264,8
19203.830388845585,3
19208.83073525591,9
19213.831081666234,6
19218.831428076555,2
19223.83177448688,4
19228.832120897205,4
19233.832467307526,8
19238.832813717847,6
19243.83316012817,12
19248.833506538496,7
19253.833852948817,10
19258.83419935914,6
19263.834545769463,6
19268.834892179788,8
19273.83523859011,8
19278.83558500043,9
19283.83593141076,11
19288.83627782108,4
19293.8366242314,6
19298.836970641725,9
19303.83731705205,5
19308.83766346237,5
19313.838009872692,6
19318.838356283017,2
19323.83870269334,6
19328.839049103663,9
19333.839395513984,5
19338.83974192431,5
19343.840088334633,7
19348.840434744954,4
19353.84078115528,10
19358.841127565604,6
19363.841473975925,10
19368.841820386246,8
19373.84216679657,9
19378.842513206895,9
19383.842859617216,19
19388.843206027537,4
19393.843552437862,5
19398.843898848187,8
19403.844245258508,11
19408.84459166883,5
19413.844938079154,8
19418.84528448948,6
19423.8456308998,6
19428.845977310124,2
19433.84632372045,8
19438.84667013077,10
19443.84701654109,8
19448.847362951416,5
19453.84770936174,5
19458.84805577206,8
19463.848402182382,10
19468.848748592707,3
19473.849095003032,3
19478.849441413353,13
19483.849787823674,3
19488.850134234002,5
19493.850480644323,6
19498.850827054644,8
19503.85117346497,9
19508.851519875294,8
19513.851866285615,6
19518.852212695936,8
19523.85255910626,9
19528.852905516585,5
19533.853251926907,7
19538.853598337228,8
19543.853944747552,8
19548.854291157877,9
19553.854637568198,5
19558.854983978523,8
19563.855330388848,6
19568.85567679917,7
19573.85602320949,7
19578.856369619814,5
19583.85671603014,7
19588.85706244046,8
19593.85740885078,6
19598.857755261106,11
19603.85810167143,6
19608.85844808175,8
19613.858794492073,9
19618.8591409024,5
19623.859487312722,5
19628.859833723043,4
19633.860180133368,3
19638.860526543693,7
19643.860872954014,5
19648.861219364335,6
19653.86156577466,6
19658.861912184984,9
19663.862258595305,3
19668.862605005626,10
19673.86295141595,10
19678.863297826276,4
19683.863644236597,4
19688.86399064692,8
19693.864337057246,12
19698.864683467567,6
19703.86502987789,5
19708.865376288213,4
19713.865722698538,10
19718.86606910886,6
19723.86641551918,7
19728.866761929505,7
19733.86710833983,7
19738.86745475015,4
19743.86780116047,10
19748.8681475708,7
19753.86849398112,4
19758.868840391442,5
19763.869186801767,10
19768.86953321209,4
19773.869879622413,4
19778.870226032734,7
19783.87057244306,15
19788.870918853383,15
19793.871265263704,10
19798.871611674025,8
19803.87195808435,10
19808.872304494675,6
19813.872650904996,13
19818.872997315317,8
19823.873343725645,6
19828.873690135966,9
19833.874036546287,16
19838.874382956612,7
19843.874729366937,7
19848.875075777258,5
19853.87542218758,7
19858.875768597904,8
19863.87611500823,5
19868.87646141855,7
19873.87680782887,6
19878.877154239195,10
19883.87750064952,10
19888.87784705984,10
19893.878193470166,8
19898.87853988049,7
19903.87888629081,8
19908.879232701132,10
19913.879579111457,5
19918.879925521782,7
19923.880271932103,7
19928.880618342424,9
19933.88096475275,4
19938.881311163073,9
19943.881657573394,9
19948.882003983716,12
19953.882350394044,13
19958.882696804365,6
19963.883043214686,6
19968.88338962501,5
19973.883736035335,8
19978.884082445657,6
19983.884428855978,11
19988.884775266302,6
19993.885121676627,10
19998.885468086948,8
20003.88581449727,8
20008.886160907594,14
20013.88650731792,7
20018.88685372824,10
20023.887200138564,10
20028.88754654889,7
20033.88789295921,12
20038.88823936953,7
20043.888585779856,10
20048.88893219018,6
20053.8892786005,11
20058.889625010823,6
20063.889971421147,11
20068.890317831472,10
20073.890664241793,5
20078.891010652114,8
20083.891357062443,14
20088.891703472764,3
20093.892049883085,4
20098.89239629341,9
20103.892742703734,6
20108.893089114055,7
20113.893435524376,6
20118.8937819347,10
20123.894128345026,5
20128.894474755347,11
20133.894821165668,12
20138.895167575993,9
20143.895513986317,10
20148.89586039664,9
20153.896206806963,8
20158.896553217288,7
20163.89689962761,6
20168.89724603793,7
20173.897592448255,10
20178.89793885858,6
20183.8982852689,7
20188.89863167922,6
20193.898978089546,9
20198.89932449987,10
20203.899670910192,6
20208.900017320513,12
20213.90036373084,8
20218.900710141163,15
20223.901056551484,10
20228.90140296181,8
20233.901749372133,5
20238.902095782454,10
20243.902442192775,10
20248.9027886031,9
20253.903135013425,7
20258.903481423746,8
20263.903827834067,7
20268.90417424439,6
20273.904520654716,4
20278.904867065037,9
20283.90521347536,10
20288.905559885687,11
20293.905906296008,6
20298.90625270633,8
20303.906599116654,12
20308.90694552698,9
20313.9072919373,14
20318.90763834762,11
20323.907984757945,9
20328.90833116827,9
20333.90867757859,8
20338.909023988912,6
20343.909370399237,9
20348.90971680956,11
20353.910063219882,5
20358.910409630207,11
20363.910756040532,4
20368.911102450853,10
20373.911448861174,5
20378.9117952715,6
20383.912141681823,6
20388.912488092144,10
20393.912834502466,7
20398.91318091279,12
20403.913527323115,7
20408.913873733436,7
20413.914220143757,14
20418.914566554085,7
20423.914912964407,14
20428.915259374728,9
20433.915605785052,4
20438.915952195377,9
20443.916298605698,11
20448.91664501602,4
20453.916991426344,9
20458.91733783667,3
20463.91768424699,14
20468.91803065731,4
20473.918377067635,8
20478.91872347796,5
20483.91906988828,8
20488.919416298606,11
20493.91976270893,12
20498.92010911925,7
20503.920455529573,8
20508.920801939898,14
20513.921148350222,5
20518.921494760543,7
20523.921841170864,11
20528.92218758119,6
20533.922533991514,10
20538.922880401835,11
20543.923226812156,10
20548.923573222484,10
20553.923919632805,8
20558.924266043126,11
20563.92461245345,8
20568.924958863776,10
20573.925305274097,6
20578.925651684418,6
20583.925998094743,8
20588.926344505067,5
20593.92669091539,5
20598.92703732571,7
20603.927383736034,13
20608.92773014636,5
20613.92807655668,6
20618.928422967005,12
20623.92876937733,3
20628.92911578765,11
20633.92946219797,4
20638.929808608296,6
20643.93015501862,7
20648.930501428942,11
20653.930847839263,9
20658.931194249588,9
20663.931540659913,6
20668.931887070234,11
20673.932233480555,8
20678.932579890883,9
20683.932926301204,7
20688.933272711525,12
20693.93361912185,13
20698.933965532175,5
20703.934311942496,9
20708.934658352817,5
20713.93500476314,9
20718.935351173466,11
20723.935697583787,10
20728.93604399411,10
20733.936390404433,8
20738.936736814758,11
20743.93708322508,18
20748.9374296354,13
20753.93777604573,11
20758.93812245605,11
20763.93846886637,7
20768.938815276695,8
20773.93916168702,10
20778.93950809734,7
20783.939854507662,8
20788.940200917987,9
20793.94054732831,9
20798.940893738632,4
20803.941240148954,5
20808.94158655928,7
20813.941932969603,15
20818.942279379924,5
20823.94262579025,6
20828.942972200573,7
20833.943318610894,8
20838.943665021216,10
20843.94401143154,7
20848.944357841865,13
20853.944704252186,6
20858.945050662507,6
20863.945397072832,8
20868.945743483157,8
20873.946089893478,7
20878.9464363038,12
20883.946782714127,9
20888.947129124448,6
20893.94747553477,5
20898.947821945094,9
20903.94816835542,5
20908.94851476574,8
20913.94886117606,6
20918.949207586385,7
20923.94955399671,9
20928.94990040703,9
20933.950246817352,17
20938.950593227677,9
20943.950939638,10
20948.951286048323,11
20953.951632458648,13
20958.951978868972,8
20963.952325279293,6
20968.952671689614,10
20973.95301809994,10
20978.953364510264,11
20983.953710920585,12
20988.954057330906,9
20993.95440374123,5
20998.954750151555,11
21003.955096561876,11
21008.955442972197,11
21013.955789382526,11
21018.956135792847,8
21023.956482203168,8
21028.956828613493,11
21033.957175023817,13
21038.95752143414,7
21043.95786784446,8
21048.958214254784,7
21053.95856066511,6
21058.95890707543,10
21063.95925348575,9
21068.959599896076,12
21073.9599463064,7
21078.96029271672,11
21083.960639127046,13
21088.96098553737,14
21093.961331947692,9
21098.961678358013,9
21103.962024768338,13
21108.962371178663,12
21113.962717588984,16
21118.963063999305,9
21123.96341040963,8
21128.963756819954,5
21133.964103230275,15
21138.964449640596,9
21143.964796050925,9
21148.965142461246,11
21153.965488871567,14
21158.96583528189,10
21163.966181692216,11
21168.966528102537,5
21173.96687451286,7
21178.967220923183,13
21183.967567333508,9
21188.96791374383,9
21193.96826015415,11
21198.968606564475,6
21203.9689529748,8
21208.96929938512,5
21213.96964579544,12
21218.96999220577,10
21223.97033861609,8
21228.970685026412,10
21233.971031436737,11
21238.97137784706,9
21243.971724257382,7
21248.972070667704,8
21253.97241707803,9
21258.972763488353,6
21263.973109898674,13
21268.973456308995,8
21273.97380271932,10
21278.974149129645,3
21283.974495539966,9
21288.97484195029,10
21293.975188360615,6
21298.975534770936,13
21303.975881181257,12
21308.976227591582,13
21313.976574001907,12
21318.976920412228,12
21323.97726682255,10
21328.977613232873,10
21333.977959643198,12
21338.97830605352,14
21343.97865246384,8
21348.97899887417,4
21353.97934528449,13
21358.97969169481,10
21363.980038105135,7
21368.98038451546,11
21373.98073092578,6
21378.981077336102,9
21383.981423746427,13
21388.98177015675,8
21393.982116567073,12
21398.982462977394,12
21403.98280938772,13
21408.983155798043,8
21413.983502208364,11
21418.98384861869,12
21423.984195029014,9
21428.984541439335,10
21433.984887849656,7
21438.98523425998,10
21443.985580670305,11
21448.985927080626,14
21453.986273490947,12
21458.986619901272,9
21463.986966311597,9
21468.987312721918,11
21473.98765913224,12
21478.988005542567,8
21483.98835195289,12
21488.98869836321,2
21493.989044773534,7
21498.98939118386,11
21503.98973759418,9
21508.9900840045,11
21513.990430414826,9
21518.99077682515,8
21523.99112323547,13
21528.991469645793,10
21533.991816056117,9
21538.992162466442,8
21543.992508876763,8
21548.992855287088,8
21553.993201697413,15
21558.993548107734,16
21563.993894518055,16
21568.99424092838,9
21573.994587338704,7
21578.994933749025,10
21583.995280159346,6
21588.99562656967,9
21593.995972979996,5
21598.996319390317,9
21603.996665800638,10
21608.997012210963,16
21613.997358621287,11
21618.99770503161,7
21623.998051441933,11
21628.998397852258,9
21633.99874426258,14
21638.9990906729,10
21643.999437083225,12
21648.99978349355,6
21654.00012990387,13
21659.00047631419,12
21664.000822724516,8
21669.00116913484,4
21674.001515545162,7
21679.001861955483,7
21684.00220836581,12
21689.002554776132,7
21694.002901186454,11
21699.00324759678,9
21704.003594007103,6
21709.003940417424,18
21714.004286827745,9
21719.00463323807,7
21724.004979648395,7
21729.005326058716,12
21734.005672469037,6
21739.00601887936,18
21744.006365289686,13
21749.006711700007,9
21754.007058110332,14
21759.007404520657,8
21764.007750930978,7
21769.0080973413,12
21774.008443751623,8
21779.008790161948,11
21784.00913657227,11
21789.00948298259,14
21794.009829392915,10
21799.01017580324,17
21804.01052221356,11
21809.010868623882,4
21814.01121503421,15
21819.01156144453,1
21824.011907854852,9
21829.012254265177,10
21834.0126006755,8
21839.012947085823,8
21844.013293496144,4
21849.01363990647,12
21854.013986316793,9
21859.014332727114,8
21864.014679137435,9
21869.01502554776,10
21874.015371958085,13
21879.015718368406,15
21884.01606477873,8
21889.016411189055,6
21894.016757599376,10
21899.017104009698,16
21904.017450420022,11
21909.017796830347,6
21914.018143240668,15
21919.01848965099,4
21924.018836061314,12
21929.01918247164,8
21934.01952888196,9
21939.01987529228,14
21944.02022170261,10
21949.02056811293,9
21954.02091452325,9
21959.021260933576,10
21964.0216073439,10
21969.02195375422,5
21974.022300164543,13
21979.022646574867,6
21984.022992985192,10
21989.023339395513,11
21994.023685805834,12
21999.02403221616,8
22004.024378626484,16
22009.024725036805,6
22014.02507144713,11
22019.025417857454,10
22024.025764267775,10
22029.026110678096,7
22034.02645708842,8
22039.026803498746,9
22044.027149909067,6
22049.027496319388,11
22054.027842729713,13
22059.028189140037,8
22064.02853555036,10
22069.02888196068,4
22074.029228371004,14
22079.02957478133,7
22084.02992119165,11
22089.030267601975,12
22094.0306140123,17
22099.03096042262,13
22104.03130683294,12
22109.031653243266,9
22114.03199965359,11
22119.032346063912,10
22124.032692474233,12
22129.033038884558,3
22134.033385294882,9
22139.033731705204,12
22144.034078115525,18
22149.034424525853,8
22154.034770936174,12
22159.035117346495,11
22164.03546375682,7
22169.035810167145,10
22174.036156577466,13
22179.036502987787,10
22184.03684939811,12
22189.037195808436,16
22194.037542218757,13
22199.03788862908,14
22204.038235039403,12
22209.038581449728,6
22214.03892786005,9
22219.039274270373,9
22224.039620680698,13
22229.03996709102,11
22234.04031350134,12
22239.040659911665,12
22244.04100632199,8
22249.04135273231,21
22254.041699142632,11
22259.042045552957,7
22264.04239196328,11
22269.042738373602,15
22274.043084783923,9
22279.04343119425,12
22284.043777604573,7
22289.044124014894,6
22294.04447042522,15
22299.044816835543,5
22304.045163245864,12
22309.045509656185,13
22314.04585606651,10
22319.046202476835,9
22324.046548887156,17
22329.046895297477,11
22334.0472417078,8
22339.047588118126,12
22344.047934528448,12
22349.048280938772,9
22354.048627349097,10
22359.048973759418,9
22364.04932016974,15
22369.049666580064,7
22374.05001299039,13
22379.05035940071,13
22384.05070581103,10
22389.051052221355,13
22394.05139863168,10
22399.051745042,9
22404.052091452322,9
22409.05243786265,13
22414.05278427297,5
22419.053130683293,11
22424.053477093617,10
22429.053823503942,14
22434.054169914263,8
22439.054516324584,11
22444.05486273491,10
22449.055209145234,15
22454.055555555555,8
22459.055901965876,10
22464.0562483762,10
22469.056594786525,5
22474.056941196846,10
22479.05728760717,9
22484.057634017496,9
22489.057980427817,16
22494.058326838138,15
22499.058673248463,9
22504.059019658787,9
22509.05936606911,9
22514.05971247943,13
22519.060058889754,7
22524.06040530008,10
22529.0607517104,5
22534.06109812072,14
22539.061444531046,12
22544.06179094137,10
22549.06213735169,14
22554.062483762016,5
22559.06283017234,11
22564.063176582662,10
22569.063522992983,5
22574.063869403308,12
22579.064215813632,14
22584.064562223954,11
22589.064908634275,10
22594.0652550446,18
22599.065601454924,12
22604.065947865245,14
22609.066294275566,13
22614.066640685895,16
22619.066987096216,13
22624.067333506537,10
22629.06767991686,16
22634.068026327186,7
22639.068372737507,15
22644.06871914783,7
22649.069065558153,12
22654.069411968478,12
22659.0697583788,9
22664.07010478912,12
22669.070451199445,12
22674.07079760977,9
22679.07114402009,21
22684.071490430415,16
22689.07183684074,18
22694.07218325106,5
22699.072529661382,13
22704.072876071707,11
22709.07322248203,11
22714.073568892352,15
22719.073915302673,8
22724.074261712998,10
22729.074608123323,12
22734.074954533644,15
22739.075300943965,13
22744.075647354293,16
22749.075993764614,7
22754.076340174935,9
22759.07668658526,11
22764.077032995585,14
22769.077379405906,10
22774.077725816227,17
22779.07807222655,6
22784.078418636876,13
22789.078765047198,10
22794.07911145752,14
22799.079457867843,10
22804.079804278168,7
22809.08015068849,12
22814.080497098814,9
22819.08084350914,10
22824.08118991946,19
22829.08153632978,6
22834.081882740105,9
22839.08222915043,18
22844.08257556075,12
22849.082921971072,12
22854.083268381397,11
22859.08361479172,14
22864.083961202043,10
22869.084307612364,13
22874.084654022692,14
22879.085000433013,13
22884.085346843334,5
22889.08569325366,9
22894.086039663984,7
22899.086386074305,13
22904.086732484626,15
22909.08707889495,10
22914.087425305275,15
22919.087771715596,9
22924.088118125917,7
22929.088464536242,10
22934.088810946567,13
22939.089157356888,13
22944.08950376721,17
22949.089850177537,11
22954.09019658786,12
22959.09054299818,11
22964.090889408504,15
22969.09123581883,18
22974.09158222915,7
22979.09192863947,10
22984.092275049796,10
22989.09262146012,12
22994.09296787044,8
22999.093314280763,12
23004.093660691087,13
23009.094007101412,13
23014.094353511733,10
23019.094699922058,15
23024.095046332382,19
23029.095392742704,10
23034.095739153025,15
23039.09608556335,18
23044.096431973674,13
23049.096778383995,10
23054.097124794316,8
23059.09747120464,10
23064.097817614966,12
23069.098164025287,12
23074.098510435608,15
23079.098856845936,7
23084.099203256257,11
23089.09954966658,13
23094.099896076903,15
23099.100242487228,10
23104.10058889755,18
23109.10093530787,9
23114.101281718195,14
23119.10162812852,15
23124.10197453884,10
23129.10232094916,13
23134.102667359486,17
23139.10301376981,13
23144.103360180132,7
23149.103706590457,7
23154.10405300078,13
23159.104399411102,10
23164.104745821423,12
23169.105092231748,15
23174.105438642073,12
23179.105785052394,7
23184.106131462715,12
23189.10647787304,13
23194.106824283364,15
23199.107170693685,9
23204.107517104007,10
23209.107863514335,10
23214.108209924656,9
23219.108556334977,17
23224.1089027453,16
23229.109249155626,13
23234.109595565948,11
23239.10994197627,11
23244.110288386593,12
23249.110634796918,13
23254.11098120724,8
23259.11132761756,8
23264.111674027885,15
23269.11202043821,11
23274.11236684853,8
23279.112713258855,11
23284.11305966918,14
23289.1134060795,15
23294.113752489822,14
23299.114098900147,13
23304.11444531047,15
23309.114791720793,10
23314.115138131114,4
23319.11548454144,9
23324.115830951763,18
23329.116177362084,12
23334.116523772405,14
23339.116870182734,15
23344.117216593055,14
23349.117563003376,14
23354.1179094137,11
23359.118255824025,10
23364.118602234346,10
23369.118948644667,13
23374.119295054992,7
23379.119641465317,13
23384.119987875638,14
23389.12033428596,12
23394.120680696284,13
23399.12102710661,11
23404.12137351693,11
23409.12171992725,8
23414.12206633758,17
23419.1224127479,13
23424.12275915822,15
23429.123105568546,12
23434.12345197887,10
23439.12379838919,7
23444.124144799513,6
23449.124491209837,13
23454.124837620162,6
23459.125184030483,11
23464.125530440804,14
23469.12587685113,13
23474.126223261454,5
23479.126569671775,11
23484.1269160821,16
23489.127262492424,9
23494.127608902745,13
23499.127955313066,13
23504.12830172339,18
23509.128648133716,11
23514.128994544037,17
23519.129340954358,14
23524.129687364682,17
23529.130033775007,12
23534.13038018533,9
23539.13072659565,12
23544.131073005978,12
23549.1314194163,14
23554.13176582662,10
23559.132112236945,15
23564.13245864727,13
23569.13280505759,12
23574.13315146791,16
23579.133497878236,12
23584.13384428856,17
23589.134190698882,19
23594.134537109203,16
23599.134883519528,20
23604.135229929852,15
23609.135576340173,9
23614.135922750498,9
23619.136269160823,12
23624.136615571144,15
23629.136961981465,17
23634.13730839179,10
23639.137654802114,7
23644.138001212435,11
23649.138347622757,11
23654.13869403308,9
23659.139040443406,16
23664.139386853727,18
23669.139733264048,12
23674.140079674376,13
23679.140426084698,12
23684.14077249502,12
23689.141118905343,11
23694.141465315668,12
23699.14181172599,14
23704.14215813631,13
23709.142504546635,10
23714.14285095696,11
23719.14319736728,8
23724.1435437776,14
23729.143890187926,16
23734.14423659825,13
23739.144583008572,16
23744.144929418897,15
23749.14527582922,13
23754.145622239543,11
23759.145968649864,12
23764.14631506019,11
23769.146661470513,11
23774.147007880834,12
23779.147354291155,16
23784.14770070148,10
23789.148047111805,15
23794.148393522126,9
23799.148739932447,11
23804.149086342775,18
23809.149432753096,10
23814.149779163417,16
23819.150125573742,14
23824.150471984067,15
23829.150818394388,14
23834.15116480471,11
23839.151511215034,15
23844.15185762536,15
23849.15220403568,23
23854.152550446,12
23859.152896856325,12
23864.15324326665,18
23869.15358967697,13
23874.153936087292,18
23879.15428249762,11
23884.15462890794,14
23889.154975318263,9
23894.155321728587,12
23899.155668138912,12
23904.156014549233,21
23909.156360959554,15
23914.15670736988,15
23919.157053780204,9
23924.157400190525,18
23929.157746600846,14
23934.15809301117,8
23939.158439421495,18
23944.158785831816,16
23949.15913224214,10
23954.159478652466,17
23959.159825062787,16
23964.160171473108,10
23969.160517883432,12
23974.160864293757,16
23979.16121070408,12
23984.1615571144,8
23989.161903524724,14
23994.16224993505,10
23999.16259634537,11
24004.16294275569,16
24009.16328916602,19
24014.16363557634,22
24019.16398198666,16
24024.164328396986,9
24029.16467480731,12
24034.165021217632,13
24039.165367627953,17
24044.165714038278,9
24049.166060448602,16
24054.166406858923,15
24059.166753269245,5
24064.16709967957,12
24069.167446089894,13
24074.167792500215,32
24079.16813891054,17
24084.168485320864,16
24089.168831731185,18
24094.169178141507,25
24099.16952455183,14
24104.169870962156,18
24109.170217372477,15
24114.170563782798,10
24119.170910193123,16
24124.171256603448,16
24129.17160301377,16
24134.17194942409,16
24139.172295834418,10
24144.17264224474,15
24149.17298865506,14
24154.173335065385,19
24159.17368147571,12
24164.17402788603,12
24169.17437429635,14
24174.174720706676,16
24179.175067117,17
24184.175413527322,10
24189.175759937643,18
24194.176106347968,10
24199.176452758293,6
24204.176799168614,18
24209.17714557894,13
24214.177491989263,14
24219.177838399584,13
24224.178184809905,17
24229.17853122023,15
24234.178877630555,12
24239.179224040876,18
24244.179570451197,20
24249.17991686152,12
24254.180263271846,10
24259.180609682167,16
24264.18095609249,20
24269.181302502813,17
24274.181648913138,15
24279.18199532346,19
24284.182341733784,11
24289.18268814411,15
24294.18303455443,16
24299.18338096475,12
24304.183727375075,18
24309.1840737854,9
24314.18442019572,24
24319.184766606042,20
24324.185113016367,17
24329.18545942669,14
24334.185805837013,17
24339.186152247334,10
24344.186498657662,17
24349.186845067983,17
24354.187191478304,18
24359.18753788863,21
24364.187884298954,12
24369.188230709275,20
24374.188577119596,19
24379.18892352992,19
24384.189269940245,21
24389.189616350566,16
24394.189962760887,19
24399.190309171212,18
24404.190655581537,20
24409.191001991858,10
24414.191348402182,14
24419.191694812507,15
24424.19204122283,15
24429.19238763315,19
24434.192734043474,12
24439.1930804538,23
24444.19342686412,12
24449.19377327444,14
24454.194119684766,17
24459.19446609509,10
24464.19481250541,11
24469.195158915732,17
24474.19550532606,13
24479.195851736382,20
24484.196198146703,17
24489.196544557028,27
24494.196890967352,14
24499.197237377673,16
24504.197583787995,18
24509.19793019832,25
24514.198276608644,17
24519.198623018965,23
24524.198969429286,17
24529.19931583961,12
24534.199662249935,10
24539.200008660257,12
24544.20035507058,19
24549.200701480906,12
24554.201047891227,23
24559.201394301548,17
24564.201740711873,14
24569.202087122198,16
24574.20243353252,23
24579.20277994284,16
24584.203126353164,12
24589.20347276349,25
24594.20381917381,12
24599.20416558413,19
24604.20451199446,13
24609.20485840478,18
24614.2052048151,18
24619.205551225426,16
24624.20589763575,19
24629.206244046072,17
24634.206590456393,17
24639.206936866718,18
24644.207283277043,15
24649.207629687364,14
24654.207976097685,16
24659.20832250801,12
24664.208668918334,20
24669.209015328655,19
24674.20936173898,19
24679.209708149305,19
24684.210054559626,11
24689.210400969947,14
24694.21074738027,24
24699.211093790596,15
24704.211440200917,13
24709.21178661124,18
24714.212133021563,18
24719.212479431888,11
24724.21282584221,18
24729.21317225253,14
24734.213518662855,23
24739.21386507318,14
24744.2142114835,16
24749.214557893825,23
24754.21490430415,10
24759.21525071447,13
24764.215597124792,23
24769.215943535117,17
24774.21628994544,14
24779.216636355763,16
24784.216982766084,17
24789.21732917641,14
24794.217675586733,23
24799.218021997054,12
24804.218368407375,16
24809.218714817704,14
24814.219061228025,20
24819.219407638346,18
24824.21975404867,20
24829.220100458995,16
24834.220446869316,15
24839.220793279637,17
24844.221139689962,18
24849.221486100287,17
24854.221832510608,20
24859.22217892093,19
24864.222525331254,10
24869.22287174158,16
24874.2232181519,23
24879.223564562224,19
24884.22391097255,17
24889.22425738287,22
24894.22460379319,19
24899.224950203516,17
24904.22529661384,21
24909.22564302416,18
24914.225989434482,17
24919.226335844807,18
24924.226682255132,24
24929.227028665453,17
24934.227375075774,27
24939.227721486102,12
24944.228067896423,18
24949.228414306745,19
24954.22876071707,18
24959.229107127394,13
24964.229453537715,13
24969.229799948036,23
24974.23014635836,26
24979.230492768686,20
24984.230839179007,13
24989.231185589328,7
24994.231531999652,24
24999.231878409977,22
25004.232224820298,11
25009.232571230623,15
25014.232917640948,25
25019.23326405127,22
25024.23361046159,17
25029.233956871914,20
25034.23430328224,11
25039.23464969256,24
25044.23499610288,24
25049.235342513206,22
25054.23568892353,20
25059.23603533385,23
25064.236381744173,15
25069.2367281545,13
25074.237074564822,15
25079.237420975143,13
25084.237767385468,23
25089.238113795793,22
25094.238460206114,20
25099.238806616435,18
25104.23915302676,26
25109.239499437084,25
25114.239845847405,21
25119.240192257726,19
25124.24053866805,21
25129.240885078376,16
25134.241231488697,18
25139.24157789902,17
25144.241924309346,22
25149.242270719667,22
25154.24261712999,26
25159.242963540313,11
25164.243309950638,17
25169.24365636096,19
25174.24400277128,21
25179.244349181605,17
25184.24469559193,24
25189.24504200225,20
25194.24538841257,19
25199.245734822896,18
25204.24608123322,17
25209.246427643542,18
25214.246774053867,27
25219.24712046419,22
25224.247466874513,13
25229.247813284834,25
25234.24815969516,11
25239.248506105483,24
25244.248852515804,25
25249.249198926125,27
25254.24954533645,20
25259.249891746775,18
25264.250238157096,21
25269.250584567417,22
25274.250930977745,9
25279.251277388066,27
25284.251623798387,14
25289.251970208712,17
25294.252316619037,17
25299.252663029358,23
25304.25300943968,28
25309.253355850004,27
25314.25370226033,24
25319.25404867065,28
25324.25439508097,21
25329.254741491295,13
25334.25508790162,15
25339.25543431194,24
25344.255780722266,22
25349.25612713259,25
25354.25647354291,28
25359.256819953232,32
25364.257166363557,22
25369.257512773882,20
25374.257859184203,20
25379.258205594524,23
25384.25855200485,18
25389.258898415173,12
25394.259244825495,19
25399.259591235816,17
25404.259937646144,15
25409.260284056465,23
25414.260630466786,19
25419.26097687711,15
25424.261323287436,15
25429.261669697757,28
25434.262016108078,23
25439.262362518402,26
25444.262708928727,20
25449.263055339048,21
25454.26340174937,22
25459.263748159694,24
25464.26409457002,25
25469.26444098034,22
25474.264787390664,14
25479.26513380099,31
25484.26548021131,21
25489.26582662163,22
25494.266173031956,23
25499.26651944228,28
25504.2668658526,15
25509.267212262923,25
25514.267558673248,22
25519.267905083572,21
25524.268251493893,26
25529.268597904214,14
25534.268944314543,23
25539.269290724864,22
25544.269637135185,26
25549.26998354551,23
25554.270329955834,33
25559.270676366155,21
25564.271022776476,13
25569.2713691868,16
25574.271715597126,14
25579.272062007447,16
25584.272408417768,22
25589.272754828093,15
25594.273101238417,27
25599.27344764874,24
25604.27379405906,20
25609.274140469388,19
25614.27448687971,17
25619.27483329003,19
25624.275179700355,14
25629.27552611068,31
25634.275872521,26
25639.27621893132,21
25644.276565341646,24
25649.27691175197,20
25654.277258162292,23
25659.277604572613,24
25664.277950982938,22
25669.278297393263,27
25674.278643803584,19
25679.27899021391,30
25684.279336624233,19
25689.279683034554,28
25694.280029444875,24
25699.2803758552,23
25704.280722265525,19
25709.281068675846,22
25714.281415086167,22
25719.28176149649,20
25724.282107906816,20
25729.282454317137,21
25734.28280072746,20
25739.283147137787,26
25744.283493548108,15
25749.28383995843,30
25754.284186368754,24
25759.28453277908,25
25764.2848791894,26
25769.28522559972,23
25774.285572010045,24
25779.28591842037,22
25784.28626483069,15
25789.286611241012,24
25794.286957651337,19
25799.28730406166,24
25804.287650471982,21
25809.287996882307,19
25814.288343292632,27
25819.288689702953,27
25824.289036113274,18
25829.2893825236,23
25834.289728933923,17
25839.290075344245,13
25844.290421754566,25
25849.29076816489,31
25854.291114575215,24
25859.291460985536,21
25864.291807395857,24
25869.292153806186,27
25874.292500216507,10
25879.292846626828,27
25884.293193037152,31
25889.293539447477,19
25894.293885857798,16
25899.29423226812,24
25904.294578678444,15
25909.29492508877,26
25914.29527149909,22
25919.29561790941,17
25924.295964319736,15
25929.29631073006,23
25934.29665714038,33
25939.297003550706,24
25944.29734996103,19
25949.29769637135,24
25954.298042781673,25
25959.298389191998,26
25964.298735602322,24
25969.299082012643,20
25974.299428422964,24
25979.29977483329,13
25984.300121243614,24
25989.300467653935,23
25994.300814064256,17
25999.301160474584,12
26004.301506884905,24
26009.301853295226,21
26014.30219970555,23
26019.302546115876,17
26024.302892526197,21
26029.303238936518,34
26034.303585346843,32
26039.303931757167,17
26044.30427816749,23
26049.30462457781,23
26054.304970988134,18
26059.30531739846,21
26064.30566380878,21
26069.3060102191,20
26074.30635662943,19
26079.30670303975,26
26084.30704945007,29
26089.307395860396,21
26094.30774227072,27
26099.308088681042,24
26104.308435091363,20
26109.308781501688,17
26114.309127912013,22
26119.309474322334,20
26124.309820732655,16
26129.31016714298,24
26134.310513553304,16
26139.310859963625,17
26144.31120637395,27
26149.311552784275,24
26154.311899194596,16
26159.312245604917,20
26164.31259201524,20
26169.312938425566,19
26174.313284835887,19
26179.31363124621,17
26184.313977656533,17
26189.314324066858,22
26194.31467047718,21
26199.3150168875,20
26204.31536329783,30
26209.31570970815,19
26214.31605611847,30
26219.316402528795,27
26224.31674893912,15
26229.31709534944,22
26234.317441759762,16
26239.317788170087,21
26244.31813458041,23
26249.318480990732,18
26254.318827401054,16
26259.31917381138,18
26264.319520221703,19
26269.319866632024,15
26274.32021304235,23
26279.320559452673,21
26284.320905862995,30
26289.321252273316,27
26294.32159868364,24
26299.321945093965,21
26304.322291504286,27
26309.322637914607,17
26314.322984324932,23
26319.323330735257,21
26324.323677145578,13
26329.3240235559,11
26334.324369966227,21
26339.324716376548,15
26344.32506278687,23
26349.325409197194,23
26354.32575560752,28
26359.32610201784,25
26364.32644842816,27
26369.326794838486,18
26374.32714124881,24
26379.32748765913,23
26384.327834069452,24
26389.328180479777,14
26394.3285268901,19
26399.328873300423,29
26404.329219710748,23
26409.329566121072,24
26414.329912531393,18
26419.330258941714,24
26424.33060535204,25
26429.330951762364,24
26434.331298172685,29
26439.331644583006,29
26444.33199099333,16
26449.332337403655,25
26454.332683813976,19
26459.333030224298,25
26464.333376634626,19
26469.333723044947,22
26474.334069455268,20
26479.334415865593,26
26484.334762275917,21
26489.33510868624,21
26494.33545509656,20
26499.335801506884,19
26504.33614791721,24
26509.33649432753,25
26514.33684073785,26
26519.337187148176,23
26524.3375335585,21
26529.33787996882,24
26534.338226379143,21
26539.33857278947,24
26544.338919199792,25
26549.339265610113,22
26554.339612020438,25
26559.339958430763,28
26564.340304841084,20
26569.340651251405,10
26574.34099766173,14
26579.341344072054,19
26584.341690482375,19
26589.342036892696,25
26594.34238330302,16
26599.342729713346,20
26604.343076123667,21
26609.34342253399,18
26614.343768944316,16
26619.344115354637,16
26624.34446176496,18
26629.344808175283,26
26634.345154585608,21
26639.34550099593,18
26644.34584740625,12
26649.346193816575,27
26654.3465402269,24
26659.34688663722,24
26664.34723304754,17
26669.34757945787,28
26674.34792586819,22
26679.348272278512,23
26684.348618688837,21
26689.34896509916,23
26694.349311509483,33
26699.349657919804,19
26704.35000433013,13
26709.350350740453,17
26714.350697150774,26
26719.351043561095,19
26724.35138997142,27
26729.351736381745,28
26734.352082792066,22
26739.35242920239,20
26744.352775612715,20
26749.353122023036,18
26754.353468433357,19
26759.353814843682,23
26764.354161254007,25
26769.354507664328,17
26774.35485407465,18
26779.355200484973,20
26784.355546895298,21
26789.35589330562,22
26794.35623971594,24
26799.35658612627,21
26804.35693253659,30
26809.35727894691,27
26814.357625357236,29
26819.35797176756,26
26824.35831817788,19
26829.358664588202,28
26834.359010998527,19
26839.35935740885,15
26844.359703819173,24
26849.360050229494,11
26854.36039663982,18
26859.360743050143,25
26864.361089460464,24
26869.36143587079,20
26874.361782281114,22
26879.362128691435,20
26884.362475101756,24
26889.36282151208,15
26894.363167922405,27
26899.363514332726,24
26904.363860743048,30
26909.364207153372,30
26914.364553563697,20
26919.364899974018,21
26924.36524638434,21
26929.365592794667,26
26934.36593920499,24
26939.36628561531,33
26944.366632025634,23
26949.36697843596,22
26954.36732484628,15
26959.3676712566,24
26964.368017666926,22
26969.36836407725,33
26974.36871048757,31
26979.369056897893,23
26984.369403308217,19
26989.369749718542,22
26994.370096128863,15
26999.370442539184,21
27004.370788949513,19
27009.371135359834,26
27014.371481770155,14
27019.37182818048,21
27024.372174590804,19
27029.372521001125,26
27034.372867411446,22
27039.37321382177,26
27044.373560232096,29
27049.373906642417,21
27054.374253052738,23
27059.374599463063,24
27064.374945873387,15
27069.37529228371,23
27074.375638694033,9
27079.375985104358,26
27084.37633151468,17
27089.376677925,15
27094.377024335325,22
27099.37737074565,28
27104.37771715597,25
27109.37806356629,20
27114.378409976616,19
27119.37875638694,24
27124.379102797262,26
27129.379449207583,27
27134.37979561791,25
27139.380142028233,20
27144.380488438554,29
27149.38083484888,16
27154.381181259203,17
27159.381527669524,14
27164.381874079845,31
27169.38222049017,22
27174.382566900495,9
27179.382913310816,17
27184.383259721137,26
27189.38360613146,25
27194.383952541786,21
27199.384298952107,18
27204.384645362432,16
27209.384991772757,15
27214.385338183078,23
27219.3856845934,16
27224.386031003723,17
27229.38637741405,27
27234.38672382437,23
27239.38707023469,18
27244.387416645015,12
27249.38776305534,10
27254.38810946566,21
27259.388455875982,17
27264.38880228631,28
27269.38914869663,20
27274.389495106952,22
27279.389841517277,20
27284.3901879276,27
27289.390534337923,28
27294.390880748244,19
27299.39122715857,20
27304.391573568893,20
27309.391919979214,17
27314.392266389536,30
27319.39261279986,16
27324.392959210185,20
27329.393305620506,16
27334.39365203083,23
27339.393998441155,21
27344.394344851476,21
27349.394691261798,24
27354.395037672122,27
27359.395384082447,19
27364.395730492768,25
27369.39607690309,28
27374.396423313414,23
27379.39676972374,24
27384.39711613406,16
27389.39746254438,19
27394.397808954705,20
27399.39815536503,12
27404.39850177535,25
27409.398848185676,22
27414.399194596,22
27419.39954100632,16
27424.399887416643,11
27429.400233826967,25
27434.400580237292,19
27439.400926647613,23
27444.401273057934,14
27449.40161946826,22
27454.401965878584,19
27459.402312288905,14
27464.402658699226,24
27469.403005109554,30
27474.403351519875,29
27479.403697930196,16
27484.40404434052,22
27489.404390750846,27
27494.404737161167,25
27499.405083571488,21
27504.405429981813,16
27509.405776392137,16
27514.40612280246,20
27519.40646921278,18
27524.406815623104,18
27529.40716203343,15
27534.40750844375,17
27539.407854854075,16
27544.4082012644,27
27549.40854767472,19
27554.40889408504,23
27559.409240495366,16
27564.40958690569,20
27569.409933316012,31
27574.410279726333,24
27579.410626136658,19
27584.410972546983,30
27589.411318957304,19
27594.411665367625,11
27599.412011777953,19
27604.412358188274,20
27609.412704598595,24
27614.41305100892,24
27619.413397419245,26
27624.413743829566,24
27629.414090239887,21
27634.41443665021,21
27639.414783060536,18
27644.415129470857,23
27649.41547588118,18
27654.415822291503,21
27659.416168701828,20
27664.41651511215,21
27669.416861522473,21
27674.4172079328,16
27679.41755434312,20
27684.41790075344,16
27689.418247163765,19
27694.41859357409,23
27699.41893998441,15
27704.419286394732,15
27709.419632805057,16
27714.41997921538,21
27719.420325625702,17
27724.420672036023,18
27729.42101844635,21
27734.421364856673,26
27739.421711266994,23
27744.42205767732,19
27749.422404087643,23
27754.422750497964,15
27759.423096908286,25
27764.42344331861,24
27769.423789728935,23
27774.424136139256,18
27779.424482549577,14
27784.4248289599,19
27789.425175370226,12
27794.425521780548,23
27799.425868190872,22
27804.426214601197,16
27809.426561011518,18
27814.42690742184,19
27819.427253832164,21
27824.42760024249,10
27829.42794665281,19
27834.42829306313,17
27839.428639473455,24
27844.42898588378,28
27849.4293322941,10
27854.429678704422,16
27859.430025114747,22
27864.43037152507,16
27869.430717935393,20
27874.431064345717,21
27879.431410756042,21
27884.431757166363,29
27889.432103576684,17
27894.43244998701,20
27899.432796397334,18
27904.433142807655,25
27909.433489217976,18
27914.4338356283,15
27919.434182038625,21
27924.434528448946,21
27929.434874859267,16
27934.435221269596,28
27939.435567679917,17
27944.435914090238,20
27949.436260500563,23
27954.436606910887,14
27959.43695332121,27
27964.43729973153,17
27969.437646141854,18
27974.43799255218,13
27979.4383389625,17
27984.43868537282,16
27989.439031783146,20
27994.43937819347,21
27999.43972460379,17
28004.440071014116,14
28009.44041742444,22
28014.440763834762,13
28019.441110245083,15
28024.441456655408,18
28029.441803065733,32
28034.442149476054,22
28039.442495886375,21
28044.4428422967,16
28049.443188707024,25
28054.443535117345,17
28059.443881527666,22
28064.444227937995,24
28069.444574348316,17
28074.444920758637,18
28079.44526716896,17
28084.445613579286,22
28089.445959989607,21
28094.44630639993,18
28099.446652810253,23
28104.446999220578,19
28109.4473456309,19
28114.44769204122,25
28119.448038451545,19
28124.44838486187,19
28129.44873127219,20
28134.449077682515,16
28139.44942409284,21
28144.44977050316,22
28149.450116913482,30
28154.450463323807,21
28159.45080973413,15
28164.451156144452,14
28169.451502554773,24
28174.451848965098,26
28179.452195375423,19
28184.452541785744,23
28189.452888196065,29
28194.453234606393,16
28199.453581016714,14
28204.453927427036,16
28209.45427383736,24
28214.454620247685,21
28219.454966658006,22
28224.455313068327,28
28229.45565947865,21
28234.456005888977,21
28239.456352299298,26
28244.45669870962,19
28249.457045119943,27
28254.457391530268,14
28259.45773794059,18
28264.458084350914,17
28269.45843076124,20
28274.45877717156,25
28279.45912358188,26
28284.459469992205,26
28289.45981640253,18
28294.46016281285,17
28299.460509223172,18
28304.460855633497,19
28309.46120204382,19
28314.461548454143,12
28319.461894864464,23
28324.46224127479,15
28329.462587685113,21
28334.462934095434,12
28339.46328050576,22
28344.463626916084,18
28349.463973326405,27
28354.464319736726,18
28359.46466614705,19
28364.465012557375,18
28369.465358967696,25
28374.465705378017,19
28379.466051788342,17
28384.466398198667,16
28389.466744608988,18
28394.46709101931,18
28399.467437429637,25
28404.46778383996,19
28409.46813025028,18
28414.468476660604,23
28419.46882307093,16
28424.46916948125,19
28429.46951589157,21
28434.469862301896,18
28439.47020871222,7
28444.47055512254,26
28449.470901532863,25
28454.471247943187,19
28459.471594353512,20
28464.471940763833,17
28469.472287174158,37
28474.472633584483,24
28479.472979994804,25
28484.473326405125,24
28489.47367281545,22
28494.474019225774,17
28499.474365636095,23
28504.474712046416,20
28509.47505845674,23
28514.475404867066,21
28519.475751277387,23
28524.476097687708,20
28529.476444098036,18
28534.476790508357,10
28539.47713691868,23
28544.477483329003,27
28549.477829739328,20
28554.47817614965,20
28559.47852255997,24
28564.478868970295,18
28569.47921538062,11
28574.47956179094,19
28579.47990820126,12
28584.480254611586,11
28589.48060102191,19
28594.480947432232,18
28599.481293842557,19
28604.48164025288,20
28609.481986663202,19
28614.482333073523,20
28619.48267948385,22
28624.483025894173,14
28629.483372304494,26
28634.483718714815,17
28639.48406512514,17
28644.484411535464,27
28649.484757945786,16
28654.485104356107,15
28659.485450766435,26
28664.485797176756,19
28669.486143587077,16
28674.4864899974,17
28679.486836407727,19
28684.487182818048,16
28689.48752922837,16
28694.487875638693,23
28699.488222049018,14
28704.48856845934,22
28709.48891486966,17
28714.489261279985,11
28719.48960769031,17
28724.48995410063,13
28729.49030051095,26
28734.49064692128,18
28739.4909933316,24
28744.491339741922,15
28749.491686152247,15
28754.49203256257,18
28759.492378972893,24
28764.492725383214,20
28769.49307179354,19
28774.493418203863,18
28779.493764614184,20
28784.494111024505,21
28789.49445743483,19
28794.494803845155,17
28799.495150255476,24
28804.4954966658,19
28809.495843076125,18
28814.496189486446,22
28819.496535896767,15
28824.496882307092,13
28829.497228717417,19
28834.497575127738,23
28839.49792153806,14
28844.498267948384,27
28849.49861435871,17
28854.49896076903,19
28859.49930717935,21
28864.49965358968,15
28869.5,22
28874.50034641032,10
28879.500692820646,17
28884.50103923097,28
28889.50138564129,21
28894.501732051613,24
28899.502078461937,17
28904.502424872262,17
28909.502771282583,15
28914.503117692904,19
28919.50346410323,19
28924.503810513554,18
28929.504156923875,7
28934.5045033342,18
28939.504849744524,16
28944.505196154845,16
28949.505542565166,17
28954.50588897549,23
28959.506235385816,17
28964.506581796137,18
28969.506928206458,13
28974.507274616783,25
28979.507621027107,15
28984.50796743743,26
28989.50831384775,22
28994.508660258078,22
28999.5090066684,15
29004.50935307872,25
29009.509699489045,11
29014.51004589937,17
29019.51039230969,15
29024.51073872001,24
29029.511085130336,26
29034.51143154066,30
29039.511777950982,23
29044.512124361303,28
29049.512470771628,19
29054.512817181952,19
29059.513163592273,28
29064.5135100026,13
29069.513856412923,20
29074.514202823244,23
29079.514549233565,15
29084.51489564389,19
29089.515242054214,26
29094.515588464536,18
29099.515934874857,14
29104.51628128518,17
29109.516627695506,15
29114.516974105827,17
29119.517320516148,17
29124.517666926477,24
29129.518013336798,22
29134.51835974712,14
29139.518706157443,26
29144.519052567768,10
29149.51939897809,16
29154.51974538841,22
29159.520091798735,20
29164.52043820906,16
29169.52078461938,17
29174.5211310297,20
29179.521477440027,20
29184.52182385035,17
29189.522170260672,20
29194.522516670993,20
29199.52286308132,11
29204.523209491643,18
29209.523555901964,12
29214.52390231229,27
29219.524248722613,21
29224.524595132934,22
29229.524941543255,23
29234.52528795358,21
29239.525634363905,16
29244.525980774226,30
29249.526327184547,18
29254.52667359487,15
29259.527020005196,22
29264.527366415517,14
29269.527712825842,28
29274.528059236167,17
29279.528405646488,15
29284.52875205681,13
29289.529098467134,22
29294.52944487746,23
29299.52979128778,16
29304.5301376981,22
29309.530484108425,11
29314.53083051875,18
29319.53117692907,23
29324.531523339392,17
29329.53186974972,16
29334.53221616004,21
29339.532562570363,17
29344.532908980687,19
29349.533255391012,18
29354.533601801333,16
29359.533948211654,18
29364.53429462198,21
29369.534641032304,18
29374.534987442625,24
29379.535333852946,27
29384.53568026327,15
29389.536026673595,21
29394.536373083916,13
29399.53671949424,12
29404.537065904566,24
29409.537412314887,12
29414.537758725208,26
29419.538105135533,15
29424.538451545857,10
29429.53879795618,20
29434.5391443665,20
29439.539490776824,20
29444.53983718715,17
29449.54018359747,21
29454.54053000779,16
29459.54087641812,13
29464.54122282844,10
29469.54156923876,15
29474.541915649086,22
29479.54226205941,16
29484.542608469732,18
29489.542954880053,13
29494.543301290378,24
29499.543647700702,28
29504.543994111023,15
29509.544340521345,21
29514.54468693167,20
29519.545033341994,20
29524.545379752315,21
29529.54572616264,21
29534.546072572964,19
29539.546418983286,19
29544.546765393607,16
29549.54711180393,14
29554.547458214256,20
29559.547804624577,23
29564.5481510349,13
29569.548497445223,18
29574.548843855548,23
29579.54919026587,18
29584.54953667619,12
29589.549883086518,15
29594.55022949684,21
29599.55057590716,19
29604.550922317485,22
29609.55126872781,17
29614.55161513813,15
29619.55196154845,19
29624.552307958777,21
29629.5526543691,16
29634.553000779422,13
29639.553347189743,16
29644.553693600068,22
29649.554040010393,20
29654.554386420714,11
29659.554732831035,21
29664.555079241363,19
29669.555425651684,18
29674.555772062005,15
29679.55611847233,22
29684.556464882655,20
29689.556811292976,21
29694.557157703297,22
29699.55750411362,23
29704.557850523946,18
29709.558196934267,15
29714.55854334459,19
29719.558889754913,21
29724.559236165238,31
29729.55958257556,16
29734.559928985884,19
29739.56027539621,16
29744.56062180653,13
29749.56096821685,29
29754.561314627175,22
29759.5616610375,21
29764.56200744782,18
29769.562353858142,15
29774.562700268467,15
29779.56304667879,12
29784.563393089113,16
29789.563739499434,18
29794.564085909762,16
29799.564432320083,25
29804.564778730404,15
29809.56512514073,13
29814.565471551054,23
29819.565817961375,23
29824.566164371696,27
29829.56651078202,18
29834.566857192345,21
29839.567203602666,20
29844.567550012987,23
29849.567896423312,15
29854.568242833637,25
29859.568589243958,18
29864.568935654283,29
29869.569282064607,25
29874.56962847493,13
29879.56997488525,24
29884.570321295574,23
29889.5706677059,14
29894.57101411622,19
29899.57136052654,15
29904.571706936866,14
29909.57205334719,23
29914.57239975751,19
29919.572746167833,17
29924.57309257816,19
29929.573438988482,18
29934.573785398803,13
29939.574131809128,20
29944.574478219452,20
29949.574824629774,15
29954.575171040095,19
29959.57551745042,12
29964.575863860744,16
29969.576210271065,18
29974.576556681386,23
29979.57690309171,21
29984.577249502036,21
29989.577595912357,18
29994.57794232268,20
29999.578288733006,17
30004.578635143327,13
30009.57898155365,15
30014.579327963973,25
30019.579674374298,23
30024.58002078462,21
30029.58036719494,21
30034.580713605264,20
30039.58106001559,18
30044.58140642591,20
30049.58175283623,22
30054.582099246556,21
30059.58244565688,10
30064.5827920672,17
30069.583138477527,18
30074.58348488785,16
30079.583831298172,15
30084.584177708493,23
30089.584524118818,15
30094.584870529143,15
30099.585216939464,15
30104.585563349785,16
30109.58590976011,15
30114.586256170434,20
30119.586602580755,22
30124.586948991076,18
30129.587295401405,23
30134.587641811726,13
30139.587988222047,17
30144.58833463237,19
30149.588681042696,17
30154.589027453017,8
30159.58937386334,18
30164.589720273663,22
30169.590066683988,16
30174.59041309431,14
30179.59075950463,18
30184.591105914955,17
30189.59145232528,13
30194.5917987356,15
30199.592145145925,16
30204.59249155625,12
30209.59283796657,17
30214.593184376892,22
30219.593530787217,12
30224.59387719754,16
30229.594223607863,17
30234.594570018184,14
30239.59491642851,24
30244.595262838833,15
30249.595609249154,18
30254.595955659475,12
30259.596302069804,19
30264.596648480125,22
30269.596994890446,20
30274.59734130077,17
30279.597687711095,17
30284.598034121416,16
30289.598380531737,14
30294.598726942062,25
30299.599073352387,19
30304.599419762708,17
30309.59976617303,17
30314.600112583354,21
30319.60045899368,18
30324.600805404,15
30329.601151814324,20
30334.60149822465,15
30339.60184463497,14
30344.60219104529,15
30349.602537455616,21
30354.60288386594,12
30359.60323027626,12
30364.603576686583,23
30369.603923096907,15
30374.604269507232,15
30379.604615917553,19
30384.604962327874,18
30389.605308738202,12
30394.605655148524,12
30399.606001558845,12
30404.60634796917,15
30409.606694379494,18
30414.607040789815,11
30419.607387200136,24
30424.60773361046,14
30429.608080020786,10
30434.608426431107,15
30439.608772841428,16
30444.609119251752,16
30449.609465662077,17
30454.6098120724,19
30459.610158482723,19
30464.610504893048,14
30469.61085130337,20
30474.61119771369,16
30479.611544124014,14
30484.61189053434,14
30489.61223694466,16
30494.61258335498,17
30499.612929765306,13
30504.61327617563,9
30509.61362258595,18
30514.613968996273,14
30519.614315406598,12
30524.614661816922,10
30529.615008227243,15
30534.615354637568,24
30539.615701047893,18
30544.616047458214,18
30549.616393868535,15
30554.61674027886,13
30559.617086689184,16
30564.617433099505,10
30569.617779509827,15
30574.61812592015,13
30579.618472330476,15
30584.618818740797,19
30589.619165151118,13
30594.619511561446,18
30599.619857971767,28
30604.62020438209,10
30609.620550792413,15
30614.620897202738,15
30619.62124361306,15
30624.62159002338,21
30629.621936433705,17
30634.62228284403,11
30639.62262925435,20
30644.62297566467,16
30649.623322074996,16
30654.62366848532,18
30659.624014895642,20
30664.624361305967,15
30669.62470771629,18
30674.625054126613,21
30679.625400536934,13
30684.62574694726,14
30689.626093357583,14
30694.626439767904,20
30699.626786178225,18
30704.62713258855,22
30709.627478998875,18
30714.627825409196,11
30719.628171819517,16
30724.628518229845,14
30729.628864640166,15
30734.629211050487,18
30739.629557460812,11
30744.629903871137,14
30749.630250281458,25
30754.63059669178,20
30759.630943102104,14
30764.63128951243,23
30769.63163592275,15
30774.63198233307,17
30779.632328743395,11
30784.63267515372,16
30789.63302156404,19
30794.633367974366,23
30799.63371438469,10
30804.63406079501,11
30809.634407205333,18
30814.634753615657,15
30819.635100025982,17
30824.635446436303,12
30829.635792846624,15
30834.63613925695,25
30839.636485667274,16
30844.636832077595,19
30849.637178487916,16
30854.637524898244,17
30859.637871308565,19
30864.638217718886,13
30869.63856412921,15
30874.638910539536,14
30879.639256949857,14
30884.639603360178,20
30889.639949770502,14
30894.640296180827,9
30899.64064259115,16
30904.64098900147,21
30909.641335411794,23
30914.64168182212,16
30919.64202823244,15
30924.642374642764,21
30929.64272105309,15
30934.64306746341,11
30939.64341387373,9
30944.643760284056,9
30949.64410669438,12
30954.644453104702,18
30959.644799515023,21
30964.645145925348,17
30969.645492335672,16
30974.645838745993,17
30979.646185156314,21
30984.64653156664,19
30989.646877976964,17
30994.647224387285,16
30999.64757079761,12
31004.647917207934,16
31009.648263618255,20
31014.648610028577,13
31019.6489564389,19
31024.649302849226,11
31029.649649259547,12
31034.649995669868,16
31039.650342080193,19
31044.650688490517,16
31049.65103490084,13
31054.65138131116,12
31059.651727721488,13
31064.65207413181,13
31069.65242054213,15
31074.652766952455,13
31079.65311336278,14
31084.6534597731,15
31089.65380618342,11
31094.654152593746,15
31099.65449900407,12
31104.654845414392,17
31109.655191824713,14
31114.655538235038,18
31119.655884645363,15
31124.656231055684,11
31129.65657746601,18
31134.656923876333,14
31139.657270286654,11
31144.657616696975,14
31149.6579631073,12
31154.658309517625,13
31159.658655927946,11
31164.659002338267,17
31169.65934874859,13
31174.659695158916,10
31179.660041569237,13
31184.66038797956,10
31189.660734389887,11
31194.661080800208,16
31199.66142721053,14
31204.661773620854,10
31209.66212003118,9
31214.6624664415,16
31219.66281285182,17
31224.663159262145,7
31229.66350567247,6
31234.66385208279,15
31239.664198493112,15
31244.664544903437,14
31249.66489131376,11
31254.665237724083,10
31259.665584134407,12
31264.665930544732,12
31269.666276955053,12
31274.666623365374,15
31279.6669697757,11
31284.667316186024,11
31289.667662596345,18
31294.668009006666,12
31299.66835541699,12
31304.668701827315,13
31309.669048237636,15
31314.669394647957,16
31319.669741058286,8
31324.670087468607,11
31329.670433878928,15
31334.670780289252,11
31339.671126699577,14
31344.6714731099,10
31349.67181952022,11
31354.672165930544,12
31359.67251234087,13
31364.67285875119,15
31369.67320516151,16
31374.673551571836,14
31379.67389798216,14
31384.67424439248,11
31389.674590802806,12
31394.67493721313,10
31399.675283623452,10
31404.675630033773,19
31409.675976444098,8
31414.676322854422,13
31419.676669264743,15
31424.677015675064,8
31429.67736208539,18
31434.677708495714,7
31439.678054906035,14
31444.678401316356,15
31449.67874772668,10
31454.679094137005,13
31459.679440547327,9
31464.67978695765,9
31469.680133367976,12
31474.680479778297,7
31479.680826188618,14
31484.681172598943,13
31489.681519009268,15
31494.68186541959,20
31499.68221182991,16
31504.682558240234,16
31509.68290465056,11
31514.68325106088,14
31519.6835974712,10
31524.68394388153,17
31529.68429029185,16
31534.68463670217,6
31539.684983112496,12
31544.68532952282,11
31549.685675933142,15
31554.686022343463,5
31559.686368753788,12
31564.686715164113,10
31569.687061574434,13
31574.687407984755,14
31579.68775439508,9
31584.688100805404,18
31589.688447215725,11
31594.68879362605,15
31599.689140036375,11
31604.689486446696,13
31609.689832857017,15
31614.69017926734,16
31619.690525677666,16
31624.690872087987,10
31629.69121849831,16
31634.691564908633,14
31639.691911318958,9
31644.69225772928,15
31649.6926041396,24
31654.69295054993,15
31659.69329696025,13
31664.69364337057,15
31669.693989780895,21
31674.69433619122,13
31679.69468260154,11
31684.695029011862,15
31689.695375422187,12
31694.69572183251,13
31699.696068242833,9
31704.696414653154,14
31709.69676106348,13
31714.697107473803,16
31719.697453884124,11
31724.69780029445,12
31729.698146704774,14
31734.698493115095,16
31739.698839525416,12
31744.69918593574,24
31749.699532346065,17
31754.699878756386,12
31759.700225166707,11
31764.700571577032,10
31769.700917987357,6
31774.701264397678,18
31779.701610808,11
31784.701957218327,9
31789.70230362865,10
31794.70265003897,19
31799.702996449294,10
31804.70334285962,7
31809.70368926994,13
31814.70403568026,8
31819.704382090586,12
31824.70472850091,12
31829.70507491123,13
31834.705421321552,8
31839.705767731877,12
31844.706114142202,20
31849.706460552523,10
31854.706806962844,8
31859.707153373172,9
31864.707499783493,7
31869.707846193814,12
31874.70819260414,18
31879.708539014464,14
31884.708885424785,18
31889.709231835106,8
31894.70957824543,12
31899.709924655755,21
31904.710271066077,13
31909.710617476398,7
31914.710963886722,7
31919.711310297047,15
31924.711656707368,10
31929.712003117693,18
31934.712349528018,13
31939.71269593834,13
31944.71304234866,12
31949.713388758984,5
31954.71373516931,14
31959.71408157963,11
31964.71442798995,17
31969.714774400276,17
31974.7151208106,10
31979.71546722092,11
31984.715813631243,13
31989.71616004157,9
31994.716506451892,8
31999.716852862213,10
32004.717199272538,5
32009.717545682863,10
32014.717892093184,12
32019.718238503505,14
32024.71858491383,14
32029.718931324154,13
32034.719277734475,12
32039.719624144796,9
32044.71997055512,12
32049.720316965446,13
32054.720663375767,16
32059.72100978609,4
32064.721356196416,12
32069.721702606737,13
32074.72204901706,11
32079.722395427383,10
32084.722741837708,9
32089.72308824803,12
32094.72343465835,12
32099.723781068675,8
32104.724127479,14
32109.72447388932,6
32114.72482029964,10
32119.72516670997,12
32124.72551312029,12
32129.725859530612,9
32134.726205940937,15
32139.72655235126,18
32144.726898761583,14
32149.727245171904,13
32154.72759158223,10
32159.727937992553,9
32164.728284402874,12
32169.728630813195,18
32174.72897722352,11
32179.729323633845,7
32184.729670044166,8
32189.73001645449,8
32194.730362864815,10
32199.730709275136,9
32204.731055685457,12
32209.731402095782,8
32214.731748506107,15
32219.732094916428,15
32224.73244132675,6
32229.732787737074,12
32234.7331341474,7
32239.73348055772,11
32244.73382696804,13
32249.73417337837,5
32254.73451978869,11
32259.73486619901,13
32264.735212609336,21
32269.73555901966,8
32274.73590542998,13
32279.736251840302,9
32284.736598250627,13
32289.736944660952,5
32294.737291071273,8
32299.737637481594,10
32304.73798389192,14
32309.738330302243,9
32314.738676712564,15
32319.739023122886,1
32324.739369533214,13
32329.739715943535,8
32334.740062353856,15
32339.74040876418,8
32344.740755174505,17
32349.741101584827,10
32354.741447995148,13
32359.741794405472,9
32364.742140815797,11
32369.742487226118,13
32374.74283363644,8
32379.743180046764,9
32384.74352645709,8
32389.74387286741,13
32394.744219277734,14
32399.74456568806,8
32404.74491209838,5
32409.7452585087,6
32414.745604919026,10
32419.74595132935,6
32424.74629773967,8
32429.746644149993,8
32434.746990560317,15
32439.747336970642,11
32444.747683380963,12
32449.748029791284,13
32454.748376201613,13
32459.748722611934,12
32464.749069022255,5
32469.74941543258,8
32474.749761842904,7
32479.750108253225,10
32484.750454663546,9
32489.75080107387,12
32494.751147484196,11
32499.751493894517,14
32504.751840304838,8
32509.752186715163,8
32514.752533125487,15
32519.75287953581,8
32524.753225946133,16
32529.753572356458,5
32534.75391876678,15
32539.7542651771,10
32544.754611587425,9
32549.75495799775,6
32554.75530440807,11
32559.75565081839,17
32564.755997228716,6
32569.75634363904,11
32574.756690049362,10
32579.757036459683,8
32584.75738287001,12
32589.757729280333,12
32594.758075690654,5
32599.75842210098,13
32604.758768511303,9
32609.759114921624,7
32614.759461331945,9
32619.75980774227,10
32624.760154152595,6
32629.760500562916,12
32634.760846973237,8
32639.76119338356,7
32644.761539793886,14
32649.761886204207,5
32654.762232614532,10
32659.762579024857,10
32664.762925435178,13
32669.7632718455,13
32674.763618255824,7
32679.76396466615,9
32684.76431107647,7
32689.76465748679,8
32694.765003897115,3
32699.76535030744,9
32704.76569671776,6
32709.766043128082,8
32714.76638953841,10
32719.76673594873,7
32724.767082359052,9
32729.767428769377,13
32734.767775179702,13
32739.768121590023,3
32744.768468000344,4
32749.76881441067,10
32754.769160820993,11
32759.769507231314,12
32764.769853641636,13
32769.770200051964,10
32774.770546462285,6
32779.770892872606,7
32784.77123928293,6
32789.771585693255,7
32794.77193210358,6
32799.7722785139,8
32804.772624924226,7
32809.77297133455,9
32814.77331774487,6
32819.77366415519,8
32824.77401056551,10
32829.77435697584,8
32834.77470338616,9
32839.77504979648,9
32844.77539620681,10
32849.77574261713,6
32854.77608902745,8
32859.77643543777,11
32864.7767818481,9
32869.77712825842,10
32874.77747466874,10
32879.77782107907,13
32884.77816748939,15
32889.77851389971,8
32894.778860310034,4
32899.779206720355,16
32904.779553130684,6
32909.779899541005,12
32914.78024595133,6
32919.780592361654,13
32924.780938771975,13
32929.7812851823,10
32934.78163159262,6
32939.781978002946,10
32944.78232441327,7
32949.78267082359,8
32954.783017233916,9
32959.78336364424,7
32964.78371005456,12
32969.78405646488,9
32974.7844028752,9
32979.78474928553,9
32984.78509569585,7
32989.78544210618,10
32994.7857885165,8
32999.78613492682,8
33004.78648133714,10
33009.78682774746,8
33014.78717415779,6
33019.78752056811,8
33024.78786697843,13
33029.78821338876,9
33034.78855979908,11
33039.788906209404,5
33044.789252619725,8
33049.789599030046,8
33054.789945440374,5
33059.790291850695,7
33064.79063826102,9
33069.790984671345,5
33074.791331081666,10
33079.79167749199,13
33084.79202390231,12
33089.792370312636,7
33094.79271672296,10
33099.79306313328,8
33104.79340954361,6
33109.79375595393,12
33114.79410236425,11
33119.79444877457,10
33124.7947951849,3
33129.79514159522,6
33134.79548800554,11
33139.79583441587,7
33144.79618082619,9
33149.79652723651,13
33154.79687364683,4
33159.79722005715,7
33164.79756646748,7
33169.7979128778,11
33174.79825928812,10
33179.79860569845,5
33184.79895210877,10
33189.799298519094,3
33194.799644929415,5
33199.79999133974,5
33204.800337750065,5
33209.800684160386,6
33214.801030570714,11
33219.801376981035,9
33224.801723391356,7
33229.80206980168,4
33234.802416212,3
33239.80276262233,9
33244.80310903265,5
33249.803455442976,6
33254.8038018533,5
33259.80414826362,7
33264.80449467394,7
33269.80484108426,14
33274.80518749459,13
33279.80553390491,8
33284.80588031523,10
33289.80622672556,6
33294.80657313588,18
33299.8069195462,9
33304.80726595652,9
33309.80761236684,9
33314.80795877717,7
33319.80830518749,11
33324.80865159782,8
33329.80899800814,8
33334.80934441846,8
33339.809690828784,11
33344.810037239105,10
33349.810383649434,8
33354.810730059755,5
33359.811076470076,6
33364.811422880404,8
33369.811769290725,8
33374.81211570105,6
33379.81246211137,12
33384.812808521696,11
33389.81315493202,7
33394.81350134234,6
33399.813847752666,8
33404.81419416299,8
33409.81454057331,13
33414.81488698363,8
33419.81523339395,16
33424.81557980428,6
33429.8159262146,9
33434.81627262492,10
33439.81661903525,8
33444.81696544557,6
33449.81731185589,7
33454.81765826621,9
33459.81800467654,7
33464.81835108686,12
33469.81869749718,5
33474.81904390751,9
33479.81939031783,10
33484.819736728154,10
33489.820083138475,6
33494.820429548796,6
33499.820775959124,2
33504.821122369445,7
33509.821468779766,6
33514.821815190095,4
33519.822161600416,5
33524.82250801074,6
33529.82285442106,7
33534.823200831386,7
33539.82354724171,9
33544.82389365203,8
33549.82424006236,10
33554.82458647268,7
33559.824932883,14
33564.82527929332,6
33569.82562570364,2
33574.82597211397,6
33579.82631852429,7
33584.82666493462,6
33589.82701134494,11
33594.82735775526,14
33599.82770416558,6
33604.8280505759,5
33609.82839698623,8
33614.82874339655,12
33619.82908980687,5
33624.8294362172,13
33629.82978262752,12
33634.830129037844,7
33639.830475448165,5
33644.830821858486,11
33649.831168268815,5
33654.831514679136,1
33659.831861089464,6
33664.832207499785,7
33669.832553910106,5
33674.83290032043,6
33679.83324673075,8
33684.83359314108,4
33689.8339395514,4
33694.83428596172,5
33699.83463237205,8
33704.83497878237,7
33709.83532519269,7
33714.83567160301,7
33719.83601801334,9
33724.83636442366,11
33729.83671083398,14
33734.83705724431,7
33739.83740365463,3
33744.83775006495,4
33749.83809647527,8
33754.83844288559,14
33759.83878929592,8
33764.83913570624,8
33769.839482116564,10
33774.83982852689,5
33779.84017493721,6
33784.840521347534,3
33789.840867757855,5
33794.841214168184,8
33799.841560578505,6
33804.841906988826,8
33809.842253399154,2
33814.842599809475,11
33819.8429462198,4
33824.84329263012,5
33829.84363904044,8
33834.84398545077,4
33839.84433186109,7
33844.84467827141,4
33849.84502468174,11
33854.84537109206,8
33859.84571750238,8
33864.8460639127,10
33869.84641032303,3
33874.84675673335,7
33879.84710314367,6
33884.847449554,7
33889.84779596432,4
33894.84814237464,11
33899.84848878496,9
33904.848835195284,8
33909.84918160561,8
33914.84952801593,7
33919.84987442626,2
33924.85022083658,9
33929.850567246904,7
33934.850913657225,6
33939.851260067546,4
33944.851606477874,14
33949.851952888195,9
33954.852299298516,9
33959.852645708845,5
33964.852992119166,7
33969.85333852949,7
33974.85368493981,5
33979.85403135013,12
33984.85437776046,4
33989.85472417078,6
33994.85507058111,4
33999.85541699143,11
34004.85576340175,9
34009.85610981207,8
34014.85645622239,6
34019.85680263272,8
34024.85714904304,1
34029.85749545336,3
34034.85784186369,6
34039.85818827401,4
34044.85853468433,7
34049.85888109465,4
34054.85922750498,11
34059.8595739153,10
34064.85992032562,3
34069.86026673595,9
34074.86061314627,8
34079.860959556594,8
34084.861305966915,10
34089.861652377236,4
34094.861998787565,5
34099.862345197886,4
34104.86269160821,9
34109.863038018535,4
34114.863384428856,9
34119.86373083918,5
34124.8640772495,9
34129.86442365983,9
34134.86477007015,4
34139.86511648047,9
34144.8654628908,8
34149.86580930112,9
34154.86615571144,7
34159.86650212176,9
34164.86684853208,5
34169.86719494241,4
34174.86754135273,2
34179.86788776306,11
34184.86823417338,6
34189.8685805837,2
34194.86892699402,7
34199.86927340434,7
34204.86961981467,3
34209.86996622499,8
34214.870312635314,4
34219.87065904564,7
34224.87100545596,7
34229.871351866284,2
34234.871698276605,8
34239.87204468693,6
34244.872391097255,6
34249.872737507576,9
34254.873083917904,14
34259.873430328225,10
34264.87377673855,4
34269.87412314887,10
34274.87446955919,3
34279.87481596952,6
34284.87516237984,3
34289.87550879016,10
34294.87585520049,5
34299.87620161081,6
34304.87654802113,4
34309.87689443145,6
34314.87724084177,9
34319.8775872521,5
34324.87793366242,9
34329.87828007275,9
34334.87862648307,9
34339.87897289339,10
34344.87931930371,4
34349.879665714034,6
34354.88001212436,6
34359.88035853468,8
34364.880704945004,4
34369.88105135533,5
34374.881397765654,2
34379.881744175975,9
34384.882090586296,10
34389.882436996624,7
34394.882783406945,10
34399.883129817266,10
34404.883476227595,6
34409.883822637916,5
34414.88416904824,10
34419.88451545856,7
34424.88486186888,10
34429.88520827921,5
34434.88555468953,6
34439.88590109985,3
34444.88624751018,8
34449.8865939205,6
34454.88694033082,1
34459.88728674114,4
34464.88763315147,8
34469.88797956179,4
34474.88832597211,5
34479.88867238244,4
34484.88901879276,3
34489.88936520308,8
34494.8897116134,6
34499.890058023724,4
34504.89040443405,8
34509.89075084437,6
34514.8910972547,4
34519.89144366502,8
34524.891790075344,11
34529.892136485665,9
34534.892482895986,8
34539.892829306315,6
34544.893175716636,7
34549.89352212696,10
34554.893868537285,10
34559.894214947606,9
34564.89456135793,5
34569.89490776825,4
34574.89525417857,11
34579.8956005889,8
34584.89594699922,4
34589.89629340955,7
34594.89663981987,7
34599.89698623019,9
34604.89733264051,4
34609.89767905083,2
34614.89802546116,8
34619.89837187148,6
34624.8987182818,3
34629.89906469213,6
34634.89941110245,7
34639.89975751277,6
34644.90010392309,1
34649.90045033342,6
34654.90079674374,4
34659.901143154064,7
34664.90148956439,4
34669.90183597471,7
34674.902182385034,8
34679.902528795355,3
34684.90287520568,2
34689.903221616005,10
34694.903568026326,12
34699.90391443665,3
34704.904260846975,6
34709.9046072573,8
34714.90495366762,7
34719.90530007794,1
34724.90564648827,6
34729.90599289859,12
34734.90633930891,3
34739.90668571924,10
34744.90703212956,9
34749.90737853988,8
34754.9077249502,9
34759.90807136052,12
34764.90841777085,3
34769.90876418117,13
34774.90911059149,6
34779.90945700182,4
34784.90980341214,9
34789.91014982246,5
34794.910496232784,9
34799.91084264311,13
34804.91118905343,7
34809.911535463754,8
34814.91188187408,7
34819.912228284404,5
34824.912574694725,8
34829.912921105046,9
34834.91326751537,11
34839.913613925695,4
34844.913960336016,12
34849.914306746345,4
34854.914653156666,4
34859.91499956699,5
34864.91534597731,9
34869.91569238763,4
34874.91603879796,9
34879.91638520828,3
34884.9167316186,10
34889.91707802893,7
34894.91742443925,3
34899.91777084957,7
34904.91811725989,5
34909.91846367021,12
34914.91881008054,6
34919.91915649086,7
34924.91950290119,14
34929.91984931151,5
34934.92019572183,5
34939.92054213215,4
34944.920888542474,4
34949.9212349528,5
34954.92158136312,3
34959.921927773445,8
34964.92227418377,4
34969.922620594094,10
34974.922967004415,5
34979.923313414736,5
34984.923659825065,9
34989.924006235386,8
34994.92435264571,5
34999.924699056035,3
35004.925045466356,5
35009.92539187668,6
35014.925738287,7
35019.92608469732,2
35024.92643110765,4
35029.92677751797,2
35034.92712392829,8
35039.92747033862,8
35044.92781674894,12
35049.92816315926,9
35054.92850956958,10
35059.92885597991,4
35064.92920239023,3
35069.92954880055,4
35074.92989521088,10
35079.9302416212,5
35084.93058803152,9
35089.93093444184,12
35094.931280852164,7
35099.93162726249,5
35104.931973672814,6
35109.93232008314,8
35114.93266649346,3
35119.933012903784,9
35124.933359314105,6
35129.93370572443,5
35134.934052134755,5
35139.934398545076,6
35144.9347449554,9
35149.935091365725,9
35154.93543777605,8
35159.93578418637,9
35164.93613059669,9
35169.93647700701,10
35174.93682341734,11
35179.93716982766,4
35184.93751623799,7
35189.93786264831,5
35194.93820905863,3
35199.93855546895,3
35204.93890187927,5
35209.9392482896,4
35214.93959469992,10
35219.93994111024,9
35224.94028752057,8
35229.94063393089,2
35234.94098034121,7
35239.941326751534,0
35244.941673161855,9
35249.94201957218,8
35254.942365982504,5
35259.94271239283,9
35264.943058803154,5
35269.943405213475,5
35274.943751623796,9
35279.94409803412,7
35284.944444444445,4
35289.944790854766,7
35294.94513726509,0
35299.945483675416,6
35304.94583008574,8
35309.94617649606,7
35314.94652290638,10
35319.94686931671,7
35324.94721572703,6
35329.94756213735,7
35334.94790854768,5
35339.948254958,4
35344.94860136832,4
35349.94894777864,3
35354.94929418896,9
35359.94964059929,5
35364.94998700961,4
35369.95033341993,7
35374.95067983026,5
35379.95102624058,5
35384.9513726509,5
35389.951719061224,8
35394.95206547155,9
35399.95241188187,10
35404.952758292195,6
35409.95310470252,6
35414.953451112844,4
35419.953797523165,12
35424.954143933486,8
35429.95449034381,12
35434.954836754136,6
35439.95518316446,7
35444.955529574785,10
35449.955875985106,5
35454.95622239543,9
35459.95656880575,7
35464.95691521607,5
35469.9572616264,9
35474.95760803672,6
35479.95795444704,8
35484.95830085737,10
35489.95864726769,7
35494.95899367801,4
35499.95934008833,2
35504.95968649865,3
35509.96003290898,6
35514.9603793193,8
35519.96072572963,3
35524.96107213995,6
35529.96141855027,5
35534.96176496059,8
35539.962111370914,6
35544.96245778124,3
35549.962804191564,8
35554.963150601885,7
35559.96349701221,8
35564.963843422534,2
35569.964189832855,6
35574.96453624318,9
35579.964882653505,7
35584.965229063826,7
35589.96557547415,7
35594.965921884475,8
35599.9662682948,5
35604.96661470512,3
35609.96696111544,11
35614.96730752576,9
35619.96765393609,4
35624.96800034641,7
35629.96834675673,4
35634.96869316706,7
35639.96903957738,3
35644.9693859877,6
35649.96973239802,6
35654.97007880835,4
35659.97042521867,9
35664.97077162899,8
35669.97111803932,4
35674.97146444964,6
35679.97181085996,5
35684.972157270284,7
35689.972503680605,6
35694.97285009093,11
35699.973196501254,4
35704.973542911575,4
35709.973889321904,6
35714.974235732225,6
35719.974582142546,6
35724.97492855287,2
35729.975274963195,5
35734.975621373516,9
35739.97596778384,5
35744.976314194166,7
35749.97666060449,4
35754.97700701481,9
35759.97735342513,4
35764.97769983545,9
35769.97804624578,9
35774.9783926561,8
35779.97873906643,6
35784.97908547675,5
35789.97943188707,8
35794.97977829739,1
35799.98012470771,5
35804.98047111804,4
35809.98081752836,3
35814.98116393868,4
35819.98151034901,5
35824.98185675933,5
35829.98220316965,5
35834.982549579974,5
35839.982895990295,6
35844.98324240062,7
35849.983588810945,8
35854.98393522127,9
35859.984281631594,5
35864.984628041915,5
35869.984974452236,3
35874.98532086256,6
35879.985667272886,9
35884.98601368321,8
35889.98636009353,9
35894.986706503856,4
35899.98705291418,1
35904.9873993245,9
35909.98774573482,7
35914.98809214515,2
35919.98843855547,4
35924.98878496579,2
35929.98913137612,12
35934.98947778644,5
35939.98982419676,7
35944.99017060708,12
35949.9905170174,3
35954.99086342773,6
35959.99120983805,9
35964.99155624837,7
35969.9919026587,7
35974.99224906902,12
35979.99259547934,10
35984.992941889665,10
35989.99328829999,7
35994.993634710314,7
35999.993981120635,4
36004.99432753096,9
36009.994673941284,3
36014.995020351605,7
36019.99536676193,3
36024.99571317225,5
36029.996059582576,7
36034.9964059929,4
36039.996752403225,5
36044.99709881355,7
36049.99744522387,6
36054.99779163419,3
36059.99813804451,7
36064.99848445484,5
36069.99883086516,10
36074.99917727548,5
36079.99952368581,5
36084.99987009613,6
36090.00021650645,4
36095.00056291677,9
36100.00090932709,4
36105.00125573742,6
36110.00160214774,6
36115.00194855807,5
36120.00229496839,6
36125.00264137871,4
36130.002987789034,3
36135.003334199355,5
36140.00368060968,5
36145.004027020004,5
36150.004373430325,8
36155.004719840654,8
36160.005066250975,5
36165.005412661296,5
36170.00575907162,1
36175.00610548194,7
36180.006451892266,12
36185.00679830259,5
36190.007144712916,4
36195.00749112324,3
36200.00783753356,5
36205.00818394388,4
36210.0085303542,5
36215.00887676453,5
36220.00922317485,7
36225.00956958517,4
36230.0099159955,6
36235.01026240582,11
36240.01060881614,6
36245.01095522646,8
36250.01130163679,11
36255.01164804711,6
36260.01199445743,3
36265.01234086776,8
36270.01268727808,11
36275.0130336884,7
36280.013380098724,5
36285.013726509045,8
36290.01407291937,5
36295.014419329695,5
36300.014765740016,3
36305.015112150344,2
36310.015458560665,8
36315.015804970986,7
36320.01615138131,3
36325.016497791636,6
36330.01684420196,5
36335.01719061228,6
36340.017537022606,3
36345.01788343293,8
36350.01822984325,4
36355.01857625357,3
36360.01892266389,7
36365.01926907422,6
36370.01961548454,7
36375.01996189487,6
36380.02030830519,7
36385.02065471551,9
36390.02100112583,5
36395.02134753615,3
36400.02169394648,4
36405.0220403568,8
36410.02238676712,3
36415.02273317745,5
36420.02307958777,6
36425.02342599809,7
36430.023772408415,3
36435.024118818736,7
36440.024465229064,4
36445.024811639385,9
36450.02515804971,6
36455.025504460034,5
36460.025850870355,6
36465.02619728068,11
36470.026543691,6
36475.026890101326,6
36480.02723651165,5
36485.02758292197,6
36490.0279293323,4
36495.02827574262,5
36500.02862215294,5
36505.02896856326,6
36510.02931497359,5
36515.02966138391,3
36520.03000779423,12
36525.03035420456,6
36530.03070061488,4
36535.0310470252,7
36540.03139343552,6
36545.03173984584,6
36550.03208625617,4
36555.03243266649,10
36560.03277907681,3
36565.03312548714,7
36570.03347189746,4
36575.033818307784,3
36580.034164718105,7
36585.03451112843,2
36590.034857538754,5
36595.035203949075,7
36600.035550359404,5
36605.035896769725,6
36610.036243180046,3
36615.03658959037,4
36620.03693600069,4
36625.037282411016,6
36630.03762882134,9
36635.03797523166,8
36640.03832164199,3
36645.03866805231,8
36650.03901446263,5
36655.03936087295,6
36660.03970728328,4
36665.0400536936,6
36670.04040010392,9
36675.04074651425,6
36680.04109292457,3
36685.04143933489,11
36690.04178574521,2
36695.04213215553,5
36700.04247856586,10
36705.04282497618,4
36710.04317138651,5
36715.04351779683,3
36720.04386420715,6
36725.044210617474,5
36730.044557027795,3
36735.04490343812,3
36740.045249848445,5
36745.045596258766,6
36750.045942669094,14
36755.046289079415,1
36760.046635489736,6
36765.04698190006,6
36770.04732831038,5
36775.04767472071,3
36780.04802113103,6
36785.048367541356,5
36790.04871395168,10
36795.049060362,6
36800.04940677232,4
36805.04975318264,7
36810.05009959297,8
36815.05044600329,12
36820.05079241361,4
36825.05113882394,4
36830.05148523426,1
36835.05183164458,6
36840.0521780549,7
36845.05252446523,9
36850.05287087555,5
36855.05321728587,4
36860.0535636962,6
36865.05391010652,5
36870.05425651684,8
36875.054602927165,3
36880.054949337486,8
36885.055295747814,1
36890.055642158135,4
36895.055988568456,5
36900.056334978784,3
36905.056681389106,4
36910.05702779943,2
36915.05737420975,6
36920.057720620076,4
36925.0580670304,7
36930.05841344072,3
36935.05875985105,4
36940.05910626137,3
36945.05945267169,5
36950.05979908201,5
36955.06014549233,7
36960.06049190266,3
36965.06083831298,5
36970.0611847233,6
36975.06153113363,6
36980.06187754395,4
36985.06222395427,4
36990.06257036459,5
36995.06291677492,8
37000.06326318524,6
37005.06360959556,3
37010.06395600589,5
37015.06430241621,2
37020.064648826534,7
37025.064995236855,9
37030.065341647176,5
37035.065688057504,5
37040.066034467825,4
37045.066380878154,6
37050.066727288475,7
37055.067073698796,4
37060.06742010912,4
37065.06776651944,3
37070.068112929766,7
37075.06845934009,7
37080.06880575041,6
37085.06915216074,4
37090.06949857106,11
37095.06984498138,2
37100.0701913917,4
37105.07053780202,8
37110.07088421235,7
37115.07123062267,8
37120.071577033,2
37125.07192344332,7
37130.07226985364,4
37135.07261626396,1
37140.07296267428,1
37145.07330908461,4
37150.07365549493,8
37155.074001905254,6
37160.07434831558,7
37165.0746947259,9
37170.075041136224,2
37175.075387546545,6
37180.07573395687,5
37185.076080367195,7
37190.076426777516,5
37195.076773187844,2
37200.077119598165,9
37205.077466008486,3
37210.07781241881,10
37215.07815882913,8
37220.07850523946,3
37225.07885164978,10
37230.0791980601,6
37235.07954447043,3
37240.07989088075,7
37245.08023729107,5
37250.08058370139,8
37255.08093011172,3
37260.08127652204,5
37265.08162293236,3
37270.08196934269,9
37275.08231575301,4
37280.08266216333,3
37285.08300857365,6
37290.08335498397,6
37295.0837013943,5
37300.08404780462,4
37305.08439421495,3
37310.08474062527,8
37315.08508703559,4
37320.085433445915,9
37325.085779856236,1
37330.086126266564,8
37335.086472676885,5
37340.086819087206,5
37345.087165497534,8
37350.087511907856,2
37355.08785831818,2
37360.0882047285,5
37365.08855113882,5
37370.08889754915,5
37375.08924395947,5
37380.0895903698,9
37385.08993678012,7
37390.09028319044,9
37395.09062960076,4
37400.09097601108,7
37405.09132242141,6
37410.09166883173,6
37415.09201524205,10
37420.09236165238,5
37425.0927080627,4
37430.09305447302,9
37435.09340088334,7
37440.093747293664,4
37445.09409370399,5
37450.09444011431,3
37455.09478652464,5
37460.09513293496,4
37465.095479345284,6
37470.095825755605,5
37475.096172165926,4
37480.096518576254,2
37485.096864986575,7
37490.0972113969,4
37495.097557807225,7
37500.097904217546,10
37505.09825062787,2
37510.09859703819,6
37515.09894344852,5
37520.09928985884,5
37525.09963626916,4
37530.09998267949,7
37535.10032908981,6
37540.10067550013,6
37545.10102191045,5
37550.10136832077,3
37555.1017147311,1
37560.10206114142,4
37565.10240755174,4
37570.10275396207,6
37575.10310037239,7
37580.10344678271,4
37585.10379319303,5
37590.10413960336,8
37595.10448601368,6
37600.104832424004,7
37605.10517883433,5
37610.10552524465,1
37615.105871654974,4
37620.106218065295,3
37625.106564475616,4
37630.106910885945,2
37635.107257296266,5
37640.107603706594,2
37645.107950116915,4
37650.108296527236,6
37655.10864293756,5
37660.10898934788,8
37665.10933575821,7
37670.10968216853,3
37675.11002857885,4
37680.11037498918,7
37685.1107213995,7
37690.11106780982,2
37695.11141422014,1
37700.11176063046,4
37705.11210704079,2
37710.11245345111,5
37715.11279986144,4
37720.11314627176,5
37725.11349268208,5
37730.1138390924,2
37735.11418550272,1
37740.11453191305,4
37745.11487832337,10
37750.115224733694,3
37755.11557114402,4
37760.11591755434,8
37765.116263964665,3
37770.116610374986,8
37775.116956785314,4
37780.117303195635,5
37785.117649605956,4
37790.117996016284,2
37795.118342426606,3
37800.11868883693,6
37805.11903524725,7
37810.11938165757,5
37815.1197280679,5
37820.12007447822,6
37825.12042088854,5
37830.12076729887,2
37835.12111370919,9
37840.12146011951,2
37845.12180652983,6
37850.12215294016,5
37855.12249935048,3
37860.1228457608,5
37865.12319217113,6
37870.12353858145,4
37875.12388499177,9
37880.12423140209,7
37885.124577812414,5
37890.12492422274,4
37895.12527063306,5
37900.125617043384,1
37905.12596345371,5
37910.126309864034,6
37915.126656274355,5
37920.127002684676,8
37925.127349095004,5
37930.127695505325,3
37935.12804191565,3
37940.128388325975,4
37945.128734736296,1
37950.12908114662,3
37955.12942755694,2
37960.12977396726,7
37965.13012037759,2
37970.13046678791,5
37975.13081319824,3
37980.13115960856,4
37985.13150601888,7
37990.1318524292,6
37995.13219883952,8
38000.13254524985,6
38005.13289166017,5
38010.13323807049,4
38015.13358448082,5
38020.13393089114,6
38025.13427730146,4
38030.13462371178,1
38035.134970122104,4
38040.13531653243,6
38045.135662942754,3
38050.13600935308,3
38055.1363557634,10
38060.136702173724,4
38065.137048584045,2
38070.137394994366,2
38075.137741404695,8
38080.138087815016,7
38085.13843422534,4
38090.138780635665,5
38095.139127045986,4
38100.13947345631,6
38105.13981986663,4
38110.14016627696,6
38115.14051268728,2
38120.1408590976,5
38125.14120550793,8
38130.14155191825,4
38135.14189832857,4
38140.14224473889,6
38145.14259114921,4
38150.14293755954,5
38155.14328396986,15
38160.14363038018,5
38165.14397679051,7
38170.14432320083,3
38175.14466961115,3
38180.14501602147,2
38185.1453624318,5
38190.14570884212,7
38195.146055252444,6
38200.14640166277,3
38205.14674807309,3
38210.147094483415,5
38215.147440893736,3
38220.14778730406,3
38225.148133714385,3
38230.148480124706,7
38235.148826535034,2
38240.149172945356,5
38245.14951935568,6
38250.149865766,10
38255.15021217632,3
38260.15055858665,4
38265.15090499697,10
38270.15125140729,6
38275.15159781762,2
38280.15194422794,7
38285.15229063826,5
38290.15263704858,8
38295.1529834589,5
38300.15332986923,6
38305.15367627955,6
38310.15402268988,4
38315.1543691002,2
38320.15471551052,2
38325.15506192084,5
38330.155408331164,6
38335.15575474149,5
38340.15610115181,5
38345.156447562134,5
38350.15679397246,9
38355.157140382784,9
38360.157486793105,8
38365.157833203426,2
38370.15817961375,6
38375.158526024075,5
38380.1588724344,8
38385.159218844725,8
38390.159565255046,6
38395.15991166537,3
38400.16025807569,5
38405.16060448601,4
38410.16095089634,3
38415.16129730666,4
38420.16164371698,2
38425.16199012731,6
38430.16233653763,5
38435.16268294795,3
38440.16302935827,4
38445.1633757686,3
38450.16372217892,5
38455.16406858924,3
38460.16441499957,5
38465.16476140989,3
38470.16510782021,2
38475.16545423053,6
38480.165800640854,5
38485.16614705118,3
38490.166493461504,3
38495.166839871825,2
38500.16718628215,3
38505.167532692474,5
38510.167879102795,4
38515.168225513116,7
38520.168571923445,13
38525.168918333766,7
38530.16926474409,8
38535.169611154415,5
38540.169957564736,4
38545.17030397506,7
38550.17065038538,2
38555.1709967957,7
38560.17134320603,4
38565.17168961635,5
38570.17203602668,1
38575.172382437,2
38580.17272884732,3
38585.17307525764,10
38590.17342166796,1
38595.17376807829,3
38600.17411448861,1
38605.17446089893,3
38610.17480730926,3
38615.17515371958,2
38620.1755001299,8
38625.17584654022,8
38630.176192950545,3
38635.17653936087,1
38640.176885771194,4
38645.17723218152,1
38650.17757859184,3
38655.177925002165,3
38660.178271412486,2
38665.17861782281,4
38670.178964233135,7
38675.179310643456,1
38680.17965705378,5
38685.180003464106,2
38690.18034987443,3
38695.18069628475,1
38700.18104269507,6
38705.1813891054,8
38710.18173551572,8
38715.18208192604,6
38720.18242833637,1
38725.18277474669,3
38730.18312115701,10
38735.18346756733,3
38740.18381397765,11
38745.18416038798,4
38750.1845067983,1
38755.18485320862,7
38760.18519961895,5
38765.18554602927,2
38770.18589243959,4
38775.186238849914,3
38780.18658526024,3
38785.18693167056,7
38790.187278080884,2
38795.18762449121,7
38800.187970901534,2
38805.188317311855,5
38810.188663722176,4
38815.1890101325,3
38820.189356542825,4
38825.18970295315,7
38830.19004936347,4
38835.190395773796,5
38840.19074218412,3
38845.19108859444,7
38850.19143500476,4
38855.19178141509,4
38860.19212782541,7
38865.19247423573,0
38870.19282064606,6
38875.19316705638,6
38880.1935134667,2
38885.19385987702,5
38890.19420628734,5
38895.19455269767,1
38900.19489910799,4
38905.19524551832,6
38910.19559192864,3
38915.19593833896,7
38920.19628474928,2
38925.196631159604,6
38930.19697756993,4
38935.197323980254,6
38940.197670390575,3
38945.1980168009,3
38950.198363211224,3
38955.198709621545,3
38960.199056031866,5
38965.19940244219,3
38970.199748852516,3
38975.20009526284,4
38980.200441673165,4
38985.200788083486,7
38990.20113449381,6
38995.20148090413,1
39000.20182731445,4
39005.20217372478,9
39010.2025201351,6
39015.20286654542,1
39020.20321295575,1
39025.20355936607,3
39030.20390577639,4
39035.20425218671,2
39040.20459859704,7
39045.20494500736,4
39050.20529141768,1
39055.20563782801,3
39060.20598423833,1
39065.20633064865,9
39070.20667705897,4
39075.207023469295,9
39080.20736987962,1
39085.207716289944,4
39090.208062700265,5
39095.20840911059,3
39100.208755520915,6
39105.209101931236,4
39110.20944834156,1
39115.209794751885,1
39120.210141162206,2
39125.21048757253,2
39130.210833982856,2
39135.21118039318,8
39140.2115268035,4
39145.21187321382,7
39150.21221962414,3
39155.21256603447,3
39160.21291244479,2
39165.21325885512,11
39170.21360526544,6
39175.21395167576,2
39180.21429808608,1
39185.2146444964,6
39190.21499090673,2
39195.21533731705,3
39200.21568372737,3
39205.2160301377,10
39210.21637654802,4
39215.21672295834,4
39220.217069368664,1
39225.217415778985,3
39230.21776218931,3
39235.218108599634,5
39240.21845500996,7
39245.218801420284,2
39250.219147830605,3
39255.219494240926,3
39260.21984065125,2
39265.220187061575,2
39270.2205334719,3
39275.22087988222,3
39280.221226292546,3
39285.22157270287,0
39290.22191911319,3
39295.22226552351,4
39300.22261193383,6
39305.22295834416,4
39310.22330475448,6
39315.22365116481,2
39320.22399757513,5
39325.22434398545,7
39330.22469039577,6
39335.22503680609,7
39340.22538321642,5
39345.22572962674,3
39350.22607603706,3
39355.22642244739,4
39360.22676885771,4
39365.22711526803,1
39370.227461678354,2
39375.22780808868,4
39380.228154499004,5
39385.228500909325,3
39390.22884731965,4
39395.229193729974,4
39400.229540140295,3
39405.229886550616,2
39410.23023296094,2
39415.230579371266,5
39420.23092578159,6
39425.23127219191,1
39430.231618602236,3
39435.23196501256,3
39440.23231142288,3
39445.2326578332,4
39450.23300424353,2
39455.23335065385,7
39460.23369706417,5
39465.2340434745,3
39470.23438988482,3
39475.23473629514,4
39480.23508270546,6
39485.23542911578,4
39490.23577552611,8
39495.23612193643,3
39500.23646834676,3
39505.23681475708,2
39510.2371611674,6
39515.23750757772,2
39520.237853988045,4
39525.23820039837,7
39530.238546808694,8
39535.238893219015,4
39540.23923962934,3
39545.239586039665,4
39550.239932449986,8
39555.24027886031,5
39560.24062527063,1
39565.240971680956,6
39570.24131809128,4
39575.241664501606,6
39580.24201091193,3
39585.24235732225,3
39590.24270373257,1
39595.24305014289,7
39600.24339655322,1
39605.24374296354,4
39610.24408937386,0
39615.24443578419,2
39620.24478219451,5
39625.24512860483,3
39630.24547501515,3
39635.24582142547,3
39640.2461678358,3
39645.24651424612,4
39650.24686065645,3
39655.24720706677,5
39660.24755347709,2
39665.247899887414,7
39670.248246297735,3
39675.24859270806,5
39680.248939118384,3
39685.249285528706,4
39690.249631939034,3
39695.249978349355,3
39700.250324759676,3
39705.25067117,6
39710.251017580325,3
39715.25136399065,6
39720.25171040097,0
39725.252056811296,2
39730.25240322162,4
39735.25274963194,2
39740.25309604226,2
39745.25344245258,2
39750.25378886291,3
39755.25413527323,1
39760.25448168355,3
39765.25482809388,2
39770.2551745042,3
39775.25552091452,4
39780.25586732484,4
39785.25621373517,6
39790.25656014549,5
39795.25690655581,3
39800.25725296614,5
39805.25759937646,9
39810.25794578678,2
39815.258292197104,2
39820.258638607425,12
39825.258985017754,2
39830.259331428075,5
39835.2596778384,4
39840.260024248724,1
39845.260370659045,6
39850.26071706937,4
39855.26106347969,5
39860.261409890016,2
39865.26175630034,4
39870.26210271066,3
39875.262449120986,6
39880.26279553131,4
39885.26314194163,2
39890.26348835195,4
39895.26383476227,1
39900.2641811726,3
39905.26452758292,6
39910.26487399325,1
39915.26522040357,4
39920.26556681389,11
39925.26591322421,7
39930.26625963453,7
39935.26660604486,5
39940.26695245518,7
39945.2672988655,3
39950.26764527583,5
39955.26799168615,5
39960.26833809647,0
39965.268684506795,2
39970.26903091712,5
39975.269377327444,3
39980.269723737765,4
39985.27007014809,7
39990.270416558415,6
39995.270762968736,4
40000.27110937906,1
40005.27145578938,3
40010.271802199706,4
40015.27214861003,4
40020.27249502035,5
40025.27284143068,4
40030.273187841,6
40035.27353425132,4
40040.27388066164,1
40045.27422707197,2
40050.27457348229,2
40055.27491989261,3
40060.27526630294,2
40065.27561271326,4
40070.27595912358,2
40075.2763055339,4
40080.27665194422,4
40085.27699835455,6
40090.27734476487,8
40095.27769117519,4
40100.27803758552,4
40105.27838399584,2
40110.278730406164,6
40115.279076816485,3
40120.27942322681,3
40125.279769637134,4
40130.280116047456,5
40135.280462457784,3
40140.280808868105,6
40145.281155278426,2
40150.28150168875,3
40155.28184809907,3
40160.2821945094,3
40165.28254091972,6
40170.282887330046,0
40175.28323374037,4
40180.28358015069,3
40185.28392656101,6
40190.28427297133,4
40195.28461938166,4
40200.28496579198,4
40205.2853122023,1
40210.28565861263,5
40215.28600502295,1
40220.28635143327,0
40225.28669784359,2
40230.28704425391,4
40235.28739066424,4
40240.28773707456,5
40245.28808348489,4
40250.28842989521,3
40255.28877630553,1
40260.289122715854,1
40265.289469126175,4
40270.289815536504,5
40275.290161946825,6
40280.290508357146,0
40285.290854767474,2
40290.291201177795,7
40295.29154758812,4
40300.29189399844,3
40305.292240408766,3
40310.29258681909,6
40315.29293322941,6
40320.293279639736,5
40325.29362605006,3
40330.29397246038,2
40335.2943188707,5
40340.29466528102,3
40345.29501169135,3
40350.29535810167,7
40355.29570451199,3
40360.29605092232,4
40365.29639733264,4
40370.29674374296,4
40375.29709015328,4
40380.29743656361,2
40385.29778297393,0
40390.29812938425,4
40395.29847579458,4
40400.2988222049,3
40405.29916861522,2
40410.299515025545,7
40415.299861435866,5
40420.300207846194,3
40425.300554256515,6
40430.30090066684,3
40435.301247077165,2
40440.301593487486,5
40445.30193989781,3
40450.30228630813,2
40455.302632718456,3
40460.30297912878,3
40465.3033255391,4
40470.30367194943,3
40475.30401835975,4
40480.30436477007,2
40485.30471118039,5
40490.30505759071,3
40495.30540400104,3
40500.30575041136,5
40505.30609682169,3
40510.30644323201,3
40515.30678964233,4
40520.30713605265,1
40525.30748246297,6
40530.3078288733,4
40535.30817528362,2
40540.30852169394,0
40545.30886810427,3
40550.30921451459,1
40555.309560924914,7
40560.309907335235,3
40565.310253745556,2
40570.310600155884,2
40575.310946566206,5
40580.311292976534,5
40585.311639386855,3
40590.311985797176,7
40595.3123322075,4
40600.31267861782,4
40605.31302502815,4
40610.31337143847,2
40615.31371784879,6
40620.31406425912,4
40625.31441066944,2
40630.31475707976,2
40635.31510349008,3
40640.31544990041,5
40645.31579631073,1
40650.31614272105,1
40655.31648913138,5
40660.3168355417,2
40665.31718195202,2
40670.31752836234,4
40675.31787477266,4
40680.31822118299,3
40685.31856759331,5
40690.318914003634,2
40695.31926041396,6
40700.31960682428,0
40705.319953234604,2
40710.320299644925,2
40715.320646055254,3
40720.320992465575,3
40725.321338875896,3
40730.321685286224,2
40735.322031696545,3
40740.32237810687,0
40745.32272451719,4
40750.32307092751,3
40755.32341733784,3
40760.32376374816,2
40765.324110158486,3
40770.32445656881,4
40775.32480297913,2
40780.32514938945,3
40785.32549579977,3
40790.3258422101,3
40795.32618862042,5
40800.32653503074,5
40805.32688144107,5
40810.32722785139,2
40815.32757426171,4
40820.32792067203,2
40825.328267082354,3
40830.32861349268,2
40835.328959903,2
40840.32930631333,1
40845.32965272365,1
40850.32999913397,2
40855.330345544295,5
40860.330691954616,1
40865.331038364944,5
40870.331384775265,4
40875.331731185586,5
40880.332077595915,6
40885.332424006236,2
40890.33277041656,4
40895.33311682688,5
40900.333463237206,2
40905.33380964753,3
40910.33415605785,3
40915.33450246818,4
40920.3348488785,2
40925.33519528882,2
40930.33554169914,9
40935.33588810946,4
40940.33623451979,4
40945.33658093011,3
40950.33692734043,2
40955.33727375076,4
40960.33762016108,2
40965.3379665714,1
40970.33831298172,4
40975.33865939205,2
40980.33900580237,2
40985.33935221269,5
40990.33969862302,3
40995.34004503334,1
41000.340391443664,4
41005.340737853985,1
41010.341084264306,5
41015.341430674634,1
41020.341777084956,3
41025.34212349528,3
41030.342469905605,3
41035.342816315926,5
41040.34316272625,3
41045.34350913657,3
41050.3438555469,2
41055.34420195722,1
41060.34454836754,2
41065.34489477787,6
41070.34524118819,2
41075.34558759851,1
41080.34593400883,2
41085.34628041915,2
41090.34662682948,4
41095.3469732398,1
41100.34731965013,3
41105.34766606045,3
41110.34801247077,2
41115.34835888109,4
41120.34870529141,1
41125.34905170174,3
41130.34939811206,1
41135.349744522384,6
41140.35009093271,1
41145.35043734303,1
41150.350783753354,2
41155.351130163675,3
41160.351476574,3
41165.351822984325,3
41170.352169394646,1
41175.352515804974,3
41180.352862215295,1
41185.35320862562,4
41190.35355503594,1
41195.35390144626,2
41200.35424785659,4
41205.35459426691,2
41210.35494067723,5
41215.35528708756,3
41220.35563349788,0
41225.3559799082,2
41230.35632631852,3
41235.35667272885,5
41240.35701913917,3
41245.35736554949,4
41250.35771195982,2
41255.35805837014,1
41260.35840478046,0
41265.35875119078,1
41270.359097601104,4
41275.35944401143,4
41280.35979042175,4
41285.360136832074,2
41290.3604832424,2
41295.36082965272,7
41300.361176063045,2
41305.361522473366,2
41310.361868883694,3
41315.362215294015,2
41320.362561704336,4
41325.362908114665,2
41330.363254524986,4
41335.36360093531,4
41340.36394734563,3
41345.36429375595,0
41350.36464016628,2
41355.3649865766,3
41360.36533298693,4
41365.36567939725,2
41370.36602580757,2
41375.36637221789,4
41380.36671862821,4
41385.36706503854,3
41390.36741144886,3
41395.36775785918,3
41400.36810426951,1
41405.36845067983,5
41410.36879709015,1
41415.36914350047,2
41420.369489910794,1
41425.36983632112,0
41430.37018273144,4
41435.37052914177,0
41440.37087555209,0
41445.371221962414,5
41450.371568372735,4
41455.371914783056,2
41460.372261193384,0
41465.372607603706,5
41470.37295401403,4
41475.373300424355,2
41480.373646834676,6
41485.373993245,1
41490.37433965532,4
41495.37468606564,3
41500.37503247597,3
41505.37537888629,5
41510.37572529662,2
41515.37607170694,6
41520.37641811726,3
41525.37676452758,1
41530.3771109379,3
41535.37745734823,6
41540.37780375855,3
41545.37815016887,3
41550.3784965792,6
41555.37884298952,3
41560.37918939984,1
41565.37953581016,2
41570.37988222049,4
41575.38022863081,0
41580.380575041134,6
41585.38092145146,5
41590.38126786178,4
41595.381614272104,5
41600.381960682425,4
41605.38230709275,2
41610.382653503075,2
41615.382999913396,2
41620.38334632372,1
41625.383692734045,0
41630.38403914437,4
41635.38438555469,2
41640.38473196501,2
41645.38507837534,2
41650.38542478566,2
41655.38577119598,1
41660.38611760631,2
41665.38646401663,2
41670.38681042695,5
41675.38715683727,1
41680.38750324759,3
41685.38784965792,0
41690.38819606824,4
41695.38854247857,2
41700.38888888889,3
41705.38923529921,3
41710.38958170953,5
41715.389928119854,5
41720.39027453018,2
41725.3906209405,2
41730.390967350824,1
41735.39131376115,3
41740.39166017147,5
41745.392006581795,4
41750.392352992116,4
41755.39269940244,4
41760.393045812765,2
41765.393392223086,4
41770.393738633415,2
41775.394085043736,2
41780.39443145406,5
41785.39477786438,0
41790.3951242747,1
41795.39547068503,2
41800.39581709535,5
41805.39616350567,4
41810.396509916,2
41815.39685632632,1
41820.39720273664,2
41825.39754914696,2
41830.39789555729,1
41835.39824196761,1
41840.39858837793,3
41845.39893478826,1
41850.39928119858,2
41855.3996276089,3
41860.39997401922,2
41865.400320429544,3
41870.40066683987,4
41875.40101325019,2
41880.401359660515,2
41885.40170607084,4
41890.402052481164,5
41895.402398891485,2
41900.402745301806,5
41905.403091712134,4
41910.403438122456,0
41915.40378453278,2
41920.404130943105,2
41925.404477353426,2
41930.40482376375,2
41935.40517017407,6
41940.40551658439,6
41945.40586299472,6
41950.40620940504,2
41955.40655581536,2
41960.40690222569,3
41965.40724863601,0
41970.40759504633,0
41975.40794145665,2
41980.40828786698,3
41985.4086342773,0
41990.40898068762,0
41995.40932709795,1
42000.40967350827,4
42005.41001991859,2
42010.41036632891,6
42015.410712739234,0
42020.41105914956,0
42025.411405559884,2
42030.41175197021,4
42035.41209838053,3
42040.412444790854,1
42045.412791201175,6
42050.4131376115,6
42055.413484021825,4
42060.413830432146,3
42065.41417684247,1
42070.414523252795,3
42075.41486966312,2
42080.41521607344,3
42085.41556248376,2
42090.41590889408,2
42095.41625530441,7
42100.41660171473,3
42105.41694812506,6
42110.41729453538,4
42115.4176409457,1
42120.41798735602,3
42125.41833376634,2
42130.41868017667,1
42135.41902658699,1
42140.41937299731,2
42145.41971940764,3
42150.42006581796,2
42155.42041222828,3
42160.420758638604,1
42165.42110504893,1
42170.42145145925,1
42175.421797869574,4
42180.4221442799,2
42185.422490690224,3
42190.422837100545,6
42195.423183510866,2
42200.42352992119,2
42205.423876331515,7
42210.424222741836,1
42215.42456915216,3
42220.424915562486,3
42225.42526197281,1
42230.42560838313,2
42235.42595479345,2
42240.42630120378,2
42245.4266476141,0
42250.42699402442,2
42255.42734043475,1
42260.42768684507,0
42265.42803325539,4
42270.42837966571,3
42275.42872607603,2
42280.42907248636,4
42285.42941889668,3
42290.42976530701,2
42295.43011171733,2
42300.43045812765,1
42305.43080453797,2
42310.431150948294,2
42315.43149735862,3
42320.43184376894,3
42325.432190179265,2
42330.43253658959,3
42335.432882999914,4
42340.433229410235,3
42345.433575820556,4
42350.43392223088,3
42355.434268641206,6
42360.43461505153,2
42365.434961461855,0
42370.435307872176,2
42375.4356542825,2
42380.43600069282,2
42385.43634710314,4
42390.43669351347,2
42395.43703992379,4
42400.43738633411,2
42405.43773274444,4
42410.43807915476,7
42415.43842556508,5
42420.4387719754,1
42425.43911838572,2
42430.43946479605,1
42435.43981120637,3
42440.4401576167,3
42445.44050402702,1
42450.44085043734,1
42455.44119684766,2
42460.441543257984,3
42465.44188966831,2
42470.442236078634,2
42475.442582488955,3
42480.44292889928,0
42485.443275309604,2
42490.443621719925,1
42495.44396813025,1
42500.444314540575,2
42505.444660950896,1
42510.44500736122,0
42515.445353771545,3
42520.44570018187,2
42525.44604659219,4
42530.44639300251,2
42535.44673941283,4
42540.44708582316,5
42545.44743223348,1
42550.4477786438,2
42555.44812505413,0
42560.44847146445,6
42565.44881787477,2
42570.44916428509,0
42575.44951069542,4
42580.44985710574,0
42585.45020351606,1
42590.45054992639,4
42595.45089633671,2
42600.45124274703,2
42605.451589157354,3
42610.451935567675,3
42615.452281978,1
42620.452628388324,4
42625.45297479865,6
42630.453321208974,3
42635.453667619295,3
42640.454014029616,2
42645.45436043994,0
42650.454706850265,0
42655.455053260586,1
42660.45539967091,3
42665.455746081236,0
42670.45609249156,2
42675.45643890188,4
42680.4567853122,2
42685.45713172252,0
42690.45747813285,0
42695.45782454317,1
42700.4581709535,0
42705.45851736382,5
42710.45886377414,2
42715.45921018446,4
42720.45955659478,0
42725.45990300511,1
42730.46024941543,2
42735.46059582575,3
42740.46094223608,3
42745.4612886464,2
42750.46163505672,2
42755.461981467044,6
42760.462327877365,0
42765.46267428769,1
42770.463020698015,2
42775.46336710834,1
42780.463713518664,2
42785.464059928985,0
42790.464406339306,1
42795.46475274963,2
42800.465099159956,4
42805.46544557028,3
42810.4657919806,3
42815.466138390926,2
42820.46648480125,2
42825.46683121157,2
42830.46717762189,1
42835.46752403222,2
42840.46787044254,1
42845.46821685286,5
42850.46856326319,1
42855.46890967351,0
42860.46925608383,4
42865.46960249415,0
42870.46994890447,0
42875.4702953148,5
42880.47064172512,2
42885.47098813544,2
42890.47133454577,0
42895.47168095609,0
42900.47202736641,4
42905.472373776734,1
42910.47272018706,2
42915.473066597384,2
42920.473413007705,1
42925.47375941803,3
42930.474105828354,3
42935.474452238675,4
42940.474798649,3
42945.47514505932,2
42950.475491469646,3
42955.47583787997,3
42960.476184290295,2
42965.47653070062,1
42970.47687711094,0
42975.47722352126,1
42980.47756993158,1
42985.47791634191,2
42990.47826275223,1
42995.47860916255,1
43000.47895557288,4
43005.4793019832,1
43010.47964839352,3
43015.47999480384,1
43020.48034121416,3
43025.48068762449,0
43030.48103403481,1
43035.48138044514,4
43040.48172685546,0
43045.48207326578,0
43050.482419676104,3
43055.482766086425,1
43060.48311249675,2
43065.483458907074,4
43070.483805317395,1
43075.484151727724,1
43080.484498138045,3
43085.484844548366,1
43090.48519095869,2
43095.485537369015,0
43100.485883779336,3
43105.48623018966,0
43110.486576599986,5
43115.48692301031,3
43120.48726942063,4
43125.48761583095,4
43130.48796224127,2
43135.4883086516,3
43140.48865506192,4
43145.48900147224,1
43150.48934788257,3
43155.48969429289,1
43160.49004070321,0
43165.49038711353,6
43170.49073352386,2
43175.49107993418,0
43180.4914263445,2
43185.49177275483,0
43190.49211916515,1
43195.49246557547,4
43200.492811985794,3
43205.493158396115,2
43210.49350480644,2
43215.493851216765,3
43220.494197627086,4
43225.494544037414,2
43230.494890447735,2
43235.495236858056,2
43240.49558326838,2
43245.495929678706,2
43250.49627608903,4
43255.49662249935,5
43260.496968909676,2
43265.49731532,2
43270.49766173032,1
43275.49800814064,1
43280.49835455096,5
43285.49870096129,3
43290.49904737161,2
43295.49939378194,2
43300.49974019226,1
43305.50008660258,4
43310.5004330129,4
43315.50077942322,2
43320.50112583355,6
43325.50147224387,0
43330.50181865419,2
43335.50216506452,1
43340.50251147484,0
43345.50285788516,3
43350.503204295484,2
43355.503550705806,2
43360.503897116134,6
43365.504243526455,2
43370.50458993678,1
43375.504936347104,2
43380.505282757425,4
43385.50562916775,1
43390.50597557807,0
43395.506321988396,2
43400.50666839872,2
43405.50701480904,0
43410.50736121937,4
43415.50770762969,1
43420.50805404001,1
43425.50840045033,2
43430.50874686066,1
43435.50909327098,1
43440.5094396813,1
43445.50978609163,0
43450.51013250195,2
43455.51047891227,3
43460.51082532259,5
43465.51117173291,0
43470.51151814324,3
43475.51186455356,2
43480.51221096388,2
43485.51255737421,2
43490.51290378453,0
43495.513250194854,3
43500.513596605175,2
43505.5139430155,2
43510.514289425824,1
43515.514635836145,1
43520.514982246474,1
43525.515328656795,1
43530.515675067116,1
43535.51602147744,2
43540.51636788776,1
43545.516714298086,1
43550.51706070841,4
43555.517407118736,1
43560.51775352906,1
43565.51809993938,2
43570.5184463497,1
43575.51879276002,1
43580.51913917035,1
43585.51948558067,0
43590.51983199099,3
43595.52017840132,3
43600.52052481164,5
43605.52087122196,2
43610.52121763228,2
43615.5215640426,2
43620.52191045293,1
43625.52225686325,1
43630.52260327358,0
43635.5229496839,0
43640.52329609422,5
43645.523642504544,2
43650.523988914865,1
43655.52433532519,0
43660.524681735515,2
43665.525028145836,0
43670.525374556164,0
43675.525720966485,1
43680.526067376806,0
43685.52641378713,1
43690.52676019745,2
43695.52710660778,1
43700.5274530181,4
43705.527799428426,0
43710.52814583875,1
43715.52849224907,2
43720.52883865939,1
43725.52918506971,1
43730.52953148004,4
43735.52987789036,0
43740.53022430068,2
43745.53057071101,2
43750.53091712133,4
43755.53126353165,1
43760.53160994197,2
43765.5319563523,1
43770.53230276262,2
43775.53264917294,1
43780.53299558327,1
43785.53334199359,1
43790.53368840391,2
43795.534034814234,1
43800.534381224556,2
43805.534727634884,0
43810.535074045205,0
43815.535420455526,1
43820.535766865854,0
43825.536113276175,2
43830.5364596865,0
43835.53680609682,2
43840.537152507146,3
43845.53749891747,2
43850.53784532779,0
43855.53819173812,4
43860.53853814844,1
43865.53888455876,2
43870.53923096908,3
43875.5395773794,3
43880.53992378973,0
43885.54027020005,2
43890.54061661038,0
43895.5409630207,1
43900.54130943102,0
43905.54165584134,4
43910.54200225166,0
43915.54234866199,2
43920.54269507231,2
43925.54304148263,1
43930.54338789296,2
43935.54373430328,1
43940.544080713604,0
43945.544427123925,2
43950.544773534246,2
43955.545119944574,2
43960.545466354895,1
43965.545812765224,1
43970.546159175545,2
43975.546505585866,1
43980.54685199619,1
43985.54719840651,3
43990.547544816836,2
43995.54789122716,0
44000.54823763748,1
44005.54858404781,1
44010.54893045813,2
44015.54927686845,0
44020.54962327877,1
44025.5499696891,3
44030.55031609942,2
44035.55066250974,1
44040.55100892007,1
44045.55135533039,0
44050.55170174071,3
44055.55204815103,1
44060.55239456135,1
44065.55274097168,1
44070.553087382,2
44075.55343379232,1
44080.55378020265,0
44085.55412661297,0
44090.554473023294,1
44095.554819433615,2
44100.55516584394,0
44105.555512254265,1
44110.555858664586,1
44115.556205074914,2
44120.556551485235,2
44125.556897895556,3
44130.55724430588,1
44135.5575907162,0
44140.55793712653,2
44145.55828353685,2
44150.55862994717,1
44155.5589763575,2
44160.55932276782,0
44165.55966917814,2
44170.56001558846,1
44175.56036199879,1
44180.56070840911,1
44185.56105481943,2
44190.56140122976,1
44195.56174764008,2
44200.5620940504,1
44205.56244046072,1
44210.56278687104,0
44215.56313328137,1
44220.56347969169,2
44225.56382610202,0
44230.56417251234,0
44235.56451892266,1
44240.564865332984,3
44245.565211743306,0
44250.565558153634,0
44255.565904563955,2
44260.566250974276,4
44265.566597384604,3
44270.566943794925,2
44275.56729020525,3
44280.56763661557,0
44285.56798302589,3
44290.56832943622,0
44295.56867584654,2
44300.56902225687,3
44305.56936866719,2
44310.56971507751,2
44315.57006148783,2
44320.57040789815,3
44325.57075430848,0
44330.5711007188,2
44335.57144712912,1
44340.57179353945,0
44345.57213994977,0
44350.57248636009,3
44355.57283277041,2
44360.57317918074,2
44365.57352559106,2
44370.57387200138,1
44375.57421841171,4
44380.57456482203,3
44385.574911232354,1
44390.575257642675,1
44395.575604052996,1
44400.575950463324,4
44405.576296873645,0
44410.57664328397,2
44415.576989694295,0
44420.577336104616,2
44425.57768251494,1
44430.57802892526,0
44435.578375335586,1
44440.57872174591,3
44445.57906815623,1
44450.57941456656,2
44455.57976097688,1
44460.5801073872,1
44465.58045379752,1
44470.58080020784,1
44475.58114661817,1
44480.58149302849,1
44485.58183943882,3
44490.58218584914,4
44495.58253225946,1
44500.58287866978,2
44505.5832250801,0
44510.58357149043,0
44515.58391790075,1
44520.584264311074,0
44525.5846107214,0
44530.58495713172,0
44535.585303542044,1
44540.585649952365,2
44545.585996362686,3
44550.586342773015,1
44555.586689183336,1
44560.587035593664,2
44565.587382003985,1
44570.587728414306,0
44575.58807482463,1
44580.58842123495,3
44585.58876764528,2
44590.5891140556,1
44595.58946046592,2
44600.58980687625,2
44605.59015328657,0
44610.59049969689,2
44615.59084610721,3
44620.59119251753,1
44625.59153892786,1
44630.59188533818,3
44635.59223174851,1
44640.59257815883,1
44645.59292456915,2
44650.59327097947,1
44655.59361738979,1
44660.59396380012,4
44665.59431021044,0
44670.594656620764,2
44675.59500303109,3
44680.59534944141,1
44685.595695851734,1
44690.596042262056,1
44695.596388672384,1
44700.596735082705,4
44705.597081493026,1
44710.597427903354,3
44715.597774313675,4
44720.598120724,0
44725.59846713432,4
44730.59881354464,1
44735.59915995497,3
44740.59950636529,0
44745.59985277561,5
44750.60019918594,1
44755.60054559626,2
44760.60089200658,2
44765.6012384169,0
44770.60158482723,0
44775.60193123755,1
44780.60227764787,1
44785.6026240582,0
44790.60297046852,1
44795.60331687884,0
44800.60366328916,3
44805.604009699484,2
44810.60435610981,2
44815.60470252013,2
44820.60504893046,2
44825.60539534078,2
44830.605741751104,0
44835.606088161425,1
44840.606434571746,2
44845.606780982074,4
44850.607127392395,0
44855.60747380272,4
44860.607820213045,2
44865.608166623366,0
44870.60851303369,1
44875.60885944401,2
44880.60920585433,0
44885.60955226466,1
44890.60989867498,3
44895.61024508531,1
44900.61059149563,2
44905.61093790595,2
44910.61128431627,0
44915.61163072659,1
44920.61197713692,2
44925.61232354724,2
44930.61266995756,2
44935.61301636789,2
44940.61336277821,0
44945.61370918853,0
44950.61405559885,1
44955.61440200918,2
44960.6147484195,1
44965.615094829824,1
44970.61544124015,1
44975.61578765047,1
44980.616134060794,4
44985.616480471115,2
44990.616826881436,2
44995.617173291765,1
45000.617519702086,2
45005.61786611241,3
45010.618212522735,3
45015.618558933056,0
45020.61890534338,0
45025.6192517537,1
45030.61959816403,1
45035.61994457435,0
45040.62029098467,1
45045.620637395,1
45050.62098380532,1
45055.62133021564,1
45060.62167662596,1
45065.62202303628,0
45070.62236944661,1
45075.62271585693,0
45080.62306226725,0
45085.62340867758,1
45090.6237550879,1
45095.62410149822,0
45100.62444790854,1
45105.62479431887,1
45110.62514072919,1
45115.625487139514,0
45120.62583354984,1
45125.62617996016,0
45130.626526370484,0
45135.626872780806,0
45140.62721919113,1
45145.627565601455,2
45150.627912011776,1
45155.628258422104,3
45160.628604832425,1
45165.62895124275,1
45170.62929765307,1
45175.62964406339,0
45180.62999047372,3
45185.63033688404,2
45190.63068329436,0
45195.63102970469,2
45200.63137611501,1
45205.63172252533,1
45210.63206893565,1
45215.63241534597,0
45220.6327617563,0
45225.63310816662,0
45230.63345457695,0
45235.63380098727,1
45240.63414739759,0
45245.63449380791,1
45250.634840218234,4
45255.63518662856,1
45260.63553303888,0
45265.635879449204,0
45270.63622585953,0
45275.636572269854,0
45280.636918680175,0
45285.637265090496,0
45290.637611500824,2
45295.637957911145,1
45300.63830432147,1
45305.638650731795,0
45310.638997142116,2
45315.63934355244,1
45320.63968996276,3
45325.64003637308,3
45330.64038278341,0
45335.64072919373,2
45340.64107560405,0
45345.64142201438,0
45350.6417684247,0
45355.64211483502,0
45360.64246124534,2
45365.64280765567,3
45370.64315406599,0
45375.64350047631,1
45380.64384688664,1
45385.64419329696,1
45390.64453970728,1
45395.6448861176,0
45400.645232527924,0
45405.64557893825,1
45410.645925348574,0
45415.646271758895,3
45420.64661816922,1
45425.646964579544,1
45430.647310989865,0
45435.647657400186,0
45440.648003810515,1
45445.648350220836,2
45450.64869663116,2
45455.649043041485,3
45460.649389451806,2
45465.64973586213,3
45470.65008227245,1
45475.65042868277,1
45480.6507750931,3
45485.65112150342,2
45490.65146791375,0
45495.65181432407,0
45500.65216073439,0
45505.65250714471,0
45510.65285355503,2
45515.65319996536,0
45520.65354637568,0
45525.653892786,0
45530.65423919633,1
45535.65458560665,0
45540.65493201697,0
45545.65527842729,0
45550.655624837615,1
45555.65597124794,0
45560.656317658264,2
45565.65666406859,0
45570.65701047891,0
45575.657356889235,0
45580.657703299556,0
45585.65804970988,4
45590.658396120205,0
45595.658742530526,2
45600.65908894085,1
45605.659435351175,3
45610.6597817615,0
45615.66012817182,0
45620.66047458214,2
45625.66082099247,1
45630.66116740279,0
45635.66151381311,1
45640.66186022344,0
45645.66220663376,1
45650.66255304408,1
45655.6628994544,2
45660.66324586472,1
45665.66359227505,0
45670.66393868537,0
45675.66428509569,0
45680.66463150602,0
45685.66497791634,0
45690.66532432666,0
45695.665670736984,0
45700.66601714731,0
45705.66636355763,2
45710.666709967954,0
45715.66705637828,0
45720.667402788604,2
45725.667749198925,0
45730.668095609246,0
45735.66844201957,2
45740.668788429895,1
45745.66913484022,1
45750.669481250545,0
45755.669827660866,0
45760.67017407119,1
45765.67052048151,3
45770.67086689183,0
45775.67121330216,0
45780.67155971248,0
45785.6719061228,1
45790.67225253313,1
45795.67259894345,0
45800.67294535377,2
45805.67329176409,1
45810.67363817441,1
45815.67398458474,1
45820.67433099506,1
45825.67467740539,0
45830.67502381571,0
45835.67537022603,0
45840.67571663635,0
45845.676063046674,0
45850.676409457,1
45855.676755867324,1
45860.677102277645,1
45865.67744868797,0
45870.677795098294,1
45875.678141508615,0
45880.678487918936,0
45885.67883432926,1
45890.679180739586,4
45895.67952714991,1
45900.679873560235,1
45905.680219970556,0
45910.68056638088,0
45915.6809127912,2
45920.68125920152,0
45925.68160561185,2
45930.68195202217,2
45935.68229843249,1
45940.68264484282,1
45945.68299125314,1
45950.68333766346,3
45955.68368407378,3
45960.68403048411,0
45965.68437689443,1
45970.68472330475,1
45975.68506971508,1
45980.6854161254,2
45985.68576253572,0
45990.68610894604,1
45995.686455356365,1
46000.68680176669,1
46005.687148177014,0
46010.687494587335,2
46015.68784099766,1
46020.688187407985,1
46025.688533818306,1
46030.68888022863,0
46035.689226638955,2
46040.689573049276,0
46045.6899194596,1
46050.690265869925,0
46055.69061228025,0
46060.69095869057,1
46065.69130510089,0
46070.69165151121,3
46075.69199792154,1
46080.69234433186,1
46085.69269074219,2
46090.69303715251,1
46095.69338356283,1
46100.69372997315,0
46105.69407638347,2
46110.6944227938,1
46115.69476920412,3
46120.69511561444,3
46125.69546202477,1
46130.69580843509,0
46135.69615484541,1
46140.696501255734,0
46145.696847666055,1
46150.69719407638,0
46155.697540486704,0
46160.69788689703,0
46165.698233307354,0
46170.698579717675,2
46175.698926127996,0
46180.69927253832,0
46185.699618948645,1
46190.69996535897,1
46195.70031176929,1
46200.700658179616,1
46205.70100458994,0
46210.70135100026,0
46215.70169741058,2
46220.70204382091,0
46225.70239023123,0
46230.70273664155,0
46235.70308305188,0
46240.7034294622,0
46245.70377587252,0
46250.70412228284,1
46255.70446869316,0
46260.70481510349,0
46265.70516151381,0
46270.70550792413,0
46275.70585433446,0
46280.70620074478,1
46285.7065471551,1
46290.706893565424,0
46295.70723997575,0
46300.707586386074,0
46305.707932796395,0
46310.70827920672,0
46315.708625617044,1
46320.708972027365,0
46325.709318437686,0
46330.70966484801,0
46335.710011258336,1
46340.71035766866,0
46345.71070407898,2
46350.711050489306,1
46355.71139689963,0
46360.71174330995,3
46365.71208972027,0
46370.7124361306,1
46375.71278254092,1
46380.71312895124,1
46385.71347536157,0
46390.71382177189,0
46395.71416818221,2
46400.71451459253,1
46405.71486100285,0
46410.71520741318,1
46415.7155538235,1
46420.71590023383,0
46425.71624664415,2
46430.71659305447,0
46435.71693946479,1
46440.717285875115,2
46445.71763228544,1
46450.717978695764,1
46455.718325106085,0
46460.71867151641,2
46465.719017926735,1
46470.719364337056,1
46475.71971074738,0
46480.7200571577,0
46485.720403568026,1
46490.72074997835,0
46495.721096388676,0
46500.721442799,1
46505.72178920932,0
46510.72213561964,1
46515.72248202996,1
46520.72282844029,0
46525.72317485061,0
46530.72352126093,1
46535.72386767126,0
46540.72421408158,0
46545.7245604919,0
46550.72490690222,0
46555.72525331255,1
46560.72559972287,2
46565.72594613319,2
46570.72629254352,0
46575.72663895384,3
46580.72698536416,0
46585.727331774484,0
46590.727678184805,0
46595.72802459513,0
46600.728371005454,2
46605.728717415775,1
46610.729063826104,2
46615.729410236425,2
46620.729756646746,1
46625.73010305707,0
46630.730449467395,0
46635.73079587772,1
46640.73114228804,0
46645.731488698366,1
46650.73183510869,2
46655.73218151901,0
46660.73252792933,1
46665.73287433965,0
46670.73322074998,1
46675.7335671603,1
46680.73391357063,1
46685.73425998095,2
46690.73460639127,3
46695.73495280159,0
46700.73529921191,0
46705.73564562224,3
46710.73599203256,0
46715.73633844288,1
46720.73668485321,1
46725.73703126353,0
46730.73737767385,0
46735.737724084174,2
46740.738070494495,0
46745.738416904824,1
46750.738763315145,1
46755.73910972547,2
46760.739456135794,0
46765.739802546115,0
46770.740148956436,0
46775.74049536676,0
46780.740841777086,4
46785.74118818741,0
46790.74153459773,0
46795.741881008056,0
46800.74222741838,0
46805.7425738287,0
46810.74292023902,2
46815.74326664934,1
46820.74361305967,0
46825.74395946999,0
46830.74430588032,1
46835.74465229064,0
46840.74499870096,1
46845.74534511128,2
46850.7456915216,0
46855.74603793193,1
46860.74638434225,1
46865.74673075257,0
46870.7470771629,0
46875.74742357322,0
46880.74776998354,0
46885.748116393865,0
46890.74846280419,1
46895.748809214514,2
46900.749155624835,3
46905.74950203516,1
46910.749848445485,0
46915.750194855806,0
46920.75054126613,0
46925.75088767645,1
46930.751234086776,1
46935.7515804971,1
46940.75192690742,1
46945.75227331775,0
46950.75261972807,0
46955.75296613839,0
46960.75331254871,2
46965.75365895904,1
46970.75400536936,0
46975.75435177968,0
46980.75469819001,0
46985.75504460033,0
46990.75539101065,0
46995.75573742097,0
47000.75608383129,0
47005.75643024162,0
47010.75677665194,1
47015.75712306227,2
47020.75746947259,1
47025.75781588291,0
47030.758162293234,1
47035.758508703555,0
47040.75885511388,0
47045.759201524204,0
47050.759547934525,0
47055.759894344854,2
47060.760240755175,1
47065.760587165496,0
47070.76093357582,0
47075.76127998614,0
47080.76162639647,0
47085.76197280679,1
47090.762319217116,1
47095.76266562744,0
47100.76301203776,0
47105.76335844808,0
47110.7637048584,0
47115.76405126873,0
47120.76439767905,0
47125.76474408937,1
47130.7650904997,1
47135.76543691002,0
47140.76578332034,1
47145.76612973066,0
47150.76647614099,1
47155.76682255131,0
47160.76716896163,1
47165.76751537196,1
47170.76786178228,1
47175.7682081926,0
47180.768554602924,0
47185.768901013245,0
47190.769247423574,0
47195.769593833895,1
47200.769940244216,1
47205.770286654544,1
47210.770633064865,0
47215.770979475186,0
47220.77132588551,0
47225.771672295836,0
47230.77201870616,0
47235.77236511648,1
47240.772711526806,0
47245.77305793713,0
47250.77340434745,0
47255.77375075777,0
47260.77409716809,0
47265.77444357842,0
47270.77478998874,0
47275.77513639906,0
47280.77548280939,0
47285.77582921971,1
47290.77617563003,1
47295.77652204035,0
47300.77686845068,1
47305.777214861,0
47310.77756127132,0
47315.77790768165,0
47320.77825409197,0
47325.77860050229,0
47330.778946912615,0
47335.779293322936,1
47340.779639733264,0
47345.779986143585,0
47350.78033255391,1
47355.780678964235,0
47360.781025374556,1
47365.78137178488,0
47370.7817181952,0
47375.782064605526,0
47380.78241101585,0
47385.78275742617,0
47390.7831038365,0
47395.78345024682,0
47400.78379665714,3
47405.78414306746,0
47410.78448947778,1
47415.78483588811,0
47420.78518229843,0
47425.78552870876,0
47430.78587511908,0
47435.7862215294,1
47440.78656793972,0
47445.78691435004,1
47450.78726076037,1
47455.78760717069,2
47460.78795358101,0
47465.78829999134,1
47470.78864640166,0
47475.788992811984,1
47480.789339222305,0
47485.78968563263,1
47490.790032042954,0
47495.790378453275,1
47500.790724863604,0
47505.791071273925,0
47510.791417684246,1
47515.79176409457,0
47520.79211050489,0
47525.79245691522,1
47530.79280332554,1
47535.79314973586,0
47540.79349614619,1
47545.79384255651,0
47550.79418896683,1
47555.79453537715,0
47560.79488178748,0
47565.7952281978,0
47570.79557460812,1
47575.79592101845,1
47580.79626742877,1
47585.79661383909,2
47590.79696024941,0
47595.79730665973,1
47600.79765307006,1
47605.79799948038,1
47610.79834589071,0
47615.79869230103,0
47620.79903871135,0
47625.799385121674,0
47630.799731531995,0
47635.800077942324,0
47640.800424352645,3
47645.800770762966,1
47650.801117173294,0
47655.801463583615,0
47660.801809993936,0
47665.80215640426,0
47670.80250281458,0
47675.80284922491,0
47680.80319563523,0
47685.803542045556,1
47690.80388845588,1
47695.8042348662,1
47700.80458127652,1
47705.80492768684,0
47710.80527409717,0
47715.80562050749,0
47720.80596691781,1
47725.80631332814,0
47730.80665973846,0
47735.80700614878,0
47740.8073525591,0
47745.807698969424,0
47750.80804537975,0
47755.80839179007,0
47760.8087382004,0
47765.80908461072,0
47770.80943102104,0
47775.809777431365,0
47780.810123841686,0
47785.810470252014,0
47790.810816662335,0
47795.811163072656,1
47800.811509482985,1
47805.811855893306,0
47810.81220230363,1
47815.81254871395,1
47820.812895124276,0
47825.8132415346,0
47830.81358794492,0
47835.81393435525,0
47840.81428076557,0
47845.81462717589,1
47850.81497358621,1
47855.81531999653,1
47860.81566640686,0
47865.81601281718,1
47870.8163592275,0
47875.81670563783,1
47880.81705204815,1
47885.81739845847,0
47890.81774486879,0
47895.81809127912,0
47900.81843768944,1
47905.81878409976,0
47910.81913051009,0
47915.81947692041,0
47920.819823330734,0
47925.820169741055,0
47930.820516151376,1
47935.820862561704,0
47940.821208972025,0
47945.821555382354,0
47950.821901792675,0
47955.822248202996,1
47960.82259461332,0
47965.82294102364,0
47970.82328743397,0
47975.82363384429,0
47980.82398025461,0
47985.82432666494,0
47990.82467307526,1
47995.82501948558,0
48000.8253658959,2
48005.82571230622,0
48010.82605871655,0
48015.82640512687,0
48020.8267515372,0
48025.82709794752,0
48030.82744435784,1
48035.82779076816,0
48040.82813717848,0
48045.82848358881,1
48050.82882999913,0
48055.829176409454,0
48060.82952281978,0
48065.8298692301,0
48070.830215640424,0
48075.830562050745,0
48080.830908461074,0
48085.831254871395,1
48090.831601281716,0
48095.831947692044,0
48100.832294102365,0
48105.832640512686,0
48110.83298692301,0
48115.83333333333,0
48120.83367974366,0
48125.83402615398,0
48130.8343725643,0
48135.83471897463,0
48140.83506538495,0
48145.83541179527,0
48150.83575820559,0
48155.83610461592,0
48160.83645102624,0
48165.83679743656,0
48170.83714384689,0
48175.83749025721,0
48180.83783666753,2
48185.83818307785,1
48190.838529488174,0
48195.8388758985,1
48200.83922230882,1
48205.839568719144,0
48210.83991512947,1
48215.84026153979,0
48220.840607950115,0
48225.840954360436,1
48230.841300770764,0
48235.841647181085,0
48240.841993591406,0
48245.842340001735,0
48250.842686412056,0
48255.84303282238,0
48260.8433792327,0
48265.84372564302,0
48270.84407205335,1
48275.84441846367,1
48280.844764874,0
48285.84511128432,1
48290.84545769464,0
48295.84580410496,0
48300.84615051528,1
48305.84649692561,0
48310.84684333593,0
48315.84718974625,1
48320.84753615658,0
48325.8478825669,0
48330.84822897722,0
48335.84857538754,0
48340.848921797864,0
48345.84926820819,1
48350.84961461851,0
48355.84996102884,0
48360.85030743916,0
48365.850653849484,1
48370.851000259805,1
48375.851346670126,0
48380.851693080454,1
48385.852039490775,0
48390.8523859011,0
48395.852732311425,0
48400.853078721746,0
48405.85342513207,0
48410.85377154239,1
48415.85411795272,0
48420.85446436304,1
48425.85481077336,0
48430.85515718369,0
48435.85550359401,0
48440.85585000433,1
48445.85619641465,0
48450.85654282497,1
48455.8568892353,0
48460.85723564562,0
48465.85758205594,0
48470.85792846627,0
48475.85827487659,2
48480.85862128691,0
48485.85896769723,0
48490.85931410756,0
48495.85966051788,0
48500.860006928204,1
48505.86035333853,0
48510.86069974885,0
48515.861046159174,0
48520.861392569495,1
48525.86173897982,0
48530.862085390145,0
48535.862431800466,0
48540.86277821079,0
48545.863124621115,1
48550.863471031436,0
48555.86381744176,0
48560.86416385208,1
48565.86451026241,0
48570.86485667273,0
48575.86520308305,0
48580.86554949338,1
48585.8658959037,1
48590.86624231402,0
48595.86658872434,0
48600.86693513466,0
48605.86728154499,0
48610.86762795531,0
48615.86797436564,1
48620.86832077596,0
48625.86866718628,0
48630.8690135966,0
48635.869360006924,0
48640.86970641725,0
48645.87005282757,0
48650.870399237894,0
48655.87074564822,0
48660.87109205854,0
48665.871438468865,0
48670.871784879186,1
48675.87213128951,0
48680.872477699835,0
48685.872824110156,0
48690.873170520485,0
48695.873516930806,0
48700.87386334113,0
48705.87420975145,0
48710.87455616177,1
48715.8749025721,0
48720.87524898242,1
48725.87559539274,0
48730.87594180307,0
48735.87628821339,0
48740.87663462371,1
48745.87698103403,0
48750.87732744436,0
48755.87767385468,0
48760.878020265,0
48765.87836667533,0
48770.87871308565,2
48775.87905949597,0
48780.87940590629,0
48785.879752316614,0
48790.88009872694,0
48795.88044513726,0
48800.880791547585,0
48805.88113795791,0
48810.881484368234,0
48815.881830778555,0
48820.882177188876,1
48825.882523599204,0
48830.882870009526,0
48835.88321641985,0
48840.883562830175,0
48845.883909240496,0
48850.88425565082,0
48855.88460206114,0
48860.88494847146,0
48865.88529488179,0
48870.88564129211,0
48875.88598770244,1
48880.88633411276,0
48885.88668052308,0
48890.8870269334,0
48895.88737334372,0
48900.88771975405,0
48905.88806616437,0
48910.88841257469,0
48915.88875898502,0
48920.88910539534,0
48925.88945180566,2
48930.88979821598,0
48935.890144626304,0
48940.89049103663,1
48945.890837446954,0
48950.89118385728,0
48955.8915302676,0
48960.891876677924,0
48965.892223088245,0
48970.89256949857,0
48975.892915908895,1
48980.893262319216,0
48985.89360872954,0
48990.893955139865,0
48995.894301550186,0
49000.89464796051,0
49005.89499437083,0
49010.89534078115,0
49015.89568719148,0
49020.8960336018,0
49025.89638001213,0
49030.89672642245,0
49035.89707283277,0
49040.89741924309,1
49045.89776565341,0
49050.89811206374,1
49055.89845847406,0
49060.89880488438,0
49065.89915129471,0
49070.89949770503,0
49075.89984411535,1
49080.900190525674,0
49085.900536936,0
49090.90088334632,0
49095.901229756644,0
49100.90157616697,0
49105.90192257729,0
49110.902268987615,0
49115.902615397936,0
49120.90296180826,0
49125.903308218585,0
49130.903654628906,0
49135.90400103923,0
49140.904347449556,2
49145.90469385988,1
49150.9050402702,2
49155.90538668052,1
49160.90573309085,1
49165.90607950117,0
49170.90642591149,0
49175.90677232182,0
49180.90711873214,0
49185.90746514246,0
49190.90781155278,0
49195.9081579631,0
49200.90850437343,0
49205.90885078375,0
49210.90919719408,0
49215.9095436044,0
49220.90989001472,0
49225.91023642504,0
49230.910582835364,0
49235.91092924569,0
49240.91127565601,0
49245.911622066335,0
49250.91196847666,1
49255.912314886984,0
49260.912661297305,0
49265.913007707626,0
49270.91335411795,0
49275.913700528276,0
49280.9140469386,1
49285.914393348925,0
49290.914739759246,0
49295.91508616957,0
49300.91543257989,0
49305.91577899021,1
49310.91612540054,0
49315.91647181086,0
49320.91681822118,0
49325.91716463151,1
49330.91751104183,0
49335.91785745215,0
49340.91820386247,0
49345.9185502728,0
49350.91889668312,0
49355.91924309344,0
49360.91958950377,0
49365.91993591409,0
49370.92028232441,0
49375.92062873473,0
49380.920975145054,0
49385.92132155538,0
49390.921667965704,0
49395.922014376025,0
49400.92236078635,1
49405.922707196674,1
49410.923053606995,0
49415.92340001732,0
49420.923746427645,1
49425.924092837966,0
49430.92443924829,0
49435.924785658615,1
49440.92513206894,0
49445.92547847926,0
49450.92582488958,0
49455.9261712999,1
49460.92651771023,0
49465.92686412055,0
49470.92721053087,0
49475.9275569412,0
49480.92790335152,1
49485.92824976184,0
49490.92859617216,1
49495.92894258249,0
49500.92928899281,0
49505.92963540313,0
49510.92998181346,0
49515.93032822378,0
49520.9306746341,0
49525.931021044424,0
49530.931367454745,0
49535.93171386507,0
49540.932060275394,1
49545.93240668572,0
49550.93275309604,0
49555.933099506365,0
49560.933445916686,0
49565.93379232701,2
49570.934138737335,0
49575.934485147656,0
49580.93483155798,0
49585.935177968306,0
49590.93552437863,0
49595.93587078895,0
49600.93621719927,0
49605.93656360959,0
49610.93691001992,0
49615.93725643024,1
49620.93760284057,1
49625.93794925089,0
49630.93829566121,0
49635.93864207153,0
49640.93898848185,0
49645.93933489218,0
49650.9396813025,0
49655.94002771282,1
49660.94037412315,1
49665.94072053347,1
49670.94106694379,0
49675.941413354114,0
49680.94175976444,0
49685.94210617476,0
49690.942452585085,0
49695.94279899541,0
49700.943145405734,0
49705.943491816055,0
49710.943838226376,1
49715.9441846367,0
49720.944531047026,0
49725.94487745735,0
49730.94522386767,0
49735.945570277996,0
49740.94591668832,0
49745.94626309864,0
49750.94660950896,0
49755.94695591929,0
49760.94730232961,0
49765.94764873993,0
49770.94799515026,0
49775.94834156058,0
49780.9486879709,0
49785.94903438122,0
49790.94938079154,2
49795.94972720187,0
49800.95007361219,0
49805.95042002252,0
49810.95076643284,0
49815.95111284316,0
49820.95145925348,0
49825.951805663804,0
49830.95215207413,0
49835.952498484454,0
49840.952844894775,0
49845.9531913051,0
49850.953537715424,2
49855.953884125745,0
49860.95423053607,0
49865.95457694639,0
49870.954923356716,0
49875.95526976704,0
49880.955616177365,0
49885.95596258769,0
49890.95630899801,0
49895.95665540833,0
49900.95700181865,0
49905.95734822898,0
49910.9576946393,0
49915.95804104962,0
49920.95838745995,0
49925.95873387027,0
49930.95908028059,0
49935.95942669091,1
49940.95977310123,0
49945.96011951156,0
49950.96046592188,1
49955.96081233221,0
49960.96115874253,0
49965.96150515285,0
49970.961851563174,0
49975.962197973495,0
49980.96254438382,0
49985.962890794144,0
49990.963237204465,0
49995.96358361479,0
50000.963930025115,0
50005.964276435436,0
50010.96462284576,1
50015.964969256085,0
50020.965315666406,0
50025.96566207673,0
50030.966008487056,0
50035.96635489738,0
50040.9667013077,0
50045.96704771802,0
50050.96739412834,0
50055.96774053867,0
50060.96808694899,0
50065.96843335931,0
50070.96877976964,0
50075.96912617996,0
50080.96947259028,0
50085.9698190006,0
50090.97016541093,0
50095.97051182125,0
50100.97085823157,0
50105.9712046419,1
50110.97155105222,1
50115.97189746254,0
50120.972243872864,0
50125.972590283185,0
50130.97293669351,0
50135.973283103835,1
50140.97362951416,0
50145.973975924484,0
50150.974322334805,0
50155.974668745126,0
50160.97501515545,0
50165.975361565776,0
50170.9757079761,1
50175.97605438642,0
50180.976400796746,0
50185.97674720707,0
50190.97709361739,0
50195.97744002771,0
50200.97778643803,0
50205.97813284836,0
50210.97847925868,0
50215.97882566901,0
50220.97917207933,0
50225.97951848965,0
50230.97986489997,0
50235.98021131029,0
50240.98055772062,0
50245.98090413094,1
50250.98125054126,0
50255.98159695159,0
50260.98194336191,0
50265.98228977223,0
50270.982636182554,0
50275.98298259288,0
50280.983329003204,0
50285.983675413525,0
50290.98402182385,0
50295.984368234174,0
50300.984714644495,0
50305.98506105482,0
50310.98540746514,1
50315.985753875466,0
50320.98610028579,0
50325.98644669611,0
50330.98679310644,0
50335.98713951676,0
50340.98748592708,0
50345.9878323374,0
50350.98817874773,0
50355.98852515805,0
50360.98887156837,0
50365.9892179787,0
50370.98956438902,0
50375.98991079934,0
50380.99025720966,1
50385.99060361998,0
50390.99095003031,0
50395.99129644063,0
50400.99164285095,1
50405.99198926128,0
50410.9923356716,0
50415.992682081924,0
50420.993028492245,0
50425.99337490257,0
50430.993721312894,0
50435.994067723215,0
50440.99441413354,0
50445.994760543865,0
50450.995106954186,0
50455.99545336451,0
50460.99579977483,0
50465.996146185156,0
50470.99649259548,0
50475.996839005806,0
50480.99718541613,0
50485.99753182645,0
50490.99787823677,0
50495.99822464709,0
50500.99857105742,0
50505.99891746774,0
50510.99926387806,0
50515.99961028839,1
50520.99995669871,0
50526.00030310903,0
50531.00064951935,0
50536.00099592967,0
50541.00134234,0
50546.00168875032,0
50551.00203516065,0
50556.00238157097,0
50561.00272798129,0
50566.003074391614,0
50571.003420801935,0
50576.00376721226,0
50581.004113622585,0
50586.004460032906,0
50591.004806443234,0
50596.005152853555,0
50601.005499263876,0
50606.0058456742,0
50611.006192084526,0
50616.00653849485,0
50621.00688490517,0
50626.007231315496,1
50631.00757772582,0
50636.00792413614,0
50641.00827054646,0
50646.00861695678,0
50651.00896336711,0
50656.00930977743,0
50661.00965618775,0
50666.01000259808,0
50671.0103490084,0
50676.01069541872,1
50681.01104182904,0
50686.01138823937,0
50691.01173464969,0
50696.01208106001,1
50701.01242747034,0
50706.01277388066,0
50711.01312029098,0
50716.013466701304,0
50721.013813111625,0
50726.014159521954,0
50731.014505932275,0
50736.0148523426,0
50741.015198752924,0
50746.015545163245,0
50751.01589157357,0
50756.01623798389,0
50761.016584394216,0
50766.01693080454,1
50771.01727721486,0
50776.01762362519,0
50781.01797003551,0
50786.01831644583,0
50791.01866285615,0
50796.01900926647,0
50801.0193556768,0
50806.01970208712,0
50811.02004849745,0
50816.02039490777,0
50821.02074131809,0
50826.02108772841,0
50831.02143413873,0
50836.02178054906,0
50841.02212695938,0
50846.0224733697,0
50851.02281978003,0
50856.02316619035,0
50861.023512600674,0
50866.023859010995,0
50871.024205421316,0
50876.024551831644,0
50881.024898241965,0
50886.02524465229,0
50891.025591062615,0
50896.025937472936,0
50901.02628388326,0
50906.02663029358,0
50911.026976703906,0
50916.02732311423,1
50921.02766952455,1
50926.02801593488,0
50931.0283623452,0
50936.02870875552,0
50941.02905516584,0
50946.02940157617,0
50951.02974798649,0
50956.03009439681,0
50961.03044080714,0
50966.03078721746,0
50971.03113362778,0
50976.0314800381,0
50981.03182644842,0
50986.03217285875,1
50991.03251926907,0
50996.03286567939,0
51001.03321208972,1
51006.03355850004,0
51011.033904910364,0
51016.034251320685,0
51021.03459773101,0
51026.034944141335,0
51031.035290551656,0
51036.035636961984,0
51041.035983372305,0
51046.036329782626,0
51051.03667619295,0
51056.03702260327,0
51061.0373690136,0
51066.03771542392,0
51071.038061834246,0
51076.03840824457,0
51081.03875465489,0
51086.03910106521,0
51091.03944747553,0
51096.03979388586,0
51101.04014029618,0
51106.0404867065,0
51111.04083311683,0
51116.04117952715,0
51121.04152593747,0
51126.04187234779,1
51131.04221875811,0
51136.04256516844,0
51141.04291157876,0
51146.04325798909,0
51151.04360439941,0
51156.04395080973,0
51161.044297220054,0
51166.044643630376,0
51171.044990040704,0
51176.045336451025,0
51181.045682861346,0
51186.046029271674,0
51191.046375681995,0
51196.04672209232,0
51201.04706850264,0
51206.04741491296,0
51211.04776132329,0
51216.04810773361,0
51221.04845414394,0
51226.04880055426,1
51231.04914696458,0
51236.0494933749,0
51241.04983978522,0
51246.05018619555,0
51251.05053260587,0
51256.05087901619,0
51261.05122542652,0
51266.05157183684,0
51271.05191824716,0
51276.05226465748,0
51281.05261106781,0
51286.05295747813,0
51291.05330388845,0
51296.05365029878,0
51301.0539967091,0
51306.054343119424,0
51311.054689529745,0
51316.055035940066,0
51321.055382350394,0
51326.055728760715,0
51331.056075171036,0
51336.056421581365,0
51341.056767991686,0
51346.05711440201,0
51351.05746081233,0
51356.057807222656,1
51361.05815363298,0
51366.0585000433,0
51371.05884645363,0
51376.05919286395,0
51381.05953927427,0
51386.05988568459,0
51391.06023209491,0
51396.06057850524,0
51401.06092491556,0
51406.06127132589,0
51411.06161773621,0
51416.06196414653,0
51421.06231055685,0
51426.06265696717,0
51431.0630033775,0
51436.06334978782,0
51441.06369619814,0
51446.06404260847,0
51451.06438901879,0
51456.064735429114,0
51461.065081839435,0
51466.065428249756,1
51471.065774660085,0
51476.066121070406,0
51481.066467480734,0
51486.066813891055,0
51491.067160301376,0
51496.0675067117,0
51501.06785312202,0
51506.06819953235,0
51511.06854594267,0
51516.06889235299,0
51521.06923876332,0
51526.06958517364,0
51531.06993158396,0
51536.07027799428,0
51541.07062440461,0
51546.07097081493,0
51551.07131722525,0
51556.07166363558,0
51561.0720100459,0
51566.07235645622,0
51571.07270286654,0
51576.07304927686,0
51581.07339568719,0
51586.07374209751,1
51591.074088507834,0
51596.07443491816,0
51601.07478132848,0
51606.075127738804,0
51611.075474149126,0
51616.075820559454,0
51621.076166969775,0
51626.076513380096,0
51631.076859790424,0
51636.077206200745,0
51641.07755261107,0
51646.07789902139,0
51651.07824543171,0
51656.07859184204,0
51661.07893825236,1
51666.07928466268,0
51671.07963107301,0
51676.07997748333,0
51681.08032389365,0
51686.08067030397,0
51691.0810167143,0
51696.08136312462,0
51701.08170953494,0
51706.08205594527,0
51711.08240235559,0
51716.08274876591,0
51721.08309517623,0
51726.083441586554,0
51731.08378799688,0
51736.0841344072,0
51741.08448081753,1
51746.08482722785,0
51751.085173638174,0
51756.085520048495,0
51761.085866458816,0
51766.086212869144,0
51771.086559279465,0
51776.08690568979,0
51781.087252100115,0
51786.087598510436,0
51791.08794492076,0
51796.08829133108,0
51801.0886377414,0
51806.08898415173,0
51811.08933056205,0
51816.08967697238,0
51821.0900233827,0
51826.09036979302,0
51831.09071620334,0
51836.09106261366,0
51841.09140902399,0
51846.09175543431,0
51851.09210184463,0
51856.09244825496,0
51861.09279466528,0
51866.0931410756,0
51871.09348748592,0
51876.09383389625,0
51881.09418030657,0
51886.09452671689,0
51891.09487312722,0
51896.09521953754,0
51901.095565947864,0
51906.095912358185,0
51911.096258768506,0
51916.096605178835,0
51921.096951589156,0
51926.09729799948,0
51931.097644409805,1
51936.097990820126,0
51941.09833723045,0
51946.09868364077,0
51951.0990300511,0
51956.09937646142,0
51961.09972287174,0
51966.10006928207,1
51971.10041569239,0
51976.10076210271,1
51981.10110851303,0
51986.10145492335,0
51991.10180133368,0
51996.102147744,0
52001.10249415433,0
52006.10284056465,0
52011.10318697497,0
52016.10353338529,0
52021.10387979561,0
52026.10422620594,0
52031.10457261626,0
52036.104919026584,0
52041.10526543691,0
52046.10561184723,0
52051.105958257554,0
52056.106304667876,0
52061.1066510782,0
52066.106997488525,1
52071.107343898846,0
52076.107690309174,0
52081.108036719495,0
52086.10838312982,0
52091.10872954014,0
52096.10907595046,0
52101.10942236079,0
52106.10976877111,0
52111.11011518143,0
52116.11046159176,0
52121.11080800208,0
52126.1111544124,0
52131.11150082272,0
52136.11184723304,0
52141.11219364337,0
52146.11254005369,0
52151.11288646402,0
52156.11323287434,0
52161.11357928466,0
52166.11392569498,0
52171.114272105304,0
52176.11461851563,0
52181.11496492595,0
52186.115311336274,0
52191.1156577466,0
52196.116004156924,0
52201.116350567245,0
52206.116696977566,0
52211.117043387894,0
52216.117389798215,0
52221.11773620854,0
52226.118082618865,0
52231.118429029186,0
52236.11877543951,0
52241.11912184983,0
52246.11946826015,0
52251.11981467048,0
52256.1201610808,0
52261.12050749112,0
52266.12085390145,0
52271.12120031177,0
52276.12154672209,0
52281.12189313241,0
52286.12223954274,0
52291.12258595306,0
52296.12293236338,0
52301.12327877371,0
52306.12362518403,0
52311.12397159435,0
52316.12431800467,0
52321.124664414994,0
52326.12501082532,0
52331.12535723564,0
52336.12570364597,0
52341.12605005629,0
52346.126396466614,0
52351.126742876935,0
52356.127089287256,0
52361.127435697585,0
52366.127782107906,0
52371.12812851823,0
52376.128474928555,0
52381.128821338876,0
52386.1291677492,1
52391.12951415952,0
52396.12986056984,0
52401.13020698017,0
52406.13055339049,0
52411.13089980082,0
52416.13124621114,0
52421.13159262146,0
52426.13193903178,0
52431.1322854421,0
52436.13263185243,0
52441.13297826275,0
52446.13332467307,0
52451.1336710834,0
52456.13401749372,0
52461.13436390404,0
52466.13471031436,0
52471.13505672469,0
52476.13540313501,0
52481.135749545334,0
52486.13609595566,0
52491.13644236598,0
52496.136788776304,0
52501.137135186626,0
52506.13748159695,0
52511.137828007275,0
52516.138174417596,0
52521.13852082792,0
52526.138867238245,0
52531.13921364857,0
52536.13956005889,0
52541.13990646921,0
52546.14025287954,0
52551.14059928986,0
52556.14094570018,0
52561.14129211051,0
52566.14163852083,0
52571.14198493115,0
52576.14233134147,0
52581.14267775179,0
52586.14302416212,0
52591.14337057244,0
52596.14371698276,0
52601.14406339309,0
52606.14440980341,0
52611.14475621373,0
52616.145102624054,0
52621.14544903438,0
52626.1457954447,0
52631.146141855024,0
52636.14648826535,0
52641.146834675674,0
52646.147181085995,0
52651.147527496316,0
52656.14787390664,0
52661.148220316965,0
52666.14856672729,0
52671.148913137615,0
52676.149259547936,0
52681.14960595826,0
52686.14995236858,0
52691.1502987789,0
52696.15064518923,0
52701.15099159955,0
52706.15133800987,0
52711.1516844202,0
52716.15203083052,0
52721.15237724084,0
52726.15272365116,0
52731.15307006148,0
52736.15341647181,0
52741.15376288213,0
52746.15410929246,0
52751.15445570278,0
52756.1548021131,0
52761.15514852342,0
52766.155494933744,0
52771.15584134407,0
52776.15618775439,0
52781.156534164715,0
52786.15688057504,0
52791.157226985364,0
52796.157573395685,0
52801.157919806006,0
52806.158266216335,0
52811.158612626656,0
52816.15895903698,0
52821.159305447305,0
52826.159651857626,0
52831.15999826795,0
52836.16034467827,0
52841.16069108859,0
52846.16103749892,0
52851.16138390924,0
52856.16173031956,0
52861.16207672989,0
52866.16242314021,0
52871.16276955053,0
52876.16311596085,0
52881.16346237118,0
52886.1638087815,0
52891.16415519182,0
52896.16450160215,0
52901.16484801247,0
52906.16519442279,0
52911.16554083311,0
52916.165887243435,0
52921.16623365376,0
52926.166580064084,0
52931.16692647441,0
52936.16727288473,0
52941.167619295054,0
52946.167965705376,0
52951.1683121157,0
52956.168658526025,0
52961.169004936346,0
52966.16935134667,0
52971.169697756995,0
52976.17004416732,0
52981.17039057764,0
52986.17073698796,0
52991.17108339828,0
52996.17142980861,0
53001.17177621893,0
53006.17212262926,0
53011.17246903958,0
53016.1728154499,0
53021.17316186022,0
53026.17350827054,0
53031.17385468087,0
53036.17420109119,0
53041.17454750151,0
53046.17489391184,0
53051.17524032216,0
53056.17558673248,1
53061.175933142804,0
53066.176279553125,0
53071.17662596345,0
53076.176972373774,0
53081.1773187841,0
53086.177665194424,0
53091.178011604745,0
53096.178358015066,0
53101.17870442539,0
53106.179050835715,0
53111.17939724604,0
53116.17974365636,0
53121.180090066686,0
53126.18043647701,0
53131.18078288733,0
53136.18112929765,0
53141.18147570798,0
53146.1818221183,1
53151.18216852862,0
53156.18251493895,0
53161.18286134927,0
53166.18320775959,0
53171.18355416991,0
53176.18390058023,0
53181.18424699056,0
53186.18459340088,0
53191.1849398112,0
53196.18528622153,0
53201.18563263185,0
53206.18597904217,0
53211.186325452494,0
53216.18667186282,0
53221.18701827314,0
53226.187364683465,0
53231.18771109379,0
53236.188057504114,0
53241.188403914435,0
53246.188750324756,0
53251.18909673508,0
53256.189443145406,0
53261.18978955573,0
53266.190135966055,0
53271.190482376376,0
53276.1908287867,0
53281.19117519702,0
53286.19152160734,0
53291.19186801767,0
53296.19221442799,0
53301.19256083831,0
53306.19290724864,0
53311.19325365896,0
53316.19360006928,0
53321.1939464796,0
53326.19429288992,0
53331.19463930025,0
53336.19498571057,0
53341.1953321209,0
53346.19567853122,0
53351.19602494154,0
53356.19637135186,0
53361.196717762185,0
53366.19706417251,0
53371.197410582834,0
53376.197756993155,0
53381.19810340348,0
53386.198449813804,0
53391.198796224126,0
53396.19914263445,0
53401.199489044775,0
53406.199835455096,0
53411.20018186542,0
53416.200528275745,0
53421.20087468607,0
53426.20122109639,0
53431.20156750671,0
53436.20191391703,0
53441.20226032736,0
53446.20260673768,0
53451.202953148,0
53456.20329955833,0
53461.20364596865,0
53466.20399237897,0
53471.20433878929,0
53476.20468519962,0
53481.20503160994,0
53486.20537802026,0
53491.20572443059,0
53496.20607084091,0
53501.20641725123,0
53506.206763661554,0
53511.207110071875,0
53516.2074564822,0
53521.207802892524,0
53526.208149302845,0
53531.208495713174,0
53536.208842123495,0
53541.209188533816,0
53546.20953494414,0
53551.209881354465,0
53556.21022776479,0
53561.21057417511,0
53566.210920585436,0
53571.21126699576,0
53576.21161340608,0
53581.2119598164,0
53586.21230622672,0
53591.21265263705,0
53596.21299904737,0
53601.2133454577,0
53606.21369186802,0
53611.21403827834,0
53616.21438468866,0
53621.21473109898,0
53626.21507750931,0
53631.21542391963,0
53636.21577032995,0
53641.21611674028,0
53646.2164631506,0
53651.21680956092,0
53656.217155971244,0
53661.217502381565,0
53666.21784879189,0
53671.218195202215,0
53676.21854161254,0
53681.218888022864,0
53686.219234433185,0
53691.219580843506,0
53696.21992725383,0
53701.220273664156,0
53706.22062007448,0
53711.2209664848,0
53716.221312895126,0
53721.22165930545,0
53726.22200571577,0
53731.22235212609,0
53736.22269853642,0
53741.22304494674,0
53746.22339135706,0
53751.22373776739,0
53756.22408417771,0
53761.22443058803,0
53766.22477699835,0
53771.22512340867,0
53776.225469819,0
53781.22581622932,0
53786.22616263964,0
53791.22650904997,1
53796.22685546029,0
53801.22720187061,0
53806.227548280935,0
53811.22789469126,0
53816.228241101584,0
53821.228587511905,0
53826.22893392223,0
53831.229280332554,0
53836.229626742876,0
53841.2299731532,0
53846.23031956352,0
53851.230665973846,0
53856.23101238417,0
53861.231358794495,0
53866.23170520482,0
53871.23205161514,0
53876.23239802546,0
53881.23274443578,0
53886.23309084611,0
53891.23343725643,0
53896.23378366675,0
53901.23413007708,0
53906.2344764874,0
53911.23482289772,0
53916.23516930804,0
53921.23551571836,0
53926.23586212869,0
53931.23620853901,0
53936.23655494934,0
53941.23690135966,0
53946.23724776998,0
53951.237594180304,0
53956.237940590625,0
53961.23828700095,0
53966.238633411274,0
53971.238979821595,0
53976.239326231924,0
53981.239672642245,0
53986.240019052566,0
53991.24036546289,0
53996.24071187321,0
54001.24105828354,0
54006.24140469386,0
54011.241751104186,0
54016.24209751451,0
54021.24244392483,0
54026.24279033515,0
54031.24313674547,0
54036.2434831558,0
54041.24382956612,0
54046.24417597644,0
54051.24452238677,0
54056.24486879709,0
54061.24521520741,0
54066.24556161773,0
54071.24590802806,0
54076.24625443838,0
54081.2466008487,0
54086.24694725903,0
54091.24729366935,0
54096.24764007967,0
54101.247986489994,0
54106.248332900315,0
54111.248679310644,0
54116.249025720965,0
54121.249372131286,0
54126.249718541614,0
54131.250064951935,0
54136.250411362256,0
54141.25075777258,0
54146.251104182906,0
54151.25145059323,0
54156.25179700355,0
54161.252143413876,0
54166.2524898242,0
54171.25283623452,0
54176.25318264484,0
54181.25352905516,0
54186.25387546549,0
54191.25422187581,0
54196.25456828614,0
54201.25491469646,0
54206.25526110678,0
54211.2556075171,0
54216.25595392742,0
54221.25630033775,0
54226.25664674807,0
54231.25699315839,0
54236.25733956872,0
54241.25768597904,0
54246.25803238936,0
54251.258378799685,0
54256.258725210006,0
54261.259071620334,0
54266.259418030655,0
54271.25976444098,0
54276.260110851304,0
54281.260457261626,0
54286.26080367195,0
54291.26115008227,0
54296.261496492596,0
54301.26184290292,0
54306.26218931324,0
54311.26253572357,0
54316.26288213389,0
54321.26322854421,0
54326.26357495453,0
54331.26392136485,0
54336.26426777518,0
54341.2646141855,0
54346.26496059583,0
54351.26530700615,0
54356.26565341647,0
54361.26599982679,0
54366.26634623711,0
54371.26669264744,0
54376.26703905776,0
54381.26738546808,0
54386.26773187841,0
54391.26807828873,0
54396.268424699054,0
54401.268771109375,0
54406.2691175197,0
54411.269463930024,0
54416.269810340345,0
54421.270156750674,0
54426.270503160995,0
54431.270849571316,0
54436.27119598164,0
54441.27154239196,0
54446.27188880229,0
54451.27223521261,0
54456.27258162293,0
54461.27292803326,0
54466.27327444358,0
54471.2736208539,0
54476.27396726422,0
54481.27431367455,0
54486.27466008487,0
54491.27500649519,0
54496.27535290552,0
54501.27569931584,0
54506.27604572616,0
54511.27639213648,0
54516.2767385468,0
54521.27708495713,0
54526.27743136745,0
54531.27777777778,0
54536.2781241881,0
54541.27847059842,0
54546.278817008744,0
54551.279163419065,0
54556.279509829394,0
54561.279856239715,0
54566.280202650036,0
54571.280549060364,0
54576.280895470685,0
54581.281241881006,0
54586.28158829133,0
54591.28193470165,0
54596.28228111198,0
54601.2826275223,0
54606.282973932626,0
54611.28332034295,0
54616.28366675327,0
54621.28401316359,0
54626.28435957391,0
54631.28470598424,0
54636.28505239456,0
54641.28539880488,0
54646.28574521521,0
54651.28609162553,0
54656.28643803585,0
54661.28678444617,0
54666.2871308565,0
54671.28747726682,0
54676.28782367714,0
54681.28817008747,0
54686.28851649779,0
54691.28886290811,0
54696.289209318435,0
54701.289555728756,0
54706.289902139084,0
54711.290248549405,0
54716.290594959726,0
54721.290941370054,0
54726.291287780376,0
54731.2916341907,0
54736.29198060102,0
54741.292327011346,0
54746.29267342167,0
54751.29301983199,0
54756.29336624232,0
54761.29371265264,0
54766.29405906296,0
54771.29440547328,0
54776.2947518836,0
54781.29509829393,0
54786.29544470425,0
54791.29579111457,0
54796.2961375249,0
54801.29648393522,0
54806.29683034554,0
54811.29717675586,0
54816.29752316619,0
54821.29786957651,0
54826.29821598683,0
54831.29856239716,0
54836.29890880748,0
54841.299255217804,0
54846.299601628125,0
54851.299948038446,0
54856.300294448774,0
54861.300640859095,0
54866.300987269424,0
54871.301333679745,0
54876.301680090066,0
54881.30202650039,0
54886.30237291071,0
54891.30271932104,0
54896.30306573136,0
54901.30341214168,0
54906.30375855201,0
54911.30410496233,0
54916.30445137265,0
54921.30479778297,0
54926.30514419329,0
54931.30549060362,0
54936.30583701394,0
54941.30618342427,0
54946.30652983459,0
54951.30687624491,0
54956.30722265523,0
54961.30756906555,0
54966.30791547588,0
54971.3082618862,0
54976.308608296524,0
54981.30895470685,0
54986.30930111717,0
54991.309647527494,0
54996.309993937815,0
55001.310340348144,0
55006.310686758465,0
55011.311033168786,0
55016.311379579114,0
55021.311725989435,0
55026.312072399756,0
55031.31241881008,0
55036.3127652204,0
55041.31311163073,0
55046.31345804105,0
55051.31380445137,1
55056.3141508617,0
55061.31449727202,0
55066.31484368234,0
55071.31519009266,0
55076.31553650299,0
55081.31588291331,0
55086.31622932363,0
55091.31657573396,0
55096.31692214428,0
55101.3172685546,0
55106.31761496492,0
55111.31796137524,0
55116.31830778557,0
55121.31865419589,0
55126.31900060622,0
55131.31934701654,0
55136.31969342686,0
55141.320039837185,0
55146.320386247506,0
55151.320732657834,0
55156.321079068155,0
55161.321425478476,0
55166.321771888805,0
55171.322118299126,0
55176.32246470945,0
55181.32281111977,0
55186.32315753009,0
55191.32350394042,0
55196.32385035074,0
55201.32419676107,0
55206.32454317139,0
55211.32488958171,0
55216.32523599203,0
55221.32558240235,0
55226.32592881268,0
55231.326275223,0
55236.32662163332,0
55241.32696804365,0
55246.32731445397,0
55251.32766086429,0
55256.32800727461,0
55261.328353684934,0
55266.32870009526,0
55271.32904650558,0
55276.32939291591,0
55281.32973932623,0
55286.330085736554,0
55291.330432146875,0
55296.330778557196,0
55301.331124967524,0
55306.331471377845,0
55311.33181778817,0
55316.332164198495,0
55321.332510608816,0
55326.33285701914,0
55331.33320342946,0
55336.33354983979,0
55341.33389625011,0
55346.33424266043,0
55351.33458907076,0
55356.33493548108,0
55361.3352818914,0
55366.33562830172,0
55371.33597471204,0
55376.33632112237,0
55381.33666753269,0
55386.33701394301,0
55391.33736035334,0
55396.33770676366,0
55401.33805317398,0
55406.3383995843,0
55411.33874599463,0
55416.33909240495,0
55421.339438815274,0
55426.3397852256,0
55431.34013163592,0
55436.340478046244,0
55441.340824456565,0
55446.34117086689,0
55451.341517277215,0
55456.341863687536,0
55461.342210097864,0
55466.342556508185,0
55471.342902918506,0
55476.34324932883,0
55481.34359573915,0
55486.34394214948,0
55491.3442885598,0
55496.34463497012,0
55501.34498138045,0
55506.34532779077,0
55511.34567420109,0
55516.34602061141,0
55521.34636702173,0
55526.34671343206,0
55531.34705984238,0
55536.34740625271,0
55541.34775266303,0
55546.34809907335,0
55551.34844548367,0
55556.34879189399,0
55561.34913830432,0
55566.34948471464,0
55571.349831124964,0
55576.35017753529,0
55581.35052394561,0
55586.350870355935,0
55591.351216766256,0
55596.351563176584,0
55601.351909586905,0
55606.352255997226,0
55611.352602407555,0
55616.352948817876,0
55621.3532952282,0
55626.35364163852,0
55631.35398804884,0
55636.35433445917,0
55641.35468086949,0
55646.35502727981,0
55651.35537369014,0
55656.35572010046,0
55661.35606651078,0
55666.3564129211,0
55671.35675933143,0
55676.35710574175,0
55681.35745215207,0
55686.3577985624,0
55691.35814497272,0
55696.35849138304,0
55701.35883779336,0
55706.359184203684,0
55711.35953061401,0
55716.35987702433,0
55721.360223434654,0
55726.36056984498,0
55731.360916255304,0
55736.361262665625,0
55741.361609075946,0
55746.361955486274,0
55751.362301896595,0
55756.36264830692,0
55761.362994717245,0
55766.363341127566,0
55771.36368753789,0
55776.36403394821,0
55781.36438035853,0
55786.36472676886,0
55791.36507317918,0
55796.36541958951,0
55801.36576599983,0
55806.36611241015,0
55811.36645882047,0
55816.36680523079,0
55821.36715164112,0
55826.36749805144,0
55831.36784446176,0
55836.36819087209,0
55841.36853728241,0
55846.36888369273,0
55851.36923010305,0
55856.369576513374,0
55861.3699229237,0
55866.370269334024,0
55871.37061574435,0
55876.37096215467,0
55881.371308564994,0
55886.371654975315,0
55891.37200138564,0
55896.372347795965,0
55901.372694206286,0
55906.37304061661,0
55911.373387026935,0
55916.373733437256,0
55921.37407984758,0
55926.3744262579,0
55931.37477266823,0
55936.37511907855,0
55941.37546548887,0
55946.3758118992,0
55951.37615830952,0
55956.37650471984,0
55961.37685113016,0
55966.37719754048,0
55971.37754395081,0
55976.37789036113,0
55981.37823677145,0
55986.37858318178,0
55991.3789295921,0
55996.37927600242,0
56001.37962241274,0
56006.37996882307,0
56011.38031523339,0
56016.380661643714,0
56021.38100805404,0
56026.38135446436,0
56031.381700874685,0
56036.382047285006,0
56041.38239369533,0
56046.382740105655,0
56051.383086515976,0
56056.383432926305,0
56061.383779336626,0
56066.38412574695,0
56071.38447215727,0
56076.38481856759,0
56081.38516497792,0
56086.38551138824,0
56091.38585779856,0
56096.38620420889,0
56101.38655061921,0
56106.38689702953,0
56111.38724343985,0
56116.38758985017,0
56121.3879362605,0
56126.38828267082,0
56131.38862908115,0
56136.38897549147,0
56141.38932190179,0
56146.38966831211,0
56151.390014722434,0
56156.39036113276,0
56161.39070754308,0
56166.391053953404,0
56171.39140036373,0
56176.391746774054,0
56181.392093184375,0
56186.392439594696,0
56191.39278600502,0
56196.393132415345,0
56201.39347882567,0
56206.393825235995,0
56211.394171646316,0
56216.39451805664,0
56221.39486446696,0
56226.39521087728,0
56231.39555728761,0
56236.39590369793,0
56241.39625010825,0
56246.39659651858,0
56251.3969429289,0
56256.39728933922,0
56261.39763574954,0
56266.39798215987,0
56271.39832857019,0
56276.39867498051,0
56281.39902139084,0
56286.39936780116,0
56291.39971421148,0
56296.4000606218,0
56301.400407032124,0
56306.40075344245,0
56311.401099852774,0
56316.401446263095,0
56321.40179267342,0
56326.402139083744,0
56331.402485494065,0
56336.40283190439,0
56341.403178314715,0
56346.403524725036,0
56351.40387113536,0
56356.404217545685,0
56361.404563956006,0
56366.40491036633,0
56371.40525677665,0
56376.40560318697,0
56381.4059495973,0
56386.40629600762,0
56391.40664241795,0
56396.40698882827,0
56401.40733523859,0
56406.40768164891,0
56411.40802805923,0
56416.40837446956,0
56421.40872087988,0
56426.4090672902,0
56431.40941370053,0
56436.40976011085,0
56441.41010652117,0
56446.41045293149,0
56451.410799341815,0
56456.41114575214,0
56461.411492162464,0
56466.41183857279,0
56471.41218498311,0
56476.412531393435,0
56481.412877803756,0
56486.41322421408,0
56491.413570624405,0
56496.413917034726,0
56501.41426344505,0
56506.414609855376,0
56511.4149562657,0
56516.41530267602,0
56521.41564908634,0
56526.41599549667,0
56531.41634190699,0
56536.41668831731,0
56541.41703472764,0
56546.41738113796,0
56551.41772754828,0
56556.4180739586,0
56561.41842036892,0
56566.41876677925,0
56571.41911318957,0
56576.41945959989,0
56581.41980601022,0
56586.42015242054,0
56591.42049883086,0
56596.420845241184,0
56601.42119165151,0
56606.42153806183,0
56611.421884472154,0
56616.42223088248,0
56621.422577292804,0
56626.422923703125,0
56631.423270113446,0
56636.42361652377,0
56641.423962934095,0
56646.42430934442,0
56651.42465575474,0
56656.425002165066,0
56661.42534857539,0
56666.42569498571,0
56671.42604139603,0
56676.42638780636,0
56681.42673421668,0
56686.427080627,0
56691.42742703733,0
56696.42777344765,0
56701.42811985797,0
56706.42846626829,0
56711.42881267861,0
56716.42915908894,0
56721.42950549926,0
56726.42985190959,0
56731.43019831991,0
56736.43054473023,0
56741.43089114055,0
56746.431237550874,0
56751.4315839612,0
56756.431930371524,0
56761.432276781845,0
56766.43262319217,0
56771.432969602494,0
56776.433316012815,0
56781.43366242314,0
56786.43400883346,0
56791.434355243786,0
56796.43470165411,0
56801.435048064435,0
56806.435394474756,0
56811.43574088508,0
56816.4360872954,0
56821.43643370572,0
56826.43678011605,0
56831.43712652637,0
56836.43747293669,0
56841.43781934702,0
56846.43816575734,0
56851.43851216766,0
56856.43885857798,0
56861.43920498831,0
56866.43955139863,0
56871.43989780895,0
56876.44024421928,0
56881.4405906296,0
56886.44093703992,0
56891.441283450244,0
56896.441629860565,0
56901.44197627089,0
56906.442322681214,0
56911.442669091535,0
56916.44301550186,0
56921.443361912185,0
56926.443708322506,0
56931.44405473283,0
56936.444401143155,0
56941.444747553476,0
56946.4450939638,0
56951.445440374126,0
56956.44578678445,0
56961.44613319477,0
56966.44647960509,0
56971.44682601541,0
56976.44717242574,0
56981.44751883606,0
56986.44786524639,0
56991.44821165671,0
56996.44855806703,0
57001.44890447735,0
57006.44925088767,0
57011.449597298,0
57016.44994370832,0
57021.45029011864,0
57026.45063652897,0
57031.45098293929,0
57036.45132934961,0
57041.451675759934,0
57046.452022170255,0
57051.45236858058,0
57056.452714990904,0
57061.45306140123,0
57066.453407811554,0
57071.453754221875,0
57076.454100632196,0
57081.45444704252,0
57086.454793452845,0
57091.45513986317,0
57096.45548627349,0
57101.455832683816,0
57106.45617909414,0
57111.45652550446,0
57116.45687191478,0
57121.4572183251,0
57126.45756473543,0
57131.45791114575,0
57136.45825755608,0
57141.4586039664,0
57146.45895037672,0
57151.45929678704,0
57156.45964319736,0
57161.45998960769,0
57166.46033601801,0
57171.46068242833,0
57176.46102883866,0
57181.46137524898,0
57186.4617216593,0
57191.462068069624,0
57196.46241447995,0
57201.462760890274,0
57206.463107300595,0
57211.46345371092,0
57216.463800121244,0
57221.464146531565,0
57226.46449294189,0
57231.46483935221,0
57236.465185762536,0
57241.46553217286,0
57246.46587858318,0
57251.466224993506,0
57256.46657140383,0
57261.46691781415,0
57266.46726422447,0
57271.4676106348,0
57276.46795704512,0
57281.46830345544,0
57286.46864986577,0
57291.46899627609,0
57296.46934268641,0
57301.46968909673,0
57306.47003550705,0
57311.47038191738,0
57316.4707283277,0
57321.47107473803,0
57326.47142114835,0
57331.47176755867,0
57336.472113968994,0
57341.472460379315,0
57346.47280678964,0
57351.473153199964,0
57356.473499610285,0
57361.47384602061,0
57366.474192430935,0
57371.474538841256,0
57376.47488525158,0
57381.4752316619,0
57386.475578072226,0
57391.47592448255,0
57396.476270892876,0
57401.4766173032,0
57406.47696371352,0
57411.47731012384,0
57416.47765653416,0
57421.47800294449,0
57426.47834935481,0
57431.47869576513,0
57436.47904217546,0
57441.47938858578,0
57446.4797349961,0
57451.48008140642,0
57456.48042781674,0
57461.48077422707,0
57466.48112063739,0
57471.48146704772,0
57476.48181345804,0
57481.48215986836,0
57486.482506278684,0
57491.482852689005,0
57496.48319909933,0
57501.483545509655,0
57506.483891919976,0
57511.484238330304,0
57516.484584740625,0
57521.484931150946,0
57526.48527756127,0
57531.485623971595,0
57536.48597038192,0
57541.48631679224,0
57546.486663202566,0
57551.48700961289,0
57556.48735602321,0
57561.48770243353,0
57566.48804884385,0
57571.48839525418,0
57576.4887416645,0
57581.48908807482,0
57586.48943448515,0
57591.48978089547,0
57596.49012730579,0
57601.49047371611,0
57606.49082012644,0
57611.49116653676,0
57616.49151294708,0
57621.49185935741,0
57626.49220576773,0
57631.49255217805,0
57636.492898588374,0
57641.493244998695,0
57646.493591409024,0
57651.493937819345,0
57656.49428422967,0
57661.494630639994,0
57666.494977050315,0
57671.49532346064,0
57676.49566987096,0
57681.496016281286,0
57686.49636269161,0
57691.49670910193,0
57696.497055512256,0
57701.49740192258,0
57706.4977483329,0
57711.49809474322,0
57716.49844115354,0
57721.49878756387,0
57726.49913397419,0
57731.49948038452,0
57736.49982679484,1
