bin_center,count
2.500038880248834,725159
7.500116640746501,25366
12.500194401244169,41576
17.500272161741837,56020
22.500349922239504,65437
27.500427682737172,69303
32.50050544323484,68930
37.5005832037325,67307
42.50066096423018,64137
47.50073872472784,62142
52.50081648522551,57819
57.500894245723174,54317
62.50097200622085,50310
67.50104976671852,46837
72.50112752721617,43542
77.50120528771384,40120
82.50128304821152,36846
87.5013608087092,33591
92.50143856920684,30526
97.50151632970451,27090
102.50159409020219,25188
107.50167185069986,22689
112.50174961119751,20444
117.50182737169519,18389
122.50190513219286,16309
127.50198289269053,14826
132.5020606531882,13305
137.50213841368586,11933
142.50221617418353,10504
147.50229393468118,9165
152.50237169517885,8167
157.50244945567653,7112
162.5025272161742,6261
167.50260497667188,5397
172.50268273716955,4763
177.5027604976672,4159
182.50283825816487,3510
187.50291601866252,3129
192.5029937791602,2685
197.50307153965787,2371
202.50314930015554,1964
207.50322706065322,1724
212.5033048211509,1436
217.50338258164854,1151
222.5034603421462,1018
227.50353810264386,833
232.50361586314153,740
237.5036936236392,625
242.50377138413688,527
247.50384914463456,446
252.50392690513223,392
257.5040046656299,309
262.5040824261275,302
267.5041601866252,203
272.5042379471229,163
277.50431570762055,163
282.5043934681182,138
287.5044712286159,110
292.5045489891136,90
297.50462674961125,75
302.50470451010887,63
307.50478227060654,56
312.5048600311042,54
317.5049377916019,24
322.50501555209956,33
327.50509331259724,28
332.5051710730949,20
337.5052488335926,24
342.5053265940902,17
347.5054043545879,10
352.50548211508556,15
357.50555987558323,14
362.5056376360809,11
367.5057153965786,10
372.50579315707625,9
377.50587091757393,7
382.50594867807155,4
387.5060264385692,4
392.5061041990669,8
397.50618195956457,3
402.50625972006225,2
407.5063374805599,7
412.5064152410576,5
417.50649300155527,3
422.5065707620529,5
427.50664852255056,0
432.50672628304824,9
437.5068040435459,3
442.5068818040436,2
447.50695956454126,3
452.50703732503894,1
457.5071150855366,5
462.50719284603423,3
467.5072706065319,5
472.5073483670296,3
477.50742612752725,5
482.5075038880249,2
487.5075816485226,1
492.5076594090203,6
497.50773716951795,3
502.50781493001557,3
507.50789269051324,4
512.5079704510109,3
517.5080482115086,3
522.5081259720063,1
527.508203732504,2
532.5082814930015,2
537.5083592534993,3
542.5084370139969,1
547.5085147744946,5
552.5085925349922,2
557.50867029549,4
562.5087480559876,2
567.5088258164853,3
572.5089035769829,4
577.5089813374807,2
582.5090590979783,1
587.509136858476,2
592.5092146189736,1
597.5092923794713,4
602.509370139969,4
607.5094479004665,2
612.5095256609643,3
617.5096034214619,1
622.5096811819596,1
627.5097589424572,5
632.509836702955,2
637.5099144634526,2
642.5099922239503,2
647.5100699844479,3
652.5101477449457,2
657.5102255054433,3
662.510303265941,0
667.5103810264386,3
672.5104587869364,2
677.510536547434,4
682.5106143079316,2
687.5106920684293,3
692.5107698289269,2
697.5108475894247,5
702.5109253499222,2
707.51100311042,2
712.5110808709176,6
717.5111586314154,2
722.5112363919129,6
727.5113141524107,3
732.5113919129083,4
737.511469673406,3
742.5115474339036,4
747.5116251944014,4
752.511702954899,2
757.5117807153966,2
762.5118584758943,6
767.5119362363919,1
772.5120139968897,5
777.5120917573872,2
782.512169517885,0
787.5122472783826,1
792.5123250388804,3
797.5124027993779,0
802.5124805598757,2
807.5125583203733,0
812.5126360808711,1
817.5127138413686,1
822.5127916018664,0
827.512869362364,3
832.5129471228618,4
837.5130248833593,2
842.513102643857,4
847.5131804043547,4
852.5132581648522,5
857.51333592535,3
862.5134136858476,1
867.5134914463454,1
872.5135692068429,3
877.5136469673407,0
882.5137247278383,4
887.5138024883361,2
892.5138802488336,5
897.5139580093314,1
902.514035769829,1
907.5141135303268,2
912.5141912908243,1
917.514269051322,1
922.5143468118197,5
927.5144245723172,2
932.514502332815,0
937.5145800933126,2
942.5146578538104,1
947.5147356143079,3
952.5148133748057,2
957.5148911353033,0
962.5149688958011,1
967.5150466562986,0
972.5151244167964,3
977.515202177294,4
982.5152799377918,2
987.5153576982893,2
992.5154354587871,2
997.5155132192847,4
1002.5155909797824,2
1007.51566874028,2
1012.5157465007776,1
1017.5158242612754,0
1022.515902021773,3
1027.5159797822707,3
1032.5160575427685,2
1037.516135303266,1
1042.5162130637636,3
1047.5162908242614,0
1052.516368584759,1
1057.5164463452566,3
1062.5165241057543,1
1067.5166018662521,1
1072.5166796267497,2
1077.5167573872473,0
1082.516835147745,2
1087.5169129082428,0
1092.5169906687404,1
1097.517068429238,2
1102.5171461897357,1
1107.5172239502335,3
1112.517301710731,4
1117.5173794712287,1
1122.5174572317264,2
1127.517534992224,1
1132.5176127527216,0
1137.5176905132193,2
1142.5177682737171,1
1147.5178460342147,1
1152.5179237947123,0
1157.51800155521,2
1162.5180793157078,2
1167.5181570762054,3
1172.518234836703,0
1177.5183125972007,3
1182.5183903576985,0
1187.518468118196,0
1192.5185458786937,2
1197.5186236391914,3
1202.518701399689,1
1207.5187791601866,1
1212.5188569206844,1
1217.5189346811821,3
1222.5190124416797,2
1227.5190902021773,0
1232.519167962675,1
1237.5192457231728,1
1242.5193234836704,2
1247.519401244168,2
1252.5194790046658,1
1257.5195567651635,0
1262.519634525661,2
1267.5197122861587,3
1272.5197900466565,0
1277.5198678071542,0
1282.5199455676516,1
1287.5200233281494,4
1292.5201010886472,2
1297.5201788491447,2
1302.5202566096423,0
1307.52033437014,0
1312.5204121306379,4
1317.5204898911354,6
1322.520567651633,1
1327.5206454121308,2
1332.5207231726285,1
1337.520800933126,3
1342.5208786936237,2
1347.5209564541215,1
1352.5210342146192,2
1357.5211119751168,1
1362.5211897356144,2
1367.5212674961122,4
1372.5213452566097,3
1377.5214230171073,2
1382.521500777605,4
1387.5215785381029,1
1392.5216562986004,0
1397.521734059098,3
1402.5218118195958,2
1407.5218895800936,4
1412.5219673405911,6
1417.5220451010887,1
1422.5221228615865,2
1427.5222006220843,0
1432.5222783825818,2
1437.5223561430794,3
1442.5224339035772,3
1447.5225116640747,1
1452.5225894245723,2
1457.52266718507,3
1462.5227449455679,2
1467.5228227060654,0
1472.522900466563,1
1477.5229782270608,2
1482.5230559875586,1
1487.5231337480561,3
1492.5232115085537,1
1497.5232892690515,2
1502.5233670295493,1
1507.5234447900468,3
1512.5235225505444,2
1517.5236003110422,3
1522.5236780715397,0
1527.5237558320373,1
1532.523833592535,0
1537.5239113530329,2
1542.5239891135304,0
1547.524066874028,1
1552.5241446345258,2
1557.5242223950236,0
1562.5243001555211,2
1567.5243779160187,2
1572.5244556765165,2
1577.5245334370143,4
1582.5246111975118,2
1587.5246889580094,0
1592.5247667185072,0
1597.524844479005,0
1602.5249222395023,3
1607.525,3
1612.5250777604979,1
1617.5251555209954,1
1622.525233281493,2
1627.5253110419908,1
1632.5253888024886,3
1637.5254665629861,0
1642.5255443234837,0
1647.5256220839815,1
1652.5256998444793,0
1657.5257776049768,3
1662.5258553654744,2
1667.5259331259722,4
1672.52601088647,2
1677.5260886469675,1
1682.526166407465,1
1687.526244167963,2
1692.5263219284604,0
1697.526399688958,1
1702.5264774494558,3
1707.5265552099536,1
1712.5266329704511,1
1717.5267107309487,2
1722.5267884914465,2
1727.5268662519443,0
1732.5269440124418,2
1737.5270217729394,1
1742.5270995334372,3
1747.527177293935,1
1752.5272550544325,1
1757.52733281493,2
1762.527410575428,2
1767.5274883359255,1
1772.527566096423,1
1777.5276438569208,3
1782.5277216174186,1
1787.5277993779162,2
1792.5278771384137,4
1797.5279548989115,1
1802.5280326594093,1
1807.5281104199069,1
1812.5281881804044,1
1817.5282659409022,1
1822.5283437014,4
1827.5284214618976,3
1832.528499222395,3
1837.528576982893,1
1842.5286547433905,0
1847.528732503888,1
1852.5288102643858,2
1857.5288880248836,3
1862.5289657853812,3
1867.5290435458787,2
1872.5291213063765,0
1877.5291990668743,0
1882.5292768273719,2
1887.5293545878694,0
1892.5294323483672,2
1897.529510108865,2
1902.5295878693626,2
1907.5296656298601,4
1912.529743390358,3
1917.5298211508557,1
1922.529898911353,1
1927.5299766718508,1
1932.5300544323486,2
1937.5301321928462,0
1942.5302099533437,1
1947.5302877138415,2
1952.5303654743393,2
1957.5304432348369,4
1962.5305209953344,0
1967.5305987558322,0
1972.53067651633,0
1977.5307542768276,1
1982.5308320373251,1
1987.530909797823,2
1992.5309875583207,1
1997.5310653188183,2
2002.5311430793158,2
2007.5312208398136,2
2012.5312986003112,1
2017.5313763608087,2
2022.5314541213065,1
2027.5315318818043,0
2032.5316096423019,0
2037.5316874027994,1
2042.5317651632972,1
2047.531842923795,2
2052.5319206842923,2
2057.5319984447906,1
2062.532076205288,1
2067.5321539657853,0
2072.5322317262835,3
2077.532309486781,1
2082.5323872472786,0
2087.5324650077764,1
2092.5325427682737,1
2097.5326205287715,1
2102.5326982892693,1
2107.5327760497667,3
2112.532853810265,1
2117.5329315707622,1
2122.5330093312596,4
2127.533087091758,2
2132.533164852255,0
2137.533242612753,1
2142.5333203732507,1
2147.533398133748,2
2152.5334758942463,3
2157.5335536547436,0
2162.533631415241,1
2167.533709175739,2
2172.5337869362365,2
2177.533864696734,1
2182.533942457232,1
2187.5340202177294,1
2192.5340979782272,3
2197.534175738725,0
2202.5342534992224,4
2207.5343312597206,1
2212.534409020218,1
2217.5344867807153,1
2222.5345645412135,1
2227.534642301711,1
2232.5347200622086,0
2237.5347978227064,2
2242.5348755832038,1
2247.5349533437015,2
2252.5350311041993,1
2257.5351088646967,3
2262.535186625195,2
2267.5352643856922,0
2272.5353421461896,1
2277.535419906688,0
2282.535497667185,4
2287.535575427683,3
2292.5356531881807,1
2297.535730948678,1
2302.5358087091763,2
2307.5358864696736,1
2312.535964230171,1
2317.536041990669,0
2322.5361197511666,0
2327.536197511664,1
2332.536275272162,3
2337.5363530326595,1
2342.5364307931573,0
2347.536508553655,0
2352.5365863141524,0
2357.5366640746506,2
2362.536741835148,1
2367.5368195956453,2
2372.5368973561435,0
2377.536975116641,0
2382.5370528771386,2
2387.5371306376364,1
2392.5372083981338,0
2397.5372861586316,2
2402.5373639191293,1
2407.5374416796267,1
2412.537519440125,1
2417.5375972006223,0
2422.5376749611196,3
2427.537752721618,4
2432.537830482115,1
2437.537908242613,2
2442.5379860031107,2
2447.538063763608,1
2452.5381415241063,0
2457.5382192846037,2
2462.538297045101,0
2467.5383748055992,2
2472.5384525660966,2
2477.5385303265944,2
2482.538608087092,2
2487.5386858475895,1
2492.5387636080873,1
2497.538841368585,1
2502.5389191290824,1
2507.5389968895806,1
2512.539074650078,2
2517.5391524105753,0
2522.5392301710735,5
2527.539307931571,2
2532.5393856920687,2
2537.5394634525665,1
2542.539541213064,0
2547.539618973562,2
2552.5396967340594,1
2557.5397744945567,2
2562.539852255055,1
2567.5399300155523,1
2572.5400077760496,6
2577.540085536548,2
2582.540163297045,0
2587.540241057543,0
2592.5403188180408,2
2597.540396578538,1
2602.5404743390363,1
2607.5405520995337,4
2612.540629860031,1
2617.5407076205292,2
2622.5407853810266,3
2627.5408631415244,2
2632.540940902022,1
2637.5410186625195,0
2642.5410964230173,1
2647.541174183515,1
2652.5412519440124,1
2657.5413297045106,3
2662.541407465008,2
2667.5414852255053,1
2672.5415629860036,2
2677.541640746501,0
2682.5417185069987,0
2687.5417962674965,2
2692.541874027994,1
2697.541951788492,0
2702.5420295489894,0
2707.5421073094867,0
2712.542185069985,2
2717.5422628304823,1
2722.54234059098,1
2727.542418351478,1
2732.542496111975,0
2737.542573872473,2
2742.542651632971,2
2747.542729393468,2
2752.5428071539664,1
2757.5428849144637,0
2762.542962674961,0
2767.5430404354593,1
2772.5431181959566,2
2777.5431959564544,2
2782.543273716952,1
2787.5433514774495,3
2792.5434292379477,4
2797.543506998445,0
2802.5435847589424,1
2807.5436625194407,2
2812.543740279938,0
2817.5438180404353,0
2822.5438958009336,1
2827.543973561431,1
2832.5440513219287,1
2837.5441290824265,1
2842.544206842924,1
2847.544284603422,1
2852.5443623639194,1
2857.5444401244167,0
2862.544517884915,0
2867.5445956454123,1
2872.54467340591,0
2877.544751166408,0
2882.544828926905,1
2887.544906687403,2
2892.544984447901,1
2897.545062208398,2
2902.5451399688964,1
2907.5452177293937,2
2912.545295489891,3
2917.5453732503893,1
2922.5454510108866,1
2927.5455287713844,1
2932.545606531882,1
2937.5456842923795,0
2942.5457620528778,2
2947.545839813375,0
2952.5459175738724,1
2957.5459953343707,1
2962.546073094868,1
2967.5461508553653,1
2972.5462286158636,1
2977.546306376361,0
2982.5463841368587,3
2987.5464618973565,1
2992.546539657854,4
2997.546617418352,1
3002.5466951788494,2
3007.5467729393467,1
3012.546850699845,1
3017.5469284603423,3
3022.54700622084,1
3027.547083981338,0
3032.547161741835,0
3037.547239502333,0
3042.547317262831,1
3047.547395023328,1
3052.5474727838264,2
3057.5475505443237,2
3062.547628304821,0
3067.5477060653193,1
3072.5477838258166,2
3077.5478615863144,0
3082.547939346812,2
3087.5480171073095,1
3092.548094867808,0
3097.548172628305,4
3102.5482503888024,1
3107.5483281493007,2
3112.548405909798,0
3117.548483670296,0
3122.5485614307936,1
3127.548639191291,0
3132.5487169517887,4
3137.5487947122865,2
3142.548872472784,3
3147.548950233282,3
3152.5490279937794,0
3157.5491057542768,1
3162.549183514775,1
3167.5492612752723,1
3172.54933903577,1
3177.549416796268,1
3182.5494945567652,2
3187.5495723172635,0
3192.549650077761,4
3197.549727838258,2
3202.5498055987564,0
3207.5498833592537,2
3212.549961119751,1
3217.5500388802493,0
3222.5501166407466,0
3227.5501944012444,1
3232.550272161742,2
3237.5503499222395,1
3242.550427682738,2
3247.550505443235,0
3252.5505832037325,3
3257.5506609642307,0
3262.550738724728,2
3267.550816485226,4
3272.5508942457236,0
3277.550972006221,1
3282.5510497667187,0
3287.5511275272165,1
3292.551205287714,2
3297.551283048212,0
3302.5513608087094,0
3307.5514385692068,2
3312.551516329705,1
3317.5515940902023,3
3322.5516718507,0
3327.551749611198,4
3332.5518273716953,0
3337.5519051321935,2
3342.551982892691,0
3347.552060653188,2
3352.5521384136864,2
3357.5522161741837,1
3362.5522939346815,0
3367.5523716951793,2
3372.5524494556767,1
3377.5525272161744,1
3382.5526049766722,2
3387.5526827371696,2
3392.552760497668,1
3397.552838258165,1
3402.5529160186625,1
3407.5529937791607,1
3412.553071539658,1
3417.553149300156,0
3422.5532270606536,1
3427.553304821151,2
3432.553382581649,2
3437.5534603421465,0
3442.553538102644,0
3447.553615863142,0
3452.5536936236394,1
3457.553771384137,2
3462.553849144635,2
3467.5539269051324,1
3472.55400466563,1
3477.554082426128,0
3482.5541601866253,0
3487.5542379471235,1
3492.554315707621,1
3497.554393468118,1
3502.5544712286164,1
3507.5545489891138,2
3512.5546267496115,2
3517.5547045101093,2
3522.5547822706067,3
3527.5548600311045,3
3532.5549377916022,2
3537.5550155520996,1
3542.555093312598,1
3547.555171073095,1
3552.5552488335925,2
3557.5553265940907,0
3562.555404354588,2
3567.555482115086,1
3572.5555598755836,1
3577.555637636081,3
3582.555715396579,0
3587.5557931570766,1
3592.555870917574,2
3597.555948678072,1
3602.5560264385695,0
3607.556104199067,2
3612.556181959565,1
3617.5562597200624,0
3622.55633748056,2
3627.556415241058,1
3632.5564930015553,0
3637.5565707620535,0
3642.556648522551,2
3647.556726283048,2
3652.5568040435464,3
3657.5568818040438,2
3662.5569595645416,3
3667.5570373250393,0
3672.5571150855367,0
3677.5571928460345,2
3682.5572706065323,1
3687.5573483670296,0
3692.557426127528,2
3697.557503888025,0
3702.5575816485225,1
3707.5576594090207,0
3712.557737169518,1
3717.557814930016,3
3722.5578926905137,1
3727.557970451011,0
3732.5580482115092,0
3737.5581259720066,1
3742.558203732504,1
3747.558281493002,1
3752.5583592534995,1
3757.5584370139973,0
3762.558514774495,0
3767.5585925349924,3
3772.55867029549,2
3777.558748055988,1
3782.5588258164853,2
3787.5589035769835,1
3792.558981337481,2
3797.559059097978,2
3802.5591368584764,1
3807.559214618974,0
3812.5592923794716,1
3817.5593701399694,1
3822.5594479004667,0
3827.559525660965,0
3832.5596034214623,0
3837.5596811819596,2
3842.559758942458,0
3847.559836702955,3
3852.5599144634525,0
3857.5599922239508,0
3862.560069984448,2
3867.560147744946,1
3872.5602255054437,2
3877.560303265941,2
3882.5603810264392,0
3887.5604587869366,1
3892.560536547434,1
3897.560614307932,0
3902.5606920684295,0
3907.5607698289273,1
3912.560847589425,3
3917.5609253499224,2
3922.56100311042,3
3927.561080870918,1
3932.5611586314153,0
3937.5612363919136,3
3942.561314152411,0
3947.561391912908,0
3952.5614696734065,1
3957.561547433904,3
3962.5616251944016,2
3967.5617029548994,2
3972.5617807153967,1
3977.561858475895,2
3982.5619362363923,3
3987.5620139968896,3
3992.562091757388,0
3997.562169517885,3
4002.562247278383,1
4007.5623250388808,0
4012.562402799378,0
4017.562480559876,0
4022.5625583203737,2
4027.562636080871,0
4032.5627138413693,0
4037.5627916018666,0
4042.562869362364,3
4047.562947122862,0
4052.5630248833595,0
4057.5631026438573,1
4062.563180404355,0
4067.5632581648524,2
4072.5633359253507,0
4077.563413685848,3
4082.5634914463453,1
4087.5635692068436,1
4092.563646967341,0
4097.563724727838,1
4102.563802488336,1
4107.563880248834,0
4112.563958009332,1
4117.564035769829,0
4122.564113530327,1
4127.564191290825,3
4132.564269051322,4
4137.56434681182,3
4142.564424572318,0
4147.564502332815,1
4152.5645800933125,0
4157.564657853811,1
4162.564735614309,1
4167.564813374805,1
4172.564891135304,0
4177.564968895802,0
4182.565046656298,1
4187.565124416797,1
4192.565202177295,0
4197.565279937791,2
4202.5653576982895,3
4207.565435458788,1
4212.565513219285,1
4217.565590979782,1
4222.565668740281,0
4227.565746500778,1
4232.565824261275,3
4237.565902021774,1
4242.565979782271,0
4247.566057542768,1
4252.5661353032665,3
4257.566213063764,1
4262.566290824261,2
4267.566368584759,0
4272.566446345258,1
4277.566524105754,1
4282.566601866252,0
4287.566679626751,1
4292.566757387247,0
4297.566835147745,4
4302.5669129082435,0
4307.566990668741,0
4312.567068429238,3
4317.567146189736,1
4322.567223950234,2
4327.567301710731,0
4332.567379471229,1
4337.567457231727,1
4342.567534992224,1
4347.567612752722,0
4352.5676905132195,1
4357.567768273717,1
4362.567846034215,0
4367.567923794713,2
4372.56800155521,1
4377.568079315708,1
4382.568157076206,0
4387.568234836703,1
4392.568312597201,0
4397.568390357699,2
4402.568468118196,1
4407.568545878694,1
4412.568623639192,2
4417.568701399689,2
4422.568779160187,1
4427.568856920685,3
4432.568934681182,1
4437.56901244168,3
4442.569090202178,2
4447.569167962675,1
4452.569245723173,1
4457.569323483671,0
4462.569401244169,1
4467.5694790046655,1
4472.569556765164,0
4477.569634525662,1
4482.569712286158,0
4487.569790046657,4
4492.569867807155,0
4497.569945567651,2
4502.57002332815,0
4507.570101088648,2
4512.570178849145,1
4517.5702566096425,2
4522.570334370141,1
4527.570412130638,4
4532.570489891135,1
4537.570567651634,4
4542.570645412131,1
4547.570723172628,1
4552.5708009331265,2
4557.570878693625,1
4562.570956454121,1
4567.571034214619,1
4572.571111975118,2
4577.571189735614,2
4582.571267496112,3
4587.571345256611,1
4592.571423017107,0
4597.571500777605,1
4602.5715785381035,1
4607.571656298601,1
4612.571734059098,0
4617.571811819596,0
4622.571889580094,1
4627.571967340591,0
4632.572045101089,1
4637.572122861587,1
4642.572200622084,2
4647.572278382582,2
4652.57235614308,3
4657.572433903577,2
4662.572511664075,0
4667.572589424573,0
4672.57266718507,2
4677.572744945568,1
4682.572822706066,2
4687.572900466563,4
4692.572978227061,1
4697.573055987559,1
4702.5731337480565,1
4707.573211508554,2
4712.573289269052,0
4717.573367029549,0
4722.573444790047,3
4727.573522550545,1
4732.573600311042,0
4737.57367807154,0
4742.573755832038,0
4747.573833592535,1
4752.573911353033,2
4757.573989113531,1
4762.574066874029,3
4767.5741446345255,1
4772.574222395024,1
4777.574300155522,2
4782.574377916018,1
4787.574455676517,2
4792.574533437015,0
4797.574611197511,2
4802.57468895801,2
4807.574766718508,1
4812.574844479005,1
4817.5749222395025,2
4822.575000000001,4
4827.575077760498,2
4832.575155520995,1
4837.575233281494,1
4842.575311041991,1
4847.575388802488,0
4852.575466562987,1
4857.575544323485,1
4862.575622083981,3
4867.5756998444795,1
4872.575777604978,2
4877.575855365474,2
4882.575933125972,1
4887.576010886471,1
4892.576088646967,0
4897.576166407465,1
4902.5762441679635,1
4907.576321928461,1
4912.576399688958,4
4917.576477449456,4
4922.576555209954,0
4927.576632970451,0
4932.576710730949,1
4937.576788491447,0
4942.576866251944,2
4947.576944012442,2
4952.5770217729405,4
4957.577099533437,1
4962.577177293935,1
4967.577255054433,1
4972.57733281493,0
4977.577410575428,0
4982.577488335926,1
4987.577566096423,1
4992.577643856921,2
4997.577721617419,1
5002.577799377917,1
5007.577877138414,2
5012.577954898912,2
5017.5780326594095,0
5022.578110419907,1
5027.578188180405,1
5032.578265940902,1
5037.5783437014,2
5042.578421461898,0
5047.578499222395,2
5052.578576982893,0
5057.578654743391,2
5062.578732503889,1
5067.5788102643855,2
5072.578888024884,1
5077.578965785382,0
5082.579043545878,0
5087.579121306377,1
5092.579199066875,1
5097.579276827372,1
5102.57935458787,1
5107.579432348368,0
5112.579510108865,0
5117.5795878693625,2
5122.579665629861,2
5127.579743390358,0
5132.579821150855,1
5137.579898911354,0
5142.579976671851,1
5147.580054432348,2
5152.580132192847,2
5157.580209953345,1
5162.580287713841,2
5167.5803654743395,1
5172.580443234838,0
5177.580520995334,1
5182.580598755832,0
5187.580676516331,0
5192.580754276828,2
5197.580832037325,2
5202.580909797824,1
5207.580987558321,0
5212.581065318818,2
5217.5811430793165,2
5222.581220839814,1
5227.581298600311,2
5232.581376360809,4
5237.581454121307,2
5242.581531881804,1
5247.581609642302,0
5252.5816874028005,0
5257.581765163297,2
5262.581842923795,1
5267.581920684293,0
5272.58199844479,1
5277.582076205288,2
5282.582153965786,1
5287.582231726283,3
5292.582309486781,2
5297.582387247279,0
5302.582465007777,2
5307.582542768274,0
5312.582620528772,0
5317.5826982892695,0
5322.582776049767,3
5327.582853810265,1
5332.582931570762,1
5337.58300933126,0
5342.583087091758,4
5347.583164852256,0
5352.583242612753,4
5357.583320373251,3
5362.583398133749,1
5367.583475894246,0
5372.583553654744,1
5377.583631415242,0
5382.5837091757385,3
5387.583786936237,1
5392.583864696735,2
5397.583942457232,1
5402.58402021773,2
5407.584097978228,0
5412.584175738725,0
5417.5842534992225,2
5422.584331259721,1
5427.584409020218,2
5432.584486780715,2
5437.584564541214,1
5442.584642301712,2
5447.584720062208,2
5452.584797822707,2
5457.584875583205,2
5462.584953343701,1
5467.5850311041995,2
5472.585108864698,0
5477.585186625194,1
5482.585264385692,4
5487.585342146191,1
5492.585419906688,1
5497.585497667185,0
5502.585575427684,0
5507.585653188181,1
5512.585730948678,1
5517.5858087091765,0
5522.585886469674,4
5527.585964230171,0
5532.586041990669,1
5537.586119751167,0
5542.586197511664,4
5547.586275272162,1
5552.586353032661,0
5557.586430793157,1
5562.586508553655,0
5567.5865863141535,0
5572.58666407465,0
5577.586741835148,2
5582.586819595646,1
5587.586897356144,2
5592.586975116641,0
5597.587052877139,1
5602.587130637637,2
5607.587208398134,1
5612.587286158632,5
5617.5873639191295,2
5622.587441679627,0
5627.587519440125,1
5632.587597200622,1
5637.58767496112,1
5642.587752721618,1
5647.587830482116,2
5652.587908242613,3
5657.587986003111,3
5662.588063763609,1
5667.588141524106,0
5672.588219284604,1
5677.588297045102,2
5682.5883748055985,0
5687.588452566097,2
5692.588530326595,0
5697.588608087092,1
5702.58868584759,3
5707.588763608088,2
5712.588841368585,3
5717.588919129083,1
5722.588996889581,1
5727.589074650078,1
5732.5891524105755,0
5737.589230171074,1
5742.589307931572,0
5747.589385692068,0
5752.589463452567,0
5757.589541213065,1
5762.589618973561,3
5767.5896967340595,2
5772.589774494558,1
5777.589852255054,0
5782.589930015552,1
5787.590007776051,2
5792.590085536548,2
5797.590163297045,3
5802.590241057544,1
5807.590318818041,1
5812.590396578538,0
5817.5904743390365,1
5822.590552099534,3
5827.590629860031,0
5832.590707620529,1
5837.590785381028,1
5842.590863141524,2
5847.590940902022,1
5852.591018662521,0
5857.591096423017,3
5862.591174183515,3
5867.5912519440135,2
5872.59132970451,1
5877.591407465008,1
5882.591485225506,4
5887.591562986004,0
5892.591640746501,1
5897.591718506999,0
5902.591796267497,0
5907.591874027994,2
5912.591951788492,2
5917.59202954899,0
5922.592107309487,1
5927.592185069985,1
5932.5922628304825,1
5937.59234059098,4
5942.592418351478,1
5947.592496111976,0
5952.592573872473,0
5957.592651632971,4
5962.592729393469,2
5967.592807153966,2
5972.592884914464,0
5977.592962674962,1
5982.593040435459,2
5987.593118195957,1
5992.593195956455,0
5997.593273716952,2
6002.59335147745,2
6007.593429237948,3
6012.593506998445,0
6017.593584758943,2
6022.593662519441,1
6027.593740279938,1
6032.5938180404355,0
6037.593895800934,0
6042.593973561432,2
6047.594051321928,0
6052.594129082427,3
6057.594206842925,3
6062.594284603421,1
6067.59436236392,0
6072.594440124418,2
6077.594517884914,1
6082.5945956454125,2
6087.594673405911,2
6092.594751166408,0
6097.594828926905,1
6102.594906687404,2
6107.594984447901,1
6112.595062208398,0
6117.595139968897,0
6122.595217729394,2
6127.595295489891,4
6132.5953732503895,2
6137.595451010888,1
6142.595528771384,2
6147.595606531882,1
6152.595684292381,0
6157.595762052877,0
6162.595839813375,2
6167.5959175738735,0
6172.59599533437,6
6177.596073094868,3
6182.596150855366,2
6187.596228615864,0
6192.596306376361,1
6197.596384136859,1
6202.596461897357,1
6207.596539657854,0
6212.596617418352,1
6217.59669517885,1
6222.596772939347,0
6227.596850699845,2
6232.596928460343,1
6237.59700622084,2
6242.597083981338,2
6247.597161741836,1
6252.597239502333,0
6257.597317262831,0
6262.597395023329,1
6267.597472783826,0
6272.597550544324,1
6277.597628304822,2
6282.5977060653195,3
6287.597783825817,1
6292.597861586315,4
6297.597939346812,2
6302.59801710731,1
6307.598094867808,4
6312.598172628305,1
6317.598250388803,1
6322.598328149301,2
6327.598405909798,0
6332.5984836702955,1
6337.598561430794,5
6342.598639191292,1
6347.598716951788,1
6352.598794712287,2
6357.598872472785,2
6362.598950233281,1
6367.59902799378,0
6372.599105754278,1
6377.599183514775,2
6382.5992612752725,1
6387.599339035771,0
6392.599416796268,0
6397.599494556765,3
6402.599572317264,0
6407.599650077761,0
6412.599727838258,3
6417.599805598757,1
6422.599883359254,3
6427.599961119751,1
6432.6000388802495,1
6437.600116640748,2
6442.600194401244,1
6447.600272161742,3
6452.600349922241,1
6457.600427682737,2
6462.600505443235,1
6467.600583203734,0
6472.600660964231,1
6477.600738724728,2
6482.6008164852265,2
6487.600894245724,2
6492.600972006221,4
6497.601049766719,0
6502.601127527217,1
6507.601205287714,0
6512.601283048212,0
6517.60136080871,0
6522.601438569207,4
6527.601516329705,2
6532.601594090203,0
6537.6016718507,0
6542.601749611198,0
6547.601827371696,4
6552.601905132193,0
6557.601982892691,5
6562.602060653189,1
6567.602138413686,2
6572.602216174184,2
6577.602293934682,2
6582.6023716951795,0
6587.602449455677,0
6592.602527216175,1
6597.602604976672,1
6602.60268273717,0
6607.602760497668,2
6612.602838258165,1
6617.602916018663,1
6622.602993779161,0
6627.603071539659,0
6632.603149300156,1
6637.603227060654,1
6642.603304821152,2
6647.6033825816485,1
6652.603460342147,2
6657.603538102645,1
6662.603615863141,0
6667.60369362364,0
6672.603771384138,0
6677.603849144635,3
6682.6039269051325,1
6687.604004665631,4
6692.604082426128,2
6697.604160186625,3
6702.604237947124,0
6707.604315707621,1
6712.604393468118,0
6717.604471228617,1
6722.604548989115,2
6727.604626749611,0
6732.6047045101095,0
6737.604782270608,1
6742.604860031104,0
6747.604937791602,2
6752.605015552101,1
6757.605093312597,2
6762.605171073095,0
6767.605248833594,1
6772.605326594091,0
6777.605404354588,4
6782.6054821150865,1
6787.605559875584,1
6792.605637636081,1
6797.605715396579,0
6802.605793157077,1
6807.605870917574,0
6812.605948678072,2
6817.60602643857,0
6822.606104199067,4
6827.606181959565,1
6832.6062597200635,1
6837.60633748056,1
6842.606415241058,1
6847.606493001556,2
6852.606570762053,2
6857.606648522551,2
6862.606726283049,2
6867.606804043547,2
6872.606881804044,2
6877.606959564542,1
6882.6070373250395,2
6887.607115085537,3
6892.607192846035,3
6897.607270606532,1
6902.60734836703,0
6907.607426127528,4
6912.607503888025,0
6917.607581648523,2
6922.607659409021,1
6927.607737169519,2
6932.607814930016,2
6937.607892690514,3
6942.607970451012,1
6947.6080482115085,3
6952.608125972007,0
6957.608203732505,0
6962.608281493001,0
6967.6083592535,2
6972.608437013998,0
6977.608514774495,0
6982.608592534993,1
6987.608670295491,0
6992.608748055988,0
6997.6088258164855,2
7002.608903576984,1
7007.608981337481,2
7012.609059097978,2
7017.609136858477,3
7022.609214618975,0
7027.609292379471,1
7032.6093701399695,0
7037.609447900468,0
7042.609525660964,2
7047.609603421462,0
7052.609681181961,2
7057.609758942457,1
7062.609836702955,0
7067.609914463454,0
7072.609992223951,2
7077.610069984448,1
7082.6101477449465,3
7087.610225505444,4
7092.610303265941,2
7097.610381026439,0
7102.610458786937,0
7107.610536547434,0
7112.610614307932,1
7117.610692068431,4
7122.610769828927,2
7127.610847589425,1
7132.6109253499235,3
7137.61100311042,0
7142.611080870918,2
7147.611158631416,1
7152.611236391913,1
7157.611314152411,0
7162.611391912909,1
7167.611469673407,4
7172.611547433904,2
7177.611625194402,2
7182.6117029549,1
7187.611780715397,4
7192.611858475895,2
7197.6119362363925,4
7202.61201399689,1
7207.612091757388,1
7212.612169517885,2
7217.612247278383,0
7222.612325038881,0
7227.612402799379,1
7232.612480559876,2
7237.612558320374,1
7242.612636080872,4
7247.6127138413685,2
7252.612791601867,0
7257.612869362365,1
7262.612947122862,1
7267.61302488336,2
7272.613102643858,1
7277.613180404355,0
7282.613258164853,1
7287.613335925351,3
7292.613413685848,2
7297.6134914463455,2
7302.613569206844,2
7307.613646967341,0
7312.613724727838,0
7317.613802488337,0
7322.613880248835,2
7327.613958009331,0
7332.61403576983,3
7337.614113530328,2
7342.614191290824,0
7347.6142690513225,0
7352.614346811821,3
7357.614424572317,3
7362.614502332815,3
7367.614580093314,1
7372.614657853811,1
7377.614735614308,1
7382.6148133748065,2
7387.614891135304,1
7392.614968895801,2
7397.6150466562995,0
7402.615124416797,1
7407.615202177294,1
7412.615279937792,3
7417.615357698291,4
7422.615435458787,2
7427.615513219285,1
7432.6155909797835,0
7437.61566874028,1
7442.615746500778,1
7447.615824261276,2
7452.615902021773,4
7457.615979782271,1
7462.616057542769,2
7467.616135303267,1
7472.616213063764,1
7477.616290824262,5
7482.61636858476,1
7487.616446345257,1
7492.616524105755,2
7497.6166018662525,1
7502.61667962675,6
7507.616757387248,1
7512.616835147746,5
7517.616912908243,2
7522.616990668741,1
7527.617068429239,1
7532.617146189736,0
7537.617223950234,2
7542.617301710732,3
7547.617379471229,3
7552.617457231727,1
7557.617534992225,1
7562.617612752722,2
7567.61769051322,1
7572.617768273718,3
7577.617846034215,2
7582.617923794713,2
7587.618001555211,1
7592.618079315708,3
7597.6181570762055,1
7602.618234836704,4
7607.618312597201,0
7612.618390357698,1
7617.618468118197,3
7622.618545878695,0
7627.618623639191,3
7632.61870139969,1
7637.618779160188,1
7642.618856920684,2
7647.6189346811825,2
7652.619012441681,0
7657.619090202178,2
7662.619167962675,1
7667.619245723174,1
7672.619323483671,0
7677.619401244168,3
7682.619479004667,1
7687.619556765164,0
7692.619634525661,1
7697.6197122861595,2
7702.619790046657,0
7707.619867807154,1
7712.619945567652,1
7717.620023328151,3
7722.620101088647,2
7727.620178849145,1
7732.620256609644,0
7737.62033437014,0
7742.620412130638,1
7747.6204898911365,2
7752.620567651634,2
7757.620645412131,2
7762.620723172629,1
7767.620800933127,1
7772.620878693624,1
7777.620956454122,0
7782.62103421462,0
7787.621111975117,3
7792.621189735615,0
7797.6212674961125,1
7802.62134525661,2
7807.621423017108,2
7812.621500777606,2
7817.621578538103,2
7822.621656298601,0
7827.621734059099,4
7832.621811819596,2
7837.621889580094,1
7842.621967340592,0
7847.622045101089,3
7852.622122861587,1
7857.622200622085,0
7862.622278382582,0
7867.62235614308,1
7872.622433903578,2
7877.622511664075,2
7882.622589424573,2
7887.622667185071,1
7892.622744945568,1
7897.622822706066,0
7902.622900466564,2
7907.622978227062,2
7912.6230559875585,1
7917.623133748057,3
7922.623211508555,2
7927.623289269051,1
7932.62336702955,1
7937.623444790048,1
7942.623522550544,5
7947.6236003110425,0
7952.623678071541,1
7957.623755832038,1
7962.623833592535,0
7967.623911353034,1
7972.623989113531,1
7977.624066874028,1
7982.624144634527,1
7987.624222395024,1
7992.624300155521,2
7997.6243779160195,1
8002.624455676518,2
8007.624533437014,3
8012.624611197512,3
8017.624688958011,0
8022.624766718507,2
8027.624844479005,4
8032.624922239504,1
8037.625,4
8042.625077760498,1
8047.6251555209965,0
8052.625233281494,2
8057.625311041991,0
8062.625388802489,1
8067.625466562987,2
8072.625544323484,2
8077.625622083982,1
8082.62569984448,2
8087.625777604977,1
8092.625855365475,1
8097.625933125973,1
8102.62601088647,1
8107.626088646968,1
8112.626166407466,0
8117.626244167963,1
8122.626321928461,0
8127.626399688959,2
8132.626477449456,1
8137.626555209954,3
8142.626632970452,0
8147.6267107309495,0
8152.626788491447,1
8157.626866251945,2
8162.626944012442,0
8167.62702177294,0
8172.627099533438,2
8177.627177293935,3
8182.627255054433,3
8187.627332814931,1
8192.627410575427,2
8197.627488335926,1
8202.627566096424,2
8207.627643856922,3
8212.627721617419,1
8217.627799377917,0
8222.627877138415,1
8227.627954898911,3
8232.62803265941,3
8237.628110419908,1
8242.628188180406,1
8247.628265940903,1
8252.6283437014,0
8257.628421461897,1
8262.628499222395,3
8267.628576982894,0
8272.628654743392,2
8277.628732503888,1
8282.628810264387,3
8287.628888024883,2
8292.628965785381,2
8297.62904354588,2
8302.629121306378,0
8307.629199066874,2
8312.629276827372,2
8317.62935458787,4
8322.629432348367,4
8327.629510108865,0
8332.629587869364,0
8337.629665629862,3
8342.629743390358,2
8347.629821150857,1
8352.629898911353,0
8357.629976671851,1
8362.63005443235,2
8367.630132192848,4
8372.630209953344,3
8377.630287713842,3
8382.630365474339,2
8387.630443234837,0
8392.630520995335,2
8397.630598755833,1
8402.63067651633,1
8407.630754276828,2
8412.630832037325,1
8417.630909797823,1
8422.630987558321,1
8427.63106531882,0
8432.631143079318,1
8437.631220839814,1
8442.631298600312,1
8447.631376360809,0
8452.631454121307,0
8457.631531881805,1
8462.631609642303,0
8467.6316874028,2
8472.631765163298,2
8477.631842923794,1
8482.631920684293,2
8487.631998444791,4
8492.63207620529,3
8497.632153965786,3
8502.632231726284,3
8507.63230948678,0
8512.632387247279,0
8517.632465007777,0
8522.632542768275,3
8527.632620528773,3
8532.63269828927,2
8537.632776049768,1
8542.632853810264,3
8547.632931570763,0
8552.63300933126,3
8557.633087091759,0
8562.633164852256,1
8567.633242612754,2
8572.63332037325,1
8577.633398133748,3
8582.633475894247,2
8587.633553654745,0
8592.633631415241,1
8597.63370917574,0
8602.633786936236,3
8607.633864696734,1
8612.633942457232,0
8617.63402021773,0
8622.634097978229,3
8627.634175738725,0
8632.634253499224,1
8637.63433125972,0
8642.634409020218,1
8647.634486780717,2
8652.634564541215,2
8657.634642301711,0
8662.63472006221,2
8667.634797822706,2
8672.634875583204,1
8677.634953343702,0
8682.6350311042,2
8687.635108864697,0
8692.635186625195,3
8697.635264385692,1
8702.63534214619,1
8707.635419906688,1
8712.635497667186,1
8717.635575427685,1
8722.635653188181,2
8727.63573094868,0
8732.635808709176,0
8737.635886469674,3
8742.635964230172,1
8747.63604199067,3
8752.636119751167,1
8757.636197511665,3
8762.636275272162,1
8767.63635303266,3
8772.636430793158,3
8777.636508553656,2
8782.636586314153,2
8787.636664074651,3
8792.636741835147,1
8797.636819595646,0
8802.636897356144,2
8807.636975116642,0
8812.637052877139,1
8817.637130637637,1
8822.637208398135,2
8827.637286158631,3
8832.63736391913,1
8837.637441679628,2
8842.637519440126,2
8847.637597200623,1
8852.63767496112,0
8857.637752721617,2
8862.637830482116,2
8867.637908242614,2
8872.637986003112,2
8877.638063763608,1
8882.638141524107,1
8887.638219284603,3
8892.638297045101,1
8897.6383748056,1
8902.638452566098,2
8907.638530326594,0
8912.638608087093,1
8917.63868584759,1
8922.638763608087,2
8927.638841368585,2
8932.638919129084,1
8937.638996889582,1
8942.639074650078,2
8947.639152410577,1
8952.639230171073,2
8957.639307931571,1
8962.63938569207,0
8967.639463452568,2
8972.639541213064,2
8977.639618973562,0
8982.639696734059,0
8987.639774494557,1
8992.639852255055,1
8997.639930015554,1
9002.64000777605,1
9007.640085536548,0
9012.640163297046,2
9017.640241057543,3
9022.640318818041,2
9027.64039657854,2
9032.640474339038,0
9037.640552099534,3
9042.640629860032,0
9047.640707620529,1
9052.640785381027,2
9057.640863141525,1
9062.640940902023,0
9067.64101866252,0
9072.641096423018,1
9077.641174183515,1
9082.641251944013,0
9087.641329704511,3
9092.64140746501,1
9097.641485225506,1
9102.641562986004,2
9107.641640746502,1
9112.641718506999,4
9117.641796267497,2
9122.641874027995,2
9127.641951788493,2
9132.64202954899,3
9137.642107309488,1
9142.642185069984,3
9147.642262830483,1
9152.64234059098,3
9157.64241835148,2
9162.642496111976,1
9167.642573872474,2
9172.64265163297,2
9177.642729393468,0
9182.642807153967,1
9187.642884914465,2
9192.642962674961,3
9197.64304043546,0
9202.643118195956,3
9207.643195956454,0
9212.643273716953,3
9217.64335147745,0
9222.643429237949,1
9227.643506998445,0
9232.643584758944,1
9237.64366251944,1
9242.643740279938,2
9247.643818040437,1
9252.643895800935,2
9257.643973561431,0
9262.64405132193,1
9267.644129082426,3
9272.644206842924,1
9277.644284603422,3
9282.64436236392,0
9287.644440124417,1
9292.644517884915,2
9297.644595645412,2
9302.64467340591,2
9307.644751166408,0
9312.644828926906,0
9317.644906687405,3
9322.644984447901,1
9327.6450622084,1
9332.645139968896,1
9337.645217729394,0
9342.645295489892,4
9347.64537325039,1
9352.645451010887,0
9357.645528771385,1
9362.645606531882,1
9367.64568429238,1
9372.645762052878,0
9377.645839813376,0
9382.645917573873,1
9387.645995334371,1
9392.646073094867,4
9397.646150855366,3
9402.646228615864,2
9407.646306376362,1
9412.64638413686,3
9417.646461897357,1
9422.646539657855,1
9427.646617418352,3
9432.64669517885,1
9437.646772939348,2
9442.646850699846,2
9447.646928460343,4
9452.647006220841,2
9457.647083981337,3
9462.647161741836,0
9467.647239502334,2
9472.647317262832,3
9477.647395023328,0
9482.647472783827,2
9487.647550544323,1
9492.647628304821,2
9497.64770606532,2
9502.647783825818,3
9507.647861586316,1
9512.647939346813,1
9517.64801710731,0
9522.648094867807,2
9527.648172628305,2
9532.648250388804,4
9537.648328149302,1
9542.648405909798,3
9547.648483670297,0
9552.648561430793,1
9557.648639191291,0
9562.64871695179,0
9567.648794712288,3
9572.648872472784,4
9577.648950233282,2
9582.649027993779,0
9587.649105754277,0
9592.649183514775,1
9597.649261275274,3
9602.64933903577,3
9607.649416796268,4
9612.649494556767,1
9617.649572317263,0
9622.649650077761,1
9627.64972783826,2
9632.649805598758,2
9637.649883359254,0
9642.649961119752,5
9647.650038880249,1
9652.650116640747,1
9657.650194401245,3
9662.650272161743,1
9667.65034992224,2
9672.650427682738,1
9677.650505443235,2
9682.650583203733,1
9687.650660964231,4
9692.65073872473,2
9697.650816485226,3
9702.650894245724,4
9707.650972006222,1
9712.651049766719,0
9717.651127527217,0
9722.651205287715,1
9727.651283048213,0
9732.65136080871,2
9737.651438569208,1
9742.651516329704,2
9747.651594090203,1
9752.651671850701,2
9757.6517496112,3
9762.651827371696,0
9767.651905132194,6
9772.65198289269,0
9777.652060653189,1
9782.652138413687,1
9787.652216174185,3
9792.652293934681,2
9797.65237169518,0
9802.652449455678,2
9807.652527216174,2
9812.652604976673,3
9817.65268273717,2
9822.652760497669,4
9827.652838258166,0
9832.652916018664,3
9837.65299377916,2
9842.653071539658,0
9847.653149300157,2
9852.653227060655,1
9857.653304821151,1
9862.65338258165,0
9867.653460342146,2
9872.653538102644,1
9877.653615863142,4
9882.65369362364,1
9887.653771384137,3
9892.653849144635,2
9897.653926905134,3
9902.65400466563,0
9907.654082426128,3
9912.654160186627,0
9917.654237947125,0
9922.654315707621,2
9927.65439346812,0
9932.654471228616,1
9937.654548989114,2
9942.654626749612,2
9947.65470451011,3
9952.654782270607,1
9957.654860031105,0
9962.654937791602,3
9967.6550155521,1
9972.655093312598,2
9977.655171073096,0
9982.655248833593,2
9987.655326594091,3
9992.65540435459,2
9997.655482115086,0
10002.655559875584,0
10007.655637636082,0
10012.65571539658,1
10017.655793157077,1
10022.655870917575,1
10027.655948678072,3
10032.65602643857,0
10037.656104199068,0
10042.656181959566,0
10047.656259720063,0
10052.656337480561,6
10057.656415241057,0
10062.656493001556,3
10067.656570762054,0
10072.656648522552,2
10077.656726283049,0
10082.656804043547,1
10087.656881804043,4
10092.656959564541,3
10097.65703732504,3
10102.657115085538,4
10107.657192846036,2
10112.657270606533,1
10117.65734836703,6
10122.657426127527,1
10127.657503888026,2
10132.657581648524,1
10137.657659409022,1
10142.657737169518,1
10147.657814930017,3
10152.657892690513,0
10157.657970451011,0
10162.65804821151,2
10167.658125972008,4
10172.658203732504,3
10177.658281493003,1
10182.658359253499,0
10187.658437013997,1
10192.658514774495,0
10197.658592534994,3
10202.658670295492,2
10207.658748055988,2
10212.658825816487,2
10217.658903576983,5
10222.658981337481,1
10227.65905909798,2
10232.659136858478,3
10237.659214618974,1
10242.659292379472,3
10247.659370139969,2
10252.659447900467,1
10257.659525660965,1
10262.659603421464,0
10267.65968118196,2
10272.659758942458,3
10277.659836702955,1
10282.659914463453,3
10287.659992223951,1
10292.66006998445,3
10297.660147744948,2
10302.660225505444,3
10307.660303265942,0
10312.660381026439,0
10317.660458786937,3
10322.660536547435,3
10327.660614307933,2
10332.66069206843,0
10337.660769828928,1
10342.660847589425,1
10347.660925349923,0
10352.661003110421,1
10357.66108087092,2
10362.661158631416,2
10367.661236391914,3
10372.66131415241,2
10377.661391912909,1
10382.661469673407,0
10387.661547433905,2
10392.661625194403,1
10397.6617029549,0
10402.661780715398,0
10407.661858475894,0
10412.661936236393,3
10417.66201399689,1
10422.66209175739,0
10427.662169517886,1
10432.662247278384,2
10437.66232503888,3
10442.662402799378,2
10447.662480559877,7
10452.662558320375,3
10457.662636080871,2
10462.66271384137,1
10467.662791601866,0
10472.662869362364,2
10477.662947122863,1
10482.66302488336,1
10487.663102643857,4
10492.663180404355,2
10497.663258164854,0
10502.66333592535,1
10507.663413685848,2
10512.663491446347,3
10517.663569206845,3
10522.663646967341,5
10527.66372472784,4
10532.663802488336,1
10537.663880248834,3
10542.663958009332,0
10547.66403576983,2
10552.664113530327,5
10557.664191290825,1
10562.664269051322,3
10567.66434681182,3
10572.664424572318,1
10577.664502332816,2
10582.664580093313,3
10587.664657853811,3
10592.66473561431,1
10597.664813374806,1
10602.664891135304,2
10607.664968895802,2
10612.6650466563,2
10617.665124416797,2
10622.665202177295,3
10627.665279937792,3
10632.66535769829,1
10637.665435458788,3
10642.665513219286,1
10647.665590979783,5
10652.665668740281,0
10657.665746500777,3
10662.665824261276,2
10667.665902021774,2
10672.665979782272,3
10677.666057542769,1
10682.666135303267,3
10687.666213063765,1
10692.666290824262,0
10697.66636858476,3
10702.666446345258,2
10707.666524105756,4
10712.666601866253,1
10717.666679626751,2
10722.666757387247,0
10727.666835147746,3
10732.666912908244,3
10737.666990668742,5
10742.667068429238,3
10747.667146189737,0
10752.667223950233,0
10757.667301710731,3
10762.66737947123,3
10767.667457231728,2
10772.667534992224,3
10777.667612752723,3
10782.66769051322,3
10787.667768273717,2
10792.667846034215,1
10797.667923794714,2
10802.668001555212,3
10807.668079315708,6
10812.668157076207,0
10817.668234836703,1
10822.668312597201,3
10827.6683903577,3
10832.668468118198,3
10837.668545878694,2
10842.668623639192,4
10847.668701399689,2
10852.668779160187,2
10857.668856920685,3
10862.668934681184,1
10867.66901244168,1
10872.669090202178,2
10877.669167962677,2
10882.669245723173,2
10887.669323483671,1
10892.66940124417,3
10897.669479004668,0
10902.669556765164,2
10907.669634525662,5
10912.669712286159,5
10917.669790046657,2
10922.669867807155,3
10927.669945567653,4
10932.67002332815,4
10937.670101088648,2
10942.670178849145,3
10947.670256609643,0
10952.670334370141,3
10957.67041213064,5
10962.670489891136,3
10967.670567651634,6
10972.67064541213,0
10977.670723172629,3
10982.670800933127,4
10987.670878693625,1
10992.670956454123,3
10997.67103421462,6
11002.671111975118,2
11007.671189735614,0
11012.671267496113,3
11017.671345256611,6
11022.67142301711,2
11027.671500777606,0
11032.671578538104,2
11037.6716562986,3
11042.671734059099,3
11047.671811819597,1
11052.671889580095,2
11057.671967340591,1
11062.67204510109,2
11067.672122861586,2
11072.672200622084,3
11077.672278382583,1
11082.67235614308,2
11087.672433903579,3
11092.672511664076,1
11097.672589424574,1
11102.67266718507,4
11107.672744945568,3
11112.672822706067,1
11117.672900466565,2
11122.672978227061,0
11127.67305598756,3
11132.673133748056,3
11137.673211508554,2
11142.673289269052,0
11147.67336702955,5
11152.673444790047,0
11157.673522550545,2
11162.673600311042,2
11167.67367807154,3
11172.673755832038,4
11177.673833592537,2
11182.673911353035,3
11187.673989113531,3
11192.67406687403,1
11197.674144634526,2
11202.674222395024,4
11207.674300155522,4
11212.67437791602,2
11217.674455676517,3
11222.674533437015,3
11227.674611197512,0
11232.67468895801,1
11237.674766718508,1
11242.674844479006,3
11247.674922239503,1
11252.675000000001,3
11257.675077760498,1
11262.675155520996,2
11267.675233281494,0
11272.675311041992,1
11277.67538880249,3
11282.675466562987,3
11287.675544323485,3
11292.675622083982,3
11297.67569984448,2
11302.675777604978,6
11307.675855365476,2
11312.675933125973,5
11317.676010886471,0
11322.676088646967,2
11327.676166407466,2
11332.676244167964,1
11337.676321928462,0
11342.676399688959,2
11347.676477449457,3
11352.676555209953,5
11357.676632970451,0
11362.67671073095,1
11367.676788491448,2
11372.676866251944,3
11377.676944012443,4
11382.67702177294,2
11387.677099533437,3
11392.677177293936,2
11397.677255054434,3
11402.677332814932,4
11407.677410575428,1
11412.677488335927,2
11417.677566096423,1
11422.677643856921,1
11427.67772161742,1
11432.677799377918,0
11437.677877138414,4
11442.677954898913,3
11447.678032659409,1
11452.678110419907,0
11457.678188180405,0
11462.678265940904,5
11467.6783437014,2
11472.678421461898,3
11477.678499222397,1
11482.678576982893,3
11487.678654743391,8
11492.67873250389,2
11497.678810264388,0
11502.678888024884,1
11507.678965785382,5
11512.679043545879,6
11517.679121306377,2
11522.679199066875,8
11527.679276827374,2
11532.67935458787,4
11537.679432348368,0
11542.679510108865,2
11547.679587869363,2
11552.679665629861,2
11557.67974339036,2
11562.679821150856,5
11567.679898911354,4
11572.679976671852,7
11577.680054432349,3
11582.680132192847,1
11587.680209953345,1
11592.680287713843,2
11597.68036547434,3
11602.680443234838,4
11607.680520995335,3
11612.680598755833,6
11617.680676516331,4
11622.68075427683,2
11627.680832037326,1
11632.680909797824,4
11637.68098755832,2
11642.681065318819,4
11647.681143079317,1
11652.681220839815,5
11657.681298600311,1
11662.68137636081,2
11667.681454121308,1
11672.681531881804,2
11677.681609642303,2
11682.6816874028,4
11687.6817651633,2
11692.681842923796,1
11697.681920684294,3
11702.68199844479,2
11707.682076205288,2
11712.682153965787,2
11717.682231726285,3
11722.682309486781,1
11727.68238724728,1
11732.682465007776,3
11737.682542768274,3
11742.682620528773,2
11747.68269828927,4
11752.682776049767,2
11757.682853810265,4
11762.682931570762,0
11767.68300933126,0
11772.683087091758,2
11777.683164852257,2
11782.683242612755,2
11787.683320373251,5
11792.68339813375,1
11797.683475894246,1
11802.683553654744,0
11807.683631415242,4
11812.68370917574,2
11817.683786936237,6
11822.683864696735,4
11827.683942457232,4
11832.68402021773,2
11837.684097978228,2
11842.684175738726,3
11847.684253499223,1
11852.684331259721,1
11857.684409020218,0
11862.684486780716,2
11867.684564541214,1
11872.684642301712,2
11877.68472006221,2
11882.684797822707,0
11887.684875583205,0
11892.684953343702,3
11897.6850311042,1
11902.685108864698,5
11907.685186625196,1
11912.685264385693,3
11917.685342146191,3
11922.685419906687,0
11927.685497667186,0
11932.685575427684,3
11937.685653188182,5
11942.685730948679,1
11947.685808709177,2
11952.685886469673,3
11957.685964230172,6
11962.68604199067,2
11967.686119751168,6
11972.686197511666,1
11977.686275272163,0
11982.686353032661,5
11987.686430793157,2
11992.686508553656,2
11997.686586314154,4
12002.686664074652,2
12007.686741835148,0
12012.686819595647,1
12017.686897356143,5
12022.686975116641,0
12027.68705287714,2
12032.687130637638,2
12037.687208398134,6
12042.687286158633,1
12047.687363919129,0
12052.687441679627,0
12057.687519440125,3
12062.687597200624,2
12067.687674961122,2
12072.687752721618,2
12077.687830482117,1
12082.687908242613,4
12087.687986003111,0
12092.68806376361,4
12097.688141524108,6
12102.688219284604,3
12107.688297045102,4
12112.688374805599,3
12117.688452566097,0
12122.688530326595,2
12127.688608087094,1
12132.68868584759,6
12137.688763608088,3
12142.688841368585,4
12147.688919129083,2
12152.688996889581,2
12157.68907465008,3
12162.689152410576,5
12167.689230171074,3
12172.689307931572,3
12177.689385692069,3
12182.689463452567,2
12187.689541213065,2
12192.689618973563,5
12197.68969673406,3
12202.689774494558,7
12207.689852255055,3
12212.689930015553,3
12217.690007776051,1
12222.69008553655,4
12227.690163297046,3
12232.690241057544,4
12237.69031881804,2
12242.690396578539,5
12247.690474339037,2
12252.690552099535,1
12257.690629860032,6
12262.69070762053,2
12267.690785381028,5
12272.690863141524,2
12277.690940902023,2
12282.691018662521,1
12287.69109642302,0
12292.691174183516,8
12297.691251944014,2
12302.69132970451,1
12307.691407465009,3
12312.691485225507,1
12317.691562986005,3
12322.691640746501,4
12327.691718507,1
12332.691796267496,0
12337.691874027994,3
12342.691951788493,2
12347.69202954899,3
12352.692107309487,2
12357.692185069985,1
12362.692262830484,3
12367.69234059098,1
12372.692418351478,3
12377.692496111977,2
12382.692573872475,1
12387.692651632971,1
12392.69272939347,4
12397.692807153966,2
12402.692884914464,2
12407.692962674962,5
12412.69304043546,1
12417.693118195957,6
12422.693195956455,8
12427.693273716952,3
12432.69335147745,6
12437.693429237948,4
12442.693506998447,2
12447.693584758943,1
12452.693662519441,5
12457.69374027994,3
12462.693818040436,2
12467.693895800934,2
12472.693973561432,5
12477.69405132193,5
12482.694129082427,3
12487.694206842925,3
12492.694284603422,2
12497.69436236392,2
12502.694440124418,1
12507.694517884916,4
12512.694595645413,2
12517.694673405911,0
12522.694751166408,2
12527.694828926906,3
12532.694906687404,0
12537.694984447902,2
12542.695062208399,2
12547.695139968897,1
12552.695217729395,2
12557.695295489892,0
12562.69537325039,0
12567.695451010888,3
12572.695528771386,4
12577.695606531883,0
12582.695684292381,2
12587.695762052877,0
12592.695839813376,1
12597.695917573874,4
12602.695995334372,3
12607.696073094869,5
12612.696150855367,2
12617.696228615863,1
12622.696306376361,3
12627.69638413686,1
12632.696461897358,4
12637.696539657854,2
12642.696617418353,4
12647.696695178849,4
12652.696772939347,3
12657.696850699846,5
12662.696928460344,0
12667.697006220842,0
12672.697083981338,2
12677.697161741837,1
12682.697239502333,1
12687.697317262831,1
12692.69739502333,3
12697.697472783828,5
12702.697550544324,2
12707.697628304823,5
12712.697706065319,6
12717.697783825817,2
12722.697861586315,2
12727.697939346814,3
12732.69801710731,2
12737.698094867808,2
12742.698172628305,2
12747.698250388803,1
12752.698328149301,1
12757.6984059098,4
12762.698483670298,1
12767.698561430794,5
12772.698639191292,2
12777.698716951789,1
12782.698794712287,2
12787.698872472785,0
12792.698950233284,1
12797.69902799378,2
12802.699105754278,4
12807.699183514775,2
12812.699261275273,1
12817.699339035771,2
12822.69941679627,3
12827.699494556766,2
12832.699572317264,0
12837.69965007776,6
12842.699727838259,4
12847.699805598757,2
12852.699883359255,3
12857.699961119753,0
12862.70003888025,2
12867.700116640748,1
12872.700194401245,2
12877.700272161743,3
12882.700349922241,4
12887.70042768274,1
12892.700505443236,0
12897.700583203734,3
12902.70066096423,3
12907.700738724729,1
12912.700816485227,5
12917.700894245725,3
12922.700972006221,1
12927.70104976672,4
12932.701127527216,2
12937.701205287714,4
12942.701283048213,4
12947.70136080871,4
12952.70143856921,5
12957.701516329706,2
12962.701594090204,0
12967.7016718507,2
12972.701749611198,3
12977.701827371697,3
12982.701905132195,5
12987.701982892691,3
12992.70206065319,2
12997.702138413686,1
13002.702216174184,0
13007.702293934683,2
13012.70237169518,2
13017.702449455677,0
13022.702527216175,1
13027.702604976672,4
13032.70268273717,1
13037.702760497668,2
13042.702838258167,4
13047.702916018663,3
13052.702993779161,4
13057.70307153966,2
13062.703149300156,2
13067.703227060654,1
13072.703304821152,2
13077.70338258165,3
13082.703460342147,1
13087.703538102645,0
13092.703615863142,0
13097.70369362364,2
13102.703771384138,1
13107.703849144636,2
13112.703926905133,2
13117.704004665631,0
13122.704082426128,0
13127.704160186626,1
13132.704237947124,3
13137.704315707622,4
13142.704393468119,1
13147.704471228617,0
13152.704548989115,1
13157.704626749612,3
13162.70470451011,2
13167.704782270608,4
13172.704860031106,3
13177.704937791603,2
13182.705015552101,1
13187.705093312597,3
13192.705171073096,3
13197.705248833594,2
13202.705326594092,1
13207.705404354589,2
13212.705482115087,4
13217.705559875583,0
13222.705637636082,2
13227.70571539658,0
13232.705793157078,3
13237.705870917574,2
13242.705948678073,1
13247.706026438571,1
13252.706104199067,2
13257.706181959566,2
13262.706259720064,2
13267.706337480562,2
13272.706415241058,0
13277.706493001557,1
13282.706570762053,3
13287.706648522551,2
13292.70672628305,1
13297.706804043548,5
13302.706881804044,2
13307.706959564543,2
13312.707037325039,4
13317.707115085537,2
13322.707192846035,0
13327.707270606534,3
13332.70734836703,2
13337.707426127528,2
13342.707503888027,2
13347.707581648523,0
13352.707659409021,2
13357.70773716952,3
13362.707814930018,2
13367.707892690514,2
13372.707970451012,1
13377.708048211509,1
13382.708125972007,3
13387.708203732505,2
13392.708281493004,0
13397.7083592535,2
13402.708437013998,0
13407.708514774495,5
13412.708592534993,2
13417.708670295491,1
13422.70874805599,4
13427.708825816486,2
13432.708903576984,2
13437.708981337482,0
13442.709059097979,1
13447.709136858477,0
13452.709214618975,1
13457.709292379473,0
13462.70937013997,2
13467.709447900468,0
13472.709525660965,1
13477.709603421463,2
13482.709681181961,2
13487.70975894246,2
13492.709836702956,3
13497.709914463454,1
13502.70999222395,1
13507.710069984449,1
13512.710147744947,2
13517.710225505445,2
13522.710303265942,0
13527.71038102644,5
13532.710458786936,2
13537.710536547434,3
13542.710614307933,2
13547.710692068431,0
13552.71076982893,1
13557.710847589426,1
13562.710925349924,0
13567.71100311042,0
13572.711080870919,3
13577.711158631417,2
13582.711236391915,2
13587.711314152411,2
13592.71139191291,0
13597.711469673406,1
13602.711547433904,4
13607.711625194403,1
13612.7117029549,1
13617.711780715397,0
13622.711858475895,0
13627.711936236392,0
13632.71201399689,1
13637.712091757388,2
13642.712169517887,3
13647.712247278385,2
13652.712325038881,2
13657.71240279938,2
13662.712480559876,0
13667.712558320374,3
13672.712636080872,0
13677.71271384137,2
13682.712791601867,3
13687.712869362365,1
13692.712947122862,1
13697.71302488336,1
13702.713102643858,1
13707.713180404357,3
13712.713258164853,0
13717.713335925351,2
13722.713413685848,2
13727.713491446346,1
13732.713569206844,0
13737.713646967342,3
13742.71372472784,1
13747.713802488337,3
13752.713880248835,2
13757.713958009332,4
13762.71403576983,0
13767.714113530328,0
13772.714191290826,1
13777.714269051323,5
13782.714346811821,1
13787.714424572318,1
13792.714502332816,2
13797.714580093314,1
13802.714657853812,0
13807.714735614309,1
13812.714813374807,0
13817.714891135303,3
13822.714968895802,0
13827.7150466563,1
13832.715124416798,2
13837.715202177296,3
13842.715279937793,1
13847.715357698291,1
13852.715435458787,0
13857.715513219286,3
13862.715590979784,2
13867.715668740282,0
13872.715746500779,2
13877.715824261277,1
13882.715902021773,1
13887.715979782271,2
13892.71605754277,3
13897.716135303268,2
13902.716213063764,2
13907.716290824263,2
13912.716368584759,0
13917.716446345257,1
13922.716524105756,1
13927.716601866254,0
13932.71667962675,0
13937.716757387248,0
13942.716835147747,0
13947.716912908243,2
13952.716990668741,0
13957.71706842924,1
13962.717146189738,0
13967.717223950234,0
13972.717301710732,1
13977.717379471229,2
13982.717457231727,0
13987.717534992225,1
13992.717612752724,2
13997.71769051322,6
14002.717768273718,1
14007.717846034215,0
14012.717923794713,2
14017.718001555211,1
14022.71807931571,1
14027.718157076206,1
14032.718234836704,0
14037.718312597202,2
14042.718390357699,0
14047.718468118197,3
14052.718545878695,3
14057.718623639194,0
14062.71870139969,0
14067.718779160188,0
14072.718856920685,3
14077.718934681183,0
14082.719012441681,3
14087.71909020218,2
14092.719167962676,1
14097.719245723174,2
14102.71932348367,3
14107.719401244169,0
14112.719479004667,0
14117.719556765165,1
14122.719634525662,1
14127.71971228616,3
14132.719790046658,2
14137.719867807155,1
14142.719945567653,0
14147.720023328151,2
14152.72010108865,1
14157.720178849146,2
14162.720256609644,0
14167.72033437014,1
14172.720412130639,1
14177.720489891137,0
14182.720567651635,0
14187.720645412131,4
14192.72072317263,1
14197.720800933126,0
14202.720878693624,1
14207.720956454123,1
14212.72103421462,0
14217.721111975117,3
14222.721189735616,2
14227.721267496114,2
14232.72134525661,3
14237.721423017108,2
14242.721500777607,1
14247.721578538105,1
14252.721656298601,3
14257.7217340591,2
14262.721811819596,0
14267.721889580094,2
14272.721967340593,1
14277.72204510109,0
14282.722122861587,1
14287.722200622085,4
14292.722278382582,1
14297.72235614308,2
14302.722433903578,1
14307.722511664077,1
14312.722589424573,1
14317.722667185071,1
14322.722744945568,2
14327.722822706066,1
14332.722900466564,0
14337.722978227062,1
14342.72305598756,2
14347.723133748057,2
14352.723211508555,1
14357.723289269052,1
14362.72336702955,0
14367.723444790048,1
14372.723522550546,0
14377.723600311043,1
14382.723678071541,0
14387.723755832038,0
14392.723833592536,3
14397.723911353034,4
14402.723989113532,1
14407.724066874029,0
14412.724144634527,3
14417.724222395023,3
14422.724300155522,0
14427.72437791602,1
14432.724455676518,1
14437.724533437016,2
14442.724611197513,0
14447.724688958011,2
14452.724766718507,0
14457.724844479006,1
14462.724922239504,1
14467.725000000002,1
14472.725077760499,1
14477.725155520997,1
14482.725233281493,1
14487.725311041992,0
14492.72538880249,1
14497.725466562988,0
14502.725544323484,1
14507.725622083983,2
14512.72569984448,1
14517.725777604977,2
14522.725855365476,1
14527.725933125974,4
14532.726010886472,3
14537.726088646968,1
14542.726166407467,2
14547.726244167963,3
14552.726321928461,1
14557.72639968896,1
14562.726477449458,0
14567.726555209954,1
14572.726632970453,2
14577.726710730949,0
14582.726788491447,2
14587.726866251945,1
14592.726944012444,1
14597.72702177294,2
14602.727099533438,1
14607.727177293935,0
14612.727255054433,0
14617.727332814931,2
14622.72741057543,2
14627.727488335928,1
14632.727566096424,1
14637.727643856922,0
14642.727721617419,1
14647.727799377917,2
14652.727877138415,0
14657.727954898914,0
14662.72803265941,1
14667.728110419908,4
14672.728188180405,1
14677.728265940903,2
14682.728343701401,0
14687.7284214619,2
14692.728499222396,0
14697.728576982894,0
14702.72865474339,2
14707.728732503889,0
14712.728810264387,2
14717.728888024885,1
14722.728965785382,0
14727.72904354588,3
14732.729121306378,1
14737.729199066875,0
14742.729276827373,1
14747.729354587871,0
14752.72943234837,3
14757.729510108866,1
14762.729587869364,3
14767.72966562986,1
14772.729743390359,1
14777.729821150857,2
14782.729898911355,3
14787.729976671852,1
14792.73005443235,0
14797.730132192846,0
14802.730209953344,0
14807.730287713843,1
14812.730365474341,1
14817.730443234837,2
14822.730520995336,1
14827.730598755834,1
14832.73067651633,0
14837.730754276829,1
14842.730832037327,0
14847.730909797825,0
14852.730987558321,1
14857.73106531882,1
14862.731143079316,0
14867.731220839814,3
14872.731298600313,2
14877.73137636081,0
14882.731454121307,1
14887.731531881805,1
14892.731609642302,0
14897.7316874028,1
14902.731765163298,1
14907.731842923797,2
14912.731920684293,0
14917.731998444791,1
14922.73207620529,1
14927.732153965786,1
14932.732231726284,2
14937.732309486782,2
14942.73238724728,2
14947.732465007777,1
14952.732542768275,0
14957.732620528772,1
14962.73269828927,0
14967.732776049768,2
14972.732853810267,1
14977.732931570763,0
14982.733009331261,0
14987.733087091758,3
14992.733164852256,0
14997.733242612754,0
15002.733320373252,2
15007.733398133749,1
15012.733475894247,1
15017.733553654745,2
15022.733631415242,2
15027.73370917574,2
15032.733786936238,2
15037.733864696736,1
15042.733942457233,2
15047.734020217731,1
15052.734097978228,2
15057.734175738726,0
15062.734253499224,2
15067.734331259722,5
15072.734409020219,2
15077.734486780717,2
15082.734564541213,0
15087.734642301712,1
15092.73472006221,2
15097.734797822708,1
15102.734875583204,1
15107.734953343703,2
15112.735031104201,1
15117.735108864697,1
15122.735186625196,2
15127.735264385694,0
15132.735342146192,2
15137.735419906689,1
15142.735497667187,1
15147.735575427683,1
15152.735653188181,2
15157.73573094868,0
15162.735808709178,0
15167.735886469674,1
15172.735964230173,1
15177.736041990669,3
15182.736119751167,2
15187.736197511666,0
15192.736275272164,1
15197.73635303266,2
15202.736430793158,1
15207.736508553655,4
15212.736586314153,0
15217.736664074651,4
15222.73674183515,1
15227.736819595648,1
15232.736897356144,0
15237.736975116642,3
15242.737052877139,1
15247.737130637637,0
15252.737208398135,2
15257.737286158634,0
15262.73736391913,1
15267.737441679628,0
15272.737519440125,0
15277.737597200623,1
15282.737674961121,0
15287.73775272162,0
15292.737830482116,0
15297.737908242614,3
15302.73798600311,2
15307.738063763609,0
15312.738141524107,0
15317.738219284605,0
15322.738297045104,1
15327.7383748056,0
15332.738452566098,0
15337.738530326595,2
15342.738608087093,0
15347.738685847591,1
15352.73876360809,2
15357.738841368586,1
15362.738919129084,2
15367.73899688958,1
15372.739074650079,0
15377.739152410577,0
15382.739230171075,1
15387.739307931572,4
15392.73938569207,2
15397.739463452566,1
15402.739541213065,2
15407.739618973563,0
15412.739696734061,0
15417.73977449456,3
15422.739852255056,2
15427.739930015554,0
15432.74000777605,1
15437.740085536549,1
15442.740163297047,0
15447.740241057545,1
15452.740318818041,1
15457.74039657854,2
15462.740474339036,3
15467.740552099534,1
15472.740629860033,1
15477.74070762053,1
15482.740785381027,0
15487.740863141526,0
15492.740940902022,1
15497.74101866252,2
15502.741096423018,0
15507.741174183517,1
15512.741251944015,2
15517.741329704511,1
15522.74140746501,4
15527.741485225506,0
15532.741562986004,1
15537.741640746503,0
15542.741718507,0
15547.741796267497,1
15552.741874027995,1
15557.741951788492,0
15562.74202954899,0
15567.742107309488,3
15572.742185069987,3
15577.742262830483,1
15582.742340590981,2
15587.742418351478,1
15592.742496111976,2
15597.742573872474,0
15602.742651632972,1
15607.742729393469,0
15612.742807153967,1
15617.742884914465,1
15622.742962674962,1
15627.74304043546,1
15632.743118195958,1
15637.743195956456,1
15642.743273716953,1
15647.743351477451,0
15652.743429237948,0
15657.743506998446,2
15662.743584758944,2
15667.743662519442,0
15672.743740279939,1
15677.743818040437,1
15682.743895800933,4
15687.743973561432,0
15692.74405132193,0
15697.744129082428,1
15702.744206842925,1
15707.744284603423,0
15712.744362363921,1
15717.744440124417,1
15722.744517884916,0
15727.744595645414,0
15732.744673405912,0
15737.744751166409,1
15742.744828926907,2
15747.744906687403,0
15752.744984447902,3
15757.7450622084,2
15762.745139968898,1
15767.745217729394,0
15772.745295489893,0
15777.74537325039,1
15782.745451010887,0
15787.745528771386,1
15792.745606531884,0
15797.74568429238,0
15802.745762052878,0
15807.745839813377,1
15812.745917573873,1
15817.745995334371,1
15822.74607309487,1
15827.746150855368,1
15832.746228615864,1
15837.746306376363,0
15842.746384136859,1
15847.746461897357,1
15852.746539657855,3
15857.746617418354,2
15862.74669517885,2
15867.746772939348,1
15872.746850699845,1
15877.746928460343,3
15882.747006220841,0
15887.74708398134,1
15892.747161741836,2
15897.747239502334,0
15902.747317262832,4
15907.747395023329,0
15912.747472783827,1
15917.747550544325,2
15922.747628304824,1
15927.74770606532,1
15932.747783825818,0
15937.747861586315,2
15942.747939346813,2
15947.748017107311,0
15952.74809486781,3
15957.748172628306,1
15962.748250388804,1
15967.7483281493,0
15972.748405909799,1
15977.748483670297,0
15982.748561430795,0
15987.748639191292,0
15992.74871695179,1
15997.748794712288,3
16002.748872472785,2
16007.748950233283,1
16012.749027993781,1
16017.74910575428,2
16022.749183514776,1
16027.749261275274,0
16032.74933903577,0
16037.749416796269,2
16042.749494556767,1
16047.749572317265,0
16052.749650077762,0
16057.74972783826,2
16062.749805598756,1
16067.749883359254,0
16072.749961119753,3
16077.750038880251,1
16082.750116640747,1
16087.750194401246,0
16092.750272161742,0
16097.75034992224,2
16102.750427682739,1
16107.750505443237,0
16112.750583203735,2
16117.750660964231,1
16122.75073872473,1
16127.750816485226,0
16132.750894245724,1
16137.750972006223,0
16142.75104976672,1
16147.751127527217,1
16152.751205287715,0
16157.751283048212,2
16162.75136080871,1
16167.751438569208,3
16172.751516329707,0
16177.751594090203,1
16182.751671850701,0
16187.751749611198,0
16192.751827371696,1
16197.751905132194,2
16202.751982892692,0
16207.75206065319,2
16212.752138413687,0
16217.752216174185,1
16222.752293934682,0
16227.75237169518,2
16232.752449455678,0
16237.752527216177,1
16242.752604976673,1
16247.752682737171,1
16252.752760497668,0
16257.752838258166,1
16262.752916018664,0
16267.752993779162,1
16272.753071539659,1
16277.753149300157,2
16282.753227060653,2
16287.753304821152,1
16292.75338258165,2
16297.753460342148,0
16302.753538102646,0
16307.753615863143,0
16312.753693623641,1
16317.753771384138,3
16322.753849144636,1
16327.753926905134,1
16332.754004665632,1
16337.754082426129,0
16342.754160186627,0
16347.754237947123,2
16352.754315707622,1
16357.75439346812,1
16362.754471228618,0
16367.754548989114,0
16372.754626749613,0
16377.75470451011,1
16382.754782270607,2
16387.754860031106,1
16392.7549377916,0
16397.755015552102,0
16402.755093312597,1
16407.7551710731,1
16412.755248833593,2
16417.75532659409,2
16422.75540435459,0
16427.755482115084,0
16432.755559875586,2
16437.75563763608,0
16442.755715396583,1
16447.755793157077,2
16452.755870917576,0
16457.755948678074,0
16462.75602643857,0
16467.75610419907,1
16472.756181959565,1
16477.756259720067,1
16482.75633748056,2
16487.756415241056,2
16492.756493001558,0
16497.756570762052,1
16502.756648522554,4
16507.75672628305,0
16512.756804043547,0
16517.756881804045,1
16522.75695956454,0
16527.757037325042,2
16532.757115085536,0
16537.75719284604,1
16542.757270606533,0
16547.75734836703,0
16552.75742612753,0
16557.757503888024,0
16562.757581648526,0
16567.75765940902,0
16572.757737169522,0
16577.757814930017,1
16582.75789269051,1
16587.757970451014,2
16592.758048211508,1
16597.75812597201,4
16602.758203732505,1
16607.758281493003,2
16612.7583592535,1
16617.758437013996,2
16622.758514774498,1
16627.758592534992,3
16632.758670295494,0
16637.75874805599,1
16642.758825816487,3
16647.758903576985,0
16652.75898133748,1
16657.75905909798,0
16662.759136858476,1
16667.759214618978,1
16672.759292379473,0
16677.759370139967,1
16682.75944790047,0
16687.759525660964,2
16692.759603421466,0
16697.75968118196,0
16702.75975894246,0
16707.759836702957,3
16712.75991446345,1
16717.759992223953,0
16722.760069984448,2
16727.76014774495,1
16732.760225505444,1
16737.76030326594,0
16742.76038102644,0
16747.760458786935,0
16752.760536547437,0
16757.760614307932,2
16762.760692068434,1
16767.76076982893,0
16772.760847589423,0
16777.760925349925,0
16782.76100311042,1
16787.76108087092,2
16792.761158631416,2
16797.761236391914,0
16802.761314152413,0
16807.761391912907,0
16812.76146967341,3
16817.761547433904,2
16822.761625194405,0
16827.7617029549,0
16832.761780715395,3
16837.761858475897,0
16842.76193623639,1
16847.762013996893,1
16852.762091757388,0
16857.76216951789,1
16862.762247278384,1
16867.76232503888,2
16872.76240279938,6
16877.762480559875,0
16882.762558320377,0
16887.76263608087,0
16892.76271384137,0
16897.76279160187,1
16902.762869362363,0
16907.762947122865,0
16912.76302488336,0
16917.76310264386,0
16922.763180404356,1
16927.76325816485,1
16932.763335925352,1
16937.763413685847,1
16942.76349144635,0
16947.763569206843,0
16952.763646967345,1
16957.76372472784,0
16962.763802488334,0
16967.763880248836,2
16972.76395800933,0
16977.764035769833,2
16982.764113530327,0
16987.764191290826,0
16992.764269051324,1
16997.76434681182,0
17002.76442457232,2
17007.764502332815,2
17012.764580093317,1
17017.76465785381,3
17022.764735614306,1
17027.764813374808,2
17032.764891135303,1
17037.764968895804,1
17042.7650466563,1
17047.7651244168,1
17052.765202177296,2
17057.76527993779,3
17062.765357698292,2
17067.765435458787,2
17072.76551321929,0
17077.765590979783,2
17082.76566874028,0
17087.76574650078,1
17092.765824261274,2
17097.765902021776,0
17102.76597978227,0
17107.766057542773,1
17112.766135303267,1
17117.766213063762,2
17122.766290824264,1
17127.76636858476,3
17132.76644634526,0
17137.766524105755,0
17142.766601866257,1
17147.76667962675,3
17152.766757387246,2
17157.766835147748,0
17162.766912908242,2
17167.766990668744,0
17172.76706842924,0
17177.767146189737,0
17182.767223950235,1
17187.76730171073,2
17192.767379471232,1
17197.767457231726,2
17202.76753499223,1
17207.767612752723,3
17212.767690513218,0
17217.76776827372,0
17222.767846034214,0
17227.767923794716,0
17232.76800155521,1
17237.768079315712,0
17242.768157076207,1
17247.7682348367,1
17252.768312597203,0
17257.768390357698,0
17262.7684681182,0
17267.768545878695,1
17272.768623639193,0
17277.76870139969,0
17282.768779160186,0
17287.768856920688,0
17292.768934681182,0
17297.769012441684,0
17302.76909020218,0
17307.769167962673,1
17312.769245723175,2
17317.76932348367,0
17322.76940124417,1
17327.769479004666,2
17332.769556765168,0
17337.769634525663,0
17342.769712286157,0
17347.76979004666,2
17352.769867807154,1
17357.769945567656,0
17362.77002332815,0
17367.77010108865,0
17372.770178849147,2
17377.77025660964,0
17382.770334370143,3
17387.770412130638,1
17392.77048989114,1
17397.770567651634,0
17402.77064541213,1
17407.77072317263,1
17412.770800933125,0
17417.770878693627,0
17422.770956454122,0
17427.771034214624,0
17432.77111197512,0
17437.771189735613,2
17442.771267496115,1
17447.77134525661,1
17452.77142301711,1
17457.771500777606,1
17462.771578538104,1
17467.771656298602,1
17472.771734059097,0
17477.7718118196,2
17482.771889580094,1
17487.771967340595,2
17492.77204510109,1
17497.772122861585,2
17502.772200622087,0
17507.77227838258,0
17512.772356143083,2
17517.772433903578,1
17522.772511664076,1
17527.772589424574,0
17532.77266718507,3
17537.77274494557,2
17542.772822706065,1
17547.772900466567,0
17552.77297822706,0
17557.77305598756,0
17562.773133748058,1
17567.773211508553,0
17572.773289269055,2
17577.77336702955,0
17582.77344479005,1
17587.773522550546,0
17592.77360031104,2
17597.773678071542,1
17602.773755832037,2
17607.77383359254,0
17612.773911353033,1
17617.77398911353,2
17622.77406687403,0
17627.774144634524,1
17632.774222395026,2
17637.77430015552,1
17642.774377916023,1
17647.774455676517,0
17652.774533437016,0
17657.774611197514,0
17662.77468895801,0
17667.77476671851,1
17672.774844479005,0
17677.774922239507,3
17682.775,0
17687.775077760496,1
17692.775155520998,1
17697.775233281493,1
17702.775311041994,0
17707.77538880249,0
17712.775466562987,1
17717.775544323486,1
17722.77562208398,1
17727.775699844482,2
17732.775777604977,1
17737.77585536548,1
17742.775933125973,0
17747.77601088647,0
17752.77608864697,0
17757.776166407464,1
17762.776244167966,0
17767.77632192846,1
17772.776399688963,3
17777.776477449457,0
17782.77655520995,0
17787.776632970454,1
17792.77671073095,0
17797.77678849145,0
17802.776866251945,1
17807.776944012443,0
17812.77702177294,4
17817.777099533436,0
17822.777177293938,0
17827.777255054432,1
17832.777332814934,0
17837.77741057543,1
17842.777488335927,0
17847.777566096425,0
17852.77764385692,0
17857.77772161742,2
17862.777799377916,0
17867.77787713842,1
17872.777954898913,0
17877.778032659407,1
17882.77811041991,1
17887.778188180404,0
17892.778265940906,0
17897.7783437014,2
17902.7784214619,2
17907.778499222397,1
17912.77857698289,0
17917.778654743393,1
17922.778732503888,2
17927.77881026439,0
17932.778888024885,0
17937.778965785383,1
17942.77904354588,2
17947.779121306376,1
17952.779199066877,2
17957.779276827372,0
17962.779354587874,0
17967.77943234837,1
17972.779510108863,1
17977.779587869365,2
17982.77966562986,2
17987.77974339036,2
17992.779821150856,0
17997.779898911354,1
18002.779976671853,0
18007.780054432347,1
18012.78013219285,0
18017.780209953344,0
18022.780287713846,1
18027.78036547434,0
18032.78044323484,0
18037.780520995337,0
18042.78059875583,0
18047.780676516333,0
18052.780754276828,0
18057.78083203733,0
18062.780909797824,0
18067.78098755832,1
18072.78106531882,1
18077.781143079315,2
18082.781220839817,1
18087.781298600312,3
18092.78137636081,4
18097.78145412131,1
18102.781531881803,0
18107.781609642305,2
18112.7816874028,0
18117.7817651633,1
18122.781842923796,3
18127.781920684294,0
18132.781998444792,0
18137.782076205287,2
18142.78215396579,0
18147.782231726283,0
18152.782309486785,0
18157.78238724728,3
18162.782465007775,0
18167.782542768276,3
18172.78262052877,2
18177.782698289273,0
18182.782776049768,0
18187.782853810266,1
18192.782931570764,0
18197.78300933126,2
18202.78308709176,0
18207.783164852255,0
18212.783242612757,2
18217.78332037325,0
18222.78339813375,0
18227.783475894248,2
18232.783553654743,0
18237.783631415245,0
18242.78370917574,2
18247.78378693624,0
18252.783864696736,1
18257.78394245723,1
18262.784020217732,1
18267.784097978227,0
18272.78417573873,2
18277.784253499223,0
18282.78433125972,0
18287.78440902022,1
18292.784486780714,0
18297.784564541216,0
18302.78464230171,1
18307.784720062213,5
18312.784797822707,1
18317.784875583206,0
18322.784953343704,2
18327.7850311042,1
18332.7851088647,2
18337.785186625195,2
18342.785264385697,1
18347.78534214619,0
18352.785419906686,0
18357.785497667188,0
18362.785575427682,2
18367.785653188184,3
18372.78573094868,2
18377.785808709177,1
18382.785886469675,2
18387.78596423017,0
18392.786041990672,3
18397.786119751167,1
18402.78619751167,1
18407.786275272163,0
18412.786353032658,0
18417.78643079316,2
18422.786508553654,1
18427.786586314156,1
18432.78666407465,1
18437.786741835152,1
18442.786819595647,2
18447.78689735614,2
18452.786975116644,2
18457.78705287714,0
18462.78713063764,0
18467.787208398135,1
18472.787286158633,2
18477.78736391913,0
18482.787441679626,0
18487.787519440128,0
18492.787597200622,3
18497.787674961124,1
18502.78775272162,0
18507.787830482113,3
18512.787908242615,0
18517.78798600311,2
18522.78806376361,1
18527.788141524106,2
18532.78821928461,3
18537.788297045103,1
18542.788374805597,1
18547.7884525661,0
18552.788530326594,1
18557.788608087096,0
18562.78868584759,4
18567.78876360809,0
18572.788841368587,5
18577.78891912908,1
18582.788996889583,2
18587.789074650078,2
18592.78915241058,0
18597.789230171074,0
18602.78930793157,0
18607.78938569207,3
18612.789463452566,1
18617.789541213067,1
18622.789618973562,4
18627.789696734064,1
18632.78977449456,2
18637.789852255053,3
18642.789930015555,2
18647.79000777605,0
18652.79008553655,2
18657.790163297046,0
18662.790241057544,1
18667.790318818043,1
18672.790396578537,0
18677.79047433904,2
18682.790552099534,2
18687.790629860036,4
18692.79070762053,0
18697.790785381025,0
18702.790863141527,0
18707.79094090202,0
18712.791018662523,0
18717.791096423018,2
18722.79117418352,1
18727.791251944014,1
18732.79132970451,2
18737.79140746501,2
18742.791485225505,0
18747.791562986007,1
18752.7916407465,2
18757.791718507,0
18762.7917962675,3
18767.791874027993,1
18772.791951788495,3
18777.79202954899,0
18782.79210730949,0
18787.792185069986,2
18792.79226283048,0
18797.792340590982,4
18802.792418351477,1
18807.79249611198,1
18812.792573872473,2
18817.792651632975,0
18822.79272939347,2
18827.792807153965,1
18832.792884914466,1
18837.79296267496,0
18842.793040435463,0
18847.793118195958,3
18852.793195956456,3
18857.793273716954,2
18862.79335147745,2
18867.79342923795,2
18872.793506998445,4
18877.793584758947,4
18882.79366251944,2
18887.793740279936,3
18892.793818040438,2
18897.793895800933,1
18902.793973561435,2
18907.79405132193,1
18912.79412908243,0
18917.794206842926,0
18922.79428460342,1
18927.794362363922,3
18932.794440124417,1
18937.79451788492,1
18942.794595645413,1
18947.79467340591,3
18952.79475116641,3
18957.794828926904,3
18962.794906687406,1
18967.7949844479,0
18972.795062208403,2
18977.795139968897,3
18982.795217729392,4
18987.795295489894,3
18992.79537325039,0
18997.79545101089,0
19002.795528771385,1
19007.795606531887,1
19012.79568429238,0
19017.795762052876,0
19022.795839813378,2
19027.795917573872,0
19032.795995334374,4
19037.79607309487,2
19042.796150855367,1
19047.796228615865,0
19052.79630637636,2
19057.796384136862,0
19062.796461897356,2
19067.79653965786,1
19072.796617418353,3
19077.796695178848,0
19082.79677293935,3
19087.796850699844,4
19092.796928460346,2
19097.79700622084,0
19102.797083981342,1
19107.797161741837,1
19112.79723950233,1
19117.797317262834,2
19122.797395023328,3
19127.79747278383,3
19132.797550544325,2
19137.797628304823,3
19142.79770606532,1
19147.797783825816,1
19152.797861586318,2
19157.797939346812,0
19162.798017107314,0
19167.79809486781,1
19172.798172628303,2
19177.798250388805,3
19182.7983281493,1
19187.7984059098,1
19192.798483670296,1
19197.798561430795,0
19202.798639191293,0
19207.798716951787,1
19212.79879471229,0
19217.798872472784,1
19222.798950233286,2
19227.79902799378,2
19232.79910575428,2
19237.799183514777,4
19242.79926127527,2
19247.799339035773,3
19252.799416796268,0
19257.79949455677,0
19262.799572317264,0
19267.79965007776,0
19272.79972783826,2
19277.799805598755,1
19282.799883359257,1
19287.799961119752,2
19292.80003888025,2
19297.80011664075,1
19302.800194401243,3
19307.800272161745,4
19312.80034992224,0
19317.80042768274,1
19322.800505443236,1
19327.800583203734,1
19332.800660964233,1
19337.800738724727,3
19342.80081648523,1
19347.800894245724,1
19352.800972006225,3
19357.80104976672,3
19362.801127527215,2
19367.801205287717,1
19372.80128304821,1
19377.801360808713,1
19382.801438569208,1
19387.801516329706,3
19392.801594090204,2
19397.8016718507,1
19402.8017496112,2
19407.801827371695,3
19412.801905132197,0
19417.80198289269,1
19422.80206065319,1
19427.80213841369,1
19432.802216174183,4
19437.802293934685,3
19442.80237169518,3
19447.80244945568,2
19452.802527216176,4
19457.80260497667,3
19462.802682737172,2
19467.802760497667,1
19472.80283825817,5
19477.802916018663,0
19482.80299377916,0
19487.80307153966,2
19492.803149300154,0
19497.803227060656,2
19502.80330482115,1
19507.803382581653,1
19512.803460342147,2
19517.803538102646,2
19522.803615863144,5
19527.80369362364,3
19532.80377138414,1
19537.803849144635,1
19542.803926905137,2
19547.80400466563,4
19552.804082426126,0
19557.804160186628,1
19562.804237947123,0
19567.804315707624,2
19572.80439346812,1
19577.804471228617,5
19582.804548989116,2
19587.80462674961,0
19592.804704510112,1
19597.804782270607,1
19602.80486003111,1
19607.804937791603,2
19612.8050155521,1
19617.8050933126,0
19622.805171073094,2
19627.805248833596,3
19632.80532659409,2
19637.805404354593,1
19642.805482115087,1
19647.805559875582,5
19652.805637636084,1
19657.80571539658,3
19662.80579315708,2
19667.805870917575,2
19672.805948678073,4
19677.80602643857,1
19682.806104199066,1
19687.806181959568,1
19692.806259720062,2
19697.806337480564,0
19702.80641524106,4
19707.806493001557,3
19712.806570762055,3
19717.80664852255,4
19722.806726283052,4
19727.806804043546,3
19732.80688180405,1
19737.806959564543,1
19742.807037325038,3
19747.80711508554,3
19752.807192846034,2
19757.807270606536,2
19762.80734836703,3
19767.80742612753,1
19772.807503888027,2
19777.80758164852,2
19782.807659409023,1
19787.807737169518,1
19792.80781493002,2
19797.807892690515,1
19802.807970451013,1
19807.80804821151,3
19812.808125972006,1
19817.808203732508,1
19822.808281493002,1
19827.808359253504,1
19832.808437014,4
19837.808514774493,0
19842.808592534995,1
19847.80867029549,2
19852.80874805599,3
19857.808825816486,2
19862.808903576984,4
19867.808981337483,0
19872.809059097977,3
19877.80913685848,2
19882.809214618974,7
19887.809292379476,2
19892.80937013997,3
19897.80944790047,3
19902.809525660967,4
19907.80960342146,5
19912.809681181963,3
19917.809758942458,4
19922.80983670296,4
19927.809914463454,1
19932.80999222395,1
19937.81006998445,2
19942.810147744945,3
19947.810225505447,3
19952.810303265942,2
19957.81038102644,1
19962.81045878694,3
19967.810536547433,2
19972.810614307935,3
19977.81069206843,3
19982.81076982893,2
19987.810847589426,3
19992.810925349924,3
19997.811003110422,3
20002.811080870917,3
20007.81115863142,1
20012.811236391914,2
20017.811314152415,4
20022.81139191291,4
20027.811469673405,1
20032.811547433907,2
20037.8116251944,0
20042.811702954903,3
20047.811780715398,3
20052.811858475896,5
20057.811936236394,1
20062.81201399689,5
20067.81209175739,2
20072.812169517885,3
20077.812247278387,2
20082.81232503888,2
20087.812402799376,1
20092.812480559878,2
20097.812558320373,1
20102.812636080875,1
20107.81271384137,4
20112.81279160187,3
20117.812869362366,0
20122.81294712286,2
20127.813024883362,2
20132.813102643857,3
20137.81318040436,3
20142.813258164853,2
20147.81333592535,1
20152.81341368585,0
20157.813491446344,1
20162.813569206846,4
20167.81364696734,4
20172.813724727843,3
20177.813802488337,3
20182.813880248832,2
20187.813958009334,1
20192.81403576983,0
20197.81411353033,0
20202.814191290825,7
20207.814269051327,1
20212.81434681182,1
20217.814424572316,3
20222.814502332818,3
20227.814580093313,5
20232.814657853814,5
20237.81473561431,2
20242.814813374807,2
20247.814891135306,2
20252.8149688958,2
20257.815046656302,2
20262.815124416797,1
20267.8152021773,6
20272.815279937793,8
20277.815357698288,2
20282.81543545879,3
20287.815513219284,2
20292.815590979786,2
20297.81566874028,2
20302.815746500783,1
20307.815824261277,1
20312.81590202177,3
20317.815979782274,2
20322.81605754277,4
20327.81613530327,1
20332.816213063765,0
20337.816290824263,4
20342.81636858476,3
20347.816446345256,2
20352.816524105758,0
20357.816601866252,3
20362.816679626754,2
20367.81675738725,3
20372.816835147743,3
20377.816912908245,5
20382.81699066874,2
20387.81706842924,3
20392.817146189736,2
20397.81722395024,6
20402.817301710733,0
20407.817379471227,1
20412.81745723173,3
20417.817534992224,2
20422.817612752726,3
20427.81769051322,2
20432.81776827372,2
20437.817846034217,2
20442.81792379471,5
20447.818001555213,5
20452.818079315708,2
20457.81815707621,1
20462.818234836705,1
20467.8183125972,2
20472.8183903577,2
20477.818468118196,0
20482.818545878697,6
20487.818623639192,0
20492.818701399694,6
20497.81877916019,6
20502.818856920683,3
20507.818934681185,4
20512.81901244168,2
20517.81909020218,3
20522.819167962676,4
20527.819245723174,3
20532.819323483673,0
20537.819401244167,3
20542.81947900467,2
20547.819556765164,2
20552.819634525666,4
20557.81971228616,1
20562.819790046655,0
20567.819867807157,2
20572.81994556765,4
20577.820023328153,4
20582.820101088648,5
20587.82017884915,2
20592.820256609644,2
20597.82033437014,2
20602.82041213064,1
20607.820489891135,2
20612.820567651637,0
20617.820645412132,3
20622.82072317263,1
20627.82080093313,3
20632.820878693623,5
20637.820956454125,6
20642.82103421462,2
20647.82111197512,3
20652.821189735616,2
20657.82126749611,1
20662.821345256612,7
20667.821423017107,1
20672.82150077761,4
20677.821578538103,2
20682.821656298605,5
20687.8217340591,4
20692.821811819595,4
20697.821889580096,2
20702.82196734059,1
20707.822045101093,4
20712.822122861588,5
20717.822200622086,2
20722.822278382584,3
20727.82235614308,2
20732.82243390358,2
20737.822511664075,3
20742.822589424577,0
20747.82266718507,3
20752.822744945566,1
20757.822822706068,3
20762.822900466563,3
20767.822978227065,3
20772.82305598756,2
20777.82313374806,1
20782.823211508556,0
20787.82328926905,1
20792.823367029552,3
20797.823444790047,3
20802.82352255055,2
20807.823600311043,2
20812.82367807154,2
20817.82375583204,1
20822.823833592534,0
20827.823911353036,4
20832.82398911353,4
20837.824066874033,2
20842.824144634527,4
20847.824222395022,4
20852.824300155524,0
20857.82437791602,2
20862.82445567652,3
20867.824533437015,1
20872.824611197517,2
20877.82468895801,2
20882.824766718506,1
20887.824844479008,1
20892.824922239502,4
20897.825000000004,2
20902.8250777605,1
20907.825155520997,3
20912.825233281495,0
20917.82531104199,6
20922.825388802492,0
20927.825466562987,6
20932.82554432349,4
20937.825622083983,3
20942.825699844478,6
20947.82577760498,3
20952.825855365474,2
20957.825933125976,3
20962.82601088647,2
20967.82608864697,3
20972.826166407467,1
20977.82624416796,1
20982.826321928464,3
20987.82639968896,5
20992.82647744946,5
20997.826555209955,2
21002.826632970453,3
21007.82671073095,2
21012.826788491446,2
21017.826866251948,1
21022.826944012442,1
21027.827021772944,3
21032.82709953344,1
21037.827177293933,1
21042.827255054435,4
21047.82733281493,3
21052.82741057543,4
21057.827488335926,4
21062.827566096425,5
21067.827643856923,1
21072.827721617417,3
21077.82779937792,0
21082.827877138414,2
21087.827954898916,5
21092.82803265941,4
21097.82811041991,6
21102.828188180407,3
21107.8282659409,3
21112.828343701403,3
21117.828421461898,6
21122.8284992224,4
21127.828576982894,4
21132.82865474339,2
21137.82873250389,1
21142.828810264386,1
21147.828888024887,2
21152.828965785382,2
21157.82904354588,2
21162.82912130638,3
21167.829199066873,1
21172.829276827375,2
21177.82935458787,1
21182.82943234837,4
21187.829510108866,1
21192.829587869364,1
21197.829665629863,1
21202.829743390357,5
21207.82982115086,4
21212.829898911354,9
21217.829976671856,4
21222.83005443235,2
21227.830132192845,4
21232.830209953347,4
21237.83028771384,1
21242.830365474343,4
21247.830443234838,2
21252.830520995336,1
21257.830598755834,5
21262.83067651633,2
21267.83075427683,4
21272.830832037325,2
21277.830909797827,4
21282.83098755832,2
21287.83106531882,3
21292.83114307932,4
21297.831220839813,1
21302.831298600315,2
21307.83137636081,5
21312.83145412131,4
21317.831531881806,1
21322.8316096423,1
21327.831687402802,3
21332.831765163297,4
21337.8318429238,2
21342.831920684293,5
21347.83199844479,2
21352.83207620529,3
21357.832153965785,2
21362.832231726286,4
21367.83230948678,1
21372.832387247283,2
21377.832465007778,1
21382.832542768276,5
21387.832620528774,6
21392.83269828927,3
21397.83277604977,4
21402.832853810265,5
21407.832931570767,3
21412.83300933126,3
21417.833087091756,2
21422.833164852258,4
21427.833242612753,2
21432.833320373255,2
21437.83339813375,4
21442.833475894247,7
21447.833553654746,1
21452.83363141524,4
21457.833709175742,6
21462.833786936237,1
21467.83386469674,4
21472.833942457233,3
21477.83402021773,7
21482.83409797823,2
21487.834175738724,4
21492.834253499226,4
21497.83433125972,5
21502.834409020223,6
21507.834486780717,2
21512.834564541212,2
21517.834642301714,4
21522.83472006221,3
21527.83479782271,4
21532.834875583205,2
21537.834953343703,3
21542.8350311042,4
21547.835108864696,1
21552.835186625198,1
21557.835264385692,5
21562.835342146194,5
21567.83541990669,4
21572.835497667187,3
21577.835575427685,3
21582.83565318818,3
21587.835730948682,3
21592.835808709176,2
21597.83588646968,3
21602.835964230173,10
21607.836041990668,7
21612.83611975117,3
21617.836197511664,4
21622.836275272166,1
21627.83635303266,5
21632.83643079316,1
21637.836508553657,3
21642.83658631415,5
21647.836664074654,5
21652.836741835148,1
21657.83681959565,2
21662.836897356145,6
21667.836975116643,6
21672.83705287714,1
21677.837130637636,1
21682.837208398138,4
21687.837286158632,4
21692.837363919134,4
21697.83744167963,5
21702.837519440123,1
21707.837597200625,3
21712.83767496112,4
21717.83775272162,5
21722.837830482116,5
21727.837908242615,4
21732.837986003113,1
21737.838063763607,3
21742.83814152411,5
21747.838219284604,3
21752.838297045106,1
21757.8383748056,0
21762.8384525661,2
21767.838530326597,6
21772.83860808709,8
21777.838685847593,3
21782.838763608088,3
21787.83884136859,2
21792.838919129084,4
21797.83899688958,5
21802.83907465008,7
21807.839152410575,2
21812.839230171077,3
21817.839307931572,6
21822.83938569207,2
21827.83946345257,2
21832.839541213063,6
21837.839618973565,5
21842.83969673406,3
21847.83977449456,4
21852.839852255056,6
21857.83993001555,5
21862.840007776053,3
21867.840085536547,4
21872.84016329705,3
21877.840241057544,3
21882.840318818045,4
21887.84039657854,2
21892.840474339035,6
21897.840552099537,4
21902.84062986003,7
21907.840707620533,3
21912.840785381028,6
21917.840863141526,2
21922.840940902024,4
21927.84101866252,4
21932.84109642302,2
21937.841174183515,3
21942.841251944017,6
21947.84132970451,2
21952.841407465006,3
21957.84148522551,1
21962.841562986003,5
21967.841640746505,4
21972.841718507,6
21977.8417962675,3
21982.841874027996,8
21987.84195178849,8
21992.842029548992,3
21997.842107309487,5
22002.84218506999,7
22007.842262830483,3
22012.84234059098,4
22017.84241835148,4
22022.842496111974,8
22027.842573872476,4
22032.84265163297,7
22037.842729393473,5
22042.842807153967,5
22047.842884914462,5
22052.842962674964,5
22057.84304043546,2
22062.84311819596,4
22067.843195956455,2
22072.843273716957,6
22077.84335147745,3
22082.843429237946,4
22087.843506998448,2
22092.843584758943,8
22097.843662519444,4
22102.84374027994,7
22107.843818040437,8
22112.843895800936,3
22117.84397356143,2
22122.844051321932,5
22127.844129082427,5
22132.84420684293,4
22137.844284603423,6
22142.844362363918,10
22147.84444012442,5
22152.844517884914,5
22157.844595645416,2
22162.84467340591,4
22167.844751166413,3
22172.844828926907,3
22177.8449066874,4
22182.844984447904,4
22187.8450622084,4
22192.8451399689,5
22197.845217729395,4
22202.845295489893,6
22207.84537325039,6
22212.845451010886,5
22217.845528771388,2
22222.845606531882,4
22227.845684292384,5
22232.84576205288,5
22237.845839813373,5
22242.845917573875,8
22247.84599533437,0
22252.846073094872,5
22257.846150855366,4
22262.84622861587,2
22267.846306376363,4
22272.846384136858,5
22277.84646189736,7
22282.846539657854,3
22287.846617418356,3
22292.84669517885,3
22297.84677293935,4
22302.846850699847,2
22307.84692846034,4
22312.847006220843,4
22317.847083981338,4
22322.84716174184,8
22327.847239502335,6
22332.84731726283,4
22337.84739502333,4
22342.847472783826,4
22347.847550544328,8
22352.847628304822,3
22357.847706065324,4
22362.84778382582,4
22367.847861586313,2
22372.847939346815,3
22377.84801710731,1
22382.84809486781,8
22387.848172628306,4
22392.848250388804,4
22397.848328149303,3
22402.848405909797,8
22407.8484836703,2
22412.848561430794,3
22417.848639191296,6
22422.84871695179,4
22427.848794712285,2
22432.848872472787,5
22437.84895023328,4
22442.849027993783,7
22447.849105754278,3
22452.84918351478,6
22457.849261275274,4
22462.84933903577,4
22467.84941679627,8
22472.849494556765,5
22477.849572317267,5
22482.849650077762,8
22487.84972783826,4
22492.84980559876,4
22497.849883359253,4
22502.849961119755,2
22507.85003888025,4
22512.85011664075,4
22517.850194401246,6
22522.85027216174,4
22527.850349922242,6
22532.850427682737,3
22537.85050544324,2
22542.850583203734,5
22547.850660964235,8
22552.85073872473,7
22557.850816485225,6
22562.850894245727,4
22567.85097200622,9
22572.851049766723,7
22577.851127527218,4
22582.851205287716,3
22587.851283048214,9
22592.85136080871,5
22597.85143856921,4
22602.851516329705,3
22607.851594090207,6
22612.8516718507,5
22617.851749611196,7
22622.851827371698,3
22627.851905132193,2
22632.851982892695,5
22637.85206065319,3
22642.852138413687,3
22647.852216174186,8
22652.85229393468,4
22657.852371695182,5
22662.852449455677,4
22667.85252721618,4
22672.852604976673,4
22677.85268273717,8
22682.85276049767,6
22687.852838258164,7
22692.852916018666,3
22697.85299377916,5
22702.853071539663,6
22707.853149300157,5
22712.853227060652,2
22717.853304821154,9
22722.85338258165,2
22727.85346034215,10
22732.853538102645,5
22737.853615863143,4
22742.85369362364,5
22747.853771384136,8
22752.853849144638,2
22757.853926905133,7
22762.854004665634,8
22767.85408242613,5
22772.854160186627,7
22777.854237947126,5
22782.85431570762,8
22787.854393468122,10
22792.854471228617,1
22797.85454898912,9
22802.854626749613,7
22807.854704510108,7
22812.85478227061,8
22817.854860031104,6
22822.854937791606,10
22827.8550155521,1
22832.8550933126,10
22837.855171073097,6
22842.85524883359,5
22847.855326594094,3
22852.85540435459,6
22857.85548211509,8
22862.855559875585,9
22867.855637636083,9
22872.85571539658,4
22877.855793157076,2
22882.855870917578,11
22887.855948678072,12
22892.856026438574,8
22897.85610419907,9
22902.856181959563,6
22907.856259720065,9
22912.85633748056,9
22917.85641524106,7
22922.856493001556,1
22927.856570762055,4
22932.856648522553,6
22937.856726283047,8
22942.85680404355,7
22947.856881804044,8
22952.856959564546,6
22957.85703732504,6
22962.85711508554,4
22967.857192846037,6
22972.85727060653,15
22977.857348367033,12
22982.857426127528,7
22987.85750388803,10
22992.857581648525,11
22997.85765940902,2
23002.85773716952,5
23007.857814930016,9
23012.857892690517,5
23017.857970451012,10
23022.85804821151,9
23027.85812597201,6
23032.858203732503,13
23037.858281493005,4
23042.8583592535,6
23047.858437014,4
23052.858514774496,5
23057.858592534994,7
23062.858670295493,4
23067.858748055987,5
23072.85882581649,9
23077.858903576984,8
23082.858981337486,10
23087.85905909798,7
23092.859136858475,3
23097.859214618977,6
23102.85929237947,5
23107.859370139973,8
23112.859447900468,7
23117.859525660966,6
23122.859603421464,8
23127.85968118196,3
23132.85975894246,6
23137.859836702955,5
23142.859914463457,5
23147.859992223952,10
23152.86006998445,5
23157.86014774495,5
23162.860225505443,7
23167.860303265945,7
23172.86038102644,12
23177.86045878694,6
23182.860536547436,5
23187.86061430793,5
23192.860692068432,6
23197.860769828927,5
23202.86084758943,3
23207.860925349923,6
23212.86100311042,5
23217.86108087092,4
23222.861158631415,3
23227.861236391916,5
23232.86131415241,3
23237.861391912913,10
23242.861469673408,5
23247.861547433906,9
23252.861625194404,11
23257.8617029549,9
23262.8617807154,6
23267.861858475895,3
23272.861936236397,7
23277.86201399689,4
23282.862091757386,8
23287.862169517888,10
23292.862247278383,7
23297.862325038885,8
23302.86240279938,5
23307.862480559877,10
23312.862558320376,11
23317.86263608087,3
23322.862713841372,7
23327.862791601867,4
23332.86286936237,8
23337.862947122863,3
23342.86302488336,10
23347.86310264386,4
23352.863180404354,6
23357.863258164856,8
23362.86333592535,4
23367.863413685853,9
23372.863491446347,3
23377.863569206842,2
23382.863646967344,5
23387.86372472784,6
23392.86380248834,10
23397.863880248835,10
23402.863958009333,4
23407.86403576983,6
23412.864113530326,4
23417.864191290828,9
23422.864269051322,9
23427.864346811824,5
23432.86442457232,6
23437.864502332817,6
23442.864580093315,5
23447.86465785381,6
23452.864735614312,5
23457.864813374807,9
23462.86489113531,7
23467.864968895803,5
23472.865046656298,7
23477.8651244168,8
23482.865202177294,8
23487.865279937796,11
23492.86535769829,7
23497.86543545879,8
23502.865513219287,9
23507.86559097978,5
23512.865668740284,11
23517.86574650078,8
23522.86582426128,7
23527.865902021775,8
23532.86597978227,6
23537.86605754277,5
23542.866135303266,11
23547.866213063768,10
23552.866290824262,12
23557.866368584764,8
23562.86644634526,8
23567.866524105753,11
23572.866601866255,11
23577.86667962675,8
23582.86675738725,13
23587.866835147746,6
23592.866912908245,7
23597.866990668743,7
23602.867068429237,7
23607.86714618974,7
23612.867223950234,8
23617.867301710736,7
23622.86737947123,10
23627.867457231725,10
23632.867534992227,5
23637.86761275272,8
23642.867690513223,5
23647.867768273718,9
23652.86784603422,10
23657.867923794714,7
23662.86800155521,8
23667.86807931571,7
23672.868157076206,5
23677.868234836707,8
23682.868312597202,3
23687.8683903577,12
23692.8684681182,14
23697.868545878693,10
23702.868623639195,7
23707.86870139969,7
23712.86877916019,9
23717.868856920686,7
23722.86893468118,4
23727.869012441683,8
23732.869090202177,3
23737.86916796268,7
23742.869245723174,12
23747.869323483676,12
23752.86940124417,10
23757.869479004665,6
23762.869556765167,8
23767.86963452566,7
23772.869712286163,7
23777.869790046658,7
23782.869867807156,10
23787.869945567654,10
23792.87002332815,10
23797.87010108865,9
23802.870178849145,13
23807.870256609647,10
23812.87033437014,11
23817.870412130636,6
23822.87048989114,5
23827.870567651633,14
23832.870645412135,5
23837.87072317263,5
23842.87080093313,9
23847.870878693626,4
23852.87095645412,7
23857.871034214622,12
23862.871111975117,2
23867.87118973562,7
23872.871267496113,10
23877.87134525661,8
23882.87142301711,15
23887.871500777605,5
23892.871578538106,6
23897.8716562986,8
23902.871734059103,8
23907.871811819597,7
23912.871889580092,8
23917.871967340594,10
23922.87204510109,8
23927.87212286159,9
23932.872200622085,11
23937.872278382587,10
23942.87235614308,4
23947.872433903576,4
23952.872511664078,12
23957.872589424573,7
23962.872667185075,8
23967.87274494557,4
23972.872822706067,8
23977.872900466566,8
23982.87297822706,4
23987.873055987562,4
23992.873133748057,7
23997.87321150856,8
24002.873289269053,9
24007.873367029548,10
24012.87344479005,14
24017.873522550544,4
24022.873600311046,12
24027.87367807154,6
24032.873755832043,9
24037.873833592537,11
24042.873911353032,6
24047.873989113534,6
24052.87406687403,12
24057.87414463453,12
24062.874222395025,10
24067.874300155523,11
24072.87437791602,8
24077.874455676516,9
24082.874533437018,5
24087.874611197512,6
24092.874688958014,11
24097.87476671851,2
24102.874844479004,7
24107.874922239505,6
24112.875,15
24117.875077760502,14
24122.875155520996,7
24127.8752332815,6
24132.875311041993,13
24137.875388802488,8
24142.87546656299,9
24147.875544323484,8
24152.875622083986,4
24157.87569984448,5
24162.87577760498,8
24167.875855365477,9
24172.87593312597,8
24177.876010886474,3
24182.876088646968,12
24187.87616640747,10
24192.876244167965,8
24197.87632192846,9
24202.87639968896,10
24207.876477449456,10
24212.876555209958,13
24217.876632970452,7
24222.876710730954,4
24227.87678849145,8
24232.876866251943,13
24237.876944012445,8
24242.87702177294,13
24247.87709953344,9
24252.877177293936,9
24257.877255054434,13
24262.877332814933,8
24267.877410575427,3
24272.87748833593,4
24277.877566096424,14
24282.877643856926,10
24287.87772161742,12
24292.877799377915,9
24297.877877138417,11
24302.87795489891,6
24307.878032659413,7
24312.878110419908,10
24317.878188180406,16
24322.878265940904,10
24327.8783437014,8
24332.8784214619,7
24337.878499222395,10
24342.878576982897,6
24347.878654743392,5
24352.87873250389,7
24357.87881026439,6
24362.878888024883,9
24367.878965785385,8
24372.87904354588,12
24377.87912130638,9
24382.879199066876,8
24387.87927682737,9
24392.879354587873,4
24397.879432348367,10
24402.87951010887,6
24407.879587869364,8
24412.879665629862,8
24417.87974339036,6
24422.879821150855,9
24427.879898911357,5
24432.87997667185,8
24437.880054432353,8
24442.880132192848,6
24447.880209953346,12
24452.880287713844,10
24457.88036547434,9
24462.88044323484,9
24467.880520995335,10
24472.880598755837,12
24477.88067651633,10
24482.880754276826,9
24487.88083203733,10
24492.880909797823,15
24497.880987558325,7
24502.88106531882,3
24507.881143079318,5
24512.881220839816,12
24517.88129860031,7
24522.881376360812,9
24527.881454121307,9
24532.88153188181,12
24537.881609642303,9
24542.8816874028,9
24547.8817651633,11
24552.881842923794,12
24557.881920684296,12
24562.88199844479,10
24567.882076205293,8
24572.882153965787,13
24577.882231726282,12
24582.882309486784,10
24587.88238724728,4
24592.88246500778,5
24597.882542768275,11
24602.882620528773,3
24607.88269828927,10
24612.882776049766,6
24617.882853810268,17
24622.882931570763,8
24627.883009331264,6
24632.88308709176,9
24637.883164852257,9
24642.883242612756,7
24647.88332037325,9
24652.883398133752,7
24657.883475894247,14
24662.88355365475,6
24667.883631415243,9
24672.883709175738,5
24677.88378693624,9
24682.883864696734,10
24687.883942457236,12
24692.88402021773,8
24697.88409797823,8
24702.884175738727,9
24707.88425349922,13
24712.884331259724,10
24717.88440902022,9
24722.88448678072,10
24727.884564541215,15
24732.884642301713,8
24737.88472006221,9
24742.884797822706,10
24747.884875583208,7
24752.884953343702,8
24757.885031104204,15
24762.8851088647,5
24767.885186625193,12
24772.885264385695,9
24777.88534214619,7
24782.885419906692,8
24787.885497667186,16
24792.885575427685,10
24797.885653188183,17
24802.885730948678,12
24807.88580870918,10
24812.885886469674,14
24817.885964230176,15
24822.88604199067,8
24827.88611975117,14
24832.886197511667,9
24837.88627527216,12
24842.886353032663,8
24847.886430793158,8
24852.88650855366,11
24857.886586314155,12
24862.88666407465,10
24867.88674183515,10
24872.886819595646,7
24877.886897356148,11
24882.886975116642,7
24887.88705287714,9
24892.88713063764,10
24897.887208398133,11
24902.887286158635,7
24907.88736391913,10
24912.88744167963,10
24917.887519440126,14
24922.887597200624,8
24927.887674961123,4
24932.887752721617,12
24937.88783048212,15
24942.887908242614,16
24947.887986003116,11
24952.88806376361,8
24957.888141524105,8
24962.888219284607,13
24967.8882970451,11
24972.888374805603,6
24977.888452566098,11
24982.888530326596,7
24987.888608087094,15
24992.88868584759,14
24997.88876360809,9
25002.888841368585,9
25007.888919129087,13
25012.888996889582,11
25017.88907465008,5
25022.88915241058,12
25027.889230171073,15
25032.889307931575,9
25037.88938569207,18
25042.88946345257,13
25047.889541213066,16
25052.88961897356,10
25057.889696734062,10
25062.889774494557,9
25067.88985225506,9
25072.889930015554,9
25077.89000777605,8
25082.89008553655,7
25087.890163297045,11
25092.890241057547,6
25097.89031881804,9
25102.890396578543,7
25107.890474339038,8
25112.890552099536,6
25117.890629860034,6
25122.89070762053,14
25127.89078538103,9
25132.890863141525,12
25137.890940902027,11
25142.89101866252,10
25147.891096423016,9
25152.891174183518,11
25157.891251944013,7
25162.891329704515,13
25167.89140746501,5
25172.891485225507,4
25177.891562986006,10
25182.8916407465,9
25187.891718507002,11
25192.891796267497,8
25197.891874028,10
25202.891951788493,12
25207.892029548988,7
25212.89210730949,18
25217.892185069984,8
25222.892262830486,9
25227.89234059098,14
25232.892418351483,12
25237.892496111977,13
25242.892573872472,13
25247.892651632974,12
25252.89272939347,6
25257.89280715397,10
25262.892884914465,14
25267.892962674963,9
25272.89304043546,6
25277.893118195956,13
25282.893195956458,7
25287.893273716953,9
25292.893351477454,10
25297.89342923795,11
25302.893506998444,10
25307.893584758946,9
25312.89366251944,8
25317.893740279942,2
25322.893818040437,10
25327.89389580094,9
25332.893973561433,13
25337.894051321928,9
25342.89412908243,8
25347.894206842924,13
25352.894284603426,13
25357.89436236392,13
25362.89444012442,9
25367.894517884917,11
25372.89459564541,3
25377.894673405914,14
25382.89475116641,13
25387.89482892691,10
25392.894906687405,6
25397.8949844479,5
25402.8950622084,3
25407.895139968896,10
25412.895217729398,13
25417.895295489892,12
25422.895373250394,10
25427.89545101089,20
25432.895528771383,12
25437.895606531885,10
25442.89568429238,16
25447.89576205288,7
25452.895839813376,13
25457.895917573875,11
25462.895995334373,9
25467.896073094867,11
25472.89615085537,7
25477.896228615864,17
25482.896306376366,11
25487.89638413686,12
25492.896461897355,10
25497.896539657857,7
25502.89661741835,9
25507.896695178853,13
25512.896772939348,14
25517.89685069985,13
25522.896928460344,14
25527.89700622084,15
25532.89708398134,7
25537.897161741836,11
25542.897239502337,9
25547.897317262832,13
25552.89739502333,12
25557.89747278383,13
25562.897550544323,7
25567.897628304825,9
25572.89770606532,12
25577.89778382582,15
25582.897861586316,12
25587.89793934681,12
25592.898017107313,15
25597.898094867807,13
25602.89817262831,8
25607.898250388804,14
25612.898328149306,15
25617.8984059098,12
25622.898483670295,8
25627.898561430797,10
25632.89863919129,9
25637.898716951793,10
25642.898794712288,13
25647.898872472786,10
25652.898950233284,12
25657.89902799378,8
25662.89910575428,16
25667.899183514775,11
25672.899261275277,10
25677.899339035772,9
25682.899416796266,8
25687.89949455677,10
25692.899572317263,14
25697.899650077765,16
25702.89972783826,15
25707.89980559876,17
25712.899883359256,21
25717.89996111975,11
25722.900038880252,15
25727.900116640747,12
25732.90019440125,10
25737.900272161743,11
25742.90034992224,10
25747.90042768274,14
25752.900505443235,24
25757.900583203736,15
25762.90066096423,11
25767.900738724733,9
25772.900816485228,11
25777.900894245722,16
25782.900972006224,11
25787.90104976672,8
25792.90112752722,13
25797.901205287715,5
25802.901283048217,13
25807.90136080871,8
25812.901438569206,10
25817.901516329708,12
25822.901594090203,19
25827.901671850705,17
25832.9017496112,15
25837.901827371697,10
25842.901905132196,13
25847.90198289269,14
25852.902060653192,16
25857.902138413687,16
25862.90221617419,15
25867.902293934683,11
25872.902371695178,10
25877.90244945568,10
25882.902527216174,16
25887.902604976676,10
25892.90268273717,7
25897.902760497673,15
25902.902838258167,17
25907.902916018662,13
25912.902993779164,9
25917.90307153966,11
25922.90314930016,15
25927.903227060655,7
25932.903304821153,16
25937.90338258165,8
25942.903460342146,13
25947.903538102648,16
25952.903615863142,10
25957.903693623644,16
25962.90377138414,10
25967.903849144634,17
25972.903926905135,10
25977.90400466563,12
25982.904082426132,11
25987.904160186627,18
25992.90423794713,10
25997.904315707623,8
26002.904393468118,19
26007.90447122862,15
26012.904548989114,17
26017.904626749616,13
26022.90470451011,10
26027.90478227061,9
26032.904860031107,10
26037.9049377916,9
26042.905015552104,11
26047.9050933126,8
26052.9051710731,9
26057.905248833595,16
26062.90532659409,13
26067.90540435459,13
26072.905482115086,14
26077.905559875588,7
26082.905637636082,12
26087.90571539658,11
26092.90579315708,15
26097.905870917573,14
26102.905948678075,14
26107.90602643857,16
26112.90610419907,10
26117.906181959566,20
26122.906259720065,10
26127.906337480563,14
26132.906415241057,7
26137.90649300156,9
26142.906570762054,12
26147.906648522556,15
26152.90672628305,9
26157.906804043545,17
26162.906881804047,13
26167.90695956454,8
26172.907037325043,12
26177.907115085538,21
26182.907192846036,17
26187.907270606534,11
26192.90734836703,12
26197.90742612753,17
26202.907503888026,8
26207.907581648527,18
26212.907659409022,20
26217.90773716952,16
26222.90781493002,7
26227.907892690513,11
26232.907970451015,17
26237.90804821151,10
26242.90812597201,11
26247.908203732506,12
26252.908281493,9
26257.908359253503,12
26262.908437013997,19
26267.9085147745,11
26272.908592534994,15
26277.908670295492,8
26282.90874805599,23
26287.908825816485,4
26292.908903576987,18
26297.90898133748,16
26302.909059097983,14
26307.909136858478,16
26312.909214618976,12
26317.909292379474,10
26322.90937013997,13
26327.90944790047,9
26332.909525660965,14
26337.909603421467,17
26342.90968118196,11
26347.909758942456,14
26352.90983670296,17
26357.909914463453,13
26362.909992223955,9
26367.91006998445,19
26372.910147744948,11
26377.910225505446,13
26382.91030326594,12
26387.910381026442,10
26392.910458786937,15
26397.91053654744,13
26402.910614307933,9
26407.91069206843,22
26412.91076982893,11
26417.910847589425,13
26422.910925349926,21
26427.91100311042,12
26432.911080870923,14
26437.911158631417,17
26442.911236391912,12
26447.911314152414,13
26452.91139191291,15
26457.91146967341,21
26462.911547433905,8
26467.911625194403,11
26472.9117029549,19
26477.911780715396,23
26482.911858475898,16
26487.911936236393,18
26492.912013996895,10
26497.91209175739,16
26502.912169517887,8
26507.912247278386,12
26512.91232503888,13
26517.912402799382,13
26522.912480559877,15
26527.91255832038,14
26532.912636080873,14
26537.912713841368,16
26542.91279160187,16
26547.912869362364,20
26552.912947122866,9
26557.91302488336,11
26562.91310264386,11
26567.913180404357,13
26572.913258164852,17
26577.913335925354,9
26582.91341368585,14
26587.91349144635,9
26592.913569206845,13
26597.913646967343,5
26602.91372472784,15
26607.913802488336,11
26612.913880248838,9
26617.913958009332,15
26622.914035769834,13
26627.91411353033,19
26632.914191290824,13
26637.914269051325,13
26642.91434681182,11
26647.914424572322,11
26652.914502332816,10
26657.914580093315,9
26662.914657853813,18
26667.914735614308,12
26672.91481337481,14
26677.914891135304,16
26682.914968895806,14
26687.9150466563,8
26692.9151244168,11
26697.915202177297,15
26702.91527993779,11
26707.915357698294,21
26712.915435458788,15
26717.91551321929,19
26722.915590979785,8
26727.91566874028,8
26732.91574650078,15
26737.915824261276,13
26742.915902021778,14
26747.915979782272,6
26752.91605754277,12
26757.91613530327,16
26762.916213063763,18
26767.916290824265,23
26772.91636858476,4
26777.91644634526,12
26782.916524105756,17
26787.916601866254,10
26792.916679626753,15
26797.916757387247,11
26802.91683514775,19
26807.916912908244,17
26812.916990668746,13
26817.91706842924,10
26822.917146189735,15
26827.917223950237,18
26832.91730171073,12
26837.917379471233,15
26842.917457231728,17
26847.917534992226,14
26852.917612752724,16
26857.91769051322,22
26862.91776827372,10
26867.917846034215,14
26872.917923794717,9
26877.918001555212,13
26882.91807931571,9
26887.91815707621,16
26892.918234836703,15
26897.918312597205,18
26902.9183903577,13
26907.9184681182,13
26912.918545878696,16
26917.91862363919,15
26922.918701399693,7
26927.918779160187,14
26932.91885692069,15
26937.918934681184,13
26942.919012441682,14
26947.91909020218,15
26952.919167962675,12
26957.919245723177,8
26962.91932348367,13
26967.919401244173,16
26972.919479004668,23
26977.919556765162,17
26982.919634525664,12
26987.91971228616,20
26992.91979004666,11
26997.919867807155,19
27002.919945567657,14
27007.92002332815,13
27012.920101088646,20
27017.92017884915,15
27022.920256609643,22
27027.920334370145,11
27032.92041213064,17
27037.920489891138,13
27042.920567651636,12
27047.92064541213,18
27052.920723172632,13
27057.920800933127,17
27062.92087869363,9
27067.920956454123,16
27072.921034214618,16
27077.92111197512,10
27082.921189735614,13
27087.921267496116,17
27092.92134525661,13
27097.921423017113,14
27102.921500777607,14
27107.921578538102,15
27112.921656298604,15
27117.9217340591,12
27122.9218118196,11
27127.921889580095,17
27132.921967340593,16
27137.92204510109,17
27142.922122861586,9
27147.922200622088,14
27152.922278382583,20
27157.922356143084,11
27162.92243390358,12
27167.922511664074,13
27172.922589424576,14
27177.92266718507,11
27182.922744945572,11
27187.922822706067,12
27192.92290046657,11
27197.922978227063,10
27202.923055987558,10
27207.92313374806,11
27212.923211508554,17
27217.923289269056,9
27222.92336702955,12
27227.92344479005,15
27232.923522550547,17
27237.92360031104,18
27242.923678071544,13
27247.92375583204,12
27252.92383359254,12
27257.923911353035,20
27262.92398911353,9
27267.92406687403,23
27272.924144634526,15
27277.924222395028,13
27282.924300155522,11
27287.924377916024,13
27292.92445567652,22
27297.924533437013,16
27302.924611197515,15
27307.92468895801,10
27312.92476671851,24
27317.924844479006,17
27322.924922239505,14
27327.925000000003,15
27332.925077760498,12
27337.925155521,8
27342.925233281494,18
27347.925311041996,6
27352.92538880249,16
27357.925466562985,18
27362.925544323487,18
27367.92562208398,17
27372.925699844483,18
27377.925777604978,12
27382.92585536548,9
27387.925933125975,18
27392.92601088647,18
27397.92608864697,13
27402.926166407466,18
27407.926244167968,15
27412.926321928462,20
27417.92639968896,20
27422.92647744946,21
27427.926555209953,12
27432.926632970455,16
27437.92671073095,14
27442.92678849145,19
27447.926866251946,13
27452.92694401244,17
27457.927021772943,13
27462.927099533437,14
27467.92717729394,21
27472.927255054434,25
27477.927332814936,18
27482.92741057543,17
27487.927488335925,16
27492.927566096427,17
27497.92764385692,13
27502.927721617423,14
27507.927799377918,13
27512.927877138416,13
27517.927954898914,14
27522.92803265941,14
27527.92811041991,19
27532.928188180405,14
27537.928265940907,25
27542.928343701402,16
27547.928421461897,14
27552.9284992224,10
27557.928576982893,12
27562.928654743395,19
27567.92873250389,25
27572.92881026439,13
27577.928888024886,11
27582.92896578538,17
27587.929043545882,15
27592.929121306377,17
27597.92919906688,13
27602.929276827374,15
27607.92935458787,9
27612.92943234837,15
27617.929510108865,14
27622.929587869367,19
27627.92966562986,19
27632.929743390363,20
27637.929821150858,12
27642.929898911352,18
27647.929976671854,16
27652.93005443235,16
27657.93013219285,15
27662.930209953345,15
27667.930287713847,19
27672.93036547434,17
27677.930443234836,9
27682.930520995338,12
27687.930598755833,22
27692.930676516335,13
27697.93075427683,10
27702.930832037327,16
27707.930909797826,19
27712.93098755832,19
27717.931065318822,10
27722.931143079317,14
27727.93122083982,18
27732.931298600313,20
27737.931376360808,18
27742.93145412131,15
27747.931531881804,15
27752.931609642306,21
27757.9316874028,13
27762.9317651633,13
27767.931842923797,19
27772.931920684292,15
27777.931998444794,22
27782.93207620529,10
27787.93215396579,15
27792.932231726285,10
27797.932309486783,8
27802.93238724728,13
27807.932465007776,14
27812.932542768278,14
27817.932620528773,15
27822.932698289274,24
27827.93277604977,22
27832.932853810264,18
27837.932931570766,21
27842.93300933126,20
27847.933087091762,17
27852.933164852257,18
27857.933242612755,17
27862.933320373253,15
27867.933398133748,13
27872.93347589425,21
27877.933553654744,16
27882.933631415246,14
27887.93370917574,19
27892.93378693624,12
27897.933864696737,17
27902.93394245723,18
27907.934020217734,16
27912.93409797823,15
27917.93417573873,12
27922.934253499225,16
27927.93433125972,14
27932.93440902022,21
27937.934486780716,10
27942.934564541218,15
27947.934642301712,21
27952.93472006221,24
27957.93479782271,9
27962.934875583203,24
27967.934953343705,14
27972.9350311042,15
27977.9351088647,17
27982.935186625196,21
27987.935264385695,20
27992.935342146193,20
27997.935419906687,15
28002.93549766719,18
28007.935575427684,13
28012.935653188186,21
28017.93573094868,15
28022.935808709175,21
28027.935886469677,9
28032.93596423017,13
28037.936041990673,11
28042.936119751168,8
28047.936197511666,14
28052.936275272164,10
28057.93635303266,16
28062.93643079316,17
28067.936508553656,9
28072.936586314157,6
28077.936664074652,18
28082.93674183515,16
28087.93681959565,23
28092.936897356143,22
28097.936975116645,17
28102.93705287714,12
28107.93713063764,13
28112.937208398136,16
28117.93728615863,12
28122.937363919133,15
28127.937441679627,17
28132.93751944013,13
28137.937597200624,19
28142.937674961122,8
28147.93775272162,9
28152.937830482115,15
28157.937908242617,19
28162.93798600311,13
28167.938063763613,15
28172.938141524108,13
28177.938219284606,18
28182.938297045104,10
28187.9383748056,12
28192.9384525661,17
28197.938530326595,10
28202.938608087097,12
28207.938685847592,12
28212.938763608086,13
28217.93884136859,16
28222.938919129083,9
28227.938996889585,13
28232.93907465008,17
28237.939152410578,14
28242.939230171076,12
28247.93930793157,21
28252.939385692072,14
28257.939463452567,22
28262.93954121307,20
28267.939618973563,17
28272.93969673406,10
28277.93977449456,14
28282.939852255055,15
28287.939930015556,18
28292.94000777605,12
28297.940085536553,9
28302.940163297048,16
28307.940241057542,18
28312.940318818044,18
28317.94039657854,15
28322.94047433904,17
28327.940552099535,15
28332.940629860033,16
28337.94070762053,9
28342.940785381026,17
28347.940863141528,8
28352.940940902023,10
28357.941018662525,18
28362.94109642302,15
28367.941174183517,18
28372.941251944016,16
28377.94132970451,15
28382.941407465012,20
28387.941485225507,15
28392.94156298601,14
28397.941640746503,12
28402.941718506998,10
28407.9417962675,23
28412.941874027994,10
28417.941951788496,15
28422.94202954899,11
28427.94210730949,17
28432.942185069987,13
28437.942262830482,17
28442.942340590984,12
28447.94241835148,21
28452.94249611198,19
28457.942573872475,10
28462.942651632973,13
28467.94272939347,13
28472.942807153966,8
28477.942884914468,12
28482.942962674962,14
28487.943040435464,13
28492.94311819596,7
28497.943195956454,14
28502.943273716955,13
28507.94335147745,12
28512.943429237952,10
28517.943506998447,10
28522.943584758945,12
28527.943662519443,10
28532.943740279938,18
28537.94381804044,10
28542.943895800934,20
28547.943973561436,8
28552.94405132193,18
28557.94412908243,12
28562.944206842927,18
28567.94428460342,12
28572.944362363924,12
28577.944440124418,14
28582.94451788492,12
28587.944595645415,14
28592.94467340591,17
28597.94475116641,14
28602.944828926906,10
28607.944906687408,21
28612.944984447902,10
28617.9450622084,6
28622.9451399689,21
28627.945217729393,13
28632.945295489895,12
28637.94537325039,16
28642.94545101089,8
28647.945528771386,11
28652.94560653188,11
28657.945684292383,19
28662.945762052877,8
28667.94583981338,10
28672.945917573874,14
28677.945995334376,18
28682.94607309487,15
28687.946150855365,17
28692.946228615867,12
28697.94630637636,11
28702.946384136863,13
28707.946461897358,10
28712.946539657856,8
28717.946617418354,26
28722.94669517885,23
28727.94677293935,18
28732.946850699846,13
28737.946928460347,7
28742.947006220842,10
28747.947083981337,21
28752.94716174184,16
28757.947239502333,10
28762.947317262835,15
28767.94739502333,5
28772.94747278383,5
28777.947550544326,19
28782.94762830482,11
28787.947706065323,10
28792.947783825817,10
28797.94786158632,13
28802.947939346814,17
28807.948017107312,10
28812.94809486781,14
28817.948172628305,16
28822.948250388807,9
28827.9483281493,10
28832.948405909803,15
28837.948483670298,12
28842.948561430792,14
28847.948639191294,14
28852.94871695179,16
28857.94879471229,17
28862.948872472785,12
28867.948950233287,19
28872.94902799378,13
28877.949105754276,9
28882.94918351478,9
28887.949261275273,18
28892.949339035775,13
28897.94941679627,11
28902.949494556768,6
28907.949572317266,12
28912.94965007776,18
28917.949727838262,13
28922.949805598757,10
28927.94988335926,17
28932.949961119753,14
28937.950038880248,15
28942.95011664075,15
28947.950194401245,12
28952.950272161746,12
28957.95034992224,7
28962.950427682743,14
28967.950505443237,11
28972.950583203732,6
28977.950660964234,11
28982.95073872473,12
28987.95081648523,15
28992.950894245725,13
28997.950972006223,17
29002.95104976672,23
29007.951127527216,6
29012.951205287718,8
29017.951283048213,15
29022.951360808715,17
29027.95143856921,15
29032.951516329704,10
29037.951594090206,8
29042.9516718507,12
29047.951749611202,12
29052.951827371697,14
29057.9519051322,14
29062.951982892693,14
29067.952060653188,9
29072.95213841369,15
29077.952216174184,15
29082.952293934686,15
29087.95237169518,10
29092.95244945568,11
29097.952527216177,11
29102.952604976672,13
29107.952682737174,13
29112.95276049767,17
29117.95283825817,9
29122.952916018665,19
29127.95299377916,14
29132.95307153966,19
29137.953149300156,6
29142.953227060658,9
29147.953304821152,11
29152.953382581654,11
29157.95346034215,10
29162.953538102644,10
29167.953615863145,14
29172.95369362364,14
29177.953771384142,21
29182.953849144636,14
29187.953926905135,12
29192.954004665633,16
29197.954082426128,14
29202.95416018663,12
29207.954237947124,15
29212.954315707626,12
29217.95439346812,18
29222.954471228615,9
29227.954548989117,10
29232.95462674961,18
29237.954704510114,17
29242.954782270608,9
29247.95486003111,16
29252.954937791605,12
29257.9550155521,8
29262.9550933126,14
29267.955171073096,6
29272.955248833598,7
29277.955326594092,12
29282.95540435459,10
29287.95548211509,11
29292.955559875583,10
29297.955637636085,12
29302.95571539658,15
29307.95579315708,9
29312.955870917576,12
29317.95594867807,14
29322.956026438573,15
29327.956104199067,13
29332.95618195957,8
29337.956259720064,10
29342.956337480566,11
29347.95641524106,4
29352.956493001555,12
29357.956570762057,10
29362.95664852255,9
29367.956726283053,11
29372.956804043548,13
29377.956881804046,10
29382.956959564544,6
29387.95703732504,9
29392.95711508554,8
29397.957192846035,13
29402.957270606537,14
29407.957348367032,12
29412.957426127527,10
29417.95750388803,11
29422.957581648523,5
29427.957659409025,13
29432.95773716952,15
29437.957814930018,13
29442.957892690516,13
29447.95797045101,9
29452.958048211513,10
29457.958125972007,8
29462.95820373251,14
29467.958281493004,13
29472.958359253502,7
29477.958437014,9
29482.958514774495,12
29487.958592534997,15
29492.95867029549,14
29497.958748055993,11
29502.958825816488,12
29507.958903576982,10
29512.958981337484,11
29517.95905909798,8
29522.95913685848,10
29527.959214618975,17
29532.959292379473,18
29537.95937013997,11
29542.959447900466,6
29547.95952566097,12
29552.959603421463,12
29557.959681181965,11
29562.95975894246,10
29567.959836702958,14
29572.959914463456,14
29577.95999222395,7
29582.960069984452,12
29587.960147744947,10
29592.96022550545,6
29597.960303265943,10
29602.960381026438,7
29607.96045878694,8
29612.960536547434,8
29617.960614307936,11
29622.96069206843,13
29627.96076982893,10
29632.960847589427,10
29637.960925349922,7
29642.961003110424,8
29647.96108087092,6
29652.96115863142,11
29657.961236391915,15
29662.961314152413,10
29667.96139191291,14
29672.961469673406,6
29677.961547433908,6
29682.961625194403,11
29687.961702954904,10
29692.9617807154,9
29697.961858475894,14
29702.961936236396,13
29707.96201399689,12
29712.962091757392,11
29717.962169517887,9
29722.962247278385,9
29727.962325038883,7
29732.962402799378,11
29737.96248055988,14
29742.962558320374,13
29747.962636080876,6
29752.96271384137,7
29757.96279160187,6
29762.962869362367,8
29767.96294712286,5
29772.963024883364,9
29777.96310264386,12
29782.96318040436,10
29787.963258164855,5
29792.96333592535,8
29797.96341368585,3
29802.963491446346,7
29807.963569206848,9
29812.963646967342,8
29817.96372472784,8
29822.96380248834,12
29827.963880248833,10
29832.963958009335,11
29837.96403576983,12
29842.96411353033,8
29847.964191290826,5
29852.964269051325,10
29857.964346811823,8
29862.964424572318,11
29867.96450233282,11
29872.964580093314,12
29877.964657853816,9
29882.96473561431,10
29887.964813374805,9
29892.964891135307,4
29897.9649688958,8
29902.965046656303,9
29907.965124416798,4
29912.965202177296,2
29917.965279937795,14
29922.96535769829,8
29927.96543545879,7
29932.965513219286,11
29937.965590979788,8
29942.965668740282,7
29947.96574650078,14
29952.96582426128,7
29957.965902021773,4
29962.965979782275,9
29967.96605754277,4
29972.96613530327,9
29977.966213063766,15
29982.96629082426,7
29987.966368584763,6
29992.966446345257,10
29997.96652410576,12
30002.966601866254,8
30007.966679626752,6
30012.96675738725,7
30017.966835147745,7
30022.966912908247,9
30027.96699066874,6
30032.967068429243,9
30037.967146189738,5
30042.967223950236,11
30047.967301710734,6
30052.96737947123,8
30057.96745723173,11
30062.967534992225,6
30067.967612752727,4
30072.967690513222,5
30077.967768273717,8
30082.96784603422,8
30087.967923794713,9
30092.968001555215,7
30097.96807931571,8
30102.968157076208,9
30107.968234836706,10
30112.9683125972,12
30117.968390357702,6
30122.968468118197,9
30127.9685458787,6
30132.968623639194,11
30137.96870139969,8
30142.96877916019,4
30147.968856920685,4
30152.968934681187,9
30157.96901244168,10
30162.969090202183,9
30167.969167962678,4
30172.969245723172,9
30177.969323483674,8
30182.96940124417,5
30187.96947900467,5
30192.969556765165,8
30197.969634525663,6
30202.96971228616,7
30207.969790046656,9
30212.969867807158,6
30217.969945567653,5
30222.970023328155,10
30227.97010108865,7
30232.970178849147,4
30237.970256609646,8
30242.97033437014,8
30247.970412130642,7
30252.970489891137,7
30257.97056765164,5
30262.970645412133,2
30267.970723172628,8
30272.97080093313,7
30277.970878693624,4
30282.970956454126,4
30287.97103421462,7
30292.97111197512,5
30297.971189735617,4
30302.971267496112,8
30307.971345256614,11
30312.97142301711,9
30317.97150077761,12
30322.971578538105,9
30327.9716562986,3
30332.9717340591,3
30337.971811819596,6
30342.971889580098,7
30347.971967340593,7
30352.972045101094,5
30357.97212286159,6
30362.972200622084,10
30367.972278382586,9
30372.97235614308,7
30377.972433903582,5
30382.972511664077,4
30387.972589424575,7
30392.972667185073,4
30397.972744945568,7
30402.97282270607,7
30407.972900466564,10
30412.972978227066,6
30417.97305598756,9
30422.973133748055,7
30427.973211508557,6
30432.97328926905,5
30437.973367029554,7
30442.97344479005,5
30447.97352255055,6
30452.973600311045,11
30457.97367807154,3
30462.97375583204,8
30467.973833592536,9
30472.973911353038,8
30477.973989113532,6
30482.97406687403,7
30487.97414463453,5
30492.974222395023,3
30497.974300155525,9
30502.97437791602,4
30507.97445567652,5
30512.974533437016,8
30517.97461119751,8
30522.974688958013,6
30527.974766718507,6
30532.97484447901,6
30537.974922239504,7
30542.975000000006,5
30547.9750777605,6
30552.975155520995,3
30557.975233281497,5
30562.97531104199,6
30567.975388802493,8
30572.975466562988,7
30577.975544323486,2
30582.975622083984,7
30587.97569984448,6
30592.97577760498,2
30597.975855365476,3
30602.975933125977,6
30607.976010886472,5
30612.976088646967,3
30617.97616640747,4
30622.976244167963,6
30627.976321928465,6
30632.97639968896,6
30637.97647744946,5
30642.976555209956,4
30647.97663297045,8
30652.976710730953,3
30657.976788491447,4
30662.97686625195,9
30667.976944012444,6
30672.977021772942,7
30677.97709953344,4
30682.977177293935,7
30687.977255054437,8
30692.97733281493,8
30697.977410575433,6
30702.977488335928,4
30707.977566096422,4
30712.977643856924,2
30717.97772161742,1
30722.97779937792,7
30727.977877138415,5
30732.977954898917,5
30737.978032659412,5
30742.978110419906,8
30747.97818818041,2
30752.978265940903,4
30757.978343701405,5
30762.9784214619,8
30767.978499222398,6
30772.978576982896,0
30777.97865474339,8
30782.978732503892,4
30787.978810264387,4
30792.97888802489,6
30797.978965785383,5
30802.979043545878,7
30807.97912130638,6
30812.979199066875,9
30817.979276827376,4
30822.97935458787,7
30827.979432348373,4
30832.979510108868,6
30837.979587869362,6
30842.979665629864,10
30847.97974339036,11
30852.97982115086,3
30857.979898911355,6
30862.979976671853,7
30867.98005443235,5
30872.980132192846,2
30877.980209953348,0
30882.980287713843,3
30887.980365474345,6
30892.98044323484,10
30897.980520995334,5
30902.980598755836,5
30907.98067651633,2
30912.980754276832,2
30917.980832037327,7
30922.98090979783,5
30927.980987558323,6
30932.981065318818,4
30937.98114307932,3
30942.981220839814,7
30947.981298600316,4
30952.98137636081,3
30957.98145412131,5
30962.981531881807,2
30967.981609642302,1
30972.981687402804,6
30977.9817651633,2
30982.9818429238,1
30987.981920684295,4
30992.98199844479,3
30997.98207620529,3
31002.982153965786,2
31007.982231726288,6
31012.982309486782,3
31017.982387247284,3
31022.98246500778,2
31027.982542768274,6
31032.982620528775,4
31037.98269828927,1
31042.982776049772,4
31047.982853810267,7
31052.982931570765,3
31057.983009331263,5
31062.983087091758,6
31067.98316485226,0
31072.983242612754,4
31077.983320373256,5
31082.98339813375,3
31087.983475894245,3
31092.983553654747,3
31097.98363141524,3
31102.983709175744,5
31107.983786936238,4
31112.98386469674,5
31117.983942457235,6
31122.98402021773,1
31127.98409797823,3
31132.984175738726,7
31137.984253499228,3
31142.984331259722,6
31147.98440902022,4
31152.98448678072,5
31157.984564541213,0
31162.984642301715,8
31167.98472006221,4
31172.98479782271,2
31177.984875583206,4
31182.9849533437,3
31187.985031104203,1
31192.985108864697,9
31197.9851866252,3
31202.985264385694,2
31207.985342146192,4
31212.98541990669,6
31217.985497667185,2
31222.985575427687,4
31227.98565318818,2
31232.985730948683,1
31237.985808709178,4
31242.985886469676,2
31247.985964230174,3
31252.98604199067,2
31257.98611975117,1
31262.986197511666,0
31267.986275272167,1
31272.986353032662,2
31277.986430793157,4
31282.98650855366,0
31287.986586314153,0
31292.986664074655,7
31297.98674183515,4
31302.986819595648,6
31307.986897356146,5
31312.98697511664,5
31317.987052877143,4
31322.987130637637,2
31327.98720839814,1
31332.987286158634,5
31337.987363919132,4
31342.98744167963,4
31347.987519440125,1
31352.987597200627,0
31357.98767496112,4
31362.987752721623,3
31367.987830482118,2
31372.987908242612,2
31377.987986003114,0
31382.98806376361,2
31387.98814152411,1
31392.988219284605,3
31397.988297045104,3
31402.9883748056,1
31407.988452566096,1
31412.9885303266,3
31417.988608087093,6
31422.988685847595,1
31427.98876360809,5
31432.988841368588,3
31437.988919129086,1
31442.98899688958,4
31447.989074650082,0
31452.989152410577,2
31457.98923017108,1
31462.989307931573,1
31467.989385692068,4
31472.98946345257,2
31477.989541213065,2
31482.989618973566,3
31487.98969673406,5
31492.98977449456,1
31497.989852255057,5
31502.989930015552,2
31507.990007776054,4
31512.99008553655,2
31517.99016329705,3
31522.990241057545,0
31527.990318818043,3
31532.99039657854,2
31537.990474339036,0
31542.990552099538,2
31547.990629860033,2
31552.990707620535,2
31557.99078538103,6
31562.990863141524,3
31567.990940902026,2
31572.99101866252,0
31577.991096423022,3
31582.991174183517,1
31587.991251944015,2
31592.991329704513,5
31597.991407465008,2
31602.99148522551,1
31607.991562986004,1
31612.991640746506,6
31617.991718507,0
31622.9917962675,2
31627.991874027997,2
31632.991951788492,3
31637.992029548994,4
31642.99210730949,3
31647.99218506999,2
31652.992262830485,1
31657.99234059098,0
31662.99241835148,3
31667.992496111976,3
31672.992573872478,2
31677.992651632972,3
31682.99272939347,5
31687.99280715397,2
31692.992884914464,1
31697.992962674965,0
31702.99304043546,2
31707.993118195962,1
31712.993195956456,2
31717.993273716955,4
31722.993351477453,0
31727.993429237948,6
31732.99350699845,0
31737.993584758944,0
31742.993662519446,2
31747.99374027994,1
31752.993818040435,2
31757.993895800937,1
31762.99397356143,2
31767.994051321934,1
31772.994129082428,0
31777.994206842926,1
31782.994284603425,3
31787.99436236392,1
31792.99444012442,0
31797.994517884916,0
31802.994595645418,0
31807.994673405912,1
31812.99475116641,3
31817.99482892691,0
31822.994906687403,1
31827.994984447905,0
31832.9950622084,5
31837.9951399689,2
31842.995217729396,1
31847.99529548989,2
31852.995373250393,2
31857.995451010887,2
31862.99552877139,3
31867.995606531884,1
31872.995684292382,2
31877.99576205288,2
31882.995839813375,4
31887.995917573877,2
31892.99599533437,1
31897.996073094873,3
31902.996150855368,1
31907.996228615866,1
31912.996306376364,2
31917.99638413686,2
31922.99646189736,4
31927.996539657855,1
31932.996617418357,2
31937.996695178852,3
31942.996772939347,2
31947.99685069985,1
31952.996928460343,1
31957.997006220845,2
31962.99708398134,2
31967.997161741838,1
31972.997239502336,3
31977.99731726283,5
31982.997395023333,2
31987.997472783827,1
31992.99755054433,5
31997.997628304824,2
32002.997706065322,2
32007.99778382582,1
32012.997861586315,0
32017.997939346817,2
32022.99801710731,1
32027.998094867813,3
32032.998172628308,1
32037.998250388802,2
32042.998328149304,0
32047.9984059098,0
32052.9984836703,1
32057.998561430795,2
32062.998639191293,1
32067.99871695179,3
32072.998794712286,1
32077.99887247279,2
32082.998950233283,3
32087.999027993785,2
32092.99910575428,0
32097.999183514774,1
32102.999261275276,1
32107.99933903577,3
32112.999416796272,1
32117.999494556767,2
32122.99957231727,1
32127.999650077763,2
32132.999727838258,1
32137.99980559876,1
32142.999883359254,0
32147.999961119756,0
32153.00003888025,0
32158.00011664075,0
32163.000194401247,2
32168.000272161742,1
32173.000349922244,1
32178.00042768274,2
32183.00050544324,1
32188.000583203735,1
32193.00066096423,0
32198.00073872473,3
32203.000816485226,0
32208.000894245728,0
32213.000972006223,1
32218.001049766724,0
32223.00112752722,1
32228.001205287714,0
32233.001283048216,0
32238.00136080871,1
32243.001438569212,1
32248.001516329707,2
32253.001594090205,2
32258.001671850703,2
32263.001749611198,2
32268.0018273717,2
32273.001905132194,5
32278.001982892696,2
32283.00206065319,2
32288.002138413685,1
32293.002216174187,3
32298.00229393468,0
32303.002371695184,0
32308.00244945568,2
32313.00252721618,1
32318.002604976675,0
32323.00268273717,1
32328.00276049767,2
32333.002838258166,3
32338.002916018668,1
32343.002993779162,1
32348.00307153966,0
32353.00314930016,1
32358.003227060653,2
32363.003304821155,2
32368.00338258165,0
32373.00346034215,0
32378.003538102646,1
32383.00361586314,0
32388.003693623643,0
32393.003771384138,1
32398.00384914464,2
32403.003926905134,1
32408.004004665636,0
32413.00408242613,1
32418.004160186625,3
32423.004237947127,0
32428.00431570762,1
32433.004393468123,1
32438.004471228618,0
32443.004548989116,2
32448.004626749615,0
32453.00470451011,2
32458.00478227061,3
32463.004860031106,1
32468.004937791608,2
32473.005015552102,0
32478.005093312597,0
32483.0051710731,0
32488.005248833593,0
32493.005326594095,1
32498.00540435459,2
32503.00548211509,2
32508.005559875586,1
32513.00563763608,0
32518.005715396583,1
32523.005793157077,2
32528.00587091758,1
32533.005948678074,1
32538.006026438572,0
32543.00610419907,1
32548.006181959565,1
32553.006259720067,0
32558.00633748056,0
32563.006415241063,2
32568.006493001558,0
32573.006570762052,2
32578.006648522554,2
32583.00672628305,0
32588.00680404355,0
32593.006881804045,1
32598.006959564547,0
32603.007037325042,0
32608.007115085536,0
32613.00719284604,0
32618.007270606533,0
32623.007348367035,0
32628.00742612753,1
32633.007503888028,0
32638.007581648526,2
32643.00765940902,0
32648.007737169522,0
32653.007814930017,2
32658.00789269052,2
32663.007970451014,0
32668.008048211508,0
32673.00812597201,1
32678.008203732505,0
32683.008281493007,0
32688.0083592535,1
32693.008437014003,0
32698.008514774498,1
32703.008592534992,2
32708.008670295494,0
32713.00874805599,0
32718.00882581649,0
32723.008903576985,0
32728.008981337483,0
32733.00905909798,2
32738.009136858476,0
32743.009214618978,0
32748.009292379473,1
32753.009370139975,1
32758.00944790047,1
32763.009525660964,0
32768.009603421466,0
32773.00968118197,1
32778.009758942455,0
32783.00983670296,0
32788.00991446346,0
32793.00999222395,0
32798.01006998445,1
32803.01014774495,1
32808.01022550545,2
32813.01030326594,1
32818.01038102644,0
32823.01045878694,0
32828.01053654744,0
32833.01061430793,1
32838.010692068434,0
32843.01076982893,0
32848.01084758942,2
32853.010925349925,0
32858.01100311043,3
32863.01108087092,2
32868.011158631416,1
32873.01123639192,1
32878.01131415241,0
32883.01139191291,0
32888.01146967341,0
32893.01154743391,0
32898.011625194405,0
32903.0117029549,0
32908.0117807154,1
32913.0118584759,0
32918.01193623639,2
32923.01201399689,1
32928.012091757395,0
32933.01216951788,2
32938.012247278384,0
32943.012325038886,0
32948.01240279938,0
32953.012480559875,3
32958.01255832038,0
32963.01263608088,1
32968.012713841366,1
32973.01279160187,1
32978.01286936237,0
32983.012947122865,0
32988.01302488336,0
32993.01310264386,1
32998.01318040436,0
33003.01325816485,2
33008.01333592535,1
33013.013413685854,1
33018.01349144635,1
33023.01356920684,1
33028.013646967345,0
33033.01372472784,0
33038.013802488334,0
33043.013880248836,0
33048.01395800934,1
33053.01403576983,2
33058.01411353033,0
33063.01419129083,0
33068.014269051324,0
33073.01434681182,0
33078.01442457232,0
33083.01450233282,0
33088.01458009332,0
33093.01465785381,2
33098.01473561431,0
33103.01481337481,0
33108.0148911353,3
33113.014968895804,1
33118.01504665631,0
33123.015124416794,0
33128.015202177296,2
33133.0152799378,0
33138.01535769829,2
33143.01543545879,0
33148.01551321929,1
33153.01559097979,1
33158.01566874028,0
33163.01574650078,0
33168.01582426128,0
33173.015902021776,2
33178.01597978227,0
33183.01605754277,1
33188.016135303274,1
33193.01621306376,1
33198.016290824264,0
33203.016368584766,0
33208.01644634526,1
33213.016524105755,1
33218.01660186626,0
33223.01667962675,0
33228.016757387246,0
33233.01683514775,0
33238.01691290825,0
33243.016990668744,1
33248.01706842924,0
33253.01714618974,0
33258.017223950235,0
33263.01730171073,0
33268.01737947123,1
33273.017457231734,1
33278.01753499223,0
33283.01761275272,0
33288.017690513225,0
33293.01776827372,0
33298.017846034214,0
33303.017923794716,0
33308.01800155522,1
33313.018079315705,3
33318.01815707621,0
33323.01823483671,1
33328.0183125972,0
33333.0183903577,0
33338.0184681182,1
33343.0185458787,0
33348.01862363919,0
33353.01870139969,0
33358.01877916019,1
33363.01885692069,0
33368.01893468118,2
33373.019012441684,2
33378.01909020218,0
33383.01916796267,0
33388.019245723175,2
33393.01932348368,1
33398.01940124417,0
33403.019479004666,0
33408.01955676517,0
33413.01963452566,0
33418.01971228616,2
33423.01979004666,1
33428.01986780716,0
33433.019945567656,0
33438.02002332815,2
33443.02010108865,0
33448.02017884915,0
33453.02025660964,0
33458.02033437014,1
33463.020412130645,1
33468.02048989113,1
33473.020567651634,0
33478.020645412136,1
33483.02072317263,1
33488.020800933125,0
33493.02087869363,0
33498.02095645413,1
33503.02103421462,0
33508.02111197512,0
33513.02118973562,0
33518.021267496115,0
33523.02134525661,1
33528.02142301711,0
33533.02150077761,1
33538.0215785381,2
33543.0216562986,0
33548.021734059104,0
33553.0218118196,0
33558.02188958009,1
33563.021967340595,0
33568.02204510109,2
33573.022122861585,0
33578.02220062209,0
33583.02227838259,0
33588.02235614308,2
33593.02243390358,1
33598.02251166408,0
33603.022589424574,0
33608.02266718507,0
33613.02274494557,0
33618.02282270607,1
33623.02290046657,0
33628.02297822706,0
33633.02305598756,1
33638.02313374806,0
33643.02321150855,0
33648.023289269055,0
33653.02336702956,1
33658.023444790044,0
33663.023522550546,0
33668.02360031105,1
33673.02367807154,0
33678.02375583204,1
33683.02383359254,1
33688.02391135304,0
33693.02398911353,1
33698.02406687403,0
33703.02414463453,0
33708.024222395026,1
33713.02430015552,0
33718.02437791602,1
33723.024455676525,1
33728.02453343701,0
33733.024611197514,1
33738.024688958016,0
33743.02476671851,0
33748.024844479005,1
33753.02492223951,1
33758.025,0
33763.025077760496,0
33768.025155521,0
33773.0252332815,1
33778.025311041994,0
33783.02538880249,0
33788.02546656299,0
33793.025544323486,0
33798.02562208398,0
33803.02569984448,0
33808.025777604984,2
33813.02585536548,0
33818.02593312597,0
33823.026010886475,0
33828.02608864697,0
33833.026166407464,0
33838.026244167966,0
33843.02632192847,2
33848.026399688955,1
33853.02647744946,1
33858.02655520996,0
33863.026632970454,0
33868.02671073095,0
33873.02678849145,1
33878.02686625195,2
33883.02694401244,2
33888.02702177294,0
33893.02709953344,0
33898.02717729394,0
33903.02725505443,1
33908.027332814934,0
33913.027410575436,2
33918.02748833592,0
33923.027566096425,0
33928.02764385693,1
33933.02772161742,0
33938.02779937792,0
33943.02787713842,0
33948.02795489891,1
33953.02803265941,0
33958.02811041991,0
33963.02818818041,0
33968.028265940906,1
33973.0283437014,0
33978.0284214619,2
33983.0284992224,0
33988.02857698289,1
33993.02865474339,0
33998.028732503895,0
34003.02881026439,1
34008.028888024885,0
34013.02896578539,0
34018.02904354588,1
34023.029121306376,0
34028.02919906688,2
34033.02927682738,0
34038.02935458787,1
34043.02943234837,0
34048.02951010887,0
34053.029587869365,0
34058.02966562986,0
34063.02974339036,1
34068.02982115086,0
34073.02989891135,0
34078.02997667185,0
34083.030054432355,0
34088.03013219285,0
34093.030209953344,0
34098.030287713846,0
34103.03036547435,0
34108.030443234835,0
34113.03052099534,0
34118.03059875584,0
34123.03067651633,1
34128.03075427683,0
34133.03083203733,1
34138.030909797824,1
34143.03098755832,0
34148.03106531882,0
34153.03114307932,1
34158.03122083982,1
34163.03129860031,0
34168.031376360814,0
34173.03145412131,1
34178.0315318818,2
34183.031609642305,1
34188.03168740281,0
34193.0317651633,2
34198.031842923796,0
34203.0319206843,0
34208.03199844479,0
34213.03207620529,0
34218.03215396579,0
34223.03223172629,0
34228.03230948678,1
34233.03238724728,1
34238.03246500778,0
34243.03254276828,0
34248.03262052877,1
34253.03269828927,0
34258.032776049775,0
34263.03285381026,0
34268.032931570764,0
34273.033009331266,1
34278.03308709176,0
34283.033164852255,1
34288.03324261276,0
34293.03332037326,1
34298.033398133746,0
34303.03347589425,0
34308.03355365475,1
34313.033631415245,0
34318.03370917574,1
34323.03378693624,0
34328.033864696736,0
34333.03394245723,1
34338.03402021773,0
34343.034097978234,1
34348.03417573873,0
34353.03425349922,4
34358.034331259725,0
34363.03440902022,0
34368.034486780714,0
34373.034564541216,0
34378.03464230172,0
34383.03472006221,0
34388.03479782271,0
34393.03487558321,2
34398.034953343704,0
34403.0350311042,0
34408.0351088647,1
34413.0351866252,1
34418.03526438569,0
34423.03534214619,0
34428.03541990669,0
34433.03549766719,0
34438.03557542768,2
34443.035653188184,2
34448.035730948686,0
34453.03580870917,0
34458.035886469675,0
34463.03596423018,0
34468.03604199067,0
34473.03611975117,0
34478.03619751167,1
34483.03627527217,0
34488.03635303266,1
34493.03643079316,2
34498.03650855366,0
34503.036586314156,0
34508.03666407465,1
34513.03674183515,0
34518.03681959565,2
34523.03689735614,0
34528.03697511664,0
34533.037052877145,2
34538.03713063764,0
34543.037208398135,0
34548.03728615864,1
34553.03736391913,1
34558.037441679626,1
34563.03751944013,1
34568.03759720063,0
34573.037674961124,1
34578.03775272162,0
34583.03783048212,0
34588.037908242615,0
34593.03798600311,0
34598.03806376361,0
34603.03814152411,1
34608.0382192846,0
34613.0382970451,0
34618.038374805605,0
34623.0384525661,0
34628.038530326594,0
34633.038608087096,1
34638.0386858476,0
34643.038763608085,0
34648.03884136859,0
34653.03891912909,0
34658.03899688958,0
34663.03907465008,0
34668.03915241058,0
34673.03923017108,0
34678.03930793157,0
34683.03938569207,0
34688.03946345257,3
34693.03954121307,0
34698.03961897356,0
34703.039696734064,1
34708.03977449456,0
34713.03985225505,1
34718.039930015555,0
34723.04000777606,0
34728.04008553655,1
34733.040163297046,1
34738.04024105755,0
34743.04031881804,1
34748.04039657854,0
34753.04047433904,1
34758.04055209954,0
34763.040629860036,0
34768.04070762053,0
34773.04078538103,1
34778.04086314153,1
34783.04094090202,0
34788.04101866252,1
34793.041096423025,1
34798.04117418351,0
34803.041251944014,0
34808.041329704516,1
34813.04140746501,0
34818.041485225505,0
34823.04156298601,0
34828.04164074651,0
34833.041718507,1
34838.0417962675,0
34843.041874028,0
34848.041951788495,0
34853.04202954899,0
34858.04210730949,0
34863.04218506999,0
34868.04226283048,0
34873.04234059098,0
34878.042418351484,0
34883.04249611198,0
34888.04257387247,1
34893.042651632975,0
34898.04272939347,0
34903.042807153965,0
34908.04288491447,0
34913.04296267497,0
34918.04304043546,0
34923.04311819596,0
34928.04319595646,0
34933.043273716954,0
34938.04335147745,1
34943.04342923795,0
34948.04350699845,0
34953.04358475895,0
34958.04366251944,0
34963.04374027994,1
34968.04381804044,0
34973.04389580093,0
34978.043973561435,0
34983.04405132194,1
34988.044129082424,1
34993.044206842926,0
34998.04428460343,1
35003.04436236392,1
35008.04444012442,2
35013.04451788492,1
35018.04459564542,0
35023.04467340591,0
35028.04475116641,0
35033.04482892691,2
35038.044906687406,0
35043.0449844479,0
35048.0450622084,0
35053.0451399689,0
35058.04521772939,1
35063.045295489894,0
35068.045373250396,0
35073.04545101089,0
35078.045528771385,0
35083.04560653189,0
35088.04568429238,0
35093.045762052876,0
35098.04583981338,1
35103.04591757388,1
35108.045995334374,0
35113.04607309487,2
35118.04615085537,0
35123.046228615865,0
35128.04630637636,1
35133.04638413686,1
35138.046461897364,0
35143.04653965785,0
35148.04661741835,1
35153.046695178855,0
35158.04677293935,0
35163.046850699844,0
35168.046928460346,0
35173.04700622085,0
35178.047083981335,1
35183.04716174184,0
35188.04723950234,0
35193.04731726283,0
35198.04739502333,0
35203.04747278383,1
35208.04755054433,0
35213.04762830482,0
35218.04770606532,1
35223.04778382582,0
35228.04786158632,1
35233.04793934681,1
35238.048017107314,1
35243.04809486781,1
35248.0481726283,1
35253.048250388805,0
35258.04832814931,0
35263.0484059098,0
35268.048483670296,1
35273.0485614308,1
35278.04863919129,0
35283.04871695179,0
35288.04879471229,2
35293.04887247279,1
35298.048950233286,1
35303.04902799378,1
35308.04910575428,0
35313.04918351478,0
35318.04926127527,1
35323.04933903577,0
35328.049416796275,0
35333.04949455676,0
35338.049572317264,0
35343.049650077766,1
35348.04972783826,2
35353.049805598755,0
35358.04988335926,0
35363.04996111976,0
35368.05003888025,0
35373.05011664075,0
35378.05019440125,1
35383.050272161745,0
35388.05034992224,0
35393.05042768274,0
35398.05050544324,0
35403.05058320373,0
35408.05066096423,0
35413.050738724734,0
35418.05081648523,2
35423.05089424572,1
35428.050972006225,0
35433.05104976672,1
35438.051127527215,0
35443.05120528772,1
35448.05128304822,2
35453.05136080871,0
35458.05143856921,1
35463.05151632971,2
35468.051594090204,0
35473.0516718507,0
35478.0517496112,0
35483.0518273717,1
35488.0519051322,0
35493.05198289269,0
35498.05206065319,0
35503.05213841369,1
35508.05221617418,1
35513.052293934685,1
35518.05237169519,0
35523.052449455674,0
35528.052527216176,0
35533.05260497668,0
35538.05268273717,0
35543.05276049767,0
35548.05283825817,1
35553.05291601867,1
35558.05299377916,2
35563.05307153966,0
35568.05314930016,1
35573.053227060656,0
35578.05330482115,0
35583.05338258165,0
35588.053460342155,1
35593.05353810264,1
35598.053615863144,0
35603.053693623646,1
35608.05377138414,1
35613.053849144635,0
35618.05392690514,1
35623.05400466563,0
35628.054082426126,0
35633.05416018663,0
35638.05423794713,0
35643.054315707624,0
35648.05439346812,0
35653.05447122862,1
35658.054548989116,0
35663.05462674961,1
35668.05470451011,0
35673.054782270614,0
35678.05486003111,1
35683.0549377916,0
35688.055015552105,1
35693.0550933126,1
35698.055171073094,0
35703.055248833596,1
35708.0553265941,0
35713.055404354585,1
35718.05548211509,2
35723.05555987559,0
35728.055637636084,1
35733.05571539658,0
35738.05579315708,0
35743.05587091758,0
35748.05594867807,0
35753.05602643857,0
35758.05610419907,0
35763.05618195957,1
35768.05625972006,0
35773.056337480564,1
35778.056415241066,0
35783.05649300155,0
35788.056570762055,1
35793.05664852256,1
35798.05672628305,0
35803.05680404355,0
35808.05688180405,0
35813.05695956454,0
35818.05703732504,0
35823.05711508554,1
35828.05719284604,2
35833.057270606536,1
35838.05734836703,0
35843.05742612753,0
35848.05750388803,0
35853.05758164852,1
35858.05765940902,1
35863.057737169525,2
35868.05781493002,0
35873.057892690515,1
35878.05797045102,2
35883.05804821151,0
35888.058125972006,0
35893.05820373251,1
35898.05828149301,0
35903.0583592535,2
35908.058437014,1
35913.0585147745,0
35918.058592534995,1
35923.05867029549,1
35928.05874805599,1
35933.05882581649,0
35938.05890357698,0
35943.05898133748,0
35948.059059097985,0
35953.05913685848,0
35958.059214618974,1
35963.059292379476,0
35968.05937013998,0
35973.059447900465,0
35978.05952566097,0
35983.05960342147,1
35988.05968118196,1
35993.05975894246,0
35998.05983670296,0
36003.059914463454,2
36008.05999222395,0
36013.06006998445,0
36018.06014774495,1
36023.06022550545,0
36028.06030326594,0
36033.060381026444,0
36038.06045878694,0
36043.06053654743,0
36048.060614307935,0
36053.06069206844,1
36058.06076982893,0
36063.060847589426,0
36068.06092534993,0
36073.06100311042,1
36078.06108087092,0
36083.06115863142,0
36088.06123639192,0
36093.06131415241,0
36098.06139191291,0
36103.06146967341,0
36108.06154743391,0
36113.0616251944,0
36118.0617029549,0
36123.061780715405,1
36128.06185847589,0
36133.061936236394,0
36138.062013996896,0
36143.06209175739,1
36148.062169517885,0
36153.06224727839,1
36158.06232503889,0
36163.062402799376,0
36168.06248055988,2
36173.06255832038,1
36178.062636080875,0
36183.06271384137,2
36188.06279160187,1
36193.062869362366,0
36198.06294712286,0
36203.06302488336,1
36208.063102643864,0
36213.06318040436,0
36218.06325816485,0
36223.063335925355,0
36228.06341368585,2
36233.063491446344,1
36238.063569206846,0
36243.06364696735,1
36248.06372472784,2
36253.06380248834,0
36258.06388024884,1
36263.063958009334,0
36268.06403576983,1
36273.06411353033,0
36278.06419129083,0
36283.06426905132,1
36288.06434681182,1
36293.06442457232,1
36298.06450233282,0
36303.06458009331,0
36308.064657853814,0
36313.064735614316,0
36318.0648133748,0
36323.064891135306,2
36328.06496889581,0
36333.0650466563,0
36338.0651244168,1
36343.0652021773,2
36348.0652799378,0
36353.06535769829,1
36358.06543545879,1
36363.06551321929,0
36368.065590979786,1
36373.06566874028,1
36378.06574650078,0
36383.06582426128,0
36388.06590202177,2
36393.065979782274,1
36398.066057542776,0
36403.06613530327,0
36408.066213063765,0
36413.06629082427,0
36418.06636858476,1
36423.066446345256,0
36428.06652410576,1
36433.06660186626,0
36438.066679626754,2
36443.06675738725,1
36448.06683514775,1
36453.066912908245,0
36458.06699066874,0
36463.06706842924,0
36468.067146189744,1
36473.06722395023,0
36478.06730171073,1
36483.067379471235,0
36488.06745723173,1
36493.067534992224,0
36498.067612752726,0
36503.06769051323,0
36508.067768273715,0
36513.06784603422,0
36518.06792379472,0
36523.06800155521,1
36528.06807931571,0
36533.06815707621,0
36538.06823483671,1
36543.0683125972,1
36548.0683903577,1
36553.0684681182,0
36558.0685458787,0
36563.06862363919,0
36568.068701399694,2
36573.06877916019,2
36578.06885692068,1
36583.068934681185,1
36588.06901244169,0
36593.06909020218,0
36598.069167962676,0
36603.06924572318,1
36608.06932348367,1
36613.06940124417,1
36618.06947900467,0
36623.06955676517,1
36628.069634525666,0
36633.06971228616,0
36638.06979004666,0
36643.06986780716,0
36648.06994556765,0
36653.07002332815,1
36658.070101088655,0
36663.07017884914,1
36668.070256609644,1
36673.070334370146,0
36678.07041213064,0
36683.070489891135,2
36688.07056765164,1
36693.07064541214,1
36698.07072317263,0
36703.07080093313,0
36708.07087869363,1
36713.070956454125,0
36718.07103421462,2
36723.07111197512,0
36728.071189735616,1
36733.07126749611,0
36738.07134525661,1
36743.071423017114,0
36748.07150077761,1
36753.0715785381,1
36758.071656298605,0
36763.0717340591,0
36768.071811819595,0
36773.0718895801,0
36778.0719673406,2
36783.07204510109,0
36788.07212286159,0
36793.07220062209,0
36798.072278382584,1
36803.07235614308,0
36808.07243390358,0
36813.07251166408,1
36818.07258942457,0
36823.07266718507,1
36828.07274494557,0
36833.07282270607,2
36838.07290046656,2
36843.072978227065,1
36848.07305598757,2
36853.073133748054,1
36858.073211508556,1
36863.07328926906,1
36868.07336702955,0
36873.07344479005,3
36878.07352255055,0
36883.07360031105,0
36888.07367807154,0
36893.07375583204,1
36898.07383359254,1
36903.073911353036,1
36908.07398911353,0
36913.07406687403,1
36918.07414463453,0
36923.07422239502,1
36928.074300155524,0
36933.074377916026,1
36938.07445567652,1
36943.074533437015,0
36948.07461119752,0
36953.07468895801,0
36958.074766718506,0
36963.07484447901,0
36968.07492223951,0
36973.075000000004,0
36978.0750777605,0
36983.075155521,0
36988.075233281495,0
36993.07531104199,2
36998.07538880249,0
37003.075466562994,1
37008.07554432348,0
37013.07562208398,0
37018.075699844485,0
37023.07577760498,0
37028.075855365474,0
37033.075933125976,1
37038.07601088648,0
37043.076088646965,1
37048.07616640747,1
37053.07624416797,1
37058.07632192846,0
37063.07639968896,0
37068.07647744946,0
37073.07655520996,1
37078.07663297045,0
37083.07671073095,0
37088.07678849145,0
37093.07686625195,0
37098.07694401244,0
37103.077021772944,2
37108.07709953344,0
37113.07717729393,1
37118.077255054435,0
37123.07733281494,1
37128.07741057543,0
37133.077488335926,0
37138.07756609643,0
37143.07764385692,0
37148.07772161742,2
37153.07779937792,0
37158.07787713842,0
37163.077954898916,0
37168.07803265941,0
37173.07811041991,2
37178.07818818041,1
37183.0782659409,0
37188.0783437014,2
37193.078421461905,1
37198.07849922239,1
37203.078576982894,0
37208.078654743396,0
37213.07873250389,0
37218.078810264386,0
37223.07888802489,0
37228.07896578539,1
37233.07904354588,2
37238.07912130638,1
37243.07919906688,1
37248.079276827375,1
37253.07935458787,0
37258.07943234837,0
37263.07951010887,0
37268.07958786936,1
37273.07966562986,0
37278.079743390364,1
37283.07982115086,0
37288.079898911354,0
37293.079976671856,1
37298.08005443235,2
37303.080132192845,0
37308.08020995335,3
37313.08028771385,1
37318.08036547434,1
37323.08044323484,2
37328.08052099534,1
37333.080598755834,0
37338.08067651633,0
37343.08075427683,1
37348.08083203733,0
37353.08090979783,0
37358.08098755832,2
37363.081065318824,0
37368.08114307932,0
37373.08122083981,0
37378.081298600315,1
37383.08137636082,1
37388.081454121304,1
37393.081531881806,0
37398.08160964231,1
37403.0816874028,0
37408.0817651633,0
37413.0818429238,1
37418.0819206843,0
37423.08199844479,1
37428.08207620529,0
37433.08215396579,0
37438.08223172629,1
37443.08230948678,0
37448.08238724728,1
37453.082465007785,1
37458.08254276827,0
37463.082620528774,0
37468.082698289276,1
37473.08277604977,1
37478.082853810265,0
37483.08293157077,0
37488.08300933126,1
37493.083087091756,1
37498.08316485226,0
37503.08324261276,0
37508.083320373255,0
37513.08339813375,0
37518.08347589425,1
37523.083553654746,1
37528.08363141524,1
37533.08370917574,0
37538.083786936244,0
37543.08386469674,0
37548.08394245723,0
37553.084020217735,0
37558.08409797823,1
37563.084175738724,0
37568.084253499226,1
37573.08433125973,0
37578.084409020215,0
37583.08448678072,1
37588.08456454122,1
37593.084642301714,1
37598.08472006221,0
37603.08479782271,0
37608.08487558321,1
37613.0849533437,1
37618.0850311042,0
37623.0851088647,0
37628.0851866252,0
37633.08526438569,1
37638.085342146194,0
37643.085419906696,1
37648.08549766718,0
37653.085575427685,0
37658.08565318819,1
37663.08573094868,0
37668.08580870918,0
37673.08588646968,2
37678.08596423017,1
37683.08604199067,0
37688.08611975117,0
37693.08619751167,0
37698.086275272166,1
37703.08635303266,0
37708.08643079316,0
37713.08650855366,0
37718.08658631415,1
37723.08666407465,0
37728.086741835155,1
37733.08681959565,1
37738.086897356145,0
37743.08697511665,0
37748.08705287714,0
37753.087130637636,2
37758.08720839814,0
37763.08728615864,2
37768.08736391913,2
37773.08744167963,0
37778.08751944013,0
37783.087597200625,1
37788.08767496112,0
37793.08775272162,0
37798.08783048212,0
37803.08790824261,1
37808.08798600311,1
37813.088063763615,1
37818.08814152411,1
37823.088219284604,0
37828.088297045106,0
37833.08837480561,0
37838.088452566095,0
37843.0885303266,0
37848.0886080871,0
37853.08868584759,0
37858.08876360809,0
37863.08884136859,0
37868.088919129084,1
37873.08899688958,0
37878.08907465008,1
37883.08915241058,1
37888.08923017108,1
37893.08930793157,1
37898.089385692074,2
37903.08946345257,0
37908.08954121306,1
37913.089618973565,0
37918.08969673407,1
37923.08977449456,0
37928.089852255056,0
37933.08993001556,1
37938.09000777605,0
37943.09008553655,1
37948.09016329705,1
37953.09024105755,1
37958.09031881804,0
37963.09039657854,0
37968.09047433904,2
37973.09055209954,0
37978.09062986003,1
37983.09070762053,1
37988.090785381035,0
37993.09086314152,1
37998.090940902024,0
38003.091018662526,1
38008.09109642302,0
38013.091174183515,0
38018.09125194402,1
38023.09132970452,0
38028.091407465006,0
38033.09148522551,1
38038.09156298601,2
38043.091640746505,0
38048.091718507,0
38053.0917962675,0
38058.091874027996,2
38063.09195178849,1
38068.09202954899,1
38073.092107309494,0
38078.09218506999,0
38083.09226283048,0
38088.092340590985,1
38093.09241835148,0
38098.092496111974,0
38103.092573872476,0
38108.09265163298,1
38113.09272939347,0
38118.09280715397,0
38123.09288491447,0
38128.092962674964,0
38133.09304043546,0
38138.09311819596,0
38143.09319595646,1
38148.09327371695,0
38153.09335147745,0
38158.09342923795,0
38163.09350699845,1
38168.09358475894,1
38173.093662519444,2
38178.093740279946,1
38183.093818040434,0
38188.093895800936,0
38193.09397356144,0
38198.09405132193,1
38203.09412908243,0
38208.09420684293,0
38213.09428460343,1
38218.09436236392,1
38223.09444012442,1
38228.09451788492,0
38233.094595645416,0
38238.09467340591,0
38243.09475116641,1
38248.09482892691,0
38253.0949066874,0
38258.094984447904,0
38263.095062208406,1
38268.0951399689,1
38273.095217729395,0
38278.0952954899,0
38283.09537325039,1
38288.095451010886,0
38293.09552877139,1
38298.09560653189,1
38303.095684292384,4
38308.09576205288,2
38313.09583981338,0
38318.095917573875,2
38323.09599533437,0
38328.09607309487,1
38333.096150855374,1
38338.09622861586,1
38343.09630637636,1
38348.096384136865,2
38353.09646189736,0
38358.096539657854,1
38363.096617418356,0
38368.09669517886,0
38373.096772939345,1
38378.09685069985,0
38383.09692846035,0
38388.09700622084,1
38393.09708398134,0
38398.09716174184,1
38403.097239502335,1
38408.09731726283,1
38413.09739502333,0
38418.09747278383,0
38423.09755054433,1
38428.09762830482,1
38433.097706065324,0
38438.09778382582,1
38443.09786158631,1
38448.097939346815,3
38453.09801710732,0
38458.09809486781,0
38463.098172628306,1
38468.09825038881,1
38473.0983281493,0
38478.0984059098,1
38483.0984836703,0
38488.0985614308,0
38493.09863919129,0
38498.09871695179,4
38503.09879471229,0
38508.09887247279,1
38513.09895023328,0
38518.09902799378,1
38523.099105754285,0
38528.09918351477,0
38533.099261275274,0
38538.099339035776,0
38543.09941679627,2
38548.099494556765,0
38553.09957231727,1
38558.09965007777,0
38563.09972783826,0
38568.09980559876,0
38573.09988335926,2
38578.099961119755,0
38583.10003888025,0
38588.10011664075,1
38593.100194401246,1
38598.10027216174,1
38603.10034992224,1
38608.100427682744,0
38613.10050544324,1
38618.10058320373,0
38623.100660964235,0
38628.10073872473,0
38633.100816485225,1
38638.10089424573,0
38643.10097200623,0
38648.10104976672,1
38653.10112752722,0
38658.10120528772,0
38663.101283048214,1
38668.10136080871,0
38673.10143856921,0
38678.10151632971,0
38683.1015940902,0
38688.1016718507,1
38693.1017496112,0
38698.1018273717,1
38703.10190513219,2
38708.101982892695,0
38713.1020606532,0
38718.102138413684,0
38723.102216174186,0
38728.10229393469,1
38733.10237169518,1
38738.10244945568,0
38743.10252721618,1
38748.10260497668,1
38753.10268273717,0
38758.10276049767,1
38763.10283825817,1
38768.102916018666,1
38773.10299377916,0
38778.10307153966,0
38783.10314930016,0
38788.10322706065,0
38793.103304821154,1
38798.103382581656,0
38803.10346034215,2
38808.103538102645,0
38813.10361586315,0
38818.10369362364,0
38823.103771384136,1
38828.10384914464,0
38833.10392690514,1
38838.104004665634,1
38843.10408242613,2
38848.10416018663,0
38853.104237947126,0
38858.10431570762,1
38863.10439346812,1
38868.104471228624,0
38873.10454898911,0
38878.10462674961,2
38883.104704510115,0
38888.10478227061,0
38893.104860031104,2
38898.104937791606,0
38903.10501555211,0
38908.105093312595,1
38913.1051710731,0
38918.1052488336,1
38923.105326594094,0
38928.10540435459,0
38933.10548211509,1
38938.10555987559,0
38943.10563763608,0
38948.10571539658,1
38953.10579315708,0
38958.10587091758,2
38963.10594867807,1
38968.106026438574,0
38973.10610419907,0
38978.10618195956,0
38983.106259720065,1
38988.10633748057,0
38993.10641524106,2
38998.10649300156,2
39003.10657076206,1
39008.10664852255,0
39013.10672628305,0
39018.10680404355,1
39023.10688180405,0
39028.106959564546,0
39033.10703732504,0
39038.10711508554,1
39043.10719284604,0
39048.10727060653,0
39053.10734836703,0
39058.107426127535,0
39063.10750388802,0
39068.107581648525,1
39073.10765940903,1
39078.10773716952,0
39083.107814930016,1
39088.10789269052,0
39093.10797045102,0
39098.10804821151,1
39103.10812597201,0
39108.10820373251,1
39113.108281493005,1
39118.1083592535,0
39123.108437014,1
39128.1085147745,1
39133.10859253499,0
39138.10867029549,1
39143.108748055995,0
39148.10882581649,0
39153.108903576984,2
39158.108981337486,1
39163.10905909798,0
39168.109136858475,1
39173.10921461898,0
39178.10929237948,1
39183.10937013997,0
39188.10944790047,0
39193.10952566097,0
39198.109603421464,1
39203.10968118196,1
39208.10975894246,0
39213.10983670296,1
39218.10991446346,0
39223.10999222395,0
39228.110069984454,0
39233.11014774495,0
39238.11022550544,0
39243.110303265945,0
39248.11038102645,1
39253.110458786934,1
39258.110536547436,1
39263.11061430794,1
39268.11069206843,1
39273.11076982893,1
39278.11084758943,0
39283.11092534993,1
39288.11100311042,0
39293.11108087092,0
39298.11115863142,0
39303.11123639192,2
39308.11131415241,0
39313.11139191291,3
39318.111469673415,0
39323.1115474339,0
39328.111625194404,0
39333.111702954906,0
39338.1117807154,1
39343.111858475895,0
39348.1119362364,1
39353.11201399689,0
39358.112091757386,0
39363.11216951789,1
39368.11224727839,0
39373.112325038885,0
39378.11240279938,1
39383.11248055988,0
39388.112558320376,0
39393.11263608087,0
39398.11271384137,0
39403.112791601874,0
39408.11286936237,2
39413.11294712286,1
39418.113024883365,1
39423.11310264386,0
39428.113180404354,1
39433.113258164856,1
39438.11333592536,0
39443.113413685845,0
39448.11349144635,0
39453.11356920685,0
39458.113646967344,1
39463.11372472784,2
39468.11380248834,1
39473.11388024884,0
39478.11395800933,1
39483.11403576983,1
39488.11411353033,1
39493.11419129083,1
39498.11426905132,0
39503.114346811824,1
39508.114424572326,1
39513.11450233281,0
39518.114580093315,0
39523.11465785382,1
39528.11473561431,0
39533.11481337481,1
39538.11489113531,1
39543.1149688958,1
39548.1150466563,0
39553.1151244168,2
39558.1152021773,1
39563.115279937796,0
39568.11535769829,0
39573.11543545879,0
39578.11551321929,1
39583.11559097978,0
39588.11566874028,0
39593.115746500785,0
39598.11582426128,1
39603.115902021775,0
39608.11597978228,0
39613.11605754277,0
39618.116135303266,0
39623.11621306377,1
39628.11629082427,1
39633.11636858476,1
39638.11644634526,0
39643.11652410576,1
39648.116601866255,1
39653.11667962675,1
39658.11675738725,0
39663.11683514775,0
39668.11691290824,0
39673.11699066874,0
39678.117068429245,0
39683.11714618974,1
39688.117223950234,0
39693.117301710736,0
39698.11737947124,0
39703.117457231725,1
39708.11753499223,1
39713.11761275273,0
39718.11769051322,0
39723.11776827372,0
39728.11784603422,1
39733.117923794714,0
39738.11800155521,0
39743.11807931571,2
39748.11815707621,0
39753.11823483671,1
39758.1183125972,2
39763.118390357704,0
39768.1184681182,0
39773.11854587869,1
39778.118623639195,1
39783.1187013997,0
39788.11877916019,1
39793.118856920686,1
39798.11893468119,0
39803.11901244168,0
39808.11909020218,1
39813.11916796268,0
39818.11924572318,0
39823.11932348367,0
39828.11940124417,0
39833.11947900467,1
39838.11955676517,1
39843.11963452566,1
39848.11971228616,1
39853.119790046665,0
39858.11986780715,0
39863.119945567654,0
39868.120023328156,0
39873.12010108865,1
39878.120178849145,1
39883.12025660965,0
39888.12033437015,0
39893.12041213064,0
39898.12048989114,0
39903.12056765164,2
39908.120645412135,0
39913.12072317263,1
39918.12080093313,1
39923.120878693626,1
39928.12095645412,0
39933.12103421462,3
39938.121111975124,1
39943.12118973562,0
39948.12126749611,0
39953.121345256615,0
39958.12142301711,1
39963.121500777605,0
39968.12157853811,0
39973.12165629861,0
39978.1217340591,0
39983.1218118196,0
39988.1218895801,1
39993.121967340594,1
39998.12204510109,1
40003.12212286159,1
40008.12220062209,0
40013.12227838258,0
40018.12235614308,0
40023.12243390358,0
40028.12251166408,1
40033.12258942457,0
40038.122667185075,0
40043.12274494558,0
40048.122822706064,0
40053.122900466566,0
40058.12297822707,2
40063.12305598756,0
40068.12313374806,2
40073.12321150856,0
40078.12328926906,0
40083.12336702955,0
40088.12344479005,0
40093.12352255055,2
40098.123600311046,0
40103.12367807154,1
40108.12375583204,0
40113.12383359254,0
40118.12391135303,0
40123.123989113534,0
40128.124066874036,0
40133.12414463453,1
40138.124222395025,0
40143.12430015553,0
40148.12437791602,0
40153.124455676516,1
40158.12453343702,0
40163.12461119752,0
40168.12468895801,1
40173.12476671851,1
40178.12484447901,0
40183.124922239505,2
40188.125,0
40193.1250777605,1
40198.125155521004,1
40203.12523328149,1
40208.12531104199,1
40213.125388802495,0
40218.12546656299,0
40223.125544323484,0
40228.125622083986,2
40233.12569984449,0
40238.125777604975,1
40243.12585536548,1
40248.12593312598,0
40253.12601088647,0
40258.12608864697,0
40263.12616640747,0
40268.126244167965,1
40273.12632192846,0
40278.12639968896,1
40283.12647744946,0
40288.12655520996,1
40293.12663297045,0
40298.126710730954,0
40303.12678849145,1
40308.12686625194,2
40313.126944012445,0
40318.12702177295,1
40323.12709953344,0
40328.127177293936,0
40333.12725505444,1
40338.12733281493,0
40343.12741057543,0
40348.12748833593,0
40353.12756609643,0
40358.12764385692,2
40363.12772161742,1
40368.12779937792,0
40373.12787713842,1
40378.12795489891,0
40383.12803265941,1
40388.128110419915,1
40393.1281881804,0
40398.128265940904,1
40403.128343701406,0
40408.1284214619,0
40413.128499222395,2
40418.1285769829,0
40423.1286547434,0
40428.12873250389,0
40433.12881026439,1
40438.12888802489,0
40443.128965785385,0
40448.12904354588,0
40453.12912130638,0
40458.129199066876,1
40463.12927682737,1
40468.12935458787,1
40473.129432348374,3
40478.12951010887,0
40483.12958786936,0
40488.129665629865,0
40493.12974339036,2
40498.129821150855,1
40503.12989891136,0
40508.12997667186,1
40513.13005443235,1
40518.13013219285,0
40523.13020995335,0
40528.130287713844,0
40533.13036547434,1
40538.13044323484,1
40543.13052099534,1
40548.13059875583,0
40553.13067651633,1
40558.13075427683,2
40563.13083203733,0
40568.13090979782,1
40573.130987558325,0
40578.13106531883,2
40583.131143079314,1
40588.131220839816,2
40593.13129860032,0
40598.13137636081,1
40603.13145412131,1
40608.13153188181,0
40613.13160964231,0
40618.1316874028,1
40623.1317651633,1
40628.1318429238,0
40633.131920684296,0
40638.13199844479,0
40643.13207620529,1
40648.13215396579,0
40653.13223172628,2
40658.132309486784,0
40663.132387247286,0
40668.13246500778,0
40673.132542768275,0
40678.13262052878,0
40683.13269828927,2
40688.132776049766,0
40693.13285381027,0
40698.13293157077,2
40703.133009331264,0
40708.13308709176,0
40713.13316485226,0
40718.133242612756,0
40723.13332037325,1
40728.13339813375,0
40733.133475894254,0
40738.13355365474,0
40743.13363141524,1
40748.133709175745,1
40753.13378693624,0
40758.133864696734,0
40763.133942457236,0
40768.13402021774,0
40773.134097978225,0
40778.13417573873,0
40783.13425349923,0
40788.134331259724,0
40793.13440902022,1
40798.13448678072,3
40803.13456454122,0
40808.13464230171,0
40813.13472006221,2
40818.13479782271,1
40823.13487558321,0
40828.1349533437,0
40833.135031104204,0
40838.1351088647,0
40843.13518662519,0
40848.135264385695,0
40853.1353421462,1
40858.13541990669,0
40863.13549766719,0
40868.13557542769,1
40873.13565318818,1
40878.13573094868,0
40883.13580870918,1
40888.13588646968,1
40893.135964230176,0
40898.13604199067,1
40903.13611975117,0
40908.13619751167,2
40913.13627527216,1
40918.13635303266,1
40923.136430793165,0
40928.13650855365,2
40933.136586314155,0
40938.13666407466,0
40943.13674183515,0
40948.136819595646,0
40953.13689735615,0
40958.13697511665,0
40963.13705287714,0
40968.13713063764,1
40973.13720839814,0
40978.137286158635,0
40983.13736391913,0
40988.13744167963,1
40993.13751944013,0
40998.13759720062,2
41003.13767496112,1
41008.137752721625,1
41013.13783048212,1
41018.137908242614,1
41023.137986003116,1
41028.13806376361,3
41033.138141524105,0
41038.13821928461,1
41043.13829704511,0
41048.1383748056,1
41053.1384525661,0
41058.1385303266,0
41063.138608087094,0
41068.13868584759,1
41073.13876360809,0
41078.13884136859,0
41083.13891912909,0
41088.13899688958,0
41093.139074650084,0
41098.13915241058,1
41103.13923017107,0
41108.139307931575,1
41113.13938569208,0
41118.139463452564,0
41123.139541213066,1
41128.13961897357,1
41133.13969673406,1
41138.13977449456,0
41143.13985225506,1
41148.13993001556,1
41153.14000777605,1
41158.14008553655,1
41163.14016329705,0
41168.14024105755,0
41173.14031881804,0
41178.14039657854,1
41183.140474339045,0
41188.14055209953,1
41193.140629860034,0
41198.140707620536,1
41203.14078538103,1
41208.140863141525,1
41213.14094090203,1
41218.14101866252,1
41223.141096423016,0
41228.14117418352,0
41233.14125194402,0
41238.141329704515,0
41243.14140746501,0
41248.14148522551,0
41253.141562986006,0
41258.1416407465,3
41263.141718507,0
41268.141796267504,0
41273.141874028,0
41278.14195178849,1
41283.142029548995,2
41288.14210730949,0
41293.142185069984,1
41298.142262830486,0
41303.14234059099,1
41308.142418351475,0
41313.14249611198,0
41318.14257387248,0
41323.142651632974,0
41328.14272939347,1
41333.14280715397,3
41338.14288491447,0
41343.14296267496,1
41348.14304043546,1
41353.14311819596,0
41358.14319595646,0
41363.14327371695,1
41368.143351477454,1
41373.143429237956,2
41378.14350699844,0
41383.143584758946,1
41388.14366251945,0
41393.14374027994,0
41398.14381804044,3
41403.14389580094,0
41408.14397356143,1
41413.14405132193,0
41418.14412908243,1
41423.14420684293,0
41428.144284603426,0
41433.14436236392,1
41438.14444012442,1
41443.14451788492,1
41448.14459564541,2
41453.14467340591,1
41458.144751166416,0
41463.14482892691,0
41468.144906687405,1
41473.14498444791,3
41478.1450622084,1
41483.145139968896,0
41488.1452177294,2
41493.1452954899,0
41498.14537325039,0
41503.14545101089,2
41508.14552877139,0
41513.145606531885,0
41518.14568429238,0
41523.14576205288,1
41528.145839813384,0
41533.14591757387,1
41538.14599533437,0
41543.146073094875,0
41548.14615085537,0
41553.146228615864,0
41558.146306376366,0
41563.14638413687,2
41568.146461897355,0
41573.14653965786,0
41578.14661741836,0
41583.14669517885,0
41588.14677293935,0
41593.14685069985,0
41598.146928460344,0
41603.14700622084,0
41608.14708398134,0
41613.14716174184,0
41618.14723950234,0
41623.14731726283,1
41628.147395023334,0
41633.14747278383,1
41638.14755054432,0
41643.147628304825,0
41648.14770606533,0
41653.14778382582,0
41658.147861586316,1
41663.14793934682,1
41668.14801710731,1
41673.14809486781,1
41678.14817262831,2
41683.14825038881,0
41688.1483281493,1
41693.1484059098,0
41698.1484836703,1
41703.1485614308,0
41708.14863919129,0
41713.14871695179,1
41718.148794712295,1
41723.14887247278,1
41728.148950233284,1
41733.149027993786,1
41738.14910575428,1
41743.149183514775,0
41748.14926127528,0
41753.14933903578,0
41758.14941679627,0
41763.14949455677,2
41768.14957231727,1
41773.149650077765,1
41778.14972783826,1
41783.14980559876,0
41788.149883359256,0
41793.14996111975,0
41798.15003888025,1
41803.150116640754,1
41808.15019440125,2
41813.15027216174,3
41818.150349922245,1
41823.15042768274,0
41828.150505443235,1
41833.15058320374,0
41838.15066096424,1
41843.150738724726,0
41848.15081648523,2
41853.15089424573,0
41858.150972006224,1
41863.15104976672,2
41868.15112752722,0
41873.15120528772,1
41878.15128304821,1
41883.15136080871,0
41888.15143856921,0
41893.15151632971,0
41898.1515940902,0
41903.151671850705,1
41908.15174961121,0
41913.151827371694,0
41918.151905132196,1
41923.1519828927,3
41928.15206065319,0
41933.15213841369,1
41938.15221617419,0
41943.15229393468,0
41948.15237169518,1
41953.15244945568,0
41958.15252721618,2
41963.152604976676,2
41968.15268273717,0
41973.15276049767,0
41978.15283825817,1
41983.15291601866,0
41988.152993779164,1
41993.153071539666,1
41998.15314930016,2
42003.153227060655,0
42008.15330482116,0
42013.15338258165,0
42018.153460342146,1
42023.15353810265,0
42028.15361586315,0
42033.15369362364,0
42038.15377138414,0
42043.15384914464,0
42048.153926905135,1
42053.15400466563,0
42058.15408242613,0
42063.154160186634,2
42068.15423794712,1
42073.15431570762,0
42078.154393468125,0
42083.15447122862,1
42088.154548989114,1
42093.154626749616,0
42098.15470451012,0
42103.154782270605,0
42108.15486003111,2
42113.15493779161,1
42118.1550155521,0
42123.1550933126,2
42128.1551710731,2
42133.155248833595,0
42138.15532659409,0
42143.15540435459,0
42148.15548211509,1
42153.15555987559,0
42158.15563763608,0
42163.155715396584,0
42168.15579315708,0
42173.15587091757,1
42178.155948678075,0
42183.15602643858,1
42188.15610419907,0
42193.156181959566,0
42198.15625972007,0
42203.15633748056,1
42208.15641524106,0
42213.15649300156,0
42218.15657076206,0
42223.15664852255,2
42228.15672628305,1
42233.15680404355,0
42238.15688180405,1
42243.15695956454,1
42248.15703732504,1
42253.157115085545,1
42258.15719284603,3
42263.157270606534,0
42268.157348367036,0
42273.15742612753,1
42278.157503888026,1
42283.15758164853,0
42288.15765940903,0
42293.15773716952,0
42298.15781493002,1
42303.15789269052,1
42308.157970451015,0
42313.15804821151,0
42318.15812597201,1
42323.158203732506,1
42328.158281493,2
42333.1583592535,0
42338.158437014004,1
42343.1585147745,0
42348.158592534994,0
42353.158670295496,0
42358.15874805599,0
42363.158825816485,0
42368.15890357699,0
42373.15898133749,0
42378.15905909798,0
42383.15913685848,0
42388.15921461898,0
42393.159292379474,0
42398.15937013997,0
42403.15944790047,0
42408.15952566097,2
42413.15960342146,0
42418.15968118196,0
42423.159758942464,1
42428.15983670296,1
42433.15991446345,1
42438.159992223955,0
42443.16006998446,1
42448.160147744944,1
42453.160225505446,0
42458.16030326595,1
42463.16038102644,0
42468.16045878694,0
42473.16053654744,1
42478.16061430794,1
42483.16069206843,0
42488.16076982893,0
42493.16084758943,0
42498.16092534993,1
42503.16100311042,1
42508.16108087092,0
42513.16115863142,0
42518.16123639191,0
42523.161314152414,0
42528.161391912916,1
42533.16146967341,0
42538.161547433905,0
42543.16162519441,1
42548.1617029549,0
42553.161780715396,0
42558.1618584759,0
42563.1619362364,1
42568.162013996895,0
42573.16209175739,1
42578.16216951789,0
42583.162247278386,0
42588.16232503888,1
42593.16240279938,0
42598.162480559884,0
42603.16255832037,0
42608.16263608087,2
42613.162713841375,0
42618.16279160187,0
42623.162869362364,1
42628.162947122866,2
42633.16302488337,0
42638.163102643855,1
42643.16318040436,1
42648.16325816486,0
42653.163335925354,1
42658.16341368585,0
42663.16349144635,0
42668.16356920685,0
42673.16364696734,0
42678.16372472784,0
42683.16380248834,1
42688.16388024884,0
42693.16395800933,0
42698.164035769834,1
42703.16411353033,1
42708.16419129082,2
42713.164269051325,0
42718.16434681183,2
42723.16442457232,1
42728.16450233282,0
42733.16458009332,1
42738.16465785381,0
42743.16473561431,0
42748.16481337481,3
42753.16489113531,1
42758.164968895806,0
42763.1650466563,1
42768.1651244168,0
42773.1652021773,1
42778.16527993779,0
42783.16535769829,1
42788.165435458795,1
42793.16551321928,1
42798.165590979785,0
42803.16566874029,2
42808.16574650078,3
42813.165824261276,1
42818.16590202178,0
42823.16597978228,0
42828.16605754277,0
42833.16613530327,0
42838.16621306377,0
42843.166290824265,0
42848.16636858476,0
42853.16644634526,0
42858.16652410576,0
42863.16660186625,0
42868.16667962675,0
42873.166757387255,1
42878.16683514775,0
42883.166912908244,0
42888.166990668746,0
42893.16706842924,1
42898.167146189735,0
42903.16722395024,0
42908.16730171074,0
42913.16737947123,0
42918.16745723173,0
42923.16753499223,0
42928.167612752724,0
42933.16769051322,1
42938.16776827372,2
42943.16784603422,1
42948.16792379472,0
42953.16800155521,1
42958.168079315714,0
42963.16815707621,0
42968.1682348367,0
42973.168312597205,0
42978.16839035771,1
42983.168468118194,1
42988.168545878696,1
42993.1686236392,0
42998.16870139969,1
43003.16877916019,0
43008.16885692069,1
43013.16893468119,0
43018.16901244168,1
43023.16909020218,0
43028.16916796268,1
43033.16924572318,0
43038.16932348367,1
43043.16940124417,1
43048.169479004675,0
43053.16955676516,0
43058.169634525664,0
43063.169712286166,0
43068.16979004666,0
43073.169867807155,0
43078.16994556766,0
43083.17002332815,0
43088.170101088646,0
43093.17017884915,0
43098.17025660965,0
43103.170334370145,2
43108.17041213064,1
43113.17048989114,0
43118.170567651636,1
43123.17064541213,1
43128.17072317263,1
43133.170800933134,0
43138.17087869363,0
43143.17095645412,0
43148.171034214625,1
43153.17111197512,0
43158.171189735614,1
43163.171267496116,0
43168.17134525662,1
43173.171423017106,0
43178.17150077761,1
43183.17157853811,2
43188.171656298604,2
43193.1717340591,1
43198.1718118196,0
43203.1718895801,1
43208.17196734059,0
43213.17204510109,1
43218.17212286159,1
43223.17220062209,0
43228.17227838258,0
43233.172356143084,0
43238.172433903586,0
43243.172511664074,2
43248.172589424576,0
43253.17266718508,0
43258.17274494557,0
43263.17282270607,2
43268.17290046657,0
43273.17297822706,0
43278.17305598756,1
43283.17313374806,1
43288.17321150856,0
43293.173289269056,0
43298.17336702955,0
43303.17344479005,1
43308.17352255055,0
43313.17360031104,1
43318.173678071544,1
43323.173755832046,0
43328.17383359254,0
43333.173911353035,0
43338.17398911354,0
43343.17406687403,2
43348.174144634526,0
43353.17422239503,0
43358.17430015553,0
43363.17437791602,1
43368.17445567652,0
43373.17453343702,1
43378.174611197515,0
43383.17468895801,0
43388.17476671851,0
43393.174844479014,1
43398.1749222395,0
43403.175,0
43408.175077760505,1
43413.175155521,0
43418.175233281494,0
43423.175311041996,0
43428.1753888025,1
43433.175466562985,0
43438.17554432349,2
43443.17562208399,0
43448.17569984448,0
43453.17577760498,1
43458.17585536548,0
43463.175933125975,1
43468.17601088647,0
43473.17608864697,0
43478.17616640747,1
43483.17624416797,0
43488.17632192846,0
43493.176399688964,0
43498.17647744946,0
43503.17655520995,1
43508.176632970455,2
43513.17671073096,3
43518.17678849145,0
43523.176866251946,0
43528.17694401245,0
43533.17702177294,0
43538.17709953344,1
43543.17717729394,0
43548.17725505444,0
43553.17733281493,0
43558.17741057543,0
43563.17748833593,0
43568.17756609643,0
43573.17764385692,0
43578.17772161742,2
43583.177799377925,2
43588.17787713841,0
43593.177954898914,1
43598.178032659416,1
43603.17811041991,1
43608.178188180405,0
43613.17826594091,1
43618.1783437014,0
43623.1784214619,0
43628.1784992224,0
43633.1785769829,0
43638.178654743395,0
43643.17873250389,2
43648.17881026439,0
43653.178888024886,0
43658.17896578538,0
43663.17904354588,1
43668.179121306384,1
43673.17919906688,1
43678.17927682737,0
43683.179354587875,0
43688.17943234837,0
43693.179510108865,0
43698.17958786937,1
43703.17966562987,0
43708.179743390356,0
43713.17982115086,1
43718.17989891136,0
43723.179976671854,0
43728.18005443235,0
43733.18013219285,1
43738.18020995335,0
43743.18028771384,0
43748.18036547434,0
43753.18044323484,1
43758.18052099534,1
43763.18059875583,0
43768.180676516335,0
43773.18075427684,0
43778.180832037324,0
43783.180909797826,2
43788.18098755833,0
43793.18106531882,1
43798.18114307932,0
43803.18122083982,2
43808.18129860031,1
43813.18137636081,1
43818.18145412131,0
43823.18153188181,0
43828.181609642306,0
43833.1816874028,0
43838.1817651633,1
43843.1818429238,0
43848.18192068429,0
43853.181998444794,1
43858.182076205296,1
43863.18215396579,1
43868.182231726285,0
43873.18230948679,0
43878.18238724728,0
43883.182465007776,1
43888.18254276828,0
43893.18262052878,1
43898.18269828927,1
43903.18277604977,0
43908.18285381027,0
43913.182931570766,0
43918.18300933126,2
43923.18308709176,0
43928.183164852264,0
43933.18324261275,1
43938.18332037325,0
43943.183398133755,0
43948.18347589425,0
43953.183553654744,0
43958.183631415246,0
43963.18370917575,1
43968.183786936235,0
43973.18386469674,0
43978.18394245724,0
43983.18402021773,1
43988.18409797823,0
43993.18417573873,2
43998.184253499225,1
44003.18433125972,0
44008.18440902022,0
44013.18448678072,0
44018.18456454122,0
44023.18464230171,0
44028.184720062214,0
44033.18479782271,0
44038.1848755832,0
44043.184953343705,1
44048.18503110421,0
44053.1851088647,0
44058.1851866252,0
44063.1852643857,1
44068.18534214619,1
44073.18541990669,1
44078.18549766719,1
44083.18557542769,2
44088.18565318818,0
44093.18573094868,0
44098.18580870918,1
44103.18588646968,0
44108.18596423017,0
44113.18604199067,2
44118.186119751175,0
44123.18619751166,0
44128.186275272164,1
44133.18635303267,0
44138.18643079316,0
44143.186508553656,0
44148.18658631416,0
44153.18666407466,0
44158.18674183515,0
44163.18681959565,0
44168.18689735615,0
44173.186975116645,0
44178.18705287714,0
44183.18713063764,0
44188.187208398136,2
44193.18728615863,0
44198.18736391913,0
44203.187441679635,1
44208.18751944013,1
44213.187597200624,1
44218.187674961126,0
44223.18775272162,0
44228.187830482115,3
44233.18790824262,0
44238.18798600312,0
44243.18806376361,1
44248.18814152411,0
44253.18821928461,0
44258.188297045104,2
44263.1883748056,0
44268.1884525661,0
44273.1885303266,0
44278.18860808709,1
44283.18868584759,0
44288.188763608094,0
44293.18884136859,0
44298.18891912908,0
44303.188996889585,1
44308.18907465009,0
44313.189152410574,0
44318.189230171076,0
44323.18930793158,1
44328.18938569207,0
44333.18946345257,1
44338.18954121307,1
44343.18961897357,0
44348.18969673406,0
44353.18977449456,0
44358.18985225506,1
44363.18993001556,0
44368.19000777605,2
44373.19008553655,1
44378.19016329705,0
44383.19024105754,0
44388.190318818044,0
44393.190396578546,1
44398.19047433904,0
44403.190552099535,1
44408.19062986004,0
44413.19070762053,1
44418.190785381026,1
44423.19086314153,0
44428.19094090203,0
44433.191018662525,1
44438.19109642302,1
44443.19117418352,0
44448.191251944016,1
44453.19132970451,0
44458.19140746501,0
44463.191485225514,1
44468.191562986,0
44473.1916407465,1
44478.191718507005,1
44483.1917962675,1
44488.191874027994,0
44493.191951788496,1
44498.192029549,3
44503.192107309485,0
44508.19218506999,1
44513.19226283049,0
44518.192340590984,1
44523.19241835148,2
44528.19249611198,1
44533.19257387248,1
44538.19265163297,1
44543.19272939347,1
44548.19280715397,1
44553.19288491447,0
44558.19296267496,0
44563.193040435464,0
44568.19311819596,0
44573.19319595645,0
44578.193273716955,0
44583.19335147746,0
44588.19342923795,1
44593.19350699845,0
44598.19358475895,0
44603.19366251944,1
44608.19374027994,0
44613.19381804044,0
44618.19389580094,0
44623.193973561436,1
44628.19405132193,0
44633.19412908243,0
44638.19420684293,0
44643.19428460342,0
44648.19436236392,0
44653.194440124425,0
44658.19451788491,1
44663.194595645415,0
44668.19467340592,0
44673.19475116641,0
44678.194828926906,0
44683.19490668741,1
44688.19498444791,0
44693.1950622084,0
44698.1951399689,1
44703.1952177294,0
44708.195295489895,0
44713.19537325039,0
44718.19545101089,0
44723.19552877139,1
44728.19560653188,0
44733.19568429238,0
44738.195762052885,0
44743.19583981338,0
44748.195917573874,0
44753.195995334376,0
44758.19607309487,0
44763.196150855365,0
44768.19622861587,2
44773.19630637637,4
44778.19638413686,1
44783.19646189736,1
44788.19653965786,1
44793.196617418354,2
44798.19669517885,0
44803.19677293935,2
44808.19685069985,0
44813.19692846035,0
44818.19700622084,1
44823.197083981344,0
44828.19716174184,1
44833.19723950233,0
44838.197317262835,1
44843.19739502334,1
44848.197472783824,0
44853.197550544326,0
44858.19762830483,1
44863.19770606532,1
44868.19778382582,0
44873.19786158632,0
44878.19793934682,0
44883.19801710731,1
44888.19809486781,0
44893.19817262831,0
44898.19825038881,1
44903.1983281493,0
44908.1984059098,0
44913.198483670305,0
44918.19856143079,0
44923.198639191294,1
44928.198716951796,2
44933.19879471229,0
44938.198872472785,0
44943.19895023329,0
44948.19902799378,0
44953.19910575428,0
44958.19918351478,0
44963.19926127528,0
44968.199339035775,3
44973.19941679627,0
44978.19949455677,2
44983.199572317266,1
44988.19965007776,2
44993.19972783826,2
44998.199805598764,0
45003.19988335926,0
45008.19996111975,1
45013.200038880255,0
45018.20011664075,1
45023.200194401245,0
45028.20027216175,0
45033.20034992225,0
45038.200427682736,2
45043.20050544324,0
45048.20058320374,0
45053.200660964234,1
45058.20073872473,1
45063.20081648523,0
45068.20089424573,0
45073.20097200622,0
45078.20104976672,0
45083.20112752722,1
45088.20120528772,1
45093.20128304821,1
45098.201360808715,0
45103.20143856922,0
45108.201516329704,0
45113.201594090206,0
45118.20167185071,0
45123.2017496112,0
45128.2018273717,1
45133.2019051322,0
45138.20198289269,0
45143.20206065319,0
45148.20213841369,0
45153.20221617419,0
45158.202293934686,0
45163.20237169518,0
45168.20244945568,0
45173.20252721618,1
45178.20260497667,0
45183.202682737174,1
45188.202760497676,2
45193.20283825817,0
45198.202916018665,0
45203.20299377917,1
45208.20307153966,0
45213.203149300156,0
45218.20322706066,0
45223.20330482116,0
45228.20338258165,1
45233.20346034215,0
45238.20353810265,0
45243.203615863145,0
45248.20369362364,0
45253.20377138414,0
45258.203849144644,2
45263.20392690513,1
45268.20400466563,0
45273.204082426135,2
45278.20416018663,0
45283.204237947124,0
45288.204315707626,0
45293.20439346812,0
45298.204471228615,0
45303.20454898912,0
45308.20462674962,0
45313.20470451011,0
45318.20478227061,2
45323.20486003111,2
45328.204937791605,0
45333.2050155521,0
45338.2050933126,1
45343.2051710731,1
45348.2052488336,1
45353.20532659409,0
45358.205404354594,1
45363.20548211509,0
45368.20555987558,0
45373.205637636085,1
45378.20571539659,1
45383.205793157074,0
45388.205870917576,0
45393.20594867808,1
45398.20602643857,0
45403.20610419907,0
45408.20618195957,0
45413.20625972007,0
45418.20633748056,1
45423.20641524106,0
45428.20649300156,0
45433.20657076206,0
45438.20664852255,1
45443.20672628305,0
45448.206804043555,0
45453.20688180404,2
45458.206959564544,0
45463.207037325046,3
45468.20711508554,0
45473.207192846035,1
45478.20727060654,1
45483.20734836703,0
45488.20742612753,0
45493.20750388803,0
45498.20758164853,0
45503.207659409025,0
45508.20773716952,1
45513.20781493002,0
45518.207892690516,1
45523.20797045101,0
45528.20804821151,0
45533.208125972014,0
45538.20820373251,0
45543.208281493,0
45548.208359253505,1
45553.208437014,0
45558.208514774495,0
45563.208592535,0
45568.2086702955,0
45573.208748055986,1
45578.20882581649,1
45583.20890357699,0
45588.208981337484,1
45593.20905909798,0
45598.20913685848,0
45603.20921461898,0
45608.20929237947,1
45613.20937013997,0
45618.20944790047,0
45623.20952566097,0
45628.20960342146,0
45633.209681181965,1
45638.20975894247,0
45643.209836702954,1
45648.209914463456,0
45653.20999222396,1
45658.21006998445,0
45663.21014774495,0
45668.21022550545,1
45673.21030326594,1
45678.21038102644,0
45683.21045878694,0
45688.21053654744,0
45693.210614307936,1
45698.21069206843,0
45703.21076982893,0
45708.21084758943,1
45713.21092534992,1
45718.211003110424,2
45723.211080870926,0
45728.21115863142,1
45733.211236391915,0
45738.21131415242,0
45743.21139191291,0
45748.211469673406,0
45753.21154743391,0
45758.21162519441,0
45763.2117029549,1
45768.2117807154,0
45773.2118584759,0
45778.211936236396,0
45783.21201399689,0
45788.21209175739,0
45793.212169517894,0
45798.21224727838,0
45803.21232503888,1
45808.212402799385,1
45813.21248055988,1
45818.212558320374,0
45823.212636080876,0
45828.21271384138,1
45833.212791601865,0
45838.21286936237,1
45843.21294712287,1
45848.213024883364,2
45853.21310264386,0
45858.21318040436,0
45863.213258164855,1
45868.21333592535,0
45873.21341368585,0
45878.21349144635,1
45883.21356920685,0
45888.21364696734,2
45893.213724727844,0
45898.21380248834,0
45903.21388024883,0
45908.213958009335,0
45913.21403576984,1
45918.21411353033,0
45923.21419129083,0
45928.21426905133,0
45933.21434681182,0
45938.21442457232,0
45943.21450233282,0
45948.21458009332,0
45953.21465785381,0
45958.21473561431,0
45963.21481337481,1
45968.21489113531,0
45973.2149688958,0
45978.2150466563,1
45983.215124416805,1
45988.21520217729,1
45993.215279937795,1
45998.2153576983,1
46003.21543545879,1
46008.215513219286,0
46013.21559097979,0
46018.21566874029,0
46023.21574650078,0
46028.21582426128,0
46033.21590202178,0
46038.215979782275,0
46043.21605754277,2
46048.21613530327,0
46053.216213063766,1
46058.21629082426,1
46063.21636858476,0
46068.216446345265,0
46073.21652410576,0
46078.216601866254,0
46083.216679626756,0
46088.21675738725,1
46093.216835147745,0
46098.21691290825,0
46103.21699066875,0
46108.21706842924,1
46113.21714618974,0
46118.21722395024,0
46123.217301710734,1
46128.21737947123,0
46133.21745723173,1
46138.21753499223,0
46143.21761275272,1
46148.21769051322,0
46153.217768273724,1
46158.21784603422,0
46163.21792379471,2
46168.218001555215,1
46173.21807931572,0
46178.218157076204,0
46183.218234836706,0
46188.21831259721,0
46193.2183903577,1
46198.2184681182,0
46203.2185458787,1
46208.2186236392,0
46213.21870139969,0
46218.21877916019,0
46223.21885692069,0
46228.21893468119,1
46233.21901244168,0
46238.21909020218,0
46243.21916796268,0
46248.21924572317,0
46253.219323483674,0
46258.219401244176,0
46263.21947900467,0
46268.219556765165,1
46273.21963452567,0
46278.21971228616,0
46283.219790046656,0
46288.21986780716,0
46293.21994556766,1
46298.220023328155,1
46303.22010108865,0
46308.22017884915,1
46313.220256609646,1
46318.22033437014,0
46323.22041213064,2
46328.220489891144,1
46333.22056765163,0
46338.22064541213,1
46343.220723172635,1
46348.22080093313,0
46353.220878693624,1
46358.220956454126,0
46363.22103421463,0
46368.221111975115,0
46373.22118973562,0
46378.22126749612,0
46383.221345256614,0
46388.22142301711,0
46393.22150077761,0
46398.22157853811,1
46403.2216562986,0
46408.2217340591,0
46413.2218118196,0
46418.2218895801,0
46423.22196734059,0
46428.222045101094,0
46433.22212286159,1
46438.22220062208,0
46443.222278382586,0
46448.22235614309,0
46453.22243390358,0
46458.22251166408,0
46463.22258942458,1
46468.22266718507,0
46473.22274494557,0
46478.22282270607,1
46483.22290046657,0
46488.222978227066,0
46493.22305598756,0
46498.22313374806,0
46503.22321150856,0
46508.22328926905,0
46513.22336702955,0
46518.223444790056,0
46523.22352255054,0
46528.223600311045,0
46533.22367807155,1
46538.22375583204,1
46543.223833592536,0
46548.22391135304,0
46553.22398911354,1
46558.22406687403,0
46563.22414463453,1
46568.22422239503,0
46573.224300155525,0
46578.22437791602,0
46583.22445567652,1
46588.22453343702,0
46593.22461119751,0
46598.22468895801,0
46603.224766718515,0
46608.22484447901,0
46613.224922239504,0
46618.225000000006,1
46623.2250777605,0
46628.225155520995,0
46633.2252332815,0
46638.225311042,2
46643.22538880249,0
46648.22546656299,1
46653.22554432349,1
46658.225622083984,1
46663.22569984448,0
46668.22577760498,1
46673.22585536548,1
46678.22593312598,1
46683.22601088647,1
46688.226088646974,0
46693.22616640747,0
46698.22624416796,1
46703.226321928465,0
46708.22639968897,1
46713.226477449454,0
46718.226555209956,0
46723.22663297046,1
46728.22671073095,2
46733.22678849145,1
46738.22686625195,1
46743.22694401245,1
46748.22702177294,0
46753.22709953344,0
46758.22717729394,1
46763.22725505444,0
46768.22733281493,1
46773.22741057543,0
46778.227488335935,0
46783.22756609642,1
46788.227643856924,0
46793.227721617426,0
46798.22779937792,0
46803.227877138415,1
46808.22795489892,0
46813.22803265941,0
46818.22811041991,0
46823.22818818041,0
46828.22826594091,0
46833.228343701405,0
46838.2284214619,0
46843.2284992224,0
46848.228576982896,0
46853.22865474339,0
46858.22873250389,0
46863.228810264394,0
46868.22888802489,1
46873.22896578538,0
46878.229043545885,0
46883.22912130638,1
46888.229199066875,0
46893.22927682738,1
46898.22935458788,0
46903.229432348366,0
46908.22951010887,0
46913.22958786937,0
46918.229665629864,1
46923.22974339036,0
46928.22982115086,1
46933.22989891136,0
46938.22997667185,0
46943.23005443235,0
46948.23013219285,1
46953.23020995335,1
46958.23028771384,0
46963.230365474345,0
46968.23044323484,0
46973.230520995334,0
46978.230598755836,0
46983.23067651634,1
46988.23075427683,0
46993.23083203733,0
46998.23090979783,0
47003.23098755832,0
47008.23106531882,0
47013.23114307932,0
47018.23122083982,0
47023.231298600316,0
47028.23137636081,0
47033.23145412131,0
47038.23153188181,1
47043.2316096423,0
47048.231687402804,0
47053.231765163306,0
47058.23184292379,0
47063.231920684295,0
47068.2319984448,2
47073.23207620529,1
47078.232153965786,1
47083.23223172629,1
47088.23230948679,0
47093.23238724728,0
47098.23246500778,1
47103.23254276828,0
47108.232620528775,0
47113.23269828927,0
47118.23277604977,0
47123.232853810274,0
47128.23293157076,0
47133.23300933126,0
47138.233087091765,0
47143.23316485226,0
47148.233242612754,0
47153.233320373256,1
47158.23339813375,0
47163.233475894245,0
47168.23355365475,0
47173.23363141525,1
47178.23370917574,0
47183.23378693624,0
47188.23386469674,0
47193.233942457235,1
47198.23402021773,1
47203.23409797823,0
47208.23417573873,0
47213.23425349923,0
47218.23433125972,0
47223.234409020224,0
47228.23448678072,0
47233.23456454121,0
47238.234642301715,0
47243.23472006222,0
47248.234797822704,0
47253.234875583206,1
47258.23495334371,0
47263.2350311042,0
47268.2351088647,2
47273.2351866252,1
47278.2352643857,0
47283.23534214619,0
47288.23541990669,0
47293.23549766719,0
47298.23557542769,0
47303.23565318818,0
47308.23573094868,0
47313.235808709185,0
47318.23588646967,0
47323.235964230174,2
47328.236041990676,1
47333.23611975117,0
47338.236197511666,0
47343.23627527217,0
47348.23635303266,0
47353.23643079316,1
47358.23650855366,0
47363.23658631416,1
47368.236664074655,0
47373.23674183515,0
47378.23681959565,0
47383.236897356146,0
47388.23697511664,0
47393.23705287714,0
47398.237130637644,0
47403.23720839814,0
47408.237286158634,0
47413.237363919136,0
47418.23744167963,0
47423.237519440125,2
47428.23759720063,1
47433.23767496113,0
47438.237752721616,2
47443.23783048212,0
47448.23790824262,2
47453.237986003114,0
47458.23806376361,0
47463.23814152411,1
47468.23821928461,0
47473.2382970451,0
47478.2383748056,0
47483.238452566104,0
47488.2385303266,0
47493.23860808709,0
47498.238685847595,1
47503.2387636081,2
47508.238841368584,1
47513.238919129086,1
47518.23899688959,0
47523.23907465008,0
47528.23915241058,0
47533.23923017108,0
47538.23930793157,0
47543.23938569207,0
47548.23946345257,0
47553.23954121307,0
47558.23961897357,0
47563.23969673406,0
47568.23977449456,0
47573.23985225506,0
47578.23993001555,0
47583.240007776054,0
47588.240085536556,0
47593.24016329705,0
47598.240241057545,1
47603.24031881805,0
47608.24039657854,0
47613.240474339036,0
47618.24055209954,0
47623.24062986004,1
47628.24070762053,0
47633.24078538103,0
47638.24086314153,1
47643.240940902026,0
47648.24101866252,0
47653.24109642302,0
47658.241174183524,0
47663.24125194401,0
47668.24132970451,0
47673.241407465015,0
47678.24148522551,0
47683.241562986004,1
47688.241640746506,0
47693.24171850701,0
47698.241796267495,0
47703.241874028,0
47708.2419517885,0
47713.242029548994,0
47718.24210730949,0
47723.24218506999,0
47728.242262830485,0
47733.24234059098,0
47738.24241835148,0
47743.24249611198,2
47748.24257387248,1
47753.24265163297,0
47758.242729393474,0
47763.24280715397,1
47768.24288491446,0
47773.242962674965,0
47778.24304043547,0
47783.24311819596,0
47788.24319595646,1
47793.24327371696,0
47798.24335147745,0
47803.24342923795,0
47808.24350699845,1
47813.24358475895,1
47818.24366251944,0
47823.24374027994,0
47828.24381804044,0
47833.24389580094,0
47838.24397356143,0
47843.24405132193,0
47848.244129082435,1
47853.24420684292,1
47858.244284603425,0
47863.24436236393,0
47868.24444012442,1
47873.244517884916,0
47878.24459564542,0
47883.24467340592,0
47888.24475116641,0
47893.24482892691,1
47898.24490668741,0
47903.244984447905,0
47908.2450622084,0
47913.2451399689,0
47918.245217729396,1
47923.24529548989,0
47928.24537325039,0
47933.245451010895,0
47938.24552877139,0
47943.245606531884,1
47948.245684292386,0
47953.24576205288,2
47958.245839813375,0
47963.24591757388,0
47968.24599533438,0
47973.24607309487,0
47978.24615085537,1
47983.24622861587,0
47988.246306376364,0
47993.24638413686,2
47998.24646189736,0
48003.24653965786,1
48008.24661741835,1
48013.24669517885,1
48018.246772939354,0
48023.24685069985,0
48028.24692846034,0
48033.247006220845,0
48038.24708398135,1
48043.247161741834,0
48048.247239502336,0
48053.24731726284,1
48058.24739502333,0
48063.24747278383,0
48068.24755054433,0
48073.24762830483,0
48078.24770606532,0
48083.24778382582,1
48088.24786158632,0
48093.24793934682,2
48098.24801710731,0
48103.24809486781,0
48108.24817262831,1
48113.2482503888,1
48118.248328149304,0
48123.248405909806,0
48128.2484836703,0
48133.248561430795,0
48138.2486391913,0
48143.24871695179,0
48148.248794712286,1
48153.24887247279,0
48158.24895023329,0
48163.249027993785,0
48168.24910575428,0
48173.24918351478,2
48178.249261275276,0
48183.24933903577,0
48188.24941679627,0
48193.249494556774,0
48198.24957231726,0
48203.24965007776,1
48208.249727838265,0
48213.24980559876,1
48218.249883359254,0
48223.249961119756,0
48228.25003888026,0
48233.250116640746,0
48238.25019440125,1
48243.25027216175,0
48248.250349922244,0
48253.25042768274,0
48258.25050544324,0
48263.25058320374,1
48268.25066096423,0
48273.25073872473,0
48278.25081648523,0
48283.25089424573,0
48288.25097200622,0
48293.251049766724,1
48298.25112752722,0
48303.251205287714,0
48308.251283048216,0
48313.25136080872,0
48318.25143856921,0
48323.25151632971,1
48328.25159409021,0
48333.2516718507,0
48338.2517496112,0
48343.2518273717,1
48348.2519051322,0
48353.251982892696,0
48358.25206065319,0
48363.25213841369,0
48368.25221617419,2
48373.25229393468,1
48378.252371695184,0
48383.252449455686,0
48388.25252721617,0
48393.252604976675,0
48398.25268273718,0
48403.25276049767,0
48408.252838258166,0
48413.25291601867,0
48418.25299377917,0
48423.25307153966,0
48428.25314930016,1
48433.25322706066,0
48438.253304821155,1
48443.25338258165,0
48448.25346034215,0
48453.253538102654,0
48458.25361586314,0
48463.25369362364,1
48468.253771384145,0
48473.25384914464,1
48478.253926905134,1
48483.254004665636,0
48488.25408242613,1
48493.254160186625,0
48498.25423794713,1
48503.25431570763,0
48508.25439346812,1
48513.25447122862,0
48518.25454898912,0
48523.254626749615,0
48528.25470451011,0
48533.25478227061,1
48538.25486003111,1
48543.25493779161,2
48548.2550155521,0
48553.255093312604,0
48558.2551710731,0
48563.25524883359,1
48568.255326594095,0
48573.2554043546,0
48578.255482115084,0
48583.255559875586,2
48588.25563763609,0
48593.25571539658,0
48598.25579315708,0
48603.25587091758,0
48608.25594867808,1
48613.25602643857,0
48618.25610419907,1
48623.25618195957,0
48628.25625972007,0
48633.25633748056,0
48638.25641524106,0
48643.25649300156,0
48648.25657076205,0
48653.256648522554,1
48658.256726283056,0
48663.25680404355,0
48668.256881804045,0
48673.25695956455,0
48678.25703732504,0
48683.25711508554,0
48688.25719284604,0
48693.25727060654,0
48698.257348367035,0
48703.25742612753,0
48708.25750388803,0
48713.257581648526,0
48718.25765940902,0
48723.25773716952,0
48728.257814930024,0
48733.25789269051,1
48738.25797045101,1
48743.258048211515,0
48748.25812597201,0
48753.258203732505,0
48758.25828149301,0
48763.25835925351,1
48768.258437013996,1
48773.2585147745,0
48778.258592535,0
48783.258670295494,0
48788.25874805599,0
48793.25882581649,0
48798.25890357699,0
48803.25898133748,0
48808.25905909798,0
48813.25913685848,0
48818.25921461898,0
48823.25929237947,0
48828.259370139975,0
48833.25944790047,0
48838.259525660964,0
48843.259603421466,0
48848.25968118197,2
48853.25975894246,1
48858.25983670296,0
48863.25991446346,0
48868.25999222395,0
48873.26006998445,0
48878.26014774495,1
48883.26022550545,1
48888.260303265946,0
48893.26038102644,0
48898.26045878694,0
48903.26053654744,0
48908.26061430793,0
48913.260692068434,0
48918.260769828936,0
48923.26084758942,0
48928.260925349925,1
48933.26100311043,0
48938.26108087092,1
48943.261158631416,0
48948.26123639192,0
48953.26131415242,1
48958.26139191291,0
48963.26146967341,0
48968.26154743391,0
48973.261625194405,0
48978.2617029549,1
48983.2617807154,0
48988.261858475904,0
48993.26193623639,0
48998.26201399689,0
49003.262091757395,0
49008.26216951789,1
49013.262247278384,0
49018.262325038886,0
49023.26240279938,1
49028.262480559875,0
49033.26255832038,0
49038.26263608088,0
49043.26271384137,0
49048.26279160187,0
49053.26286936237,0
49058.262947122865,0
49063.26302488336,0
49068.26310264386,0
49073.26318040436,0
49078.26325816486,0
49083.26333592535,0
49088.263413685854,0
49093.26349144635,2
49098.26356920684,0
49103.263646967345,0
49108.26372472785,0
49113.263802488334,0
49118.263880248836,0
49123.26395800934,1
49128.26403576983,0
49133.26411353033,0
49138.26419129083,0
49143.26426905133,0
49148.26434681182,0
49153.26442457232,0
49158.26450233282,0
49163.26458009332,1
49168.26465785381,1
49173.26473561431,1
49178.264813374815,0
49183.2648911353,0
49188.264968895804,0
49193.26504665631,1
49198.2651244168,0
49203.265202177296,0
49208.2652799378,0
49213.26535769829,0
49218.26543545879,0
49223.26551321929,1
49228.26559097979,0
49233.265668740285,1
49238.26574650078,0
49243.26582426128,0
49248.265902021776,0
49253.26597978227,0
49258.26605754277,0
49263.266135303274,0
49268.26621306377,0
49273.266290824264,1
49278.266368584766,1
49283.26644634526,0
49288.266524105755,0
49293.26660186626,0
49298.26667962676,2
49303.266757387246,0
49308.26683514775,0
49313.26691290825,0
49318.266990668744,0
49323.26706842924,1
49328.26714618974,2
49333.26722395024,0
49338.26730171073,0
49343.26737947123,0
49348.267457231734,0
49353.26753499223,0
49358.26761275272,0
49363.267690513225,0
49368.26776827373,0
49373.267846034214,2
49378.267923794716,0
49383.26800155522,0
49388.26807931571,1
49393.26815707621,1
49398.26823483671,0
49403.2683125972,0
49408.2683903577,0
49413.2684681182,0
49418.2685458787,0
49423.2686236392,0
49428.26870139969,0
49433.26877916019,0
49438.26885692069,0
49443.26893468118,0
49448.269012441684,0
49453.269090202186,0
49458.26916796268,0
49463.269245723175,0
49468.26932348368,0
49473.26940124417,1
49478.269479004666,0
49483.26955676517,0
49488.26963452567,0
49493.26971228616,0
49498.26979004666,0
49503.26986780716,1
49508.269945567656,1
49513.27002332815,0
49518.27010108865,0
49523.270178849154,0
49528.27025660964,1
49533.27033437014,0
49538.270412130645,0
49543.27048989114,0
49548.270567651634,1
49553.270645412136,0
49558.27072317264,0
49563.270800933125,0
49568.27087869363,1
49573.27095645413,0
49578.271034214624,0
49583.27111197512,0
49588.27118973562,0
49593.271267496115,0
49598.27134525661,0
49603.27142301711,0
49608.27150077761,0
49613.27157853811,0
49618.2716562986,0
49623.271734059104,0
49628.2718118196,1
49633.27188958009,0
49638.271967340595,0
49643.2720451011,0
49648.27212286159,1
49653.27220062209,0
49658.27227838259,2
49663.27235614308,0
49668.27243390358,1
49673.27251166408,0
49678.27258942458,0
49683.27266718507,0
49688.27274494557,0
49693.27282270607,0
49698.27290046657,1
49703.27297822706,0
49708.27305598756,0
49713.273133748065,0
49718.27321150855,0
49723.273289269055,0
49728.27336702956,0
49733.27344479005,0
49738.273522550546,0
49743.27360031105,0
49748.27367807155,0
49753.27375583204,1
49758.27383359254,0
49763.27391135304,0
49768.273989113535,0
49773.27406687403,0
49778.27414463453,0
49783.274222395026,1
49788.27430015552,0
49793.27437791602,0
49798.274455676525,0
49803.27453343702,0
49808.274611197514,0
49813.274688958016,0
49818.27476671851,0
49823.274844479005,0
49828.27492223951,0
49833.27500000001,0
49838.2750777605,0
49843.275155521,0
49848.2752332815,1
49853.275311041994,0
49858.27538880249,1
49863.27546656299,1
49868.27554432349,0
49873.27562208398,0
49878.27569984448,0
49883.275777604984,0
49888.27585536548,0
49893.27593312597,0
49898.276010886475,0
49903.27608864698,0
49908.276166407464,0
49913.276244167966,0
49918.27632192847,0
49923.27639968896,0
49928.27647744946,0
49933.27655520996,1
49938.27663297046,0
49943.27671073095,0
49948.27678849145,0
49953.27686625195,0
49958.27694401245,0
49963.27702177294,0
49968.27709953344,0
49973.27717729394,0
49978.27725505443,0
49983.277332814934,0
49988.277410575436,0
49993.27748833593,0
49998.277566096425,0
50003.27764385693,0
50008.27772161742,0
50013.27779937792,0
50018.27787713842,0
50023.27795489892,0
50028.278032659415,0
50033.27811041991,0
50038.27818818041,0
50043.278265940906,0
50048.2783437014,1
50053.2784214619,1
50058.278499222404,0
50063.27857698289,1
50068.27865474339,0
50073.278732503895,0
50078.27881026439,0
50083.278888024885,0
50088.27896578539,1
50093.27904354589,0
50098.279121306376,0
50103.27919906688,0
50108.27927682738,0
50113.279354587874,0
50118.27943234837,0
50123.27951010887,1
50128.27958786937,0
50133.27966562986,0
50138.27974339036,0
50143.27982115086,0
50148.27989891136,0
50153.27997667185,0
50158.280054432355,0
50163.28013219285,0
50168.280209953344,0
50173.280287713846,0
50178.28036547435,2
50183.28044323484,0
50188.28052099534,0
50193.28059875584,0
50198.28067651633,1
50203.28075427683,0
50208.28083203733,0
50213.28090979783,0
50218.280987558326,0
50223.28106531882,0
50228.28114307932,0
50233.28122083982,0
50238.28129860031,0
50243.281376360814,0
50248.281454121316,0
50253.2815318818,0
50258.281609642305,0
50263.28168740281,1
50268.2817651633,0
50273.281842923796,0
50278.2819206843,1
50283.2819984448,0
50288.28207620529,0
50293.28215396579,0
50298.28223172629,1
50303.282309486785,0
50308.28238724728,0
50313.28246500778,1
50318.282542768284,0
50323.28262052877,0
50328.28269828927,0
50333.282776049775,0
50338.28285381027,0
50343.282931570764,0
50348.283009331266,0
50353.28308709176,0
50358.283164852255,0
50363.28324261276,2
50368.28332037326,1
50373.28339813375,0
50378.28347589425,0
50383.28355365475,0
50388.283631415245,1
50393.28370917574,0
50398.28378693624,0
50403.28386469674,0
50408.28394245723,0
50413.28402021773,0
50418.284097978234,0
50423.28417573873,0
50428.28425349922,0
50433.284331259725,0
50438.28440902023,0
50443.284486780714,0
50448.284564541216,0
50453.28464230172,0
50458.28472006221,1
50463.28479782271,0
50468.28487558321,0
50473.28495334371,0
50478.2850311042,0
50483.2851088647,0
50488.2851866252,0
50493.2852643857,0
50498.28534214619,0
50503.28541990669,1
50508.28549766719,0
50513.28557542768,0
50518.285653188184,0
50523.285730948686,0
50528.28580870918,0
50533.285886469675,0
50538.28596423018,1
50543.28604199067,0
50548.28611975117,0
50553.28619751167,0
50558.28627527217,0
50563.286353032665,0
50568.28643079316,0
50573.28650855366,0
50578.286586314156,0
50583.28666407465,1
50588.28674183515,1
50593.286819595654,0
50598.28689735614,0
50603.28697511664,0
50608.287052877145,0
50613.28713063764,0
50618.287208398135,0
50623.28728615864,0
50628.28736391914,0
50633.287441679626,0
50638.28751944013,0
50643.28759720063,0
50648.287674961124,0
50653.28775272162,0
50658.28783048212,0
50663.28790824262,0
50668.28798600311,0
50673.28806376361,0
50678.28814152411,0
50683.28821928461,0
50688.2882970451,1
50693.288374805605,1
50698.2884525661,0
50703.288530326594,0
50708.288608087096,0
50713.2886858476,3
50718.28876360809,1
50723.28884136859,0
50728.28891912909,0
50733.28899688958,0
50738.28907465008,0
50743.28915241058,0
50748.28923017108,1
50753.289307931576,0
50758.28938569207,0
50763.28946345257,1
50768.28954121307,0
50773.28961897356,0
50778.289696734064,0
50783.289774494566,0
50788.28985225505,0
50793.289930015555,0
50798.29000777606,1
50803.29008553655,0
50808.290163297046,0
50813.29024105755,0
50818.29031881805,0
50823.29039657854,0
50828.29047433904,0
50833.29055209954,0
50838.290629860036,0
50843.29070762053,0
50848.29078538103,0
50853.290863141534,0
50858.29094090202,0
50863.29101866252,0
50868.291096423025,0
50873.29117418352,0
50878.291251944014,0
50883.291329704516,0
50888.29140746501,0
50893.291485225505,0
50898.29156298601,2
50903.29164074651,0
50908.291718507004,0
50913.2917962675,0
50918.291874028,0
50923.291951788495,0
50928.29202954899,0
50933.29210730949,0
50938.29218506999,0
50943.29226283049,0
50948.29234059098,0
50953.292418351484,0
50958.29249611198,0
50963.29257387247,0
50968.292651632975,0
50973.29272939348,0
50978.292807153965,0
50983.29288491447,0
50988.29296267497,0
50993.29304043546,0
50998.29311819596,0
51003.29319595646,0
51008.29327371696,0
51013.29335147745,0
51018.29342923795,0
51023.29350699845,0
51028.29358475895,0
51033.29366251944,0
51038.29374027994,0
51043.293818040445,0
51048.29389580093,0
51053.293973561435,1
51058.29405132194,0
51063.29412908243,1
51068.294206842926,0
51073.29428460343,0
51078.29436236392,0
51083.29444012442,0
51088.29451788492,0
51093.29459564542,0
51098.294673405915,0
51103.29475116641,0
51108.29482892691,0
51113.294906687406,1
51118.2949844479,0
51123.2950622084,0
51128.295139968905,0
51133.2952177294,0
51138.295295489894,0
51143.295373250396,0
51148.29545101089,0
51153.295528771385,0
51158.29560653189,0
51163.29568429239,1
51168.295762052876,0
51173.29583981338,0
51178.29591757388,0
51183.295995334374,0
51188.29607309487,0
51193.29615085537,0
51198.29622861587,0
51203.29630637636,0
51208.29638413686,0
51213.296461897364,0
51218.29653965786,0
51223.29661741835,0
51228.296695178855,0
51233.29677293936,0
51238.296850699844,0
51243.296928460346,0
51248.29700622085,0
51253.29708398134,1
51258.29716174184,0
51263.29723950234,0
51268.29731726283,0
51273.29739502333,0
51278.29747278383,0
51283.29755054433,0
51288.29762830483,0
51293.29770606532,0
51298.29778382582,0
51303.29786158632,0
51308.29793934681,2
51313.298017107314,0
51318.298094867816,0
51323.29817262831,0
51328.298250388805,1
51333.29832814931,0
51338.2984059098,0
51343.298483670296,0
51348.2985614308,0
51353.2986391913,0
51358.29871695179,0
51363.29879471229,0
51368.29887247279,0
51373.298950233286,1
51378.29902799378,0
51383.29910575428,0
51388.299183514784,0
51393.29926127527,0
51398.29933903577,0
51403.299416796275,0
51408.29949455677,0
51413.299572317264,0
51418.299650077766,0
51423.29972783827,1
51428.299805598755,0
51433.29988335926,0
51438.29996111976,0
51443.300038880254,0
51448.30011664075,1
51453.30019440125,0
51458.300272161745,1
51463.30034992224,1
51468.30042768274,0
51473.30050544324,0
51478.30058320374,0
51483.30066096423,0
51488.300738724734,0
51493.30081648523,0
51498.30089424572,0
51503.300972006225,0
51508.30104976673,0
51513.30112752722,0
51518.30120528772,0
51523.30128304822,0
51528.30136080871,0
51533.30143856921,0
51538.30151632971,0
51543.30159409021,0
51548.3016718507,0
51553.3017496112,0
51558.3018273717,0
51563.3019051322,0
51568.30198289269,0
51573.30206065319,0
51578.302138413696,0
51583.30221617418,0
51588.302293934685,0
51593.30237169519,0
51598.30244945568,1
51603.302527216176,0
51608.30260497668,0
51613.30268273718,0
51618.30276049767,0
51623.30283825817,0
51628.30291601867,0
51633.302993779165,0
51638.30307153966,0
51643.30314930016,0
51648.303227060656,0
51653.30330482115,0
51658.30338258165,0
51663.303460342155,1
51668.30353810265,0
51673.303615863144,0
51678.303693623646,0
51683.30377138414,0
51688.303849144635,0
51693.30392690514,0
51698.30400466564,0
51703.30408242613,0
51708.30416018663,0
51713.30423794713,1
51718.304315707624,0
51723.30439346812,0
51728.30447122862,0
51733.30454898912,0
51738.30462674961,0
51743.30470451011,0
51748.304782270614,0
51753.30486003111,0
51758.3049377916,0
51763.305015552105,0
51768.30509331261,0
51773.305171073094,0
51778.305248833596,0
51783.3053265941,0
51788.30540435459,0
51793.30548211509,0
51798.30555987559,0
51803.30563763609,0
51808.30571539658,0
51813.30579315708,0
51818.30587091758,0
51823.30594867808,0
51828.30602643857,0
51833.30610419907,0
51838.30618195957,0
51843.30625972006,1
51848.306337480564,0
51853.306415241066,0
51858.30649300156,0
51863.306570762055,0
51868.30664852256,0
51873.30672628305,0
51878.30680404355,0
51883.30688180405,0
51888.30695956455,0
51893.307037325045,0
51898.30711508554,0
51903.30719284604,0
51908.307270606536,0
51913.30734836703,0
51918.30742612753,0
51923.307503888034,0
51928.30758164852,0
51933.30765940902,0
51938.307737169525,0
51943.30781493002,0
51948.307892690515,0
51953.30797045102,0
51958.30804821152,0
51963.308125972006,0
51968.30820373251,1
51973.30828149301,0
51978.308359253504,0
51983.308437014,0
51988.3085147745,0
51993.308592535,0
51998.30867029549,0
52003.30874805599,0
52008.30882581649,0
52013.30890357699,1
52018.30898133748,0
52023.309059097985,0
52028.30913685848,0
52033.309214618974,0
52038.309292379476,0
52043.30937013998,0
52048.30944790047,0
52053.30952566097,0
52058.30960342147,0
52063.30968118196,0
52068.30975894246,0
52073.30983670296,0
52078.30991446346,0
52083.30999222395,0
52088.31006998445,1
52093.31014774495,0
52098.31022550545,0
52103.31030326594,0
52108.310381026444,1
52113.310458786946,0
52118.31053654743,0
52123.310614307935,0
52128.31069206844,0
52133.31076982893,0
52138.310847589426,0
52143.31092534993,1
52148.31100311043,0
52153.31108087092,0
52158.31115863142,0
52163.31123639192,0
52168.311314152415,1
52173.31139191291,0
52178.31146967341,0
52183.31154743391,0
52188.3116251944,0
52193.3117029549,1
52198.311780715405,0
52203.3118584759,0
52208.311936236394,1
52213.312013996896,0
52218.31209175739,0
52223.312169517885,0
52228.31224727839,0
52233.31232503889,0
52238.31240279938,1
52243.31248055988,0
52248.31255832038,0
52253.312636080875,0
52258.31271384137,1
52263.31279160187,0
52268.31286936237,0
52273.31294712286,0
52278.31302488336,0
52283.313102643864,1
52288.31318040436,0
52293.31325816485,0
52298.313335925355,0
52303.31341368586,1
52308.313491446344,0
52313.313569206846,0
52318.31364696735,0
52323.31372472784,0
52328.31380248834,0
52333.31388024884,0
52338.31395800934,0
52343.31403576983,0
52348.31411353033,0
52353.31419129083,0
52358.31426905133,0
52363.31434681182,0
52368.31442457232,0
52373.31450233282,0
52378.31458009331,0
52383.314657853814,0
52388.314735614316,0
52393.31481337481,0
52398.314891135306,0
52403.31496889581,0
52408.3150466563,0
52413.3151244168,0
52418.3152021773,0
52423.3152799378,0
52428.315357698295,0
52433.31543545879,0
52438.31551321929,1
52443.315590979786,0
52448.31566874028,0
52453.31574650078,0
52458.315824261284,0
52463.31590202177,0
52468.315979782274,0
52473.316057542776,0
52478.31613530327,0
52483.316213063765,0
52488.31629082427,0
52493.31636858477,0
52498.316446345256,0
52503.31652410576,0
52508.31660186626,0
52513.316679626754,0
52518.31675738725,0
52523.31683514775,0
52528.31691290825,0
52533.31699066874,0
52538.31706842924,0
52543.317146189744,0
52548.31722395024,0
52553.31730171073,0
52558.317379471235,0
52563.31745723173,0
52568.317534992224,0
52573.317612752726,0
52578.31769051323,0
52583.31776827372,1
52588.31784603422,0
52593.31792379472,0
52598.31800155521,0
52603.31807931571,0
52608.31815707621,0
52613.31823483671,0
52618.31831259721,0
52623.3183903577,0
52628.3184681182,0
52633.3185458787,0
52638.31862363919,0
52643.318701399694,0
52648.318779160196,0
52653.31885692068,0
52658.318934681185,0
52663.31901244169,0
52668.31909020218,0
52673.319167962676,1
52678.31924572318,0
52683.31932348368,0
52688.31940124417,0
52693.31947900467,0
52698.31955676517,0
52703.319634525666,0
52708.31971228616,0
52713.31979004666,0
52718.319867807164,0
52723.31994556765,0
52728.32002332815,0
52733.320101088655,0
52738.32017884915,0
52743.320256609644,0
52748.320334370146,0
52753.32041213064,0
52758.320489891135,0
52763.32056765164,0
52768.32064541214,0
52773.320723172634,0
52778.32080093313,0
52783.32087869363,0
52788.320956454125,0
52793.32103421462,1
52798.32111197512,0
52803.32118973562,0
52808.32126749612,0
52813.32134525661,0
52818.321423017114,0
52823.32150077761,0
52828.3215785381,0
52833.321656298605,0
52838.32173405911,0
52843.321811819595,0
52848.3218895801,0
52853.3219673406,0
52858.32204510109,0
52863.32212286159,0
52868.32220062209,0
52873.32227838259,1
52878.32235614308,0
52883.32243390358,0
52888.32251166408,0
52893.32258942458,0
52898.32266718507,0
52903.32274494557,0
52908.322822706075,0
52913.32290046656,0
52918.322978227065,0
52923.32305598757,0
52928.32313374806,0
52933.323211508556,0
52938.32328926906,0
52943.32336702955,0
52948.32344479005,0
52953.32352255055,0
52958.32360031105,0
52963.323678071545,0
52968.32375583204,0
52973.32383359254,0
52978.323911353036,0
52983.32398911353,0
52988.32406687403,0
52993.324144634535,0
52998.32422239503,0
53003.324300155524,0
53008.324377916026,0
53013.32445567652,0
53018.324533437015,0
53023.32461119752,0
53028.32468895802,0
53033.324766718506,0
53038.32484447901,0
53043.32492223951,0
53048.325000000004,0
53053.3250777605,0
53058.325155521,0
53063.3252332815,0
53068.32531104199,0
53073.32538880249,0
53078.325466562994,0
53083.32554432349,0
53088.32562208398,1
53093.325699844485,0
53098.32577760499,0
53103.325855365474,0
53108.325933125976,1
53113.32601088648,1
53118.32608864697,0
53123.32616640747,0
53128.32624416797,0
53133.32632192846,0
53138.32639968896,0
53143.32647744946,0
53148.32655520996,0
53153.32663297046,0
53158.32671073095,0
53163.32678849145,0
53168.32686625195,0
53173.32694401244,0
53178.327021772944,0
53183.327099533446,0
53188.32717729394,0
53193.327255054435,0
53198.32733281494,0
53203.32741057543,0
53208.327488335926,0
53213.32756609643,0
53218.32764385693,0
53223.32772161742,1
53228.32779937792,0
53233.32787713842,0
53238.327954898916,0
53243.32803265941,0
53248.32811041991,0
53253.328188180414,0
53258.3282659409,0
53263.3283437014,0
53268.328421461905,0
53273.3284992224,0
53278.328576982894,0
53283.328654743396,0
53288.3287325039,0
53293.328810264386,0
53298.32888802489,0
53303.32896578539,0
53308.329043545884,0
53313.32912130638,0
53318.32919906688,0
53323.329276827375,0
53328.32935458787,0
53333.32943234837,0
53338.32951010887,0
53343.32958786937,0
53348.32966562986,0
53353.329743390364,0
53358.32982115086,0
53363.329898911354,0
53368.329976671856,0
53373.33005443236,0
53378.33013219285,0
53383.33020995335,0
53388.33028771385,0
53393.33036547434,0
53398.33044323484,0
53403.33052099534,0
53408.33059875584,0
53413.33067651633,0
53418.33075427683,0
53423.33083203733,0
53428.33090979783,0
53433.33098755832,0
53438.331065318824,0
53443.331143079326,0
53448.33122083981,0
53453.331298600315,0
53458.33137636082,0
53463.33145412131,0
53468.331531881806,0
53473.33160964231,0
53478.33168740281,0
53483.3317651633,0
53488.3318429238,0
53493.3319206843,1
53498.331998444795,0
53503.33207620529,0
53508.33215396579,0
53513.33223172629,0
53518.33230948678,0
53523.33238724728,0
53528.332465007785,0
53533.33254276828,0
53538.332620528774,0
53543.332698289276,0
53548.33277604977,0
53553.332853810265,0
53558.33293157077,0
53563.33300933127,0
53568.33308709176,0
53573.33316485226,1
53578.33324261276,0
53583.333320373255,0
53588.33339813375,0
53593.33347589425,0
53598.33355365475,0
53603.33363141524,0
53608.33370917574,0
53613.333786936244,0
53618.33386469674,0
53623.33394245723,0
53628.334020217735,0
53633.33409797824,0
53638.334175738724,0
53643.334253499226,0
53648.33433125973,0
53653.33440902022,1
53658.33448678072,1
53663.33456454122,0
53668.33464230172,0
53673.33472006221,2
53678.33479782271,0
53683.33487558321,0
53688.33495334371,0
53693.3350311042,0
53698.3351088647,0
53703.3351866252,1
53708.33526438569,0
53713.335342146194,0
53718.335419906696,0
53723.33549766719,0
53728.335575427685,0
53733.33565318819,0
53738.33573094868,0
53743.33580870918,1
53748.33588646968,0
53753.33596423018,1
53758.336041990675,0
53763.33611975117,1
53768.33619751167,0
53773.336275272166,1
53778.33635303266,0
53783.33643079316,0
53788.336508553664,0
53793.33658631415,0
53798.33666407465,0
53803.336741835155,0
53808.33681959565,0
53813.336897356145,0
53818.33697511665,0
53823.33705287715,0
53828.337130637636,0
53833.33720839814,0
53838.33728615864,0
53843.337363919134,0
53848.33744167963,0
53853.33751944013,0
53858.337597200625,0
53863.33767496112,0
53868.33775272162,0
53873.33783048212,0
53878.33790824262,0
53883.33798600311,0
53888.338063763615,0
53893.33814152411,0
53898.338219284604,0
53903.338297045106,1
53908.33837480561,0
53913.3384525661,0
53918.3385303266,0
53923.3386080871,0
53928.33868584759,0
53933.33876360809,0
53938.33884136859,0
53943.33891912909,0
53948.33899688958,0
53953.33907465008,0
53958.33915241058,0
53963.33923017108,0
53968.33930793157,0
53973.339385692074,0
53978.339463452576,0
53983.33954121306,0
53988.339618973565,0
53993.33969673407,0
53998.33977449456,0
54003.339852255056,0
54008.33993001556,0
54013.34000777606,0
54018.34008553655,0
54023.34016329705,0
54028.34024105755,0
54033.340318818045,0
54038.34039657854,0
54043.34047433904,0
54048.34055209954,1
54053.34062986003,0
54058.34070762053,0
54063.340785381035,0
54068.34086314153,0
54073.340940902024,0
54078.341018662526,0
54083.34109642302,0
54088.341174183515,0
54093.34125194402,1
54098.34132970452,0
54103.34140746501,1
54108.34148522551,0
54113.34156298601,0
54118.341640746505,0
54123.341718507,0
54128.3417962675,0
54133.341874028,0
54138.34195178849,0
54143.34202954899,0
54148.342107309494,0
54153.34218506999,0
54158.34226283048,0
54163.342340590985,0
54168.34241835149,0
54173.342496111974,0
54178.342573872476,0
54183.34265163298,0
54188.34272939347,0
54193.34280715397,0
54198.34288491447,0
54203.34296267497,0
54208.34304043546,0
54213.34311819596,0
54218.34319595646,0
54223.34327371696,0
54228.34335147745,0
54233.34342923795,0
54238.34350699845,0
54243.34358475894,0
54248.343662519444,0
54253.343740279946,0
54258.34381804044,0
54263.343895800936,0
54268.34397356144,0
54273.34405132193,0
54278.34412908243,0
54283.34420684293,0
54288.34428460343,0
54293.344362363925,0
54298.34444012442,0
54303.34451788492,0
54308.344595645416,0
54313.34467340591,0
54318.34475116641,0
54323.344828926914,0
54328.3449066874,0
54333.344984447904,0
54338.345062208406,0
54343.3451399689,0
54348.345217729395,0
54353.3452954899,0
54358.3453732504,0
54363.345451010886,0
54368.34552877139,0
54373.34560653189,0
54378.345684292384,0
54383.34576205288,0
54388.34583981338,0
54393.34591757388,0
54398.34599533437,0
54403.34607309487,1
54408.346150855374,0
54413.34622861587,0
54418.34630637636,0
54423.346384136865,0
54428.34646189736,0
54433.346539657854,0
54438.346617418356,0
54443.34669517886,0
54448.34677293935,0
54453.34685069985,0
54458.34692846035,0
54463.34700622084,0
54468.34708398134,0
54473.34716174184,0
54478.34723950234,0
54483.34731726284,0
54488.34739502333,0
54493.34747278383,0
54498.34755054433,0
54503.34762830482,0
54508.347706065324,0
54513.347783825826,0
54518.34786158631,0
54523.347939346815,0
54528.34801710732,0
54533.34809486781,0
54538.348172628306,0
54543.34825038881,0
54548.34832814931,0
54553.3484059098,0
54558.3484836703,0
54563.3485614308,1
54568.348639191296,0
54573.34871695179,0
54578.34879471229,0
54583.348872472794,0
54588.34895023328,0
54593.34902799378,0
54598.349105754285,0
54603.34918351478,0
54608.349261275274,0
54613.349339035776,0
54618.34941679627,0
54623.349494556765,0
54628.34957231727,0
54633.34965007777,0
54638.349727838264,0
54643.34980559876,0
54648.34988335926,0
54653.349961119755,0
54658.35003888025,0
54663.35011664075,0
54668.35019440125,1
54673.35027216175,0
54678.35034992224,0
54683.350427682744,0
54688.35050544324,0
54693.35058320373,0
54698.350660964235,0
54703.35073872474,0
54708.350816485225,0
54713.35089424573,0
54718.35097200623,0
54723.35104976672,0
54728.35112752722,0
54733.35120528772,0
54738.35128304822,0
54743.35136080871,0
54748.35143856921,0
54753.35151632971,0
54758.35159409021,0
54763.3516718507,0
54768.3517496112,0
54773.351827371705,0
54778.35190513219,0
54783.351982892695,0
54788.3520606532,0
54793.35213841369,0
54798.352216174186,0
54803.35229393469,0
54808.35237169518,0
54813.35244945568,0
54818.35252721618,0
54823.35260497668,0
54828.352682737175,0
54833.35276049767,0
54838.35283825817,0
54843.352916018666,0
54848.35299377916,0
54853.35307153966,0
54858.353149300165,0
54863.35322706066,0
54868.353304821154,0
54873.353382581656,0
54878.35346034215,0
54883.353538102645,0
54888.35361586315,0
54893.35369362365,0
54898.353771384136,0
54903.35384914464,0
54908.35392690514,0
54913.354004665634,0
54918.35408242613,0
54923.35416018663,0
54928.35423794713,0
54933.35431570762,0
54938.35439346812,0
54943.354471228624,0
54948.35454898912,0
54953.35462674961,0
54958.354704510115,0
54963.35478227062,0
54968.354860031104,0
54973.354937791606,0
54978.35501555211,0
54983.3550933126,0
54988.3551710731,0
54993.3552488336,0
54998.355326594094,0
55003.35540435459,0
55008.35548211509,0
55013.35555987559,0
55018.35563763609,0
55023.35571539658,0
55028.35579315708,0
55033.35587091758,0
55038.35594867807,0
55043.356026438574,0
55048.356104199076,0
55053.35618195957,0
55058.356259720065,0
55063.35633748057,0
55068.35641524106,0
55073.35649300156,0
55078.35657076206,0
55083.35664852256,0
55088.35672628305,0
55093.35680404355,0
55098.35688180405,0
55103.356959564546,0
55108.35703732504,0
55113.35711508554,0
55118.357192846044,0
55123.35727060653,0
55128.35734836703,0
55133.357426127535,0
55138.35750388803,0
55143.357581648525,0
55148.35765940903,0
55153.35773716953,0
55158.357814930016,0
55163.35789269052,0
55168.35797045102,0
55173.358048211514,0
55178.35812597201,0
55183.35820373251,0
55188.358281493005,0
55193.3583592535,0
55198.358437014,1
55203.3585147745,0
55208.358592535,0
55213.35867029549,0
55218.358748055995,0
55223.35882581649,0
55228.358903576984,0
55233.358981337486,0
55238.35905909799,0
55243.35913685848,0
55248.35921461898,0
55253.35929237948,0
55258.35937013997,0
55263.35944790047,0
55268.35952566097,0
55273.35960342147,0
55278.35968118196,0
55283.35975894246,0
55288.35983670296,0
55293.35991446346,0
55298.35999222395,0
55303.360069984454,0
55308.360147744956,0
55313.36022550544,0
55318.360303265945,0
55323.36038102645,0
55328.36045878694,0
55333.360536547436,0
55338.36061430794,0
55343.36069206844,0
55348.36076982893,0
55353.36084758943,0
55358.36092534993,0
55363.361003110425,0
55368.36108087092,0
55373.36115863142,0
55378.36123639192,0
55383.36131415241,0
55388.36139191291,0
55393.361469673415,0
55398.36154743391,0
55403.361625194404,0
55408.361702954906,0
55413.3617807154,0
55418.361858475895,0
55423.3619362364,0
55428.3620139969,0
55433.36209175739,0
55438.36216951789,1
55443.36224727839,0
55448.362325038885,0
55453.36240279938,0
55458.36248055988,0
55463.36255832038,0
55468.36263608087,0
55473.36271384137,0
55478.362791601874,0
55483.36286936237,0
55488.36294712286,0
55493.363024883365,0
55498.36310264387,0
55503.363180404354,0
55508.363258164856,0
55513.36333592536,0
55518.36341368585,0
55523.36349144635,0
55528.36356920685,0
55533.363646967344,0
55538.36372472784,0
55543.36380248834,0
55548.36388024884,0
55553.36395800934,0
55558.36403576983,0
55563.36411353033,0
55568.36419129083,0
55573.36426905132,0
55578.364346811824,0
55583.364424572326,0
55588.36450233282,0
55593.364580093315,0
55598.36465785382,0
55603.36473561431,0
55608.36481337481,0
55613.36489113531,0
55618.36496889581,0
55623.3650466563,0
55628.3651244168,0
55633.3652021773,2
55638.365279937796,0
55643.36535769829,0
55648.36543545879,0
55653.365513219294,0
55658.36559097978,0
55663.36566874028,0
55668.365746500785,0
55673.36582426128,0
55678.365902021775,0
55683.36597978228,0
55688.36605754278,0
55693.366135303266,0
55698.36621306377,0
55703.36629082427,0
55708.366368584764,0
55713.36644634526,0
55718.36652410576,0
55723.366601866255,0
55728.36667962675,0
55733.36675738725,0
55738.36683514775,0
55743.36691290825,0
55748.36699066874,0
55753.367068429245,0
55758.36714618974,0
55763.367223950234,0
55768.367301710736,0
55773.36737947124,0
55778.36745723173,0
55783.36753499223,0
55788.36761275273,0
55793.36769051322,0
55798.36776827372,0
55803.36784603422,0
55808.36792379472,0
55813.36800155521,0
55818.36807931571,0
55823.36815707621,0
55828.36823483671,0
55833.3683125972,0
55838.368390357704,0
55843.368468118206,0
55848.36854587869,0
55853.368623639195,0
55858.3687013997,0
55863.36877916019,0
55868.368856920686,0
55873.36893468119,0
55878.36901244169,0
55883.36909020218,0
55888.36916796268,0
55893.36924572318,0
55898.369323483676,0
55903.36940124417,0
55908.36947900467,0
55913.36955676517,1
55918.36963452566,0
55923.36971228616,0
55928.369790046665,0
55933.36986780716,0
55938.369945567654,0
55943.370023328156,0
55948.37010108865,0
55953.370178849145,0
55958.37025660965,0
55963.37033437015,0
55968.370412130644,0
55973.37048989114,0
55978.37056765164,0
55983.370645412135,0
55988.37072317263,0
55993.37080093313,0
55998.37087869363,0
56003.37095645412,0
56008.37103421462,0
56013.371111975124,0
56018.37118973562,0
56023.37126749611,0
56028.371345256615,0
56033.37142301712,0
56038.371500777605,0
56043.37157853811,0
56048.37165629861,0
56053.3717340591,0
56058.3718118196,0
56063.3718895801,0
56068.3719673406,0
56073.37204510109,0
56078.37212286159,0
56083.37220062209,0
56088.37227838259,0
56093.37235614308,0
56098.37243390358,0
56103.37251166408,0
56108.37258942457,0
56113.372667185075,0
56118.37274494558,0
56123.37282270607,0
56128.372900466566,0
56133.37297822707,0
56138.37305598756,0
56143.37313374806,0
56148.37321150856,0
56153.37328926906,0
56158.373367029555,0
56163.37344479005,0
56168.37352255055,0
56173.373600311046,0
56178.37367807154,0
56183.37375583204,0
56188.373833592545,0
56193.37391135303,0
56198.373989113534,0
56203.374066874036,1
56208.37414463453,0
56213.374222395025,0
56218.37430015553,0
56223.37437791603,0
56228.374455676516,0
56233.37453343702,0
56238.37461119752,0
56243.374688958014,0
56248.37476671851,0
56253.37484447901,0
56258.37492223951,0
56263.375,1
56268.3750777605,0
56273.375155521004,0
56278.3752332815,0
56283.37531104199,0
56288.375388802495,0
56293.37546656299,0
56298.375544323484,0
56303.375622083986,0
56308.37569984449,0
56313.37577760498,0
56318.37585536548,0
56323.37593312598,0
56328.37601088647,0
56333.37608864697,0
56338.37616640747,0
56343.37624416797,0
56348.37632192847,0
56353.37639968896,0
56358.37647744946,0
56363.37655520996,0
56368.37663297045,0
56373.376710730954,0
56378.376788491456,0
56383.37686625194,0
56388.376944012445,0
56393.37702177295,0
56398.37709953344,0
56403.377177293936,0
56408.37725505444,0
56413.37733281494,0
56418.37741057543,0
56423.37748833593,0
56428.37756609643,0
56433.377643856926,0
56438.37772161742,0
56443.37779937792,0
56448.377877138424,0
56453.37795489891,0
56458.37803265941,0
56463.378110419915,0
56468.37818818041,0
56473.378265940904,1
56478.378343701406,0
56483.3784214619,0
56488.378499222395,0
56493.3785769829,0
56498.3786547434,0
56503.378732503894,0
56508.37881026439,0
56513.37888802489,0
56518.378965785385,0
56523.37904354588,0
56528.37912130638,0
56533.37919906688,0
56538.37927682738,0
56543.37935458787,0
56548.379432348374,0
56553.37951010887,0
56558.37958786936,0
56563.379665629865,0
56568.37974339037,0
56573.379821150855,0
56578.37989891136,0
56583.37997667186,0
56588.38005443235,0
56593.38013219285,0
56598.38020995335,0
56603.38028771385,0
56608.38036547434,0
56613.38044323484,0
56618.38052099534,0
56623.38059875584,0
56628.38067651633,0
56633.38075427683,0
56638.380832037335,0
56643.38090979782,0
56648.380987558325,0
56653.38106531883,0
56658.38114307932,0
56663.381220839816,0
56668.38129860032,0
56673.38137636081,0
56678.38145412131,0
56683.38153188181,1
56688.38160964231,0
56693.381687402805,0
56698.3817651633,0
56703.3818429238,0
56708.381920684296,0
56713.38199844479,0
56718.38207620529,0
56723.382153965795,0
56728.38223172629,0
56733.382309486784,0
56738.382387247286,0
56743.38246500778,0
56748.382542768275,0
56753.38262052878,0
56758.38269828928,0
56763.382776049766,0
56768.38285381027,0
56773.38293157077,0
56778.383009331264,0
56783.38308709176,0
56788.38316485226,0
56793.38324261276,0
56798.38332037325,0
56803.38339813375,0
56808.383475894254,0
56813.38355365475,0
56818.38363141524,0
56823.383709175745,0
56828.38378693625,0
56833.383864696734,0
56838.383942457236,0
56843.38402021774,0
56848.38409797823,0
56853.38417573873,0
56858.38425349923,0
56863.384331259724,0
56868.38440902022,0
56873.38448678072,0
56878.38456454122,0
56883.38464230172,0
56888.38472006221,0
56893.38479782271,0
56898.38487558321,0
56903.3849533437,0
56908.385031104204,0
56913.385108864706,0
56918.3851866252,0
56923.385264385695,1
56928.3853421462,0
56933.38541990669,0
56938.38549766719,0
56943.38557542769,0
56948.38565318819,0
56953.38573094868,0
56958.38580870918,0
56963.38588646968,0
56968.385964230176,0
56973.38604199067,0
56978.38611975117,0
56983.386197511674,1
56988.38627527216,0
56993.38635303266,0
56998.386430793165,0
57003.38650855366,0
57008.386586314155,0
57013.38666407466,0
57018.38674183516,0
57023.386819595646,0
57028.38689735615,0
57033.38697511665,0
57038.387052877144,0
57043.38713063764,0
57048.38720839814,0
57053.387286158635,0
57058.38736391913,0
57063.38744167963,0
57068.38751944013,0
57073.38759720063,0
57078.38767496112,0
57083.387752721625,0
57088.38783048212,0
57093.387908242614,0
57098.387986003116,0
57103.38806376362,0
57108.38814152411,0
57113.38821928461,0
57118.38829704511,0
57123.3883748056,0
57128.3884525661,0
57133.3885303266,0
57138.3886080871,0
57143.38868584759,0
57148.38876360809,0
57153.38884136859,0
57158.38891912909,0
57163.38899688958,0
57168.389074650084,0
57173.389152410586,0
57178.38923017107,0
57183.389307931575,0
57188.38938569208,0
57193.38946345257,0
57198.389541213066,0
57203.38961897357,0
57208.38969673406,0
57213.38977449456,0
57218.38985225506,0
57223.38993001556,0
57228.390007776055,0
57233.39008553655,0
57238.39016329705,0
57243.39024105755,0
57248.39031881804,0
57253.39039657854,0
57258.390474339045,0
57263.39055209954,0
57268.390629860034,0
57273.390707620536,0
57278.39078538103,0
57283.390863141525,0
57288.39094090203,0
57293.39101866253,0
57298.391096423016,0
57303.39117418352,0
57308.39125194402,0
57313.391329704515,0
57318.39140746501,0
57323.39148522551,0
57328.39156298601,0
57333.3916407465,0
57338.391718507,0
57343.391796267504,0
57348.391874028,0
57353.39195178849,0
57358.392029548995,0
57363.3921073095,0
57368.392185069984,0
57373.392262830486,0
57378.39234059099,0
57383.39241835148,0
57388.39249611198,1
57393.39257387248,0
57398.392651632974,0
57403.39272939347,0
57408.39280715397,0
57413.39288491447,0
57418.39296267497,0
57423.39304043546,0
57428.39311819596,0
57433.39319595646,0
57438.39327371695,0
57443.393351477454,0
57448.393429237956,0
57453.39350699845,0
57458.393584758946,0
57463.39366251945,0
57468.39374027994,0
57473.39381804044,0
57478.39389580094,0
57483.39397356144,0
57488.39405132193,0
57493.39412908243,0
57498.39420684293,0
57503.394284603426,0
57508.39436236392,0
57513.39444012442,0
57518.394517884924,0
57523.39459564541,0
57528.39467340591,0
57533.394751166416,0
57538.39482892691,0
57543.394906687405,0
57548.39498444791,0
57553.39506220841,0
57558.395139968896,0
57563.3952177294,0
57568.3952954899,0
57573.395373250394,0
57578.39545101089,0
57583.39552877139,0
57588.395606531885,0
57593.39568429238,0
57598.39576205288,0
57603.395839813384,0
57608.39591757388,0
57613.39599533437,0
57618.396073094875,0
57623.39615085537,0
57628.396228615864,0
57633.396306376366,0
57638.39638413687,0
57643.39646189736,0
57648.39653965786,0
57653.39661741836,0
57658.39669517885,0
57663.39677293935,0
57668.39685069985,0
57673.39692846035,0
57678.39700622084,0
57683.39708398134,0
57688.39716174184,0
57693.39723950234,0
57698.39731726283,0
57703.397395023334,0
57708.397472783836,0
57713.39755054432,0
57718.397628304825,0
57723.39770606533,0
57728.39778382582,0
57733.397861586316,0
57738.39793934682,0
57743.39801710732,0
57748.39809486781,0
57753.39817262831,0
57758.39825038881,0
57763.398328149306,0
57768.3984059098,0
57773.3984836703,0
57778.3985614308,0
57783.39863919129,0
57788.39871695179,0
57793.398794712295,0
57798.39887247279,0
57803.398950233284,0
57808.399027993786,0
57813.39910575428,0
57818.399183514775,0
57823.39926127528,0
57828.39933903578,0
57833.399416796274,0
57838.39949455677,0
57843.39957231727,0
57848.399650077765,0
57853.39972783826,0
57858.39980559876,0
57863.39988335926,0
57868.39996111975,0
57873.40003888025,0
57878.400116640754,0
57883.40019440125,0
57888.40027216174,0
57893.400349922245,0
57898.40042768275,0
57903.400505443235,0
57908.40058320374,0
57913.40066096424,0
57918.40073872473,0
57923.40081648523,0
57928.40089424573,0
57933.40097200623,0
57938.40104976672,0
57943.40112752722,0
57948.40120528772,0
57953.40128304822,0
57958.40136080871,0
57963.40143856921,0
57968.40151632971,0
57973.4015940902,0
57978.401671850705,0
57983.40174961121,0
57988.4018273717,0
57993.401905132196,0
57998.4019828927,0
58003.40206065319,0
58008.40213841369,0
58013.40221617419,0
58018.40229393469,0
58023.402371695185,0
58028.40244945568,0
58033.40252721618,0
58038.402604976676,0
58043.40268273717,0
58048.40276049767,0
58053.402838258175,0
58058.40291601866,0
58063.402993779164,0
58068.403071539666,0
58073.40314930016,0
58078.403227060655,0
58083.40330482116,0
58088.40338258166,0
58093.403460342146,0
58098.40353810265,0
58103.40361586315,0
58108.403693623644,0
58113.40377138414,0
58118.40384914464,0
58123.40392690514,0
58128.40400466563,0
58133.40408242613,0
58138.404160186634,0
58143.40423794713,0
58148.40431570762,0
58153.404393468125,0
58158.40447122862,0
58163.404548989114,0
58168.404626749616,0
58173.40470451012,0
58178.40478227061,0
58183.40486003111,0
58188.40493779161,0
58193.4050155521,0
58198.4050933126,0
58203.4051710731,0
58208.4052488336,0
58213.4053265941,0
58218.40540435459,0
58223.40548211509,0
58228.40555987559,0
58233.40563763608,0
58238.405715396584,0
58243.405793157086,0
58248.40587091757,0
58253.405948678075,0
58258.40602643858,0
58263.40610419907,0
58268.406181959566,0
58273.40625972007,0
58278.40633748057,0
58283.40641524106,0
58288.40649300156,0
58293.40657076206,0
58298.406648522556,0
58303.40672628305,0
58308.40680404355,0
58313.406881804054,0
58318.40695956454,0
58323.40703732504,0
58328.407115085545,0
58333.40719284604,0
58338.407270606534,0
58343.407348367036,0
58348.40742612753,0
58353.407503888026,0
58358.40758164853,0
58363.40765940903,0
58368.407737169524,0
58373.40781493002,0
58378.40789269052,0
58383.407970451015,0
58388.40804821151,0
58393.40812597201,0
58398.40820373251,0
58403.40828149301,0
58408.4083592535,0
58413.408437014004,0
58418.4085147745,0
58423.408592534994,0
58428.408670295496,0
58433.408748056,0
58438.408825816485,0
58443.40890357699,0
58448.40898133749,0
58453.40905909798,0
58458.40913685848,0
58463.40921461898,0
58468.40929237948,0
58473.40937013997,0
58478.40944790047,0
58483.40952566097,0
58488.40960342147,0
58493.40968118196,0
58498.409758942464,0
58503.409836702966,0
58508.40991446345,0
58513.409992223955,0
58518.41006998446,0
58523.41014774495,0
58528.410225505446,0
58533.41030326595,0
58538.41038102644,0
58543.41045878694,0
58548.41053654744,0
58553.41061430794,0
58558.410692068435,0
58563.41076982893,0
58568.41084758943,0
58573.41092534993,0
58578.41100311042,0
58583.41108087092,0
58588.411158631425,0
58593.41123639192,0
58598.411314152414,0
58603.411391912916,0
58608.41146967341,0
58613.411547433905,0
58618.41162519441,0
58623.41170295491,0
58628.411780715396,0
58633.4118584759,0
58638.4119362364,0
58643.412013996895,0
58648.41209175739,0
58653.41216951789,0
58658.41224727839,0
58663.41232503888,0
58668.41240279938,0
58673.412480559884,0
58678.41255832038,0
58683.41263608087,0
58688.412713841375,0
58693.41279160188,0
58698.412869362364,0
58703.412947122866,0
58708.41302488337,0
58713.41310264386,0
58718.41318040436,0
58723.41325816486,0
58728.413335925354,0
58733.41341368585,0
58738.41349144635,0
58743.41356920685,0
58748.41364696735,0
58753.41372472784,0
58758.41380248834,0
58763.41388024884,0
58768.41395800933,0
58773.414035769834,0
58778.414113530336,0
58783.41419129083,0
58788.414269051325,0
58793.41434681183,0
58798.41442457232,0
58803.41450233282,0
58808.41458009332,0
58813.41465785382,0
58818.41473561431,0
58823.41481337481,0
58828.41489113531,0
58833.414968895806,0
58838.4150466563,0
58843.4151244168,0
58848.415202177304,0
58853.41527993779,0
58858.41535769829,0
58863.415435458795,0
58868.41551321929,0
58873.415590979785,0
58878.41566874029,0
58883.41574650078,0
58888.415824261276,0
58893.41590202178,0
58898.41597978228,0
58903.416057542774,0
58908.41613530327,0
58913.41621306377,0
58918.416290824265,0
58923.41636858476,0
58928.41644634526,0
58933.41652410576,0
58938.41660186626,0
58943.41667962675,0
58948.416757387255,0
58953.41683514775,0
58958.416912908244,0
58963.416990668746,0
58968.41706842925,0
58973.417146189735,0
58978.41722395024,0
58983.41730171074,0
58988.41737947123,0
58993.41745723173,0
58998.41753499223,0
59003.41761275273,0
59008.41769051322,0
59013.41776827372,0
59018.41784603422,0
59023.41792379472,0
59028.41800155521,0
59033.418079315714,0
59038.418157076216,0
59043.4182348367,0
59048.418312597205,0
59053.41839035771,0
59058.4184681182,0
59063.418545878696,0
59068.4186236392,0
59073.41870139969,0
59078.41877916019,0
59083.41885692069,0
59088.41893468119,0
59093.419012441685,0
59098.41909020218,0
59103.41916796268,0
59108.41924572318,0
59113.41932348367,0
59118.41940124417,0
59123.419479004675,0
59128.41955676517,0
59133.419634525664,0
59138.419712286166,1
59143.41979004666,0
59148.419867807155,0
59153.41994556766,0
59158.42002332816,0
59163.420101088646,0
59168.42017884915,0
59173.42025660965,0
59178.420334370145,0
59183.42041213064,0
59188.42048989114,0
59193.42056765164,0
59198.42064541213,0
59203.42072317263,0
59208.420800933134,0
59213.42087869363,0
59218.42095645412,0
59223.421034214625,0
59228.42111197513,0
59233.421189735614,0
59238.421267496116,0
59243.42134525662,0
59248.42142301711,0
59253.42150077761,0
59258.42157853811,0
59263.421656298604,0
59268.4217340591,0
59273.4218118196,0
59278.4218895801,0
59283.4219673406,0
59288.42204510109,0
59293.42212286159,0
59298.42220062209,0
59303.42227838258,0
59308.422356143084,0
59313.422433903586,0
59318.42251166408,0
59323.422589424576,0
59328.42266718508,0
59333.42274494557,0
59338.42282270607,0
59343.42290046657,0
59348.42297822707,0
59353.42305598756,0
59358.42313374806,0
59363.42321150856,0
59368.423289269056,0
59373.42336702955,0
59378.42344479005,0
59383.423522550554,0
59388.42360031104,0
59393.423678071544,0
59398.423755832046,0
59403.42383359254,0
59408.423911353035,0
59413.42398911354,0
59418.42406687404,0
59423.424144634526,0
59428.42422239503,0
59433.42430015553,0
59438.424377916024,0
59443.42445567652,0
59448.42453343702,0
59453.424611197515,0
59458.42468895801,0
59463.42476671851,0
59468.424844479014,0
59473.42492223951,0
59478.425,0
59483.425077760505,0
59488.425155521,0
59493.425233281494,0
59498.425311041996,0
59503.4253888025,0
59508.42546656299,0
59513.42554432349,0
59518.42562208399,0
59523.42569984448,0
59528.42577760498,0
59533.42585536548,0
59538.42593312598,0
59543.42601088647,0
59548.42608864697,0
59553.42616640747,0
59558.42624416797,0
59563.42632192846,0
59568.426399688964,0
59573.426477449466,0
59578.42655520995,0
59583.426632970455,0
59588.42671073096,0
59593.42678849145,0
59598.426866251946,0
59603.42694401245,0
59608.42702177295,0
59613.42709953344,0
59618.42717729394,0
59623.42725505444,0
59628.427332814936,0
59633.42741057543,0
59638.42748833593,0
59643.42756609643,0
59648.42764385692,0
59653.42772161742,0
59658.427799377925,0
59663.42787713842,0
59668.427954898914,0
59673.428032659416,0
59678.42811041991,0
59683.428188180405,0
59688.42826594091,0
59693.42834370141,0
59698.428421461904,0
59703.4284992224,0
59708.4285769829,0
59713.428654743395,0
59718.42873250389,0
59723.42881026439,0
59728.42888802489,0
59733.42896578538,0
59738.42904354588,0
59743.429121306384,0
59748.42919906688,0
59753.42927682737,0
59758.429354587875,0
59763.42943234838,0
59768.429510108865,0
59773.42958786937,0
59778.42966562987,0
59783.42974339036,0
59788.42982115086,0
59793.42989891136,0
59798.42997667186,0
59803.43005443235,0
59808.43013219285,0
59813.43020995335,0
59818.43028771385,0
59823.43036547434,0
59828.43044323484,0
59833.43052099534,0
59838.43059875583,0
59843.430676516335,0
59848.43075427684,0
59853.43083203733,0
59858.430909797826,0
59863.43098755833,0
59868.43106531882,0
59873.43114307932,0
59878.43122083982,0
59883.43129860032,0
59888.431376360815,0
59893.43145412131,0
59898.43153188181,0
59903.431609642306,0
59908.4316874028,0
59913.4317651633,0
59918.431842923805,0
59923.43192068429,0
59928.431998444794,0
59933.432076205296,0
59938.43215396579,0
59943.432231726285,0
59948.43230948679,0
59953.43238724729,0
59958.432465007776,0
59963.43254276828,0
59968.43262052878,0
59973.432698289274,0
59978.43277604977,0
59983.43285381027,0
59988.43293157077,0
59993.43300933126,0
59998.43308709176,0
60003.433164852264,0
60008.43324261276,0
60013.43332037325,0
60018.433398133755,0
60023.43347589425,0
60028.433553654744,0
60033.433631415246,0
60038.43370917575,0
60043.43378693624,0
60048.43386469674,0
60053.43394245724,0
60058.43402021773,0
60063.43409797823,0
60068.43417573873,0
60073.43425349923,0
60078.43433125973,0
60083.43440902022,0
60088.43448678072,0
60093.43456454122,0
60098.43464230171,0
60103.434720062214,0
60108.434797822716,0
60113.4348755832,0
60118.434953343705,0
60123.43503110421,0
60128.4351088647,0
60133.4351866252,0
60138.4352643857,0
60143.4353421462,0
60148.43541990669,0
60153.43549766719,0
60158.43557542769,0
60163.435653188186,0
60168.43573094868,0
60173.43580870918,0
60178.435886469684,0
60183.43596423017,0
60188.43604199067,0
60193.436119751175,0
60198.43619751167,0
60203.436275272164,0
60208.43635303267,0
60213.43643079316,0
60218.436508553656,0
60223.43658631416,0
60228.43666407466,0
60233.436741835154,0
60238.43681959565,0
60243.43689735615,0
60248.436975116645,0
60253.43705287714,0
60258.43713063764,0
60263.43720839814,0
60268.43728615864,0
60273.43736391913,0
60278.437441679635,0
60283.43751944013,0
60288.437597200624,0
60293.437674961126,0
60298.43775272163,0
60303.437830482115,0
60308.43790824262,0
60313.43798600312,0
60318.43806376361,0
60323.43814152411,0
60328.43821928461,0
60333.43829704511,0
60338.4383748056,0
60343.4384525661,0
60348.4385303266,0
60353.4386080871,0
60358.43868584759,0
60363.438763608094,0
60368.438841368596,0
60373.43891912908,0
60378.438996889585,0
60383.43907465009,0
60388.43915241058,0
60393.439230171076,0
60398.43930793158,0
60403.43938569207,0
60408.43946345257,0
60413.43954121307,0
60418.43961897357,0
60423.439696734065,0
60428.43977449456,0
60433.43985225506,0
60438.43993001556,0
60443.44000777605,0
60448.44008553655,0
60453.440163297055,0
60458.44024105755,0
60463.440318818044,0
60468.440396578546,0
60473.44047433904,0
60478.440552099535,0
60483.44062986004,0
60488.44070762054,0
60493.440785381026,0
60498.44086314153,0
60503.44094090203,0
60508.441018662525,0
60513.44109642302,0
60518.44117418352,0
60523.44125194402,0
60528.44132970451,0
60533.44140746501,0
60538.441485225514,0
60543.44156298601,0
60548.4416407465,0
60553.441718507005,0
60558.44179626751,0
60563.441874027994,0
60568.441951788496,0
60573.442029549,0
60578.44210730949,0
60583.44218506999,0
60588.44226283049,0
60593.442340590984,0
60598.44241835148,0
60603.44249611198,0
60608.44257387248,0
60613.44265163298,0
60618.44272939347,0
60623.44280715397,0
60628.44288491447,0
60633.44296267496,0
60638.443040435464,0
60643.443118195966,0
60648.44319595645,0
60653.443273716955,0
60658.44335147746,0
60663.44342923795,0
60668.44350699845,0
60673.44358475895,0
60678.44366251945,0
60683.44374027994,0
60688.44381804044,0
60693.44389580094,0
60698.443973561436,0
60703.44405132193,0
60708.44412908243,0
60713.444206842934,0
60718.44428460342,0
60723.44436236392,0
60728.444440124425,0
60733.44451788492,0
60738.444595645415,0
60743.44467340592,0
60748.44475116641,0
60753.444828926906,0
60758.44490668741,0
60763.44498444791,0
60768.445062208404,0
60773.4451399689,0
60778.4452177294,0
60783.445295489895,0
60788.44537325039,0
60793.44545101089,0
60798.44552877139,0
60803.44560653189,0
60808.44568429238,0
60813.445762052885,0
60818.44583981338,0
60823.445917573874,0
60828.445995334376,0
60833.44607309488,0
60838.446150855365,0
60843.44622861587,0
60848.44630637637,0
60853.44638413686,0
60858.44646189736,0
60863.44653965786,0
60868.44661741836,0
60873.44669517885,0
60878.44677293935,0
60883.44685069985,0
60888.44692846035,0
60893.44700622084,0
60898.447083981344,0
60903.447161741846,0
60908.44723950233,0
60913.447317262835,0
60918.44739502334,0
60923.44747278383,0
60928.447550544326,0
60933.44762830483,0
60938.44770606532,0
60943.44778382582,0
60948.44786158632,0
60953.44793934682,0
60958.448017107316,0
60963.44809486781,0
60968.44817262831,0
60973.44825038881,0
60978.4483281493,0
60983.4484059098,0
60988.448483670305,0
60993.4485614308,0
60998.448639191294,0
61003.448716951796,0
61008.44879471229,0
61013.448872472785,0
61018.44895023329,0
61023.44902799379,0
61028.44910575428,0
61033.44918351478,0
61038.44926127528,0
61043.449339035775,0
61048.44941679627,0
61053.44949455677,0
61058.44957231727,0
61063.44965007776,0
61068.44972783826,0
61073.449805598764,0
61078.44988335926,0
61083.44996111975,0
61088.450038880255,0
61093.45011664076,0
61098.450194401245,0
61103.45027216175,0
61108.45034992225,0
61113.45042768274,0
61118.45050544324,0
61123.45058320374,0
61128.450660964234,0
61133.45073872473,0
61138.45081648523,0
61143.45089424573,0
61148.45097200623,0
61153.45104976672,0
61158.45112752722,0
61163.45120528772,0
61168.45128304821,0
61173.451360808715,0
61178.45143856922,0
61183.45151632971,0
61188.451594090206,0
61193.45167185071,0
61198.4517496112,0
61203.4518273717,0
61208.4519051322,0
61213.4519828927,0
61218.45206065319,0
61223.45213841369,0
61228.45221617419,0
61233.452293934686,0
61238.45237169518,0
61243.45244945568,0
61248.452527216185,0
61253.45260497667,0
61258.452682737174,0
61263.452760497676,0
61268.45283825817,0
61273.452916018665,0
61278.45299377917,0
61283.45307153967,0
61288.453149300156,0
61293.45322706066,0
61298.45330482116,0
61303.453382581654,0
61308.45346034215,0
61313.45353810265,0
61318.453615863145,0
61323.45369362364,0
61328.45377138414,0
61333.453849144644,0
61338.45392690514,0
61343.45400466563,0
61348.454082426135,0
61353.45416018663,0
61358.454237947124,0
61363.454315707626,0
61368.45439346813,0
61373.45447122862,0
61378.45454898912,0
61383.45462674962,0
61388.45470451011,0
61393.45478227061,0
61398.45486003111,0
61403.45493779161,0
61408.4550155521,0
61413.4550933126,0
61418.4551710731,0
61423.4552488336,0
61428.45532659409,0
61433.455404354594,0
61438.455482115096,0
61443.45555987558,0
61448.455637636085,0
61453.45571539659,0
61458.45579315708,0
61463.455870917576,0
61468.45594867808,0
61473.45602643858,0
61478.45610419907,0
61483.45618195957,0
61488.45625972007,0
61493.456337480566,0
61498.45641524106,0
61503.45649300156,0
61508.45657076206,0
61513.45664852255,0
61518.45672628305,0
61523.456804043555,0
61528.45688180405,0
61533.456959564544,0
61538.457037325046,0
61543.45711508554,0
61548.457192846035,0
61553.45727060654,0
61558.45734836704,0
61563.457426127534,0
61568.45750388803,0
61573.45758164853,0
61578.457659409025,0
61583.45773716952,0
61588.45781493002,0
61593.45789269052,0
61598.45797045101,0
61603.45804821151,0
61608.458125972014,0
61613.45820373251,0
61618.458281493,0
61623.458359253505,0
61628.45843701401,0
61633.458514774495,0
61638.458592535,0
61643.4586702955,0
61648.45874805599,0
61653.45882581649,0
61658.45890357699,0
61663.45898133749,0
61668.45905909798,0
61673.45913685848,0
61678.45921461898,0
61683.45929237948,0
61688.45937013997,0
61693.45944790047,0
61698.45952566097,0
61703.45960342146,0
61708.459681181965,0
61713.45975894247,0
61718.45983670296,0
61723.459914463456,0
61728.45999222396,0
61733.46006998445,0
61738.46014774495,0
61743.46022550545,0
61748.46030326595,0
61753.460381026445,0
61758.46045878694,0
61763.46053654744,0
61768.460614307936,0
61773.46069206843,0
61778.46076982893,0
61783.460847589435,0
61788.46092534992,0
61793.461003110424,0
61798.461080870926,0
61803.46115863142,0
61808.461236391915,0
61813.46131415242,0
61818.46139191292,0
61823.461469673406,0
61828.46154743391,0
61833.46162519441,0
61838.461702954904,0
61843.4617807154,0
61848.4618584759,0
61853.4619362364,0
61858.46201399689,0
61863.46209175739,0
61868.462169517894,0
61873.46224727839,0
61878.46232503888,0
61883.462402799385,0
61888.46248055988,0
61893.462558320374,0
61898.462636080876,0
61903.46271384138,0
61908.46279160187,0
61913.46286936237,0
61918.46294712287,0
61923.463024883364,0
61928.46310264386,0
61933.46318040436,0
61938.46325816486,0
61943.46333592536,0
61948.46341368585,0
61953.46349144635,0
61958.46356920685,0
61963.46364696734,0
61968.463724727844,0
61973.463802488346,0
61978.46388024883,0
61983.463958009335,0
61988.46403576984,0
61993.46411353033,0
61998.46419129083,0
62003.46426905133,0
62008.46434681183,0
62013.46442457232,0
62018.46450233282,0
62023.46458009332,0
62028.464657853816,0
62033.46473561431,0
62038.46481337481,0
62043.464891135314,0
62048.4649688958,0
62053.4650466563,0
62058.465124416805,0
62063.4652021773,0
62068.465279937795,0
62073.4653576983,0
62078.46543545879,0
62083.465513219286,0
62088.46559097979,0
62093.46566874029,0
62098.465746500784,0
62103.46582426128,0
62108.46590202178,0
62113.465979782275,0
62118.46605754277,0
62123.46613530327,0
62128.46621306377,0
62133.46629082427,0
62138.46636858476,0
62143.466446345265,0
62148.46652410576,0
62153.466601866254,0
62158.466679626756,0
62163.46675738726,0
62168.466835147745,0
62173.46691290825,0
62178.46699066875,0
62183.46706842924,0
62188.46714618974,0
62193.46722395024,0
62198.46730171074,0
62203.46737947123,0
62208.46745723173,0
62213.46753499223,0
62218.46761275273,0
62223.46769051322,0
62228.467768273724,0
62233.467846034226,0
62238.46792379471,0
62243.468001555215,0
62248.46807931572,0
62253.46815707621,0
62258.468234836706,0
62263.46831259721,0
62268.4683903577,0
62273.4684681182,0
62278.4685458787,0
62283.4686236392,0
62288.468701399695,0
62293.46877916019,0
62298.46885692069,0
62303.46893468119,0
62308.46901244168,0
62313.46909020218,0
62318.469167962685,0
62323.46924572317,0
62328.469323483674,0
62333.469401244176,0
62338.46947900467,0
62343.469556765165,0
62348.46963452567,0
62353.46971228617,0
62358.469790046656,0
62363.46986780716,0
62368.46994556766,0
62373.470023328155,0
62378.47010108865,0
62383.47017884915,0
62388.47025660965,0
62393.47033437014,0
62398.47041213064,0
62403.470489891144,0
62408.47056765164,0
62413.47064541213,0
62418.470723172635,0
62423.47080093313,0
62428.470878693624,0
62433.470956454126,0
62438.47103421463,0
62443.47111197512,0
62448.47118973562,0
62453.47126749612,0
62458.471345256614,0
62463.47142301711,0
62468.47150077761,0
62473.47157853811,0
62478.47165629861,0
62483.4717340591,0
62488.4718118196,0
62493.4718895801,0
62498.47196734059,0
62503.472045101094,0
62508.472122861596,0
62513.47220062208,0
62518.472278382586,0
62523.47235614309,0
62528.47243390358,0
62533.47251166408,0
62538.47258942458,0
62543.47266718508,0
62548.47274494557,0
62553.47282270607,0
62558.47290046657,0
62563.472978227066,0
62568.47305598756,0
62573.47313374806,0
62578.473211508564,0
62583.47328926905,0
62588.47336702955,0
62593.473444790056,0
62598.47352255055,0
62603.473600311045,0
62608.47367807155,0
62613.47375583204,0
62618.473833592536,0
62623.47391135304,0
62628.47398911354,0
62633.474066874034,0
62638.47414463453,0
62643.47422239503,0
62648.474300155525,0
62653.47437791602,0
62658.47445567652,0
62663.47453343702,0
62668.47461119752,0
62673.47468895801,0
62678.474766718515,0
62683.47484447901,0
62688.474922239504,0
62693.475000000006,0
62698.47507776051,0
62703.475155520995,0
62708.4752332815,0
62713.475311042,0
62718.47538880249,0
62723.47546656299,0
62728.47554432349,0
62733.47562208399,0
62738.47569984448,0
62743.47577760498,0
62748.47585536548,0
62753.47593312598,0
62758.47601088647,0
62763.476088646974,0
62768.476166407476,0
62773.47624416796,0
62778.476321928465,0
62783.47639968897,0
62788.47647744946,0
62793.476555209956,0
62798.47663297046,0
62803.47671073095,0
62808.47678849145,0
62813.47686625195,0
62818.47694401245,0
62823.477021772946,0
62828.47709953344,0
62833.47717729394,0
62838.47725505444,0
62843.47733281493,0
62848.47741057543,0
62853.477488335935,0
62858.47756609643,0
62863.477643856924,0
62868.477721617426,0
62873.47779937792,0
62878.477877138415,0
62883.47795489892,0
62888.47803265942,0
62893.47811041991,0
62898.47818818041,0
62903.47826594091,0
62908.478343701405,0
62913.4784214619,0
62918.4784992224,0
62923.4785769829,0
62928.47865474339,0
62933.47873250389,0
62938.478810264394,0
62943.47888802489,0
62948.47896578538,0
62953.479043545885,0
62958.47912130639,0
62963.479199066875,0
62968.47927682738,0
62973.47935458788,0
62978.47943234837,0
62983.47951010887,0
62988.47958786937,0
62993.479665629864,0
62998.47974339036,0
63003.47982115086,0
63008.47989891136,0
63013.47997667186,0
63018.48005443235,0
63023.48013219285,0
63028.48020995335,0
63033.48028771384,0
63038.480365474345,0
63043.48044323485,0
63048.48052099534,0
63053.480598755836,0
63058.48067651634,0
63063.48075427683,0
63068.48083203733,0
63073.48090979783,0
63078.48098755833,0
63083.48106531882,0
63088.48114307932,0
63093.48122083982,0
63098.481298600316,0
63103.48137636081,0
63108.48145412131,0
63113.481531881815,0
63118.4816096423,0
63123.481687402804,0
63128.481765163306,0
63133.4818429238,0
63138.481920684295,0
63143.4819984448,0
63148.4820762053,0
63153.482153965786,0
63158.48223172629,0
63163.48230948679,0
63168.482387247284,0
63173.48246500778,0
63178.48254276828,0
63183.482620528775,0
63188.48269828927,0
63193.48277604977,0
63198.482853810274,0
63203.48293157077,0
63208.48300933126,0
63213.483087091765,0
63218.48316485226,0
63223.483242612754,0
63228.483320373256,0
63233.48339813376,0
63238.48347589425,0
63243.48355365475,0
63248.48363141525,0
63253.48370917574,0
63258.48378693624,0
63263.48386469674,0
63268.48394245724,0
63273.48402021773,0
63278.48409797823,0
63283.48417573873,0
63288.48425349923,0
63293.48433125972,0
63298.484409020224,0
63303.484486780726,0
63308.48456454121,0
63313.484642301715,0
63318.48472006222,0
63323.48479782271,0
63328.484875583206,0
63333.48495334371,0
63338.48503110421,0
63343.4851088647,0
63348.4851866252,0
63353.4852643857,0
63358.485342146196,0
63363.48541990669,0
63368.48549766719,0
63373.48557542769,0
63378.48565318818,0
63383.48573094868,0
63388.485808709185,0
63393.48588646968,0
63398.485964230174,0
63403.486041990676,0
63408.48611975117,0
63413.486197511666,0
63418.48627527217,0
63423.48635303267,0
63428.486430793164,0
63433.48650855366,0
63438.48658631416,0
63443.486664074655,0
63448.48674183515,0
63453.48681959565,0
63458.48689735615,0
63463.48697511664,0
63468.48705287714,0
63473.487130637644,0
63478.48720839814,0
63483.487286158634,0
63488.487363919136,0
63493.48744167964,0
63498.487519440125,0
63503.48759720063,0
63508.48767496113,0
63513.48775272162,0
63518.48783048212,0
63523.48790824262,0
63528.48798600312,0
63533.48806376361,0
63538.48814152411,0
63543.48821928461,0
63548.48829704511,0
63553.4883748056,0
63558.488452566104,0
63563.4885303266,0
63568.48860808709,0
63573.488685847595,0
63578.4887636081,0
63583.48884136859,0
63588.488919129086,0
63593.48899688959,0
63598.48907465008,0
63603.48915241058,0
63608.48923017108,0
63613.48930793158,0
63618.489385692075,0
63623.48946345257,0
63628.48954121307,0
63633.48961897357,0
63638.48969673406,0
63643.48977449456,0
63648.489852255065,0
63653.48993001555,0
63658.490007776054,0
63663.490085536556,0
63668.49016329705,0
63673.490241057545,0
63678.49031881805,0
63683.49039657855,0
63688.490474339036,0
63693.49055209954,0
63698.49062986004,0
63703.490707620535,0
63708.49078538103,0
63713.49086314153,0
63718.49094090203,0
63723.49101866252,0
63728.49109642302,0
63733.491174183524,0
63738.49125194402,0
63743.49132970451,0
63748.491407465015,0
63753.49148522551,0
63758.491562986004,0
63763.491640746506,0
63768.49171850701,0
63773.4917962675,0
63778.491874028,0
63783.4919517885,0
63788.492029548994,0
63793.49210730949,0
63798.49218506999,0
63803.49226283049,0
63808.49234059099,0
63813.49241835148,0
63818.49249611198,0
63823.49257387248,0
63828.49265163297,0
63833.492729393474,0
63838.492807153976,0
63843.49288491446,0
63848.492962674965,0
63853.49304043547,0
63858.49311819596,0
63863.49319595646,0
63868.49327371696,0
63873.49335147746,0
63878.49342923795,0
63883.49350699845,0
63888.49358475895,0
63893.493662519446,0
63898.49374027994,0
63903.49381804044,0
63908.493895800944,0
63913.49397356143,0
63918.49405132193,0
63923.494129082435,0
63928.49420684293,0
63933.494284603425,0
63938.49436236393,0
63943.49444012442,0
63948.494517884916,0
63953.49459564542,0
63958.49467340592,0
63963.494751166414,0
63968.49482892691,0
63973.49490668741,0
63978.494984447905,0
63983.4950622084,0
63988.4951399689,0
63993.4952177294,0
63998.4952954899,0
64003.49537325039,0
64008.495451010895,0
64013.49552877139,0
64018.495606531884,0
64023.495684292386,0
64028.49576205289,0
64033.495839813375,0
64038.49591757388,0
64043.49599533438,0
64048.49607309487,0
64053.49615085537,0
64058.49622861587,0
64063.49630637637,0
64068.49638413686,0
64073.49646189736,0
64078.49653965786,0
64083.49661741836,0
64088.49669517885,0
64093.496772939354,0
64098.49685069985,0
64103.49692846034,0
64108.497006220845,0
64113.49708398135,0
64118.49716174184,0
64123.497239502336,0
64128.49731726284,0
64133.49739502333,0
64138.49747278383,0
64143.49755054433,0
64148.49762830483,0
64153.497706065325,0
64158.49778382582,0
64163.49786158632,0
64168.49793934682,0
64173.49801710731,0
64178.49809486781,0
64183.498172628315,0
64188.4982503888,0
64193.498328149304,0
64198.498405909806,0
64203.4984836703,0
64208.498561430795,0
64213.4986391913,0
64218.4987169518,0
64223.498794712286,0
64228.49887247279,0
64233.49895023329,0
64238.499027993785,0
64243.49910575428,0
64248.49918351478,0
64253.49926127528,0
64258.49933903577,0
64263.49941679627,0
64268.499494556774,0
64273.49957231727,0
64278.49965007776,0
64283.499727838265,0
64288.49980559876,0
64293.499883359254,0
64298.499961119756,1
