bin_center,count
2.500075591503515,16585
7.500226774510544,7104
12.500377957517575,12787
17.500529140524606,18372
22.500680323531633,23546
27.500831506538663,26313
32.500982689545694,28322
37.50113387255273,29067
42.50128505555975,28924
47.50143623856678,28156
52.50158742157382,27203
57.50173860458084,26366
62.50188978758787,25039
67.5020409705949,23630
72.50219215360192,22298
77.50234333660896,20649
82.502494519616,18977
87.50264570262303,17462
92.50279688563005,16147
97.50294806863708,14593
102.5030992516441,13360
107.50325043465114,12008
112.50340161765817,10833
117.5035528006652,9764
122.50370398367222,8837
127.50385516667926,7915
132.50400634968628,6746
137.50415753269334,6024
142.50430871570035,5338
147.50445989870735,4803
152.50461108171442,4208
157.50476226472142,3676
162.50491344772848,3311
167.5050646307355,2650
172.50521581374255,2408
177.50536699674956,2044
182.50551817975656,1783
187.50566936276363,1544
192.50582054577063,1341
197.5059717287777,1163
202.5061229117847,947
207.50627409479173,774
212.50642527779877,681
217.50657646080577,595
222.50672764381284,494
227.50687882681984,395
232.5070300098269,372
237.5071811928339,299
242.50733237584092,240
247.50748355884798,197
252.507634741855,180
257.50778592486205,153
262.50793710786905,126
267.5080882908761,84
272.5082394738831,76
277.5083906568901,68
282.5085418398972,75
287.5086930229042,37
292.50884420591126,48
297.50899538891827,40
302.50914657192527,21
307.50929775493233,20
312.5094489379394,15
317.5096001209464,21
322.5097513039534,15
327.5099024869604,9
332.5100536699675,7
337.51020485297454,3
342.51035603598154,5
347.51050721898855,4
352.5106584019956,0
357.5108095850026,4
362.5109607680097,2
367.5111119510167,5
372.5112631340237,4
377.51141431703076,2
382.51156550003776,1
387.5117166830448,2
392.51186786605183,3
397.51201904905884,4
402.5121702320659,3
407.51232141507296,0
412.51247259807997,0
417.512623781087,2
422.512774964094,0
427.51292614710104,0
432.5130773301081,1
437.5132285131151,0
442.5133796961221,0
447.5135308791292,2
452.5136820621362,0
457.51383324514325,0
462.51398442815025,0
467.51413561115726,0
472.5142867941643,0
477.5144379771713,0
482.5145891601784,0
487.5147403431854,0
492.5148915261924,0
497.51504270919946,0
502.5151938922065,0
507.51534507521353,0
512.5154962582205,0
517.5156474412277,1
522.5157986242345,0
527.5159498072417,0
532.5161009902487,0
537.5162521732557,0
542.5164033562628,0
547.5165545392697,0
552.5167057222768,0
557.5168569052838,0
562.5170080882908,0
567.5171592712979,0
572.5173104543048,0
577.517461637312,0
582.517612820319,0
587.517764003326,0
592.5179151863331,1
597.51806636934,0
602.5182175523471,0
607.5183687353542,0
612.5185199183611,0
617.5186711013682,0
622.5188222843751,0
627.5189734673822,0
632.5191246503894,0
637.5192758333963,0
642.5194270164034,0
647.5195781994103,1
652.5197293824174,0
657.5198805654245,0
662.5200317484314,0
667.5201829314385,0
672.5203341144454,2
677.5204852974525,0
682.5206364804596,1
687.5207876634665,1
692.5209388464737,0
697.5210900294807,1
702.5212412124877,0
707.5213923954948,0
712.5215435785017,0
717.5216947615088,0
722.5218459445158,1
727.5219971275228,0
732.5221483105299,0
737.5222994935368,0
742.5224506765439,0
747.522601859551,0
752.522753042558,0
757.5229042255651,0
762.523055408572,0
767.5232065915791,0
772.5233577745861,0
777.5235089575931,1
782.5236601406002,0
787.5238113236071,0
792.5239625066142,0
797.5241136896213,1
802.5242648726282,0
807.5244160556354,0
812.5245672386422,0
817.5247184216494,1
822.5248696046565,0
827.5250207876634,1
832.5251719706705,0
837.5253231536774,0
842.5254743366845,0
847.5256255196916,0
852.5257767026985,0
857.5259278857056,0
862.5260790687125,1
867.5262302517197,0
872.5263814347268,0
877.5265326177337,0
882.5266838007408,1
887.5268349837478,0
892.5269861667548,0
897.5271373497619,0
902.5272885327688,1
907.5274397157759,0
912.5275908987829,0
917.5277420817899,0
922.5278932647971,1
927.528044447804,0
932.5281956308111,1
937.5283468138181,0
942.5284979968251,0
947.5286491798322,0
952.5288003628391,0
957.5289515458462,0
962.5291027288532,0
967.5292539118602,0
972.5294050948673,0
977.5295562778742,0
982.5297074608814,0
987.5298586438885,0
992.5300098268954,0
997.5301610099025,2
1002.5303121929094,0
1007.5304633759165,1
1012.5306145589236,1
1017.5307657419305,0
1022.5309169249376,0
1027.5310681079445,0
1032.5312192909516,0
1037.5313704739588,0
1042.5315216569657,0
1047.5316728399728,0
1052.53182402298,0
1057.5319752059868,0
1062.5321263889937,0
1067.532277572001,0
1072.532428755008,0
1077.5325799380148,0
1082.532731121022,1
1087.532882304029,0
1092.533033487036,0
1097.533184670043,0
1102.5333358530502,0
1107.533487036057,1
1112.533638219064,0
1117.5337894020713,0
1122.5339405850782,0
1127.534091768085,0
1132.5342429510922,0
1137.5343941340993,0
1142.5345453171062,0
1147.5346965001133,0
1152.5348476831205,1
1157.5349988661274,0
1162.5351500491342,0
1167.5353012321416,0
1172.5354524151485,0
1177.5356035981554,0
1182.5357547811625,0
1187.5359059641696,0
1192.5360571471765,0
1197.5362083301836,0
1202.5363595131907,0
1207.5365106961976,0
1212.5366618792048,0
1217.5368130622119,0
1222.5369642452188,0
1227.5371154282257,1
1232.537266611233,1
1237.53741779424,0
1242.5375689772468,0
1247.537720160254,0
1252.537871343261,0
1257.538022526268,0
1262.538173709275,0
1267.5383248922822,0
1272.538476075289,0
1277.538627258296,0
1282.5387784413033,0
1287.5389296243102,0
1292.539080807317,0
1297.5392319903242,0
1302.5393831733313,0
1307.5395343563382,0
1312.5396855393453,1
1317.5398367223524,0
1322.5399879053593,0
1327.5401390883662,0
1332.5402902713736,0
1337.5404414543805,0
1342.5405926373874,0
1347.5407438203945,0
1352.5408950034016,0
1357.5410461864085,1
1362.5411973694156,0
1367.5413485524227,0
1372.5414997354296,0
1377.5416509184367,1
1382.5418021014439,0
1387.5419532844508,1
1392.5421044674576,0
1397.542255650465,0
1402.542406833472,0
1407.5425580164788,0
1412.542709199486,0
1417.542860382493,0
1422.5430115655,0
1427.543162748507,0
1432.5433139315141,0
1437.543465114521,0
1442.543616297528,0
1447.5437674805353,0
1452.5439186635422,1
1457.544069846549,1
1462.5442210295562,0
1467.5443722125633,0
1472.5445233955702,0
1477.5446745785773,0
1482.5448257615844,1
1487.5449769445913,0
1492.5451281275982,0
1497.5452793106056,0
1502.5454304936125,1
1507.5455816766193,0
1512.5457328596265,1
1517.5458840426336,1
1522.5460352256405,1
1527.5461864086476,0
1532.5463375916547,0
1537.5464887746616,0
1542.5466399576685,0
1547.5467911406759,0
1552.5469423236827,0
1557.5470935066896,0
1562.547244689697,0
1567.5473958727039,0
1572.5475470557108,0
1577.5476982387179,0
1582.547849421725,0
1587.548000604732,0
1592.548151787739,0
1597.5483029707461,0
1602.548454153753,0
1607.54860533676,0
1612.5487565197673,0
1617.5489077027742,0
1622.549058885781,0
1627.5492100687882,0
1632.5493612517953,0
1637.5495124348022,0
1642.5496636178093,2
1647.5498148008164,0
1652.5499659838233,0
1657.5501171668302,0
1662.5502683498376,0
1667.5504195328444,0
1672.5505707158513,0
1677.5507218988585,0
1682.5508730818656,0
1687.5510242648725,0
1692.5511754478796,0
1697.5513266308867,0
1702.5514778138936,0
1707.5516289969005,1
1712.5517801799078,0
1717.5519313629147,0
1722.5520825459216,0
1727.5522337289287,0
1732.5523849119359,0
1737.5525360949428,0
1742.5526872779499,0
1747.552838460957,1
1752.5529896439639,0
1757.553140826971,0
1762.5532920099781,0
1767.553443192985,1
1772.553594375992,0
1777.5537455589993,0
1782.5538967420061,0
1787.554047925013,0
1792.5541991080202,0
1797.5543502910273,0
1802.5545014740342,0
1807.5546526570413,0
1812.5548038400484,1
1817.5549550230553,0
1822.5551062060622,0
1827.5552573890695,0
1832.5554085720764,0
1837.5555597550833,1
1842.5557109380904,0
1847.5558621210976,0
1852.5560133041045,0
1857.5561644871116,0
1862.5563156701187,0
1867.5564668531256,0
1872.5566180361325,0
1877.5567692191398,0
1882.5569204021467,0
1887.5570715851536,1
1892.5572227681607,0
1897.5573739511678,0
1902.5575251341747,0
1907.5576763171819,0
1912.557827500189,0
1917.5579786831959,0
1922.5581298662028,0
1927.55828104921,0
1932.558432232217,0
1937.558583415224,0
1942.5587345982312,0
1947.5588857812381,0
1952.559036964245,0
1957.5591881472521,0
1962.5593393302593,0
1967.5594905132662,0
1972.5596416962733,0
1977.5597928792804,0
1982.5599440622873,1
1987.5600952452942,1
1992.5602464283015,0
1997.5603976113084,0
2002.5605487943153,0
2007.5606999773224,0
2012.5608511603295,0
2017.5610023433364,0
2022.5611535263436,1
2027.5613047093507,0
2032.5614558923576,0
2037.5616070753645,0
2042.5617582583718,0
2047.5619094413787,0
2052.5620606243856,0
2057.5622118073925,0
2062.5623629904,0
2067.5625141734067,0
2072.562665356414,0
2077.562816539421,0
2082.562967722428,0
2087.5631189054347,1
2092.563270088442,0
2097.563421271449,0
2102.563572454456,0
2107.563723637463,0
2112.56387482047,0
2117.564026003477,0
2122.564177186484,1
2127.5643283694912,0
2132.564479552498,0
2137.5646307355055,0
2142.5647819185124,0
2147.5649331015193,0
2152.565084284526,0
2157.565235467533,0
2162.5653866505404,0
2167.5655378335473,0
2172.5656890165546,1
2177.5658401995615,0
2182.5659913825684,0
2187.5661425655753,0
2192.5662937485827,1
2197.5664449315896,1
2202.566596114597,0
2207.566747297604,1
2212.5668984806107,0
2217.5670496636176,1
2222.5672008466245,0
2227.567352029632,0
2232.5675032126387,1
2237.567654395646,0
2242.567805578653,0
2247.56795676166,0
2252.5681079446667,1
2257.568259127674,0
2262.568410310681,0
2267.568561493688,0
2272.568712676695,0
2277.568863859702,0
2282.569015042709,0
2287.569166225716,2
2292.5693174087232,1
2297.56946859173,0
2302.5696197747375,0
2307.5697709577444,0
2312.5699221407513,0
2317.570073323758,1
2322.570224506765,1
2327.5703756897724,0
2332.5705268727793,0
2337.5706780557866,0
2342.5708292387935,0
2347.5709804218004,0
2352.5711316048073,0
2357.5712827878147,1
2362.5714339708215,0
2367.5715851538284,0
2372.571736336836,0
2377.5718875198427,1
2382.5720387028496,0
2387.5721898858565,0
2392.572341068864,0
2397.5724922518707,0
2402.572643434878,0
2407.572794617885,0
2412.572945800892,0
2417.5730969838987,0
2422.573248166906,1
2427.573399349913,1
2432.57355053292,0
2437.573701715927,0
2442.573852898934,2
2447.574004081941,0
2452.574155264948,0
2457.574306447955,0
2462.574457630962,0
2467.5746088139695,0
2472.5747599969764,0
2477.5749111799832,0
2482.57506236299,0
2487.575213545997,0
2492.5753647290044,1
2497.5755159120113,0
2502.5756670950186,0
2507.5758182780255,0
2512.5759694610324,1
2517.5761206440393,0
2522.5762718270466,0
2527.5764230100535,0
2532.5765741930604,0
2537.5767253760678,0
2542.5768765590747,0
2547.5770277420816,0
2552.5771789250884,0
2557.577330108096,1
2562.5774812911027,0
2567.57763247411,0
2572.577783657117,0
2577.577934840124,0
2582.5780860231307,0
2587.578237206138,0
2592.578388389145,0
2597.578539572152,0
2602.578690755159,0
2607.578841938166,0
2612.578993121173,0
2617.57914430418,0
2622.579295487187,0
2627.579446670194,0
2632.5795978532014,0
2637.5797490362083,0
2642.5799002192152,0
2647.580051402222,0
2652.580202585229,0
2657.5803537682364,0
2662.5805049512433,0
2667.5806561342506,0
2672.5808073172575,0
2677.5809585002644,0
2682.5811096832713,0
2687.5812608662786,0
2692.5814120492855,0
2697.5815632322924,0
2702.5817144152998,0
2707.5818655983066,0
2712.5820167813135,0
2717.5821679643204,0
2722.582319147328,0
2727.5824703303347,0
2732.582621513342,0
2737.582772696349,0
2742.582923879356,0
2747.5830750623627,0
2752.58322624537,0
2757.583377428377,0
2762.583528611384,0
2767.583679794391,0
2772.583830977398,0
2777.583982160405,0
2782.584133343412,0
2787.584284526419,0
2792.584435709426,0
2797.5845868924334,0
2802.5847380754403,0
2807.584889258447,0
2812.585040441454,0
2817.585191624461,0
2822.5853428074684,0
2827.5854939904752,0
2832.5856451734826,0
2837.5857963564895,1
2842.5859475394964,0
2847.5860987225033,0
2852.5862499055106,0
2857.5864010885175,0
2862.5865522715244,0
2867.5867034545317,0
2872.5868546375386,0
2877.5870058205455,0
2882.5871570035524,0
2887.5873081865598,0
2892.5874593695667,0
2897.587610552574,0
2902.587761735581,0
2907.587912918588,0
2912.5880641015947,0
2917.5882152846016,1
2922.588366467609,1
2927.588517650616,0
2932.588668833623,0
2937.58882001663,0
2942.588971199637,0
2947.589122382644,0
2952.589273565651,0
2957.589424748658,0
2962.5895759316654,0
2967.5897271146723,0
2972.589878297679,0
2977.590029480686,0
2982.590180663693,0
2987.5903318467003,0
2992.5904830297072,0
2997.5906342127146,0
3002.5907853957215,0
3007.5909365787284,0
3012.5910877617353,0
3017.5912389447426,0
3022.5913901277495,0
3027.5915413107564,0
3032.5916924937637,0
3037.5918436767706,0
3042.5919948597775,0
3047.5921460427844,0
3052.5922972257918,0
3057.5924484087986,0
3062.592599591806,0
3067.592750774813,0
3072.59290195782,0
3077.5930531408267,0
3082.5932043238336,0
3087.593355506841,0
3092.593506689848,1
3097.593657872855,0
3102.593809055862,0
3107.593960238869,0
3112.594111421876,0
3117.594262604883,0
3122.59441378789,1
3127.5945649708974,0
3132.5947161539043,1
3137.594867336911,0
3142.595018519918,1
3147.595169702925,0
3152.5953208859323,0
3157.595472068939,0
3162.5956232519466,0
3167.5957744349535,0
3172.5959256179603,0
3177.5960768009672,0
3182.5962279839746,0
3187.5963791669815,0
3192.5965303499884,0
3197.5966815329957,0
3202.5968327160026,0
3207.5969838990095,0
3212.5971350820164,0
3217.5972862650237,0
3222.5974374480306,0
3227.597588631038,0
3232.597739814045,0
3237.5978909970518,0
3242.5980421800587,0
3247.5981933630655,0
3252.598344546073,0
3257.59849572908,0
3262.598646912087,0
3267.598798095094,0
3272.598949278101,0
3277.599100461108,0
3282.599251644115,0
3287.599402827122,0
3292.5995540101294,1
3297.5997051931363,0
3302.599856376143,0
3307.60000755915,0
3312.600158742157,0
3317.6003099251643,0
3322.600461108171,0
3327.6006122911785,1
3332.6007634741854,0
3337.6009146571923,0
3342.601065840199,0
3347.6012170232066,0
3352.6013682062135,0
3357.6015193892204,0
3362.6016705722277,0
3367.6018217552346,0
3372.6019729382415,0
3377.6021241212484,0
3382.6022753042557,0
3387.6024264872626,0
3392.60257767027,1
3397.602728853277,0
3402.6028800362838,0
3407.6030312192906,0
3412.6031824022975,0
3417.603333585305,0
3422.603484768312,0
3427.603635951319,0
3432.603787134326,0
3437.603938317333,0
3442.60408950034,0
3447.604240683347,0
3452.604391866354,0
3457.604543049361,0
3462.6046942323683,0
3467.604845415375,1
3472.604996598382,0
3477.605147781389,0
3482.6052989643963,0
3487.605450147403,0
3492.6056013304105,1
3497.6057525134174,0
3502.6059036964243,0
3507.606054879431,0
3512.6062060624386,0
3517.6063572454455,0
3522.6065084284523,0
3527.6066596114597,0
3532.6068107944666,0
3537.6069619774735,0
3542.6071131604804,0
3547.6072643434877,0
3552.6074155264946,0
3557.607566709502,0
3562.607717892509,0
3567.6078690755157,0
3572.6080202585226,0
3577.6081714415295,0
3582.608322624537,0
3587.6084738075438,0
3592.608624990551,0
3597.608776173558,0
3602.608927356565,0
3607.609078539572,0
3612.609229722579,0
3617.609380905586,0
3622.609532088593,0
3627.6096832716003,0
3632.609834454607,1
3637.609985637614,0
3642.610136820621,0
3647.6102880036283,0
3652.610439186635,0
3657.6105903696425,0
3662.6107415526494,2
3667.6108927356563,0
3672.611043918663,0
3677.6111951016705,0
3682.6113462846774,0
3687.6114974676843,0
3692.6116486506917,0
3697.6117998336986,0
3702.6119510167055,0
3707.6121021997124,0
3712.6122533827197,0
3717.6124045657266,0
3722.612555748734,0
3727.612706931741,0
3732.6128581147477,0
3737.6130092977546,0
3742.6131604807615,0
3747.613311663769,0
3752.6134628467757,0
3757.613614029783,1
3762.61376521279,0
3767.613916395797,0
3772.6140675788038,0
3777.614218761811,1
3782.614369944818,0
3787.614521127825,0
3792.6146723108322,0
3797.614823493839,0
3802.614974676846,0
3807.615125859853,0
3812.6152770428603,0
3817.615428225867,0
3822.6155794088745,0
3827.6157305918814,0
3832.6158817748883,0
3837.616032957895,0
3842.616184140902,0
3847.6163353239094,0
3852.6164865069163,0
3857.6166376899237,0
3862.6167888729306,0
3867.6169400559374,0
3872.6170912389443,0
3877.6172424219517,0
3882.6173936049586,0
3887.617544787966,0
3892.617695970973,0
3897.6178471539797,0
3902.6179983369866,0
3907.6181495199935,0
3912.618300703001,0
3917.6184518860077,0
3922.618603069015,0
3927.618754252022,0
3932.618905435029,0
3937.6190566180358,2
3942.619207801043,0
3947.61935898405,0
3952.619510167057,0
3957.6196613500642,0
3962.619812533071,0
3967.619963716078,0
3972.620114899085,0
3977.6202660820923,0
3982.620417265099,0
3987.6205684481065,0
3992.6207196311134,0
3997.6208708141203,0
4002.621021997127,0
4007.621173180134,0
4012.6213243631414,0
4017.6214755461483,0
4022.6216267291557,0
4027.6217779121625,0
4032.6219290951694,0
4037.6220802781763,0
4042.6222314611837,0
4047.6223826441906,1
4052.622533827198,0
4057.622685010205,0
4062.6228361932117,0
4067.6229873762186,0
4072.6231385592255,0
4077.623289742233,0
4082.6234409252397,0
4087.623592108247,0
4092.623743291254,0
4097.623894474261,0
4102.624045657268,0
4107.624196840275,0
4112.624348023282,0
4117.624499206289,0
4122.624650389296,0
4127.624801572303,0
4132.62495275531,0
4137.625103938317,0
4142.625255121324,1
4147.625406304331,0
4152.6255574873385,0
4157.625708670345,0
4162.625859853352,0
4167.626011036359,0
4172.626162219366,0
4177.626313402374,0
4182.626464585381,0
4187.626615768388,0
4192.6267669513945,1
4197.626918134401,0
4202.627069317408,0
4207.627220500415,0
4212.627371683422,0
4217.62752286643,0
4222.627674049437,0
4227.627825232444,0
4232.627976415451,0
4237.6281275984575,0
4242.628278781465,0
4247.628429964472,0
4252.628581147479,0
4257.628732330486,0
4262.628883513493,0
4267.6290346965,0
4272.629185879507,1
4277.6293370625135,0
4282.629488245521,0
4287.629639428528,0
4292.629790611535,0
4297.629941794542,0
4302.630092977549,1
4307.630244160556,0
4312.630395343564,0
4317.6305465265705,0
4322.630697709577,0
4327.630848892584,0
4332.631000075591,1
4337.631151258598,0
4342.631302441605,0
4347.631453624613,0
4352.63160480762,0
4357.6317559906265,0
4362.631907173633,0
4367.63205835664,0
4372.632209539647,1
4377.632360722655,0
4382.632511905662,1
4387.632663088669,0
4392.632814271676,0
4397.632965454683,0
4402.633116637689,0
4407.633267820696,0
4412.633419003704,0
4417.633570186711,0
4422.633721369718,0
4427.633872552725,0
4432.634023735732,0
4437.634174918739,0
4442.634326101746,1
4447.634477284753,0
4452.63462846776,0
4457.634779650767,0
4462.634930833774,0
4467.635082016781,0
4472.635233199788,0
4477.635384382795,0
4482.6355355658025,0
4487.635686748809,0
4492.635837931816,0
4497.635989114823,0
4502.63614029783,0
4507.636291480838,0
4512.636442663845,0
4517.636593846852,0
4522.6367450298585,1
4527.636896212865,0
4532.637047395872,0
4537.637198578879,0
4542.637349761886,0
4547.637500944894,0
4552.637652127901,0
4557.637803310908,0
4562.637954493915,0
4567.638105676921,0
4572.638256859929,0
4577.638408042936,0
4582.638559225943,0
4587.63871040895,0
4592.638861591957,0
4597.639012774964,0
4602.639163957971,1
4607.6393151409775,0
4612.639466323985,0
4617.639617506992,0
4622.639768689999,0
4627.639919873006,0
4632.640071056013,0
4637.64022223902,0
4642.640373422028,0
4647.640524605034,0
4652.640675788041,0
4657.640826971048,0
4662.640978154055,0
4667.641129337062,0
4672.641280520069,0
4677.641431703077,0
4682.641582886084,0
4687.6417340690905,0
4692.641885252097,0
4697.642036435104,1
4702.642187618111,0
4707.642338801119,0
4712.642489984126,0
4717.642641167133,0
4722.64279235014,0
4727.6429435331465,0
4732.643094716153,0
4737.64324589916,1
4742.643397082167,0
4747.643548265175,0
4752.643699448182,0
4757.643850631189,0
4762.644001814196,1
4767.644152997203,0
4772.64430418021,0
4777.644455363217,0
4782.644606546224,0
4787.644757729231,0
4792.644908912238,0
4797.645060095245,0
4802.645211278252,0
4807.645362461259,0
4812.645513644266,0
4817.645664827273,0
4822.64581601028,0
4827.645967193287,0
4832.646118376294,0
4837.646269559302,0
4842.646420742309,0
4847.646571925316,0
4852.6467231083225,0
4857.646874291329,0
4862.647025474336,0
4867.647176657343,0
4872.64732784035,0
4877.647479023358,0
4882.647630206365,0
4887.647781389372,1
4892.6479325723785,0
4897.648083755385,0
4902.648234938392,0
4907.6483861214,0
4912.648537304407,0
4917.648688487414,0
4922.648839670421,0
4927.648990853428,0
4932.649142036435,0
4937.6492932194415,0
4942.649444402449,0
4947.649595585456,1
4952.649746768463,0
4957.64989795147,0
4962.650049134477,1
4967.650200317484,0
4972.6503515004915,0
4977.650502683498,0
4982.650653866505,0
4987.650805049512,2
4992.650956232519,0
4997.651107415526,1
5002.651258598533,0
5007.651409781541,0
5012.651560964548,0
5017.6517121475545,0
5022.651863330561,0
5027.652014513568,1
5032.652165696575,0
5037.652316879583,0
5042.65246806259,0
5047.652619245597,0
5052.652770428604,2
5057.6529216116105,0
5062.653072794617,0
5067.653223977624,0
5072.653375160631,0
5077.653526343639,0
5082.653677526646,0
5087.653828709653,0
5092.65397989266,0
5097.654131075667,0
5102.654282258674,0
5107.654433441681,0
5112.654584624688,0
5117.654735807695,0
5122.654886990702,0
5127.655038173709,0
5132.655189356716,0
5137.655340539723,1
5142.65549172273,0
5147.655642905737,1
5152.655794088744,0
5157.655945271751,0
5162.656096454758,0
5167.656247637766,1
5172.656398820773,0
5177.65655000378,0
5182.656701186786,0
5187.656852369793,0
5192.6570035528,0
5197.657154735807,0
5202.657305918814,0
5207.657457101822,0
5212.657608284829,0
5217.657759467836,0
5222.6579106508425,0
5227.658061833849,0
5232.658213016856,0
5237.658364199864,0
5242.658515382871,0
5247.658666565878,0
5252.658817748885,0
5257.658968931892,0
5262.6591201148985,0
5267.659271297905,1
5272.659422480913,0
5277.65957366392,1
5282.659724846927,0
5287.659876029934,0
5292.660027212941,0
5297.660178395948,0
5302.6603295789555,0
5307.660480761962,0
5312.660631944969,0
5317.660783127976,0
5322.660934310983,0
5327.66108549399,0
5332.661236676997,0
5337.661387860005,0
5342.6615390430115,0
5347.661690226018,0
5352.661841409025,0
5357.661992592032,0
5362.662143775039,0
5367.662294958047,0
5372.662446141054,0
5377.662597324061,0
5382.662748507068,0
5387.6628996900745,1
5392.663050873081,0
5397.663202056088,0
5402.663353239095,1
5407.663504422103,0
5412.66365560511,0
5417.663806788117,0
5422.663957971124,0
5427.6641091541305,0
5432.664260337138,0
5437.664411520145,0
5442.664562703152,0
5447.664713886159,0
5452.664865069166,0
5457.665016252173,0
5462.66516743518,1
5467.665318618187,0
5472.665469801194,0
5477.665620984201,0
5482.665772167208,0
5487.665923350215,0
5492.666074533222,1
5497.66622571623,1
5502.666376899237,1
5507.6665280822435,0
5512.66667926525,0
5517.666830448257,1
5522.666981631264,0
5527.667132814271,0
5532.667283997278,0
5537.667435180286,0
5542.667586363293,0
5547.6677375463,0
5552.6678887293065,0
5557.668039912313,0
5562.66819109532,0
5567.668342278328,0
5572.668493461335,0
5577.668644644342,0
5582.668795827349,0
5587.668947010356,0
5592.6690981933625,0
5597.669249376369,0
5602.669400559377,1
5607.669551742384,0
5612.669702925391,0
5617.669854108398,0
5622.670005291405,0
5627.670156474412,0
5632.6703076574195,0
5637.670458840426,0
5642.670610023433,1
5647.67076120644,0
5652.670912389447,0
5657.671063572454,0
5662.671214755461,1
5667.671365938468,0
5672.6715171214755,1
5677.671668304482,0
5682.671819487489,0
5687.671970670496,0
5692.672121853503,0
5697.672273036511,0
5702.672424219518,0
5707.672575402525,0
5712.672726585532,0
5717.6728777685385,0
5722.673028951545,0
5727.673180134552,0
5732.673331317559,0
5737.673482500567,0
5742.673633683574,0
5747.673784866581,1
5752.673936049588,0
5757.6740872325945,0
5762.674238415602,0
5767.674389598609,0
5772.674540781616,1
5777.674691964623,0
5782.67484314763,1
5787.674994330637,0
5792.675145513644,0
5797.675296696651,0
5802.675447879658,1
5807.675599062665,0
5812.675750245672,0
5817.675901428679,0
5822.676052611686,0
5827.676203794693,0
5832.676354977701,1
5837.6765061607075,0
5842.676657343714,0
5847.676808526721,0
5852.676959709728,0
5857.677110892735,0
5862.677262075742,0
5867.67741325875,0
5872.677564441757,0
5877.677715624764,0
5882.67786680777,0
5887.678017990777,0
5892.678169173784,0
5897.678320356792,0
5902.678471539799,0
5907.678622722806,0
5912.678773905813,0
5917.67892508882,0
5922.6790762718265,0
5927.679227454833,0
5932.679378637841,0
5937.679529820848,0
5942.679681003855,0
5947.679832186862,0
5952.679983369869,0
5957.680134552876,0
5962.680285735883,0
5967.68043691889,0
5972.680588101897,0
5977.680739284904,0
5982.680890467911,1
5987.681041650918,0
5992.681192833925,0
5997.681344016932,1
6002.6814951999395,0
6007.681646382946,0
6012.681797565953,0
6017.68194874896,0
6022.682099931967,0
6027.682251114975,0
6032.682402297982,0
6037.682553480989,0
6042.6827046639955,0
6047.682855847002,0
6052.683007030009,0
6057.683158213016,0
6062.683309396023,0
6067.683460579031,0
6072.683611762038,0
6077.683762945045,0
6082.683914128052,0
6087.6840653110585,0
6092.684216494066,1
6097.684367677073,0
6102.68451886008,0
6107.684670043087,0
6112.684821226094,1
6117.684972409101,0
6122.685123592108,0
6127.6852747751145,0
6132.685425958122,0
6137.685577141129,1
6142.685728324136,0
6147.685879507143,0
6152.68603069015,0
6157.686181873157,0
6162.686333056165,0
6167.6864842391715,0
6172.686635422178,0
6177.686786605185,1
6182.686937788192,0
6187.687088971199,0
6192.687240154206,0
6197.687391337214,0
6202.687542520221,0
6207.6876937032275,0
6212.687844886234,0
6217.687996069241,1
6222.688147252248,0
6227.688298435256,0
6232.688449618263,0
6237.68860080127,0
6242.688751984277,1
6247.688903167284,0
6252.6890543502905,0
6257.689205533297,0
6262.689356716305,0
6267.689507899312,0
6272.689659082319,0
6277.689810265326,0
6282.689961448333,0
6287.69011263134,0
6292.690263814347,0
6297.690414997354,0
6302.690566180361,0
6307.690717363368,0
6312.690868546375,0
6317.691019729382,0
6322.691170912389,0
6327.691322095396,0
6332.6914732784035,0
6337.69162446141,0
6342.691775644417,0
6347.691926827424,0
6352.692078010431,1
6357.692229193439,0
6362.692380376446,0
6367.692531559453,0
6372.6926827424595,0
6377.692833925466,0
6382.692985108473,0
6387.69313629148,0
6392.693287474487,0
6397.693438657495,0
6402.693589840502,0
6407.693741023509,0
6412.693892206516,0
6417.694043389522,0
6422.69419457253,0
6427.694345755537,0
6432.694496938544,0
6437.694648121551,0
6442.694799304558,0
6447.694950487565,0
6452.695101670572,0
6457.6952528535785,0
6462.695404036586,0
6467.695555219593,0
6472.6957064026,0
6477.695857585607,0
6482.696008768614,0
6487.696159951621,0
6492.696311134629,0
6497.696462317635,0
6502.696613500642,0
6507.696764683649,0
6512.696915866656,3
6517.697067049663,0
6522.69721823267,0
6527.697369415678,1
6532.697520598685,0
6537.6976717816915,1
6542.697822964698,0
6547.697974147705,0
6552.698125330712,0
6557.69827651372,0
6562.698427696727,0
6567.698578879734,0
6572.698730062741,0
6577.6988812457475,0
6582.699032428754,0
6587.699183611761,0
6592.699334794769,0
6597.699485977776,0
6602.699637160783,0
6607.69978834379,0
6612.699939526797,0
6617.700090709804,0
6622.700241892811,0
6627.700393075818,0
6632.700544258825,0
6637.700695441832,0
6642.700846624839,0
6647.700997807846,0
6652.701148990853,1
6657.70130017386,0
6662.701451356867,0
6667.701602539874,0
6672.701753722881,0
6677.701904905888,0
6682.702056088895,0
6687.702207271903,0
6692.70235845491,0
6697.702509637917,0
6702.7026608209235,0
6707.70281200393,0
6712.702963186937,0
6717.703114369944,0
6722.703265552951,0
6727.703416735959,0
6732.703567918966,0
6737.703719101973,0
6742.7038702849795,0
6747.704021467986,0
6752.704172650993,0
6757.704323834001,1
6762.704475017008,0
6767.704626200015,0
6772.704777383022,0
6777.704928566029,1
6782.705079749036,0
6787.7052309320425,0
6792.70538211505,0
6797.705533298057,0
6802.705684481064,0
6807.705835664071,0
6812.705986847078,0
6817.706138030085,0
6822.7062892130925,1
6827.706440396099,0
6832.706591579106,0
6837.706742762113,0
6842.70689394512,0
6847.707045128127,0
6852.707196311134,0
6857.707347494142,0
6862.707498677149,0
6867.7076498601555,0
6872.707801043162,1
6877.707952226169,0
6882.708103409176,0
6887.708254592184,0
6892.708405775191,1
6897.708556958198,0
6902.708708141205,0
6907.7088593242115,1
6912.709010507218,0
6917.709161690225,0
6922.709312873232,0
6927.70946405624,0
6932.709615239247,0
6937.709766422254,0
6942.709917605261,0
6947.710068788268,0
6952.710219971275,0
6957.710371154282,0
6962.710522337289,0
6967.710673520296,0
6972.710824703303,0
6977.71097588631,0
6982.711127069317,0
6987.711278252324,0
6992.711429435331,1
6997.711580618338,0
7002.711731801345,0
7007.711882984352,0
7012.712034167359,0
7017.712185350367,0
7022.712336533374,0
7027.712487716381,0
7032.7126388993875,0
7037.712790082394,1
7042.712941265401,0
7047.713092448408,0
7052.713243631415,0
7057.713394814423,0
7062.71354599743,0
7067.713697180437,0
7072.7138483634435,0
7077.71399954645,0
7082.714150729457,0
7087.714301912465,0
7092.714453095472,0
7097.714604278479,0
7102.714755461486,0
7107.714906644493,0
7112.7150578275,0
7117.715209010506,0
7122.715360193514,0
7127.715511376521,0
7132.715662559528,0
7137.715813742535,0
7142.715964925542,0
7147.716116108549,0
7152.7162672915565,0
7157.716418474563,0
7162.71656965757,0
7167.716720840577,1
7172.716872023584,0
7177.717023206591,0
7182.717174389598,0
7187.717325572606,1
7192.717476755613,0
7197.717627938619,0
7202.717779121626,1
7207.717930304633,0
7212.71808148764,0
7217.718232670648,0
7222.718383853655,0
7227.718535036662,0
7232.718686219669,0
7237.7188374026755,0
7242.718988585682,0
7247.719139768689,0
7252.719290951696,0
7257.719442134704,0
7262.719593317711,0
7267.719744500718,0
7272.719895683725,0
7277.7200468667315,0
7282.720198049739,0
7287.720349232746,0
7292.720500415753,0
7297.72065159876,0
7302.720802781767,0
7307.720953964774,0
7312.721105147781,0
7317.721256330788,0
7322.721407513795,0
7327.721558696802,0
7332.721709879809,0
7337.721861062816,0
7342.722012245823,0
7347.722163428831,0
7352.722314611838,0
7357.7224657948445,1
7362.722616977851,0
7367.722768160858,0
7372.722919343865,0
7377.723070526872,0
7382.723221709879,0
7387.723372892887,0
7392.723524075894,0
7397.723675258901,0
7402.7238264419075,0
7407.723977624914,0
7412.724128807921,0
7417.724279990929,0
7422.724431173936,0
7427.724582356943,0
7432.72473353995,0
7437.724884722957,1
7442.7250359059635,0
7447.72518708897,0
7452.725338271978,0
7457.725489454985,0
7462.725640637992,0
7467.725791820999,0
7472.725943004006,1
7477.726094187013,0
7482.7262453700205,1
7487.726396553027,0
7492.726547736034,0
7497.726698919041,1
7502.726850102048,0
7507.727001285055,0
7512.727152468062,0
7517.72730365107,0
7522.7274548340765,0
7527.727606017083,0
7532.72775720009,0
7537.727908383097,1
7542.728059566104,0
7547.728210749112,1
7552.728361932119,0
7557.728513115126,0
7562.728664298133,0
7567.7288154811395,0
7572.728966664146,1
7577.729117847153,0
7582.72926903016,0
7587.729420213168,0
7592.729571396175,1
7597.729722579182,0
7602.729873762189,0
7607.7300249451955,0
7612.730176128203,0
7617.73032731121,0
7622.730478494217,0
7627.730629677224,0
7632.730780860231,0
7637.730932043238,0
7642.731083226245,0
7647.731234409252,0
7652.731385592259,0
7657.731536775266,0
7662.731687958273,0
7667.73183914128,0
7672.731990324287,0
7677.732141507294,0
7682.732292690302,0
7687.7324438733085,0
7692.732595056315,0
7697.732746239322,0
7702.732897422329,1
7707.733048605336,0
7712.733199788343,0
7717.733350971351,2
7722.733502154358,1
7727.733653337365,0
7732.733804520371,0
7737.733955703378,0
7742.734106886385,0
7747.734258069393,0
7752.7344092524,0
7757.734560435407,0
7762.734711618414,0
7767.734862801421,0
7772.7350139844275,0
7777.735165167434,0
7782.735316350442,0
7787.735467533449,0
7792.735618716456,0
7797.735769899463,0
7802.73592108247,0
7807.736072265477,1
7812.736223448484,0
7817.736374631491,0
7822.736525814498,0
7827.736676997505,0
7832.736828180512,0
7837.736979363519,0
7842.737130546526,0
7847.737281729533,0
7852.7374329125405,0
7857.737584095547,0
7862.737735278554,1
7867.737886461561,0
7872.738037644568,1
7877.738188827576,0
7882.738340010583,0
7887.73849119359,0
7892.7386423765965,0
7897.738793559603,0
7902.73894474261,0
7907.739095925617,0
7912.739247108624,0
7917.739398291632,0
7922.739549474639,0
7927.739700657646,0
7932.739851840653,1
7937.7400030236595,0
7942.740154206667,0
7947.740305389674,0
7952.740456572681,1
7957.740607755688,0
7962.740758938695,0
7967.740910121702,0
7972.741061304709,0
7977.7412124877155,0
7982.741363670723,0
7987.74151485373,0
7992.741666036737,0
7997.741817219744,0
8002.741968402751,0
8007.742119585758,0
8012.742270768766,0
8017.7424219517725,0
8022.742573134779,0
8027.742724317786,0
8032.742875500793,0
8037.7430266838,0
8042.743177866807,0
8047.743329049815,0
8052.743480232822,0
8057.7436314158285,0
8062.743782598835,0
8067.743933781842,0
8072.744084964849,0
8077.744236147857,0
8082.744387330864,1
8087.744538513871,0
8092.744689696878,0
8097.744840879885,0
8102.7449920628915,0
8107.745143245898,0
8112.745294428906,0
8117.745445611913,0
8122.74559679492,0
8127.745747977927,0
8132.745899160934,0
8137.746050343941,0
8142.746201526948,1
8147.746352709955,2
8152.746503892962,0
8157.746655075969,0
8162.746806258976,0
8167.746957441983,0
8172.74710862499,0
8177.747259807997,0
8182.7474109910045,0
8187.747562174011,0
8192.747713357017,0
8197.747864540026,0
8202.748015723031,0
8207.74816690604,0
8212.748318089045,0
8217.748469272054,0
8222.748620455059,0
8227.748771638067,0
8232.748922821076,0
8237.749074004081,0
8242.74922518709,1
8247.749376370095,1
8252.749527553104,0
8257.749678736109,0
8262.749829919117,0
8267.749981102123,0
8272.750132285131,1
8277.750283468136,0
8282.750434651145,1
8287.75058583415,0
8292.750737017159,0
8297.750888200168,0
8302.751039383173,0
8307.751190566181,0
8312.751341749186,0
8317.751492932195,0
8322.7516441152,0
8327.751795298209,0
8332.751946481214,0
8337.752097664223,0
8342.752248847228,1
8347.752400030236,0
8352.752551213242,0
8357.75270239625,0
8362.752853579259,0
8367.753004762264,1
8372.753155945273,0
8377.753307128278,1
8382.753458311287,0
8387.753609494292,0
8392.7537606773,1
8397.753911860305,0
8402.754063043314,0
8407.75421422632,0
8412.754365409328,0
8417.754516592333,0
8422.754667775342,0
8427.75481895835,0
8432.754970141355,0
8437.755121324364,0
8442.75527250737,1
8447.755423690378,0
8452.755574873383,0
8457.755726056392,0
8462.755877239397,0
8467.756028422406,0
8472.75617960541,1
8477.75633078842,0
8482.756481971424,0
8487.756633154433,1
8492.756784337442,0
8497.756935520447,0
8502.757086703456,0
8507.75723788646,0
8512.75738906947,0
8517.757540252474,0
8522.757691435483,0
8527.757842618488,0
8532.757993801497,0
8537.758144984502,0
8542.75829616751,0
8547.758447350516,0
8552.758598533524,0
8557.758749716531,0
8562.758900899538,1
8567.759052082547,0
8572.759203265552,0
8577.75935444856,0
8582.759505631566,0
8587.759656814575,1
8592.75980799758,0
8597.759959180588,1
8602.760110363593,0
8607.760261546602,1
8612.760412729607,0
8617.760563912616,0
8622.760715095623,0
8627.76086627863,0
8632.761017461638,0
8637.761168644643,0
8642.761319827652,1
8647.761471010657,0
8652.761622193666,0
8657.761773376671,0
8662.76192455968,0
8667.762075742685,0
8672.762226925694,1
8677.762378108699,0
8682.762529291707,0
8687.762680474714,0
8692.762831657721,1
8697.76298284073,0
8702.763134023735,0
8707.763285206744,0
8712.763436389749,0
8717.763587572757,0
8722.763738755762,0
8727.763889938771,0
8732.764041121776,0
8737.764192304785,0
8742.76434348779,0
8747.764494670799,0
8752.764645853806,0
8757.764797036813,0
8762.764948219821,0
8767.765099402826,0
8772.765250585835,0
8777.76540176884,0
8782.765552951849,0
8787.765704134854,0
8792.765855317863,0
8797.766006500868,0
8802.766157683876,0
8807.766308866881,0
8812.76646004989,0
8817.766611232897,0
8822.766762415904,0
8827.766913598913,0
8832.767064781918,0
8837.767215964926,0
8842.767367147932,0
8847.76751833094,0
8852.767669513945,0
8857.767820696954,0
8862.767971879959,0
8867.768123062968,0
8872.768274245973,0
8877.768425428982,0
8882.768576611987,0
8887.768727794995,0
8892.768878978004,0
8897.76903016101,1
8902.769181344018,0
8907.769332527023,0
8912.769483710032,0
8917.769634893037,0
8922.769786076045,0
8927.76993725905,0
8932.77008844206,0
8937.770239625064,0
8942.770390808073,0
8947.770541991078,0
8952.770693174087,1
8957.770844357095,0
8962.7709955401,0
8967.77114672311,1
8972.771297906114,1
8977.771449089123,0
8982.771600272128,0
8987.771751455137,0
8992.771902638142,0
8997.77205382115,0
9002.772205004156,0
9007.772356187164,0
9012.77250737017,0
9017.772658553178,0
9022.772809736187,1
9027.772960919192,0
9032.7731121022,0
9037.773263285206,0
9042.773414468214,0
9047.77356565122,0
9052.773716834228,0
9057.773868017233,0
9062.774019200242,0
9067.774170383247,0
9072.774321566256,0
9077.77447274926,0
9082.77462393227,0
9087.774775115278,0
9092.774926298283,0
9097.775077481292,0
9102.775228664297,0
9107.775379847306,0
9112.775531030311,0
9117.77568221332,0
9122.775833396325,0
9127.775984579333,0
9132.776135762339,0
9137.776286945347,1
9142.776438128352,1
9147.776589311361,0
9152.77674049437,0
9157.776891677375,0
9162.777042860384,1
9167.777194043389,0
9172.777345226397,0
9177.777496409402,0
9182.777647592411,0
9187.777798775416,1
9192.777949958425,0
9197.77810114143,0
9202.778252324439,0
9207.778403507444,0
9212.778554690452,0
9217.77870587346,1
9222.778857056466,0
9227.779008239475,0
9232.77915942248,1
9237.779310605489,0
9242.779461788494,0
9247.779612971503,0
9252.779764154508,0
9257.779915337516,1
9262.780066520521,0
9267.78021770353,0
9272.780368886535,0
9277.780520069544,0
9282.78067125255,0
9287.780822435558,0
9292.780973618566,0
9297.781124801571,0
9302.78127598458,0
9307.781427167585,0
9312.781578350594,1
9317.781729533599,0
9322.781880716608,0
9327.782031899613,0
9332.782183082621,0
9337.782334265627,2
9342.782485448635,1
9347.782636631642,0
9352.782787814649,0
9357.782938997658,0
9362.783090180663,0
9367.783241363672,1
9372.783392546677,0
9377.783543729685,0
9382.78369491269,0
9387.7838460957,0
9392.783997278704,1
9397.784148461713,0
9402.784299644718,0
9407.784450827727,0
9412.784602010734,0
9417.78475319374,0
9422.78490437675,1
9427.785055559754,0
9432.785206742763,0
9437.785357925768,0
9442.785509108777,0
9447.785660291782,0
9452.78581147479,0
9457.785962657796,0
9462.786113840804,0
9467.78626502381,1
9472.786416206818,0
9477.786567389823,0
9482.786718572832,0
9487.78686975584,0
9492.787020938846,0
9497.787172121854,0
9502.78732330486,0
9507.787474487868,0
9512.787625670873,0
9517.787776853882,0
9522.787928036887,0
9527.788079219896,0
9532.7882304029,0
9537.78838158591,0
9542.788532768915,0
9547.788683951923,1
9552.788835134932,0
9557.788986317937,0
9562.789137500946,0
9567.78928868395,0
9572.78943986696,0
9577.789591049965,0
9582.789742232973,0
9587.789893415978,0
9592.790044598987,0
9597.790195781992,0
9602.790346965001,0
9607.790498148006,0
9612.790649331015,0
9617.790800514023,0
9622.790951697029,0
9627.791102880037,0
9632.791254063042,1
9637.791405246051,0
9642.791556429056,2
9647.791707612065,0
9652.79185879507,0
9657.792009978079,0
9662.792161161084,0
9667.792312344092,0
9672.792463527097,0
9677.792614710106,0
9682.792765893115,0
9687.79291707612,0
9692.793068259129,0
9697.793219442134,1
9702.793370625142,0
9707.793521808147,0
9712.793672991156,0
9717.793824174161,0
9722.79397535717,0
9727.794126540175,0
9732.794277723184,0
9737.794428906189,0
9742.794580089198,0
9747.794731272206,0
9752.794882455211,0
9757.79503363822,0
9762.795184821225,0
9767.795336004234,0
9772.795487187239,0
9777.795638370248,0
9782.795789553253,0
9787.795940736261,0
9792.796091919266,0
9797.796243102275,0
9802.79639428528,0
9807.796545468289,0
9812.796696651296,0
9817.796847834303,0
9822.796999017311,0
9827.797150200317,0
9832.797301383325,0
9837.79745256633,0
9842.797603749339,0
9847.797754932344,0
9852.797906115353,0
9857.798057298358,0
9862.798208481367,0
9867.798359664372,0
9872.79851084738,1
9877.798662030387,0
9882.798813213394,0
9887.798964396403,2
9892.799115579408,1
9897.799266762417,0
9902.799417945422,0
9907.79956912843,0
9912.799720311436,0
9917.799871494444,0
9922.80002267745,0
9927.800173860458,0
9932.800325043463,1
9937.800476226472,0
9942.800627409479,0
9947.800778592486,0
9952.800929775494,0
9957.8010809585,0
9962.801232141508,0
9967.801383324513,0
9972.801534507522,0
9977.801685690527,0
9982.801836873536,0
9987.80198805654,0
9992.80213923955,0
9997.802290422555,0
10002.802441605563,1
10007.80259278857,0
10012.802743971577,0
10017.802895154586,0
10022.80304633759,0
10027.8031975206,0
10032.803348703605,0
10037.803499886613,0
10042.803651069618,0
10047.803802252627,1
10052.803953435632,0
10057.80410461864,0
10062.804255801646,0
10067.804406984655,1
10072.804558167662,0
10077.804709350668,0
10082.804860533677,1
10087.805011716682,0
10092.805162899691,0
10097.805314082696,0
10102.805465265705,0
10107.80561644871,0
10112.805767631718,1
10117.805918814724,0
10122.806069997732,0
10127.806221180737,0
10132.806372363746,0
10137.806523546751,0
10142.80667472976,1
10147.806825912769,0
10152.806977095774,0
10157.807128278782,0
10162.807279461787,0
10167.807430644796,0
10172.807581827801,0
10177.80773301081,0
10182.807884193815,0
10187.808035376824,0
10192.808186559829,0
10197.808337742837,0
10202.808488925843,0
10207.808640108851,0
10212.80879129186,1
10217.808942474865,0
10222.809093657874,0
10227.809244840879,0
10232.809396023888,0
10237.809547206893,0
10242.809698389901,0
10247.809849572906,0
10252.810000755915,0
10257.81015193892,0
10262.810303121929,0
10267.810454304934,0
10272.810605487943,0
10277.810756670951,0
10282.810907853956,0
10287.811059036965,0
10292.81121021997,0
10297.811361402979,0
10302.811512585984,0
10307.811663768993,0
10312.811814951998,0
10317.811966135007,0
10322.812117318012,0
10327.81226850102,0
10332.812419684025,0
10337.812570867034,0
10342.812722050043,1
10347.812873233048,0
10352.813024416057,0
10357.813175599062,0
10362.81332678207,0
10367.813477965075,0
10372.813629148084,0
10377.81378033109,1
10382.813931514098,0
10387.814082697103,0
10392.814233880112,0
10397.814385063117,0
10402.814536246125,0
10407.814687429132,0
10412.81483861214,0
10417.814989795148,0
10422.815140978153,0
10427.815292161162,0
10432.815443344167,0
10437.815594527176,0
10442.81574571018,0
10447.81589689319,0
10452.816048076194,0
10457.816199259203,0
10462.816350442208,0
10467.816501625217,0
10472.816652808224,0
10477.81680399123,1
10482.81695517424,0
10487.817106357244,0
10492.817257540253,0
10497.817408723258,0
10502.817559906267,1
10507.817711089272,1
10512.81786227228,0
10517.818013455286,0
10522.818164638295,0
10527.8183158213,0
10532.818467004308,0
10537.818618187315,0
10542.818769370322,0
10547.81892055333,0
10552.819071736336,1
10557.819222919345,0
10562.81937410235,0
10567.819525285358,0
10572.819676468363,0
10577.819827651372,0
10582.819978834377,0
10587.820130017386,0
10592.820281200391,0
10597.8204323834,0
10602.820583566407,0
10607.820734749414,1
10612.820885932422,0
10617.821037115427,0
10622.821188298436,0
10627.821339481441,0
10632.82149066445,0
10637.821641847455,0
10642.821793030464,0
10647.821944213469,0
10652.822095396477,0
10657.822246579482,0
10662.822397762491,0
10667.822548945498,0
10672.822700128505,0
10677.822851311514,0
10682.823002494519,0
10687.823153677527,0
10692.823304860533,0
10697.823456043541,0
10702.823607226546,0
10707.823758409555,0
10712.82390959256,0
10717.824060775569,0
10722.824211958574,0
10727.824363141583,0
10732.824514324588,0
10737.824665507596,0
10742.824816690605,0
10747.82496787361,0
10752.825119056619,0
10757.825270239624,0
10762.825421422633,0
10767.825572605638,2
10772.825723788646,0
10777.825874971652,0
10782.82602615466,0
10787.826177337665,0
10792.826328520674,0
10797.826479703679,0
10802.826630886688,0
10807.826782069696,0
10812.826933252702,0
10817.82708443571,1
10822.827235618715,0
10827.827386801724,0
10832.82753798473,0
10837.827689167738,0
10842.827840350743,0
10847.827991533752,0
10852.828142716757,1
10857.828293899765,0
10862.82844508277,0
10867.82859626578,0
10872.828747448788,0
10877.828898631793,0
10882.829049814802,0
10887.829200997807,0
10892.829352180815,1
10897.82950336382,0
10902.82965454683,0
10907.829805729834,0
10912.829956912843,0
10917.830108095848,0
10922.830259278857,0
10927.830410461862,1
10932.83056164487,1
10937.83071282788,1
10942.830864010884,0
10947.831015193893,1
10952.831166376898,0
10957.831317559907,0
10962.831468742912,0
10967.83161992592,1
10972.831771108926,0
10977.831922291934,0
10982.83207347494,1
10987.832224657948,0
10992.832375840953,0
10997.832527023962,0
11002.83267820697,0
11007.832829389976,0
11012.832980572985,0
11017.83313175599,0
11022.833282938998,0
11027.833434122003,0
11032.833585305012,0
11037.833736488017,0
11042.833887671026,1
11047.834038854031,0
11052.83419003704,0
11057.834341220045,0
11062.834492403053,0
11067.83464358606,1
11072.834794769067,0
11077.834945952076,0
11082.835097135081,0
11087.83524831809,0
11092.835399501095,0
11097.835550684104,0
11102.835701867109,1
11107.835853050117,1
11112.836004233122,0
11117.836155416131,0
11122.836306599136,0
11127.836457782145,0
11132.836608965152,0
11137.836760148159,0
11142.836911331167,0
11147.837062514172,0
11152.837213697181,0
11157.837364880186,0
11162.837516063195,0
11167.8376672462,0
11172.837818429209,0
11177.837969612214,0
11182.838120795222,1
11187.838271978228,0
11192.838423161236,1
11197.838574344243,0
11202.83872552725,1
11207.838876710259,0
11212.839027893264,0
11217.839179076273,0
11222.839330259278,0
11227.839481442286,0
11232.839632625291,0
11237.8397838083,1
11242.839934991305,0
11247.840086174314,0
11252.840237357319,0
11257.840388540328,0
11262.840539723335,0
11267.840690906341,0
11272.84084208935,0
11277.840993272355,0
11282.841144455364,1
11287.841295638369,0
11292.841446821378,0
11297.841598004383,0
11302.841749187392,0
11307.841900370397,1
11312.842051553405,0
11317.84220273641,0
11322.84235391942,0
11327.842505102424,1
11332.842656285433,0
11337.842807468442,0
11342.842958651447,0
11347.843109834455,0
11352.84326101746,0
11357.84341220047,0
11362.843563383474,0
11367.843714566483,0
11372.843865749488,0
11377.844016932497,0
11382.844168115502,0
11387.84431929851,0
11392.844470481516,0
11397.844621664524,1
11402.844772847533,0
11407.844924030538,0
11412.845075213547,0
11417.845226396552,0
11422.84537757956,0
11427.845528762566,0
11432.845679945574,1
11437.84583112858,0
11442.845982311588,0
11447.846133494593,0
11452.846284677602,0
11457.846435860607,0
11462.846587043616,0
11467.846738226624,0
11472.84688940963,0
11477.847040592638,0
11482.847191775643,0
11487.847342958652,1
11492.847494141657,0
11497.847645324666,0
11502.84779650767,2
11507.84794769068,0
11512.848098873685,0
11517.848250056693,0
11522.848401239698,0
11527.848552422707,0
11532.848703605716,0
11537.848854788721,0
11542.84900597173,0
11547.849157154735,0
11552.849308337743,0
11557.849459520748,0
11562.849610703757,0
11567.849761886762,0
11572.849913069771,0
11577.850064252776,0
11582.850215435785,0
11587.85036661879,0
11592.850517801799,0
11597.850668984807,1
11602.850820167812,0
11607.850971350821,0
11612.851122533826,0
11617.851273716835,0
11622.85142489984,0
11627.851576082849,1
11632.851727265854,0
11637.851878448862,0
11642.852029631867,0
11647.852180814876,0
11652.852331997881,0
11657.85248318089,1
11662.852634363897,0
11667.852785546904,1
11672.852936729912,0
11677.853087912918,0
11682.853239095926,0
11687.853390278931,0
11692.85354146194,0
11697.853692644945,0
11702.853843827954,0
11707.853995010959,0
11712.854146193968,0
11717.854297376973,1
11722.854448559981,0
11727.854599742988,0
11732.854750925995,1
11737.854902109004,1
11742.855053292009,0
11747.855204475018,0
11752.855355658023,0
11757.855506841031,0
11762.855658024037,0
11767.855809207045,0
11772.85596039005,0
11777.856111573059,1
11782.856262756064,0
11787.856413939073,0
11792.85656512208,0
11797.856716305087,0
11802.856867488095,0
11807.8570186711,0
11812.857169854109,1
11817.857321037114,0
11822.857472220123,0
11827.857623403128,0
11832.857774586137,2
11837.857925769142,0
11842.85807695215,0
11847.858228135156,0
11852.858379318164,0
11857.858530501171,0
11862.858681684178,0
11867.858832867187,0
11872.858984050192,0
11877.8591352332,1
11882.859286416206,0
11887.859437599214,0
11892.85958878222,0
11897.859739965228,0
11902.859891148233,0
11907.860042331242,0
11912.860193514247,0
11917.860344697256,0
11922.860495880263,0
11927.86064706327,0
11932.860798246278,0
11937.860949429283,0
11942.861100612292,0
11947.861251795297,0
11952.861402978306,0
11957.86155416131,0
11962.86170534432,0
11967.861856527325,0
11972.862007710333,0
11977.862158893338,0
11982.862310076347,0
11987.862461259352,0
11992.86261244236,0
11997.86276362537,0
12002.862914808375,0
12007.863065991383,1
12012.863217174388,0
12017.863368357397,1
12022.863519540402,0
12027.86367072341,0
12032.863821906416,0
12037.863973089425,0
12042.86412427243,0
12047.864275455438,0
12052.864426638444,0
12057.864577821452,0
12062.864729004461,0
12067.864880187466,0
12072.865031370475,0
12077.86518255348,0
12082.865333736489,0
12087.865484919494,0
12092.865636102502,0
12097.865787285507,0
12102.865938468516,0
12107.866089651521,0
12112.86624083453,0
12117.866392017535,1
12122.866543200544,1
12127.866694383552,0
12132.866845566557,0
12137.866996749566,1
12142.867147932571,0
12147.86729911558,0
12152.867450298585,0
12157.867601481594,0
12162.867752664599,0
12167.867903847608,0
12172.868055030613,0
12177.868206213621,0
12182.868357396626,0
12187.868508579635,1
12192.868659762644,0
12197.868810945649,1
12202.868962128658,1
12207.869113311663,0
12212.869264494671,0
12217.869415677676,0
12222.869566860685,1
12227.86971804369,0
12232.869869226699,0
12237.870020409704,0
12242.870171592713,0
12247.870322775718,1
12252.870473958727,0
12257.870625141735,0
12262.87077632474,0
12267.870927507749,0
12272.871078690754,0
12277.871229873763,0
12282.871381056768,0
12287.871532239777,0
12292.871683422782,0
12297.87183460579,0
12302.871985788795,0
12307.872136971804,0
12312.87228815481,0
12317.872439337818,0
12322.872590520825,0
12327.872741703832,0
12332.87289288684,0
12337.873044069845,0
12342.873195252854,0
12347.87334643586,0
12352.873497618868,0
12357.873648801873,0
12362.873799984882,0
12367.873951167887,0
12372.874102350896,0
12377.8742535339,0
12382.87440471691,1
12387.874555899916,0
12392.874707082923,0
12397.874858265932,0
12402.875009448937,0
12407.875160631946,0
12412.87531181495,0
12417.87546299796,0
12422.875614180964,0
12427.875765363973,1
12432.875916546978,0
12437.876067729987,0
12442.876218912992,0
12447.876370096,0
12452.876521279008,0
12457.876672462015,0
12462.876823645023,0
12467.876974828028,0
12472.877126011037,0
12477.877277194042,0
12482.87742837705,0
12487.877579560056,0
12492.877730743065,0
12497.87788192607,0
12502.878033109078,0
12507.878184292083,0
12512.878335475092,0
12517.878486658099,0
12522.878637841106,0
12527.878789024115,0
12532.87894020712,1
12537.879091390128,0
12542.879242573134,0
12547.879393756142,1
12552.879544939147,0
12557.879696122156,0
12562.879847305161,1
12567.87999848817,0
12572.880149671175,0
12577.880300854184,0
12582.880452037189,0
12587.880603220197,0
12592.880754403206,0
12597.880905586211,0
12602.88105676922,0
12607.881207952225,3
12612.881359135234,0
12617.881510318239,0
12622.881661501247,1
12627.881812684253,1
12632.881963867261,0
12637.882115050266,0
12642.882266233275,1
12647.88241741628,0
12652.882568599289,0
12657.882719782297,0
12662.882870965303,0
12667.883022148311,0
12672.883173331316,1
12677.883324514325,0
12682.88347569733,0
12687.883626880339,0
12692.883778063344,0
12697.883929246353,0
12702.884080429358,0
12707.884231612366,0
12712.884382795371,0
12717.88453397838,0
12722.884685161389,2
12727.884836344394,1
12732.884987527403,0
12737.885138710408,1
12742.885289893416,0
12747.885441076422,0
12752.88559225943,0
12757.885743442435,0
12762.885894625444,0
12767.88604580845,0
12772.886196991458,0
12777.886348174463,0
12782.886499357472,0
12787.88665054048,1
12792.886801723485,0
12797.886952906494,0
12802.8871040895,1
12807.887255272508,0
12812.887406455513,1
12817.887557638522,0
12822.887708821527,0
12827.887860004535,0
12832.88801118754,0
12837.88816237055,2
12842.888313553554,0
12847.888464736563,1
12852.888615919572,0
12857.888767102577,0
12862.888918285586,0
12867.88906946859,0
12872.8892206516,1
12877.889371834604,0
12882.889523017613,2
12887.889674200618,0
12892.889825383627,0
12897.889976566632,0
12902.89012774964,0
12907.890278932646,1
12912.890430115654,0
12917.890581298661,1
12922.890732481668,1
12927.890883664677,0
12932.891034847682,1
12937.89118603069,0
12942.891337213696,0
12947.891488396705,1
12952.89163957971,0
12957.891790762718,0
12962.891941945723,0
12967.892093128732,0
12972.892244311737,0
12977.892395494746,0
12982.892546677753,0
12987.89269786076,1
12992.892849043768,1
12997.893000226773,0
13002.893151409782,0
13007.893302592787,0
13012.893453775796,0
13017.893604958801,0
13022.89375614181,0
13027.893907324815,0
13032.894058507824,0
13037.894209690829,0
13042.894360873837,0
13047.894512056844,0
13052.894663239851,1
13057.89481442286,0
13062.894965605865,0
13067.895116788874,0
13072.895267971879,1
13077.895419154887,0
13082.895570337892,0
13087.895721520901,1
13092.895872703906,1
13097.896023886915,0
13102.89617506992,1
13107.896326252929,0
13112.896477435936,1
13117.896628618942,0
13122.896779801951,0
13127.896930984956,0
13132.897082167965,0
13137.89723335097,0
13142.897384533979,1
13147.897535716984,0
13152.897686899993,0
13157.897838082998,0
13162.897989266006,0
13167.898140449011,1
13172.89829163202,0
13177.898442815027,0
13182.898593998034,1
13187.898745181043,0
13192.898896364048,0
13197.899047547056,0
13202.899198730061,0
13207.89934991307,0
13212.899501096075,0
13217.899652279084,0
13222.899803462089,0
13227.899954645098,1
13232.900105828103,0
13237.900257011112,0
13242.900408194117,0
13247.900559377125,0
13252.900710560134,0
13257.90086174314,1
13262.901012926148,1
13267.901164109153,0
13272.901315292162,0
13277.901466475167,0
13282.901617658175,0
13287.90176884118,0
13292.90192002419,0
13297.902071207194,0
13302.902222390203,1
13307.902373573208,0
13312.902524756217,0
13317.902675939225,1
13322.90282712223,1
13327.90297830524,0
13332.903129488244,0
13337.903280671253,0
13342.903431854258,1
13347.903583037267,0
13352.903734220272,0
13357.90388540328,0
13362.904036586286,0
13367.904187769294,0
13372.9043389523,1
13377.904490135308,0
13382.904641318317,0
13387.904792501322,0
13392.90494368433,0
13397.905094867336,0
13402.905246050344,0
13407.90539723335,0
13412.905548416358,0
13417.905699599363,0
13422.905850782372,2
13427.906001965377,0
13432.906153148386,0
13437.90630433139,0
13442.9064555144,2
13447.906606697408,0
13452.906757880413,0
13457.906909063422,0
13462.907060246427,0
13467.907211429436,0
13472.907362612441,0
13477.90751379545,0
13482.907664978455,0
13487.907816161463,0
13492.907967344468,0
13497.908118527477,0
13502.908269710482,0
13507.908420893491,0
13512.908572076498,0
13517.908723259505,0
13522.908874442513,0
13527.909025625519,0
13532.909176808527,0
13537.909327991532,0
13542.909479174541,1
13547.909630357546,0
13552.909781540555,0
13557.90993272356,1
13562.910083906569,0
13567.910235089574,1
13572.910386272582,1
13577.91053745559,0
13582.910688638596,1
13587.910839821605,1
13592.91099100461,0
13597.911142187619,0
13602.911293370624,0
13607.911444553632,1
13612.911595736638,0
13617.911746919646,0
13622.911898102651,0
13627.91204928566,0
13632.912200468665,0
13637.912351651674,0
13642.91250283468,0
13647.912654017688,0
13652.912805200696,0
13657.912956383701,0
13662.91310756671,1
13667.913258749715,0
13672.913409932724,0
13677.913561115729,0
13682.913712298738,1
13687.913863481743,0
13692.914014664751,0
13697.914165847757,0
13702.914317030765,1
13707.914468213772,0
13712.914619396779,0
13717.914770579788,1
13722.914921762793,0
13727.915072945802,0
13732.915224128807,0
13737.915375311815,0
13742.91552649482,0
13747.915677677829,0
13752.915828860834,0
13757.915980043843,1
13762.916131226848,0
13767.916282409857,0
13772.916433592864,0
13777.91658477587,0
13782.91673595888,0
13787.916887141884,1
13792.917038324893,0
13797.917189507898,1
13802.917340690907,0
13807.917491873912,0
13812.91764305692,0
13817.917794239926,1
13822.917945422934,0
13827.91809660594,2
13832.918247788948,0
13837.918398971953,0
13842.918550154962,0
13847.91870133797,0
13852.918852520976,0
13857.919003703984,0
13862.91915488699,0
13867.919306069998,0
13872.919457253003,0
13877.919608436012,0
13882.919759619017,1
13887.919910802026,0
13892.92006198503,0
13897.92021316804,0
13902.920364351045,0
13907.920515534053,1
13912.920666717062,1
13917.920817900067,0
13922.920969083076,0
13927.92112026608,0
13932.92127144909,0
13937.921422632095,0
13942.921573815103,0
13947.921724998108,0
13952.921876181117,0
13957.922027364122,0
13962.92217854713,0
13967.922329730136,0
13972.922480913145,0
13977.922632096153,0
13982.922783279158,0
13987.922934462167,0
13992.923085645172,0
13997.923236828181,0
14002.923388011186,0
14007.923539194195,0
14012.9236903772,0
14017.923841560209,0
14022.923992743214,1
14027.924143926222,0
14032.924295109227,0
14037.924446292236,0
14042.924597475245,1
14047.92474865825,2
14052.924899841259,0
14057.925051024264,0
14062.925202207272,1
14067.925353390277,0
14072.925504573286,0
14077.925655756291,1
14082.9258069393,1
14087.925958122305,0
14092.926109305314,0
14097.926260488319,0
14102.926411671328,0
14107.926562854336,0
14112.926714037341,0
14117.92686522035,0
14122.927016403355,0
14127.927167586364,0
14132.927318769369,0
14137.927469952378,1
14142.927621135383,0
14147.927772318391,0
14152.927923501396,1
14157.928074684405,0
14162.92822586741,0
14167.928377050419,0
14172.928528233426,0
14177.928679416433,0
14182.928830599441,0
14187.928981782446,1
14192.929132965455,0
14197.92928414846,0
14202.929435331469,0
14207.929586514474,0
14212.929737697483,0
14217.929888880488,0
14222.930040063497,1
14227.930191246502,0
14232.93034242951,0
14237.930493612517,0
14242.930644795524,1
14247.930795978533,0
14252.930947161538,0
14257.931098344547,0
14262.931249527552,2
14267.93140071056,0
14272.931551893565,0
14277.931703076574,0
14282.93185425958,1
14287.932005442588,0
14292.932156625593,0
14297.932307808602,0
14302.932458991609,0
14307.932610174616,0
14312.932761357624,1
14317.93291254063,2
14322.933063723638,0
14327.933214906643,0
14332.933366089652,0
14337.933517272657,1
14342.933668455666,0
14347.93381963867,0
14352.93397082168,0
14357.934122004684,0
14362.934273187693,0
14367.9344243707,0
14372.934575553707,0
14377.934726736716,0
14382.93487791972,0
14387.93502910273,1
14392.935180285735,1
14397.935331468743,0
14402.935482651748,0
14407.935633834757,0
14412.935785017762,0
14417.93593620077,0
14422.936087383776,0
14427.936238566785,0
14432.93638974979,0
14437.936540932798,0
14442.936692115807,0
14447.936843298812,0
14452.93699448182,0
14457.937145664826,1
14462.937296847835,0
14467.93744803084,0
14472.937599213848,0
14477.937750396854,0
14482.937901579862,0
14487.938052762867,0
14492.938203945876,1
14497.938355128881,0
14502.93850631189,0
14507.938657494899,0
14512.938808677904,1
14517.938959860912,0
14522.939111043917,0
14527.939262226926,0
14532.939413409931,1
14537.93956459294,0
14542.939715775945,0
14547.939866958954,0
14552.940018141959,0
14557.940169324967,0
14562.940320507973,0
14567.940471690981,1
14572.94062287399,0
14577.940774056995,0
14582.940925240004,0
14587.941076423009,0
14592.941227606017,0
14597.941378789023,0
14602.941529972031,0
14607.941681155036,0
14612.941832338045,0
14617.94198352105,0
14622.942134704059,0
14627.942285887064,0
14632.942437070073,0
14637.942588253081,0
14642.942739436086,0
14647.942890619095,0
14652.9430418021,0
14657.943192985109,0
14662.943344168114,0
14667.943495351123,0
14672.943646534128,0
14677.943797717136,1
14682.943948900142,0
14687.94410008315,1
14692.944251266155,1
14697.944402449164,0
14702.944553632173,0
14707.944704815178,0
14712.944855998187,0
14717.945007181192,0
14722.9451583642,1
14727.945309547205,0
14732.945460730214,0
14737.94561191322,0
14742.945763096228,0
14747.945914279233,0
14752.946065462242,1
14757.946216645247,0
14762.946367828255,0
14767.946519011262,0
14772.94667019427,0
14777.946821377278,0
14782.946972560283,0
14787.947123743292,0
14792.947274926297,0
14797.947426109306,1
14802.94757729231,1
14807.94772847532,0
14812.947879658324,0
14817.948030841333,0
14822.948182024338,0
14827.948333207347,0
14832.948484390354,0
14837.94863557336,0
14842.94878675637,0
14847.948937939374,1
14852.949089122383,0
14857.949240305388,1
14862.949391488397,1
14867.949542671402,1
14872.94969385441,0
14877.949845037416,0
14882.949996220425,0
14887.95014740343,1
14892.950298586438,0
14897.950449769445,1
14902.950600952452,0
14907.95075213546,0
14912.950903318466,0
14917.951054501475,0
14922.95120568448,0
14927.951356867488,0
14932.951508050493,0
14937.951659233502,0
14942.951810416507,0
14947.951961599516,0
14952.952112782521,1
14957.95226396553,0
14962.952415148537,1
14967.952566331543,0
14972.952717514552,3
14977.952868697557,1
14982.953019880566,0
14987.953171063571,0
14992.95332224658,0
14997.953473429585,0
15002.953624612594,1
15007.953775795599,0
15012.953926978607,0
15017.954078161612,0
15022.954229344621,0
15027.954380527628,0
15032.954531710635,0
15037.954682893644,1
15042.954834076649,0
15047.954985259657,0
15052.955136442662,0
15057.955287625671,1
15062.955438808676,0
15067.955589991685,1
15072.95574117469,0
15077.955892357699,0
15082.956043540704,1
15087.956194723713,1
15092.956345906718,1
15097.956497089726,0
15102.956648272735,1
15107.95679945574,0
15112.956950638749,0
15117.957101821754,1
15122.957253004763,1
15127.957404187768,0
15132.957555370776,0
15137.957706553781,0
15142.95785773679,0
15147.958008919795,0
15152.958160102804,0
15157.958311285809,0
15162.958462468818,0
15167.958613651826,0
15172.958764834832,0
15177.95891601784,2
15182.959067200845,0
15187.959218383854,0
15192.95936956686,0
15197.959520749868,1
15202.959671932873,0
15207.959823115882,0
15212.959974298887,1
15217.960125481895,0
15222.9602766649,1
15227.96042784791,0
15232.960579030918,0
15237.960730213923,0
15242.960881396932,0
15247.961032579937,0
15252.961183762945,0
15257.96133494595,1
15262.96148612896,1
15267.961637311964,0
15272.961788494973,0
15277.961939677978,0
15282.962090860987,3
15287.962242043992,1
15292.962393227,1
15297.96254441001,0
15302.962695593014,1
15307.962846776023,1
15312.962997959028,0
15317.963149142037,1
15322.963300325042,0
15327.96345150805,0
15332.963602691056,0
15337.963753874064,1
15342.96390505707,0
15347.964056240078,0
15352.964207423083,0
15357.964358606092,0
15362.964509789099,0
15367.964660972106,0
15372.964812155114,0
15377.96496333812,0
15382.965114521128,0
15387.965265704133,0
15392.965416887142,0
15397.965568070147,0
15402.965719253156,0
15407.965870436161,0
15412.96602161917,0
15417.966172802175,0
15422.966323985183,0
15427.96647516819,0
15432.966626351197,0
15437.966777534206,1
15442.966928717211,0
15447.96707990022,0
15452.967231083225,0
15457.967382266233,0
15462.967533449239,0
15467.967684632247,1
15472.967835815252,0
15477.967986998261,0
15482.968138181266,0
15487.968289364275,1
15492.968440547282,0
15497.968591730289,0
15502.968742913297,0
15507.968894096302,0
15512.969045279311,1
15517.969196462316,0
15522.969347645325,0
15527.96949882833,0
15532.969650011339,0
15537.969801194344,0
15542.969952377352,0
15547.970103560358,0
15552.970254743366,1
15557.970405926373,0
15562.97055710938,0
15567.970708292389,0
15572.970859475394,0
15577.971010658403,0
15582.971161841408,0
15587.971313024416,0
15592.971464207421,0
15597.97161539043,0
15602.971766573435,0
15607.971917756444,0
15612.972068939449,0
15617.972220122458,0
15622.972371305465,0
15627.972522488471,0
15632.97267367148,0
15637.972824854485,1
15642.972976037494,0
15647.973127220499,1
15652.973278403508,0
15657.973429586513,0
15662.973580769522,0
15667.973731952527,0
15672.973883135535,1
15677.97403431854,0
15682.974185501549,0
15687.974336684554,0
15692.974487867563,0
15697.974639050572,0
15702.974790233577,0
15707.974941416585,0
15712.97509259959,0
15717.9752437826,0
15722.975394965604,0
15727.975546148613,0
15732.975697331618,0
15737.975848514627,0
15742.975999697632,1
15747.97615088064,1
15752.976302063646,0
15757.976453246654,0
15762.976604429663,0
15767.976755612668,0
15772.976906795677,0
15777.977057978682,0
15782.97720916169,0
15787.977360344696,0
15792.977511527704,0
15797.97766271071,0
15802.977813893718,0
15807.977965076723,0
15812.978116259732,0
15817.978267442737,0
15822.978418625746,1
15827.978569808754,0
15832.97872099176,0
15837.978872174768,0
15842.979023357773,0
15847.979174540782,0
15852.979325723787,1
15857.979476906796,0
15862.9796280898,0
15867.97977927281,0
15872.979930455815,0
15877.980081638823,1
15882.980232821828,0
15887.980384004837,0
15892.980535187846,0
15897.98068637085,0
15902.98083755386,0
15907.980988736865,1
15912.981139919873,0
15917.981291102878,0
15922.981442285887,0
15927.981593468892,0
15932.981744651901,0
15937.981895834906,0
15942.982047017915,0
15947.98219820092,0
15952.982349383929,1
15957.982500566937,0
15962.982651749942,0
15967.982802932951,0
15972.982954115956,0
15977.983105298965,0
15982.98325648197,0
15987.983407664979,0
15992.983558847984,0
15997.983710030992,0
16002.983861213997,0
16007.984012397006,0
16012.984163580011,0
16017.98431476302,0
16022.984465946027,1
16027.984617129034,0
16032.984768312042,0
16037.984919495048,0
16042.985070678056,2
16047.985221861061,0
16052.98537304407,1
16057.985524227075,0
16062.985675410084,0
16067.985826593089,0
16072.985977776098,0
16077.986128959103,0
16082.986280142111,0
16087.986431325118,0
16092.986582508125,0
16097.986733691134,0
16102.986884874139,0
16107.987036057148,0
16112.987187240153,0
16117.987338423161,0
16122.987489606166,0
16127.987640789175,0
16132.98779197218,1
16137.987943155189,0
16142.988094338194,0
16147.988245521203,2
16152.98839670421,0
16157.988547887217,0
16162.988699070225,0
16167.98885025323,0
16172.989001436239,0
16177.989152619244,0
16182.989303802253,1
16187.989454985258,0
16192.989606168267,0
16197.989757351272,0
16202.98990853428,0
16207.990059717285,0
16212.990210900294,0
16217.990362083301,0
16222.990513266308,1
16227.990664449317,1
16232.990815632322,0
16237.99096681533,0
16242.991117998336,0
16247.991269181344,0
16252.99142036435,0
16257.991571547358,0
16262.991722730363,0
16267.991873913372,0
16272.992025096377,0
16277.992176279386,0
16282.992327462392,1
16287.9924786454,0
16292.992629828408,0
16297.992781011413,0
16302.992932194422,1
16307.993083377427,0
16312.993234560436,0
16317.99338574344,1
16322.99353692645,0
16327.993688109455,0
16332.993839292463,1
16337.993990475468,0
16342.994141658477,1
16347.994292841482,0
16352.99444402449,0
16357.9945952075,0
16362.994746390505,1
16367.994897573513,0
16372.995048756518,0
16377.995199939527,0
16382.995351122534,0
16387.99550230554,1
16392.99565348855,0
16397.995804671555,1
16402.99595585456,0
16407.99610703757,0
16412.996258220577,0
16417.996409403582,0
16422.996560586587,0
16427.996711769596,0
16432.996862952605,0
16437.99701413561,1
16442.997165318615,0
16447.997316501624,0
16452.997467684632,0
16457.997618867637,0
16462.997770050646,0
16467.997921233655,0
16472.99807241666,0
16477.998223599665,0
16482.998374782674,0
16487.998525965682,0
16492.998677148687,0
16497.998828331692,0
16502.9989795147,0
16507.99913069771,0
16512.999281880715,0
16517.99943306372,0
16522.999584246732,0
16527.999735429737,1
16532.999886612743,0
16538.00003779575,0
16543.00018897876,1
16548.000340161765,1
16553.00049134477,0
16558.00064252778,0
16563.000793710788,0
16568.000944893793,0
16573.001096076798,0
16578.001247259806,0
16583.001398442815,0
16588.00154962582,0
16593.00170080883,0
16598.001851991838,1
16603.002003174843,0
16608.002154357848,0
16613.002305540856,0
16618.002456723865,0
16623.00260790687,0
16628.002759089875,1
16633.002910272884,0
16638.003061455893,1
16643.003212638898,0
16648.003363821903,0
16653.003515004915,1
16658.00366618792,0
16663.003817370925,0
16668.003968553934,0
16673.004119736943,0
16678.004270919948,0
16683.004422102953,0
16688.00457328596,0
16693.00472446897,0
16698.004875651975,0
16703.00502683498,0
16708.00517801799,0
16713.005329200998,0
16718.005480384003,1
16723.00563156701,1
16728.00578275002,0
16733.005933933026,0
16738.00608511603,0
16743.00623629904,0
16748.006387482048,1
16753.006538665053,0
16758.006689848058,0
16763.006841031067,0
16768.006992214076,0
16773.00714339708,0
16778.007294580086,0
16783.007445763098,0
16788.007596946103,1
16793.00774812911,0
16798.007899312117,0
16803.008050495126,0
16808.00820167813,0
16813.008352861136,0
16818.008504044145,0
16823.008655227153,0
16828.00880641016,0
16833.008957593163,0
16838.009108776172,0
16843.00925995918,0
16848.009411142186,0
16853.009562325195,0
16858.009713508203,0
16863.00986469121,0
16868.010015874213,0
16873.010167057222,0
16878.01031824023,0
16883.010469423236,0
16888.01062060624,0
16893.01077178925,0
16898.01092297226,0
16903.011074155263,0
16908.01122533827,0
16913.01137652128,0
16918.011527704286,1
16923.01167888729,0
16928.0118300703,0
16933.01198125331,0
16938.012132436314,0
16943.01228361932,0
16948.012434802327,0
16953.012585985336,0
16958.01273716834,0
16963.012888351346,0
16968.013039534355,0
16973.013190717364,0
16978.01334190037,0
16983.013493083377,0
16988.013644266386,0
16993.01379544939,0
16998.013946632396,0
17003.014097815405,2
17008.014248998414,0
17013.01440018142,0
17018.014551364424,0
17023.014702547433,0
17028.01485373044,0
17033.015004913446,0
17038.01515609645,0
17043.015307279464,0
17048.01545846247,0
17053.015609645474,0
17058.015760828483,0
17063.01591201149,0
17068.016063194496,0
17073.0162143775,0
17078.01636556051,0
17083.01651674352,0
17088.016667926524,0
17093.01681910953,0
17098.016970292538,0
17103.017121475546,0
17108.01727265855,1
17113.017423841557,0
17118.01757502457,0
17123.017726207574,0
17128.01787739058,1
17133.018028573588,0
17138.018179756597,0
17143.0183309396,1
17148.018482122607,0
17153.018633305615,1
17158.018784488624,0
17163.01893567163,0
17168.019086854634,0
17173.019238037643,1
17178.01938922065,0
17183.019540403657,0
17188.019691586665,0
17193.019842769674,0
17198.01999395268,0
17203.020145135684,0
17208.020296318693,0
17213.0204475017,0
17218.020598684707,0
17223.020749867712,0
17228.02090105072,2
17233.02105223373,0
17238.021203416734,0
17243.02135459974,0
17248.02150578275,0
17253.021656965757,0
17258.021808148762,0
17263.02195933177,0
17268.02211051478,0
17273.022261697784,1
17278.02241288079,0
17283.0225640638,0
17288.022715246807,0
17293.022866429812,0
17298.023017612817,0
17303.023168795826,0
17308.023319978834,0
17313.02347116184,1
17318.02362234485,0
17323.023773527857,1
17328.023924710862,0
17333.024075893867,0
17338.024227076876,0
17343.024378259885,0
17348.02452944289,0
17353.024680625895,0
17358.024831808903,0
17363.024982991912,0
17368.025134174917,0
17373.025285357922,0
17378.025436540935,0
17383.02558772394,0
17388.025738906945,0
17393.025890089953,0
17398.026041272962,0
17403.026192455967,0
17408.026343638972,0
17413.02649482198,0
17418.02664600499,1
17423.026797187995,0
17428.026948371,0
17433.02709955401,0
17438.027250737017,1
17443.027401920022,0
17448.02755310303,0
17453.02770428604,0
17458.027855469045,0
17463.02800665205,0
17468.02815783506,0
17473.028309018067,0
17478.028460201072,0
17483.028611384078,0
17488.028762567086,0
17493.028913750095,0
17498.0290649331,0
17503.029216116105,0
17508.029367299117,0
17513.029518482123,0
17518.029669665128,0
17523.029820848136,0
17528.029972031145,0
17533.03012321415,0
17538.030274397155,0
17543.030425580164,0
17548.030576763173,0
17553.030727946178,0
17558.030879129183,1
17563.03103031219,0
17568.0311814952,0
17573.031332678205,0
17578.031483861214,1
17583.031635044223,0
17588.031786227228,0
17593.031937410233,0
17598.03208859324,0
17603.03223977625,0
17608.032390959255,1
17613.03254214226,1
17618.03269332527,0
17623.032844508278,0
17628.032995691283,0
17633.033146874288,0
17638.0332980573,0
17643.033449240305,0
17648.03360042331,0
17653.03375160632,1
17658.033902789328,0
17663.034053972333,1
17668.034205155338,0
17673.034356338347,0
17678.034507521355,0
17683.03465870436,0
17688.034809887366,0
17693.034961070374,0
17698.035112253383,0
17703.035263436388,0
17708.035414619393,0
17713.035565802405,0
17718.03571698541,0
17723.035868168416,0
17728.036019351424,0
17733.036170534433,1
17738.036321717438,0
17743.036472900443,0
17748.036624083452,0
17753.03677526646,0
17758.036926449466,0
17763.03707763247,0
17768.03722881548,0
17773.037379998488,0
17778.037531181493,1
17783.037682364502,0
17788.03783354751,0
17793.037984730516,0
17798.03813591352,0
17803.03828709653,0
17808.03843827954,1
17813.038589462543,0
17818.03874064555,0
17823.038891828557,0
17828.039043011566,0
17833.03919419457,0
17838.039345377576,0
17843.03949656059,0
17848.039647743593,0
17853.0397989266,0
17858.039950109607,0
17863.040101292616,0
17868.04025247562,0
17873.040403658626,1
17878.040554841635,0
17883.040706024643,0
17888.04085720765,0
17893.041008390654,1
17898.041159573662,0
17903.04131075667,0
17908.041461939676,1
17913.041613122685,0
17918.041764305694,0
17923.0419154887,0
17928.042066671704,0
17933.042217854712,0
17938.04236903772,0
17943.042520220726,0
17948.04267140373,0
17953.04282258674,0
17958.04297376975,0
17963.043124952754,0
17968.04327613576,0
17973.04342731877,1
17978.043578501776,0
17983.04372968478,0
17988.04388086779,0
17993.0440320508,0
17998.044183233804,0
18003.04433441681,0
18008.044485599818,0
18013.044636782826,0
18018.04478796583,0
18023.044939148836,0
18028.045090331845,0
18033.045241514854,0
18038.04539269786,0
18043.045543880868,0
18048.045695063876,1
18053.04584624688,0
18058.045997429886,0
18063.046148612895,0
18068.046299795904,0
18073.04645097891,1
18078.046602161914,0
18083.046753344923,0
18088.04690452793,0
18093.047055710937,0
18098.04720689394,0
18103.047358076954,1
18108.04750925996,0
18113.047660442964,0
18118.047811625973,0
18123.04796280898,0
18128.048113991987,0
18133.04826517499,0
18138.048416358,0
18143.04856754101,0
18148.048718724014,2
18153.04886990702,1
18158.049021090028,0
18163.049172273037,0
18168.04932345604,0
18173.04947463905,0
18178.04962582206,0
18183.049777005064,0
18188.04992818807,0
18193.050079371078,0
18198.050230554087,0
18203.05038173709,0
18208.050532920097,0
18213.050684103106,0
18218.050835286114,1
18223.05098646912,0
18228.051137652124,0
18233.051288835137,0
18238.051440018142,0
18243.051591201147,0
18248.051742384156,0
18253.051893567164,0
18258.05204475017,0
18263.052195933175,0
18268.052347116183,1
18273.052498299192,1
18278.052649482197,0
18283.052800665202,0
18288.05295184821,0
18293.05310303122,0
18298.053254214225,0
18303.053405397233,1
18308.053556580242,1
18313.053707763247,0
18318.053858946252,0
18323.05401012926,0
18328.05416131227,0
18333.054312495275,0
18338.05446367828,0
18343.05461486129,0
18348.054766044297,0
18353.054917227302,0
18358.055068410307,1
18363.055219593316,0
18368.055370776325,0
18373.05552195933,0
18378.05567314234,1
18383.055824325347,0
18388.055975508352,0
18393.056126691357,0
18398.056277874366,1
18403.056429057375,0
18408.05658024038,0
18413.056731423385,0
18418.056882606394,0
18423.057033789402,0
18428.057184972407,0
18433.057336155412,0
18438.057487338425,0
18443.05763852143,0
18448.057789704435,0
18453.057940887444,0
18458.058092070452,0
18463.058243253457,0
18468.058394436463,0
18473.05854561947,1
18478.05869680248,0
18483.058847985485,0
18488.05899916849,0
18493.0591503515,0
18498.059301534508,1
18503.059452717513,0
18508.05960390052,0
18513.05975508353,0
18518.059906266535,0
18523.06005744954,0
18528.06020863255,1
18533.060359815558,0
18538.060510998563,2
18543.060662181568,0
18548.060813364576,0
18553.060964547585,0
18558.06111573059,0
18563.061266913595,0
18568.061418096608,0
18573.061569279613,0
18578.061720462618,0
18583.061871645627,0
18588.062022828635,0
18593.06217401164,0
18598.062325194645,0
18603.062476377654,0
18608.062627560663,0
18613.062778743668,0
18618.062929926673,1
18623.06308110968,0
18628.06323229269,0
18633.063383475695,1
18638.063534658704,0
18643.063685841713,0
18648.063837024718,0
18653.063988207723,0
18658.06413939073,1
18663.06429057374,0
18668.064441756746,0
18673.06459293975,0
18678.06474412276,0
18683.064895305768,0
18688.065046488773,0
18693.065197671778,0
18698.06534885479,0
18703.065500037796,0
18708.0656512208,0
18713.06580240381,0
18718.065953586818,1
18723.066104769823,0
18728.06625595283,0
18733.066407135837,0
18738.066558318846,0
18743.06670950185,0
18748.066860684856,0
18753.067011867864,0
18758.067163050873,0
18763.06731423388,0
18768.067465416887,0
18773.067616599896,0
18778.0677677829,0
18783.067918965906,0
18788.068070148915,0
18793.068221331923,0
18798.06837251493,0
18803.068523697933,0
18808.068674880942,0
18813.06882606395,0
18818.068977246956,0
18823.06912842996,0
18828.069279612973,0
18833.06943079598,0
18838.069581978983,0
18843.069733161992,0
18848.069884345,0
18853.070035528006,0
18858.07018671101,0
18863.07033789402,0
18868.07048907703,0
18873.070640260034,0
18878.07079144304,1
18883.070942626047,0
18888.071093809056,0
18893.07124499206,1
18898.07139617507,0
18903.07154735808,1
18908.071698541084,0
18913.07184972409,0
18918.072000907097,0
18923.072152090106,0
18928.07230327311,1
18933.072454456116,1
18938.072605639125,1
18943.072756822134,0
18948.07290800514,0
18953.073059188144,0
18958.073210371153,0
18963.07336155416,0
18968.073512737166,0
18973.073663920175,1
18978.073815103184,0
18983.07396628619,0
18988.074117469194,0
18993.074268652203,0
18998.07441983521,1
19003.074571018216,0
19008.07472220122,0
19013.07487338423,0
19018.07502456724,0
19023.075175750244,0
19028.07532693325,0
19033.07547811626,0
19038.075629299266,0
19043.07578048227,0
19048.07593166528,0
19053.07608284829,0
19058.076234031294,0
19063.0763852143,0
19068.076536397308,0
19073.076687580317,0
19078.07683876332,0
19083.076989946327,0
19088.077141129335,0
19093.077292312344,0
19098.07744349535,0
19103.077594678358,0
19108.077745861367,0
19113.07789704437,0
19118.078048227377,0
19123.078199410385,1
19128.078350593394,0
19133.0785017764,0
19138.078652959404,0
19143.078804142413,0
19148.07895532542,0
19153.079106508427,0
19158.079257691432,0
19163.079408874444,0
19168.07956005745,0
19173.079711240454,0
19178.079862423463,0
19183.08001360647,0
19188.080164789477,0
19193.080315972482,0
19198.08046715549,0
19203.0806183385,1
19208.080769521504,0
19213.08092070451,0
19218.08107188752,0
19223.081223070527,0
19228.081374253532,1
19233.08152543654,0
19238.08167661955,0
19243.081827802554,0
19248.08197898556,0
19253.08213016857,0
19258.082281351577,0
19263.082432534582,0
19268.082583717587,0
19273.082734900596,0
19278.082886083605,0
19283.08303726661,0
19288.083188449615,0
19293.083339632627,0
19298.083490815632,0
19303.083641998637,0
19308.083793181646,0
19313.083944364655,0
19318.08409554766,0
19323.084246730665,1
19328.084397913673,0
19333.084549096682,0
19338.084700279687,0
19343.084851462692,0
19348.0850026457,0
19353.08515382871,0
19358.085305011715,0
19363.085456194724,0
19368.085607377732,0
19373.085758560737,0
19378.085909743742,0
19383.08606092675,0
19388.08621210976,0
19393.086363292765,0
19398.08651447577,0
19403.08666565878,0
19408.086816841787,0
19413.086968024792,0
19418.087119207798,0
19423.08727039081,0
19428.087421573815,1
19433.08757275682,0
19438.08772393983,0
19443.087875122837,0
19448.088026305843,0
19453.088177488848,0
19458.088328671856,1
19463.088479854865,0
19468.08863103787,1
19473.088782220875,0
19478.088933403884,0
19483.089084586893,0
19488.089235769898,0
19493.089386952906,0
19498.089538135915,0
19503.08968931892,0
19508.089840501925,0
19513.089991684934,0
19518.090142867943,0
19523.090294050948,0
19528.090445233953,0
19533.09059641696,0
19538.09074759997,0
19543.090898782975,0
19548.09104996598,0
19553.09120114899,0
19558.091352331998,0
19563.091503515003,1
19568.09165469801,0
19573.09180588102,0
19578.091957064025,0
19583.09210824703,0
19588.09225943004,0
19593.092410613048,0
19598.092561796053,0
19603.092712979058,0
19608.092864162067,1
19613.093015345075,1
19618.09316652808,0
19623.093317711086,0
19628.093468894098,1
19633.093620077103,0
19638.093771260108,0
19643.093922443117,0
19648.094073626125,0
19653.09422480913,0
19658.094375992136,0
19663.094527175144,0
19668.094678358153,0
19673.094829541158,0
19678.094980724163,0
19683.095131907172,0
19688.09528309018,0
19693.095434273186,0
19698.095585456194,0
19703.095736639203,0
19708.095887822208,0
19713.096039005213,0
19718.096190188222,0
19723.09634137123,0
19728.096492554236,0
19733.09664373724,0
19738.09679492025,0
19743.09694610326,0
19748.097097286263,1
19753.09724846927,0
19758.09739965228,0
19763.097550835286,1
19768.09770201829,0
19773.0978532013,0
19778.09800438431,1
19783.098155567313,0
19788.09830675032,0
19793.098457933327,0
19798.098609116336,0
19803.09876029934,0
19808.098911482346,0
19813.099062665355,0
19818.099213848363,0
19823.09936503137,0
19828.099516214377,0
19833.099667397386,0
19838.09981858039,0
19843.099969763396,0
19848.100120946405,0
19853.100272129413,0
19858.10042331242,0
19863.100574495424,0
19868.100725678432,0
19873.10087686144,0
19878.101028044446,0
19883.10117922745,0
19888.101330410464,0
19893.10148159347,0
19898.101632776474,0
19903.101783959482,0
19908.10193514249,0
19913.102086325496,0
19918.1022375085,0
19923.10238869151,0
19928.10253987452,0
19933.102691057524,0
19938.10284224053,0
19943.102993423538,0
19948.103144606546,0
19953.10329578955,0
19958.10344697256,0
19963.10359815557,0
19968.103749338574,0
19973.10390052158,0
19978.104051704588,0
19983.104202887596,0
19988.1043540706,0
19993.104505253606,1
19998.104656436615,0
20003.104807619624,1
20008.10495880263,0
20013.105109985634,0
20018.105261168646,0
20023.10541235165,0
20028.105563534657,0
20033.105714717665,0
20038.105865900674,0
20043.10601708368,0
20048.106168266684,0
20053.106319449693,0
20058.1064706327,0
20063.106621815707,0
20068.10677299871,0
20073.10692418172,0
20078.10707536473,0
20083.107226547734,0
20088.107377730743,0
20093.10752891375,0
20098.107680096757,0
20103.10783127976,0
20108.10798246277,1
20113.10813364578,0
20118.108284828784,0
20123.10843601179,0
20128.108587194798,0
20133.108738377807,0
20138.10888956081,0
20143.109040743817,0
20148.10919192683,0
20153.109343109834,0
20158.10949429284,0
20163.109645475848,0
20168.109796658857,0
20173.109947841862,0
20178.110099024867,0
20183.110250207876,0
20188.110401390884,0
20193.11055257389,0
20198.110703756895,0
20203.110854939903,1
20208.111006122912,0
20213.111157305917,0
20218.111308488922,0
20223.111459671934,0
20228.11161085494,0
20233.111762037945,0
20238.111913220953,0
20243.112064403962,0
20248.112215586967,0
20253.112366769972,0
20258.11251795298,0
20263.11266913599,0
20268.112820318995,0
20273.112971502,0
20278.11312268501,0
20283.113273868017,0
20288.113425051022,0
20293.11357623403,0
20298.11372741704,1
20303.113878600045,1
20308.11402978305,0
20313.11418096606,0
20318.114332149067,1
20323.114483332072,0
20328.114634515077,0
20333.114785698086,0
20338.114936881095,0
20343.1150880641,0
20348.115239247105,0
20353.115390430117,0
20358.115541613122,0
20363.115692796127,0
20368.115843979136,0
20373.115995162145,0
20378.11614634515,0
20383.116297528155,0
20388.116448711164,0
20393.116599894172,0
20398.116751077177,0
20403.116902260183,0
20408.11705344319,0
20413.1172046262,0
20418.117355809205,0
20423.117506992214,0
20428.117658175222,0
20433.117809358228,0
20438.117960541233,0
20443.11811172424,0
20448.11826290725,0
20453.118414090255,0
20458.11856527326,0
20463.11871645627,0
20468.118867639278,0
20473.119018822283,0
20478.119170005288,0
20483.1193211883,0
20488.119472371305,0
20493.11962355431,0
20498.11977473732,0
20503.119925920328,0
20508.120077103333,0
20513.120228286338,0
20518.120379469347,0
20523.120530652355,0
20528.12068183536,0
20533.120833018365,0
20538.120984201374,0
20543.121135384383,0
20548.121286567388,0
20553.121437750397,0
20558.121588933405,0
20563.12174011641,0
20568.121891299415,0
20573.122042482424,0
20578.122193665433,0
20583.122344848438,0
20588.122496031443,0
20593.12264721445,0
20598.12279839746,0
20603.122949580466,2
20608.12310076347,0
20613.123251946483,0
20618.123403129488,0
20623.123554312493,1
20628.1237054955,0
20633.12385667851,0
20638.124007861516,0
20643.12415904452,0
20648.12431022753,0
20653.124461410538,0
20658.124612593543,0
20663.12476377655,0
20668.124914959557,0
20673.125066142566,0
20678.12521732557,0
20683.12536850858,0
20688.125519691588,0
20693.125670874593,0
20698.1258220576,0
20703.125973240607,0
20708.126124423616,0
20713.12627560662,1
20718.126426789626,0
20723.126577972635,0
20728.126729155643,1
20733.12688033865,0
20738.127031521653,1
20743.127182704666,0
20748.12733388767,0
20753.127485070676,0
20758.127636253685,0
20763.127787436693,0
20768.1279386197,0
20773.128089802703,0
20778.128240985712,0
20783.12839216872,0
20788.128543351726,0
20793.12869453473,1
20798.12884571774,0
20803.12899690075,0
20808.129148083754,0
20813.12929926676,0
20818.12945044977,0
20823.129601632776,0
20828.12975281578,0
20833.12990399879,0
20838.1300551818,0
20843.130206364804,0
20848.13035754781,1
20853.130508730817,0
20858.130659913826,0
20863.13081109683,0
20868.130962279836,0
20873.131113462845,0
20878.131264645854,0
20883.13141582886,0
20888.131567011867,0
20893.131718194876,0
20898.13186937788,0
20903.132020560886,0
20908.132171743895,0
20913.132322926904,0
20918.13247410991,0
20923.132625292914,0
20928.132776475923,0
20933.13292765893,0
20938.133078841936,0
20943.13323002494,0
20948.133381207954,1
20953.13353239096,0
20958.133683573964,0
20963.133834756973,0
20968.13398593998,1
20973.134137122986,0
20978.13428830599,0
20983.134439489,0
20988.13459067201,0
20993.134741855014,0
20998.13489303802,0
21003.135044221028,0
21008.135195404036,0
21013.13534658704,0
21018.13549777005,0
21023.13564895306,0
21028.135800136064,0
21033.13595131907,0
21038.136102502078,0
21043.136253685087,0
21048.13640486809,0
21053.136556051097,0
21058.136707234105,0
21063.136858417114,0
21068.13700960012,0
21073.137160783124,0
21078.137311966137,0
21083.13746314914,0
21088.137614332147,0
21093.137765515155,0
21098.137916698164,0
21103.13806788117,0
21108.138219064174,0
21113.138370247183,0
21118.13852143019,0
21123.138672613197,0
21128.138823796202,0
21133.13897497921,0
21138.13912616222,0
21143.139277345224,0
21148.139428528233,0
21153.139579711242,0
21158.139730894247,0
21163.139882077252,1
21168.14003326026,0
21173.14018444327,0
21178.140335626274,0
21183.14048680928,1
21188.14063799229,0
21193.140789175297,0
21198.140940358302,0
21203.141091541307,1
21208.14124272432,1
21213.141393907325,0
21218.14154509033,1
21223.14169627334,0
21228.141847456347,0
21233.141998639352,0
21238.142149822357,0
21243.142301005366,0
21248.142452188375,1
21253.14260337138,0
21258.142754554385,0
21263.142905737393,0
21268.143056920402,0
21273.143208103407,0
21278.143359286416,0
21283.143510469425,0
21288.14366165243,0
21293.143812835435,0
21298.143964018444,0
21303.144115201452,0
21308.144266384457,0
21313.144417567462,0
21318.14456875047,0
21323.14471993348,0
21328.144871116485,0
21333.14502229949,0
21338.145173482502,1
21343.145324665507,0
21348.145475848512,0
21353.14562703152,0
21358.14577821453,0
21363.145929397535,0
21368.14608058054,0
21373.14623176355,0
21378.146382946557,0
21383.146534129562,0
21388.146685312568,0
21393.146836495576,0
21398.146987678585,0
21403.14713886159,0
21408.1472900446,0
21413.147441227607,0
21418.147592410613,0
21423.147743593618,0
21428.147894776626,0
21433.148045959635,0
21438.14819714264,0
21443.148348325645,1
21448.148499508654,0
21453.148650691663,0
21458.148801874668,0
21463.148953057673,0
21468.14910424068,0
21473.14925542369,0
21478.149406606695,0
21483.149557789704,0
21488.149708972713,0
21493.149860155718,0
21498.150011338723,0
21503.15016252173,0
21508.15031370474,0
21513.150464887745,0
21518.15061607075,1
21523.15076725376,0
21528.150918436768,0
21533.151069619773,1
21538.151220802778,0
21543.15137198579,0
21548.151523168795,0
21553.1516743518,0
21558.15182553481,0
21563.151976717818,0
21568.152127900823,0
21573.152279083828,0
21578.152430266837,0
21583.152581449845,0
21588.15273263285,0
21593.152883815856,0
21598.153034998864,0
21603.153186181873,0
21608.153337364878,0
21613.153488547887,0
21618.153639730896,0
21623.1537909139,0
21628.153942096906,0
21633.154093279914,0
21638.154244462923,1
21643.154395645928,0
21648.154546828933,0
21653.154698011942,0
21658.15484919495,0
21663.155000377956,0
21668.15515156096,0
21673.155302743973,0
21678.15545392698,1
21683.155605109983,0
21688.155756292992,0
21693.155907476,0
21698.156058659006,0
21703.15620984201,0
21708.15636102502,1
21713.15651220803,0
21718.156663391033,0
21723.15681457404,0
21728.156965757047,0
21733.157116940056,0
21738.15726812306,1
21743.15741930607,0
21748.15757048908,0
21753.157721672083,0
21758.15787285509,0
21763.158024038097,0
21768.158175221106,0
21773.15832640411,0
21778.158477587116,0
21783.158628770125,1
21788.158779953133,0
21793.15893113614,0
21798.159082319144,0
21803.159233502156,0
21808.15938468516,0
21813.159535868166,0
21818.159687051175,0
21823.159838234184,0
21828.15998941719,0
21833.160140600194,0
21838.160291783202,0
21843.16044296621,0
21848.160594149216,0
21853.16074533222,0
21858.16089651523,0
21863.16104769824,0
21868.161198881244,0
21873.161350064252,0
21878.16150124726,1
21883.161652430266,0
21888.16180361327,0
21893.16195479628,0
21898.16210597929,0
21903.162257162294,0
21908.1624083453,1
21913.162559528308,0
21918.162710711316,0
21923.16286189432,0
21928.163013077326,0
21933.16316426034,0
21938.163315443344,0
21943.16346662635,0
21948.163617809358,0
21953.163768992366,0
21958.16392017537,0
21963.164071358377,0
21968.164222541385,0
21973.164373724394,0
21978.1645249074,1
21983.164676090404,0
21988.164827273413,1
21993.16497845642,0
21998.165129639427,0
22003.165280822435,2
22008.165432005444,0
22013.16558318845,0
22018.165734371454,0
22023.165885554463,0
22028.16603673747,1
22033.166187920477,0
22038.16633910348,1
22043.16649028649,1
22048.1666414695,0
22053.166792652504,1
22058.16694383551,0
22063.167095018518,0
22068.167246201527,0
22073.16739738453,0
22078.16754856754,0
22083.16769975055,0
22088.167850933554,0
22093.16800211656,0
22098.168153299568,0
22103.168304482577,0
22108.168455665582,1
22113.168606848587,1
22118.168758031596,0
22123.168909214604,0
22128.16906039761,0
22133.169211580615,1
22138.169362763627,0
22143.169513946632,0
22148.169665129637,0
22153.169816312646,0
22158.169967495654,1
22163.17011867866,0
22168.170269861665,0
22173.170421044673,0
22178.170572227682,0
22183.170723410687,0
22188.170874593692,0
22193.1710257767,0
22198.17117695971,0
22203.171328142715,0
22208.171479325723,0
22213.171630508732,0
22218.171781691737,0
22223.171932874742,0
22228.17208405775,0
22233.17223524076,0
22238.172386423765,0
22243.17253760677,1
22248.17268878978,0
22253.172839972787,0
22258.172991155792,0
22263.173142338797,0
22268.17329352181,0
22273.173444704815,0
22278.17359588782,0
22283.17374707083,0
22288.173898253837,0
22293.174049436842,0
22298.174200619847,0
22303.174351802856,0
22308.174502985865,0
22313.17465416887,0
22318.174805351875,0
22323.174956534884,0
22328.175107717892,0
22333.175258900897,0
22338.175410083906,0
22343.175561266915,0
22348.17571244992,0
22353.175863632925,0
22358.176014815934,0
22363.176165998942,0
22368.176317181948,0
22373.176468364953,0
22378.17661954796,0
22383.17677073097,0
22388.176921913975,0
22393.17707309698,1
22398.177224279993,0
22403.177375462998,0
22408.177526646003,1
22413.17767782901,0
22418.17782901202,0
22423.177980195025,0
22428.17813137803,1
22433.17828256104,0
22438.178433744048,0
22443.178584927053,1
22448.178736110058,0
22453.178887293067,0
22458.179038476075,0
22463.17918965908,0
22468.17934084209,0
22473.179492025098,0
22478.179643208103,0
22483.179794391108,0
22488.179945574117,0
22493.180096757125,0
22498.18024794013,1
22503.180399123135,0
22508.180550306144,0
22513.180701489153,0
22518.180852672158,0
22523.181003855163,0
22528.181155038175,0
22533.18130622118,0
22538.181457404185,1
22543.181608587194,2
22548.181759770203,0
22553.181910953208,0
22558.182062136213,0
22563.18221331922,0
22568.18236450223,1
22573.182515685236,0
22578.18266686824,0
22583.18281805125,0
22588.182969234258,0
22593.183120417263,0
22598.183271600272,1
22603.18342278328,0
22608.183573966286,1
22613.18372514929,0
22618.1838763323,1
22623.184027515308,1
22628.184178698313,0
22633.18432988132,0
22638.184481064327,0
22643.184632247336,0
22648.18478343034,0
22653.184934613346,0
22658.185085796355,0
22663.185236979363,0
22668.18538816237,0
22673.185539345377,0
22678.185690528386,0
22683.18584171139,0
22688.185992894396,0
22693.186144077405,0
22698.186295260413,0
22703.18644644342,0
22708.186597626423,0
22713.186748809432,0
22718.18689999244,1
22723.187051175446,0
22728.18720235845,0
22733.187353541463,1
22738.18750472447,1
22743.187655907474,0
22748.187807090482,0
22753.18795827349,0
22758.188109456496,0
22763.1882606395,0
22768.18841182251,0
22773.18856300552,0
22778.188714188524,0
22783.18886537153,0
22788.189016554537,0
22793.189167737546,0
22798.18931892055,0
22803.18947010356,0
22808.18962128657,0
22813.189772469574,0
22818.18992365258,0
22823.190074835587,0
22828.190226018596,0
22833.1903772016,0
22838.190528384606,1
22843.190679567615,0
22848.190830750624,0
22853.19098193363,0
22858.191133116634,0
22863.191284299646,0
22868.19143548265,0
22873.191586665656,0
22878.191737848665,1
22883.191889031674,0
22888.19204021468,0
22893.192191397684,0
22898.192342580693,0
22903.1924937637,1
22908.192644946706,0
22913.19279612971,1
22918.19294731272,0
22923.19309849573,0
22928.193249678734,1
22933.193400861743,0
22938.19355204475,0
22943.193703227756,0
22948.19385441076,1
22953.19400559377,0
22958.19415677678,1
22963.194307959784,0
22968.19445914279,0
22973.194610325798,0
22978.194761508807,0
22983.19491269181,0
22988.195063874817,0
22993.19521505783,0
22998.195366240834,0
23003.19551742384,1
23008.195668606848,1
23013.195819789857,0
23018.19597097286,0
23023.196122155867,1
23028.196273338875,0
23033.196424521884,0
23038.19657570489,0
23043.196726887894,1
23048.196878070903,0
23053.19702925391,0
23058.197180436917,0
23063.197331619926,0
23068.197482802934,0
23073.19763398594,1
23078.197785168944,0
23083.197936351953,0
23088.19808753496,0
23093.198238717967,0
23098.198389900972,0
23103.19854108398,0
23108.19869226699,0
23113.198843449994,0
23118.198994633,0
23123.199145816012,0
23128.199296999017,0
23133.199448182022,1
23138.19959936503,0
23143.19975054804,0
23148.199901731045,0
23153.20005291405,0
23158.20020409706,0
23163.200355280067,0
23168.200506463072,1
23173.200657646077,0
23178.200808829086,0
23183.200960012095,0
23188.2011111951,0
23193.20126237811,0
23198.201413561117,0
23203.201564744122,0
23208.201715927127,1
23213.201867110136,0
23218.202018293145,0
23223.20216947615,0
23228.202320659155,0
23233.202471842164,0
23238.202623025172,0
23243.202774208177,1
23248.202925391182,0
23253.203076574195,0
23258.2032277572,0
23263.203378940205,0
23268.203530123214,1
23273.203681306222,0
23278.203832489227,0
23283.203983672232,0
23288.20413485524,0
23293.20428603825,0
23298.204437221255,0
23303.20458840426,0
23308.20473958727,0
23313.204890770277,1
23318.205041953282,1
23323.205193136288,0
23328.2053443193,0
23333.205495502305,1
23338.20564668531,0
23343.20579786832,0
23348.205949051327,0
23353.206100234333,0
23358.206251417338,0
23363.206402600346,0
23368.206553783355,0
23373.20670496636,1
23378.206856149365,0
23383.207007332374,0
23388.207158515383,1
23393.207309698388,2
23398.207460881396,0
23403.207612064405,0
23408.20776324741,0
23413.207914430415,0
23418.208065613424,0
23423.208216796433,0
23428.208367979438,1
23433.208519162443,0
23438.20867034545,0
23443.20882152846,0
23448.208972711465,0
23453.20912389447,0
23458.209275077483,1
23463.209426260488,0
23468.209577443493,0
23473.2097286265,0
23478.20987980951,0
23483.210030992515,0
23488.21018217552,0
23493.21033335853,1
23498.210484541538,1
23503.210635724543,0
23508.210786907548,0
23513.210938090557,0
23518.211089273565,0
23523.21124045657,0
23528.21139163958,0
23533.211542822588,0
23538.211694005593,1
23543.211845188598,0
23548.211996371607,0
23553.212147554616,0
23558.21229873762,0
23563.212449920626,0
23568.212601103634,0
23573.212752286643,0
23578.212903469648,1
23583.213054652653,0
23588.213205835666,0
23593.21335701867,0
23598.213508201676,0
23603.213659384684,0
23608.213810567693,0
23613.2139617507,0
23618.214112933703,1
23623.214264116712,0
23628.21441529972,0
23633.214566482726,0
23638.21471766573,0
23643.21486884874,0
23648.21502003175,0
23653.215171214753,0
23658.215322397762,1
23663.21547358077,0
23668.215624763776,0
23673.21577594678,0
23678.21592712979,0
23683.2160783128,1
23688.216229495803,0
23693.21638067881,1
23698.216531861817,1
23703.216683044826,0
23708.21683422783,0
23713.216985410836,0
23718.21713659385,0
23723.217287776853,0
23728.21743895986,0
23733.217590142867,1
23738.217741325876,0
23743.21789250888,0
23748.218043691886,0
23753.218194874895,0
23758.218346057904,0
23763.21849724091,1
23768.218648423914,0
23773.218799606922,1
23778.21895078993,1
23783.219101972936,0
23788.219253155945,0
23793.219404338954,0
23798.21955552196,0
23803.219706704964,0
23808.219857887972,0
23813.22000907098,2
23818.220160253986,2
23823.22031143699,2
23828.22046262,1
23833.22061380301,0
23838.220764986014,1
23843.22091616902,1
23848.22106735203,0
23853.221218535036,1
23858.22136971804,1
23863.22152090105,2
23868.22167208406,0
23873.221823267064,1
23878.22197445007,2
23883.222125633078,1
23888.222276816086,0
23893.22242799909,0
23898.222579182097,0
23903.222730365105,0
23908.222881548114,1
23913.22303273112,0
23918.223183914124,2
23923.223335097136,0
23928.22348628014,1
23933.223637463147,0
23938.223788646155,0
23943.223939829164,0
23948.22409101217,0
23953.224242195174,0
23958.224393378183,0
23963.22454456119,0
23968.224695744197,0
23973.2248469272,0
23978.22499811021,0
23983.22514929322,0
23988.225300476224,0
23993.225451659233,0
23998.22560284224,0
24003.225754025247,1
24008.22590520825,0
24013.22605639126,0
24018.22620757427,0
24023.226358757274,0
24028.22650994028,0
24033.226661123288,0
24038.226812306297,0
24043.226963489302,0
24048.227114672307,0
24053.22726585532,1
24058.227417038324,1
24063.22756822133,1
24068.227719404338,0
24073.227870587347,0
24078.228021770352,0
24083.228172953357,1
24088.228324136366,2
24093.228475319374,0
24098.22862650238,0
24103.228777685385,0
24108.228928868393,0
24113.229080051402,0
24118.229231234407,0
24123.229382417416,1
24128.229533600424,0
24133.22968478343,1
24138.229835966435,0
24143.229987149443,0
24148.230138332452,0
24153.230289515457,0
24158.230440698462,0
24163.23059188147,0
24168.23074306448,0
24173.230894247485,0
24178.23104543049,0
24183.231196613502,1
24188.231347796507,0
24193.231498979512,0
24198.23165016252,1
24203.23180134553,0
24208.231952528535,0
24213.23210371154,1
24218.23225489455,0
24223.232406077557,0
24228.232557260562,1
24233.232708443567,0
24238.232859626576,0
24243.233010809585,1
24248.23316199259,2
24253.2333131756,0
24258.233464358607,0
24263.233615541612,1
24268.233766724617,0
24273.233917907626,0
24278.234069090635,0
24283.23422027364,0
24288.234371456645,0
24293.234522639654,0
24298.234673822662,2
24303.234825005668,0
24308.234976188673,0
24313.235127371685,0
24318.23527855469,0
24323.235429737695,0
24328.235580920704,0
24333.235732103713,0
24338.235883286718,0
24343.236034469723,0
24348.23618565273,0
24353.23633683574,0
24358.236488018745,0
24363.23663920175,0
24368.23679038476,0
24373.236941567768,1
24378.237092750773,1
24383.23724393378,1
24388.23739511679,0
24393.237546299795,0
24398.2376974828,0
24403.23784866581,0
24408.237999848818,0
24413.238151031823,1
24418.238302214828,0
24423.238453397837,0
24428.238604580845,0
24433.23875576385,0
24438.238906946855,1
24443.239058129868,2
24448.239209312873,2
24453.239360495878,0
24458.239511678887,0
24463.239662861895,1
24468.2398140449,0
24473.239965227905,0
24478.240116410914,0
24483.240267593923,0
24488.240418776928,0
24493.240569959933,0
24498.24072114294,1
24503.24087232595,0
24508.241023508956,0
24513.241174691964,0
24518.241325874973,0
24523.241477057978,1
24528.241628240983,0
24533.241779423992,1
24538.241930607,0
24543.242081790006,0
24548.24223297301,0
24553.24238415602,0
24558.242535339028,1
24563.242686522033,0
24568.24283770504,0
24573.242988888047,0
24578.243140071056,1
24583.24329125406,0
24588.24344243707,0
24593.243593620078,2
24598.243744803083,0
24603.24389598609,0
24608.244047169097,0
24613.244198352106,1
24618.24434953511,0
24623.244500718116,0
24628.244651901125,1
24633.244803084133,1
24638.24495426714,2
24643.245105450143,0
24648.245256633156,1
24653.24540781616,2
24658.245558999166,0
24663.245710182175,0
24668.245861365183,0
24673.24601254819,1
24678.246163731194,0
24683.246314914202,0
24688.24646609721,1
24693.246617280216,0
24698.24676846322,1
24703.24691964623,0
24708.24707082924,1
24713.247222012244,0
24718.247373195252,0
24723.24752437826,0
24728.247675561266,0
24733.24782674427,0
24738.24797792728,0
24743.24812911029,0
24748.248280293294,2
24753.2484314763,0
24758.248582659307,0
24763.248733842316,0
24768.24888502532,0
24773.249036208326,1
24778.24918739134,0
24783.249338574344,0
24788.24948975735,1
24793.249640940357,0
24798.249792123366,0
24803.24994330637,1
24808.250094489376,0
24813.250245672385,1
24818.250396855394,0
24823.2505480384,2
24828.250699221404,1
24833.250850404413,1
24838.25100158742,0
24843.251152770426,0
24848.251303953435,0
24853.251455136444,0
24858.25160631945,0
24863.251757502454,0
24868.251908685463,0
24873.25205986847,0
24878.252211051476,0
24883.25236223448,0
24888.25251341749,0
24893.2526646005,0
24898.252815783504,0
24903.25296696651,0
24908.25311814952,0
24913.253269332527,0
24918.25342051553,0
24923.25357169854,0
24928.25372288155,0
24933.253874064554,1
24938.25402524756,1
24943.254176430568,1
24948.254327613577,0
24953.25447879658,0
24958.254629979587,0
24963.254781162595,1
24968.254932345604,0
24973.25508352861,0
24978.255234711618,0
24983.255385894627,1
24988.25553707763,0
24993.255688260637,1
24998.255839443646,0
25003.255990626654,0
25008.25614180966,0
25013.256292992664,0
25018.256444175673,0
25023.25659535868,0
25028.256746541687,1
25033.256897724692,1
25038.257048907704,1
25043.25720009071,0
25048.257351273714,0
25053.257502456723,0
25058.257653639732,1
25063.257804822737,0
25068.257956005742,0
25073.25810718875,0
25078.25825837176,0
25083.258409554765,0
25088.25856073777,0
25093.25871192078,0
25098.258863103787,0
25103.259014286792,0
25108.2591654698,0
25113.25931665281,0
25118.259467835815,0
25123.25961901882,1
25128.25977020183,0
25133.259921384837,1
25138.260072567842,1
25143.260223750847,0
25148.260374933856,1
25153.260526116865,0
25158.26067729987,0
25163.260828482875,1
25168.260979665883,0
25173.261130848892,0
25178.261282031897,1
25183.261433214906,0
25188.261584397915,0
25193.26173558092,0
25198.261886763925,0
25203.262037946934,0
25208.262189129942,0
25213.262340312947,0
25218.262491495952,1
25223.26264267896,1
25228.26279386197,0
25233.262945044975,1
25238.26309622798,0
25243.263247410992,2
25248.263398593997,0
25253.263549777002,1
25258.26370096001,1
25263.26385214302,0
25268.264003326025,1
25273.26415450903,0
25278.26430569204,0
25283.264456875047,0
25288.264608058053,0
25293.264759241058,1
25298.264910424066,0
25303.265061607075,0
25308.26521279008,0
25313.26536397309,0
25318.265515156098,1
25323.265666339103,0
25328.265817522108,1
25333.265968705116,0
25338.266119888125,0
25343.26627107113,0
25348.266422254135,0
25353.266573437144,1
25358.266724620153,2
25363.266875803158,0
25368.267026986163,2
25373.267178169175,0
25378.26732935218,1
25383.267480535185,0
25388.267631718194,0
25393.267782901203,0
25398.267934084208,0
25403.268085267213,1
25408.26823645022,1
25413.26838763323,0
25418.268538816235,0
25423.26868999924,1
25428.26884118225,0
25433.268992365258,1
25438.269143548263,0
25443.26929473127,1
25448.26944591428,2
25453.269597097285,1
25458.26974828029,0
25463.2698994633,1
25468.270050646308,0
25473.270201829313,1
25478.270353012318,0
25483.270504195327,0
25488.270655378336,2
25493.27080656134,1
25498.270957744346,0
25503.271108927358,0
25508.271260110363,0
25513.271411293368,0
25518.271562476377,0
25523.271713659386,2
25528.27186484239,1
25533.272016025396,0
25538.272167208404,0
25543.272318391413,0
25548.27246957442,0
25553.272620757423,1
25558.272771940432,0
25563.27292312344,0
25568.273074306446,0
25573.273225489454,0
25578.273376672463,0
25583.27352785547,0
25588.273679038473,0
25593.273830221482,0
25598.27398140449,1
25603.274132587496,1
25608.2742837705,0
25613.27443495351,1
25618.27458613652,0
25623.274737319523,1
25628.27488850253,0
25633.27503968554,0
25638.275190868546,1
25643.27534205155,0
25648.27549323456,1
25653.27564441757,0
25658.275795600573,0
25663.27594678358,0
25668.276097966587,0
25673.276249149596,0
25678.2764003326,0
25683.276551515606,0
25688.276702698615,1
25693.276853881624,1
25698.27700506463,0
25703.277156247637,0
25708.277307430646,0
25713.27745861365,0
25718.277609796656,0
25723.277760979665,0
25728.277912162674,1
25733.27806334568,1
25738.278214528684,0
25743.278365711692,2
25748.2785168947,1
25753.278668077706,0
25758.27881926071,0
25763.27897044372,1
25768.27912162673,0
25773.279272809734,0
25778.279423992743,0
25783.27957517575,0
25788.279726358756,0
25793.27987754176,0
25798.28002872477,0
25803.28017990778,0
25808.280331090784,1
25813.28048227379,0
25818.280633456798,0
25823.280784639806,0
25828.28093582281,0
25833.281087005817,1
25838.28123818883,0
25843.281389371834,0
25848.28154055484,0
25853.281691737848,0
25858.281842920856,0
25863.28199410386,0
25868.282145286867,1
25873.282296469875,0
25878.282447652884,0
25883.28259883589,0
25888.282750018894,0
25893.282901201903,1
25898.28305238491,3
25903.283203567917,0
25908.283354750925,0
25913.283505933934,0
25918.28365711694,1
25923.283808299944,0
25928.283959482953,0
25933.28411066596,1
25938.284261848967,0
25943.28441303197,0
25948.28456421498,0
25953.28471539799,1
25958.284866580994,1
25963.285017764,1
25968.28516894701,2
25973.285320130017,1
25978.285471313022,0
25983.28562249603,0
25988.28577367904,1
25993.285924862044,0
25998.28607604505,1
26003.286227228058,1
26008.286378411067,0
26013.286529594072,0
26018.286680777077,0
26023.286831960086,0
26028.286983143094,0
26033.2871343261,1
26038.28728550911,0
26043.287436692117,1
26048.287587875122,0
26053.287739058127,0
26058.287890241136,1
26063.288041424144,0
26068.28819260715,0
26073.288343790155,0
26078.288494973163,0
26083.288646156172,0
26088.288797339177,0
26093.288948522182,1
26098.289099705195,1
26103.2892508882,0
26108.289402071205,0
26113.289553254213,0
26118.289704437222,0
26123.289855620227,0
26128.290006803232,0
26133.29015798624,0
26138.29030916925,1
26143.290460352255,0
26148.29061153526,0
26153.29076271827,2
26158.290913901277,0
26163.291065084282,1
26168.29121626729,1
26173.2913674503,0
26178.291518633305,1
26183.29166981631,0
26188.29182099932,0
26193.291972182327,0
26198.292123365332,1
26203.292274548337,1
26208.292425731346,0
26213.292576914355,0
26218.29272809736,0
26223.292879280365,1
26228.293030463377,1
26233.293181646382,0
26238.293332829388,0
26243.293484012396,2
26248.293635195405,2
26253.29378637841,0
26258.293937561415,0
26263.294088744424,1
26268.294239927432,0
26273.294391110438,2
26278.294542293443,0
26283.29469347645,1
26288.29484465946,0
26293.294995842465,0
26298.295147025474,0
26303.295298208483,0
26308.295449391488,0
26313.295600574493,1
26318.2957517575,0
26323.29590294051,0
26328.296054123515,1
26333.29620530652,0
26338.29635648953,1
26343.296507672538,0
26348.296658855543,0
26353.296810038548,0
26358.29696122156,1
26363.297112404565,0
26368.29726358757,0
26373.29741477058,0
26378.297565953588,1
26383.297717136593,0
26388.297868319598,0
26393.298019502607,0
26398.298170685615,1
26403.29832186862,0
26408.298473051625,1
26413.298624234634,0
26418.298775417643,1
26423.298926600648,0
26428.299077783653,2
26433.299228966665,0
26438.29938014967,0
26443.299531332676,0
26448.299682515684,0
26453.299833698693,0
26458.299984881698,0
26463.300136064703,0
26468.300287247712,0
26473.30043843072,0
26478.300589613726,1
26483.30074079673,1
26488.30089197974,0
26493.301043162748,2
26498.301194345753,1
26503.301345528762,0
26508.30149671177,0
26513.301647894776,0
26518.30179907778,0
26523.30195026079,0
26528.302101443798,1
26533.302252626803,1
26538.30240380981,0
26543.302554992817,0
26548.302706175826,1
26553.30285735883,0
26558.303008541836,0
26563.30315972485,0
26568.303310907853,0
26573.30346209086,0
26578.303613273867,0
26583.303764456876,0
26588.30391563988,1
26593.304066822886,1
26598.304218005895,0
26603.304369188903,1
26608.30452037191,0
26613.304671554914,2
26618.304822737922,0
26623.30497392093,0
26628.305125103936,0
26633.305276286945,0
26638.305427469953,0
26643.30557865296,0
26648.305729835964,2
26653.305881018972,1
26658.30603220198,1
26663.306183384986,0
26668.30633456799,0
26673.306485751,0
26678.30663693401,0
26683.306788117014,1
26688.30693930002,2
26693.30709048303,0
26698.307241666036,0
26703.30739284904,1
26708.30754403205,2
26713.30769521506,1
26718.307846398064,1
26723.30799758107,0
26728.308148764077,1
26733.308299947086,0
26738.30845113009,2
26743.308602313096,0
26748.308753496105,0
26753.308904679114,3
26758.30905586212,2
26763.309207045128,1
26768.309358228136,2
26773.30950941114,0
26778.309660594146,0
26783.309811777155,2
26788.309962960164,1
26793.31011414317,0
26798.310265326174,0
26803.310416509183,0
26808.31056769219,0
26813.310718875196,0
26818.3108700582,0
26823.311021241214,2
26828.31117242422,0
26833.311323607224,1
26838.311474790233,0
26843.31162597324,1
26848.311777156247,1
26853.31192833925,0
26858.31207952226,1
26863.31223070527,1
26868.312381888274,0
26873.31253307128,0
26878.312684254288,2
26883.312835437297,0
26888.3129866203,1
26893.31313780331,0
26898.31328898632,1
26903.313440169324,0
26908.31359135233,1
26913.313742535338,1
26918.313893718347,0
26923.31404490135,1
26928.314196084357,0
26933.314347267366,0
26938.314498450374,1
26943.31464963338,0
26948.314800816384,2
26953.314951999397,0
26958.3151031824,1
26963.315254365407,0
26968.315405548416,2
26973.315556731424,0
26978.31570791443,0
26983.315859097434,0
26988.316010280443,0
26993.316161463452,2
26998.316312646457,2
27003.316463829462,1
27008.31661501247,1
27013.31676619548,0
27018.316917378485,0
27023.31706856149,0
27028.317219744502,0
27033.317370927507,3
27038.317522110512,1
27043.31767329352,1
27048.31782447653,1
27053.317975659535,1
27058.31812684254,0
27063.31827802555,1
27068.318429208557,0
27073.318580391562,1
27078.318731574567,1
27083.318882757576,1
27088.319033940585,1
27093.31918512359,1
27098.3193363066,1
27103.319487489607,1
27108.319638672612,0
27113.319789855617,1
27118.319941038626,0
27123.320092221635,0
27128.32024340464,0
27133.320394587645,0
27138.320545770654,1
27143.320696953662,0
27148.320848136667,1
27153.320999319672,0
27158.321150502685,0
27163.32130168569,3
27168.321452868695,1
27173.321604051704,1
27178.321755234712,2
27183.321906417717,0
27188.322057600722,0
27193.32220878373,1
27198.32235996674,0
27203.322511149745,0
27208.32266233275,0
27213.32281351576,0
27218.322964698767,2
27223.323115881773,0
27228.32326706478,2
27233.32341824779,1
27238.323569430795,1
27243.3237206138,0
27248.32387179681,1
27253.324022979818,0
27258.324174162823,0
27263.324325345828,2
27268.324476528836,0
27273.324627711845,1
27278.32477889485,3
27283.324930077855,1
27288.325081260868,0
27293.325232443873,2
27298.325383626878,0
27303.325534809886,0
27308.325685992895,1
27313.3258371759,2
27318.325988358905,0
27323.326139541914,0
27328.326290724923,1
27333.326441907928,0
27338.326593090933,1
27343.32674427394,2
27348.32689545695,0
27353.327046639955,1
27358.327197822964,0
27363.327349005973,2
27368.327500188978,0
27373.327651371983,2
27378.32780255499,1
27383.327953738,1
27388.328104921005,2
27393.32825610401,0
27398.32840728702,1
27403.328558470028,0
27408.328709653033,0
27413.328860836038,1
27418.32901201905,0
27423.329163202055,0
27428.32931438506,2
27433.32946556807,0
27438.329616751078,1
27443.329767934083,0
27448.329919117088,0
27453.330070300097,2
27458.330221483106,0
27463.33037266611,1
27468.330523849116,0
27473.330675032124,0
27478.330826215133,1
27483.33097739814,1
27488.331128581147,0
27493.331279764156,0
27498.33143094716,2
27503.331582130166,0
27508.331733313174,0
27513.331884496183,0
27518.33203567919,0
27523.332186862193,1
27528.332338045202,0
27533.33248922821,1
27538.332640411216,0
27543.33279159422,2
27548.332942777233,1
27553.33309396024,1
27558.333245143243,0
27563.333396326252,0
27568.33354750926,1
27573.333698692266,0
27578.33384987527,1
27583.33400105828,0
27588.33415224129,2
27593.334303424293,4
27598.3344546073,0
27603.334605790307,0
27608.334756973316,1
27613.33490815632,0
27618.33505933933,1
27623.33521052234,0
27628.335361705344,0
27633.33551288835,3
27638.335664071357,2
27643.335815254366,2
27648.33596643737,1
27653.336117620376,1
27658.336268803385,0
27663.336419986394,1
27668.3365711694,1
27673.336722352404,1
27678.336873535412,1
27683.33702471842,0
27688.337175901426,1
27693.337327084435,1
27698.337478267444,3
27703.33762945045,2
27708.337780633454,1
27713.337931816463,0
27718.33808299947,1
27723.338234182476,2
27728.33838536548,1
27733.33853654849,1
27738.3386877315,1
27743.338838914504,1
27748.33899009751,1
27753.33914128052,1
27758.339292463526,0
27763.33944364653,2
27768.33959482954,0
27773.33974601255,1
27778.339897195554,1
27783.34004837856,1
27788.340199561568,1
27793.340350744576,2
27798.34050192758,3
27803.340653110587,0
27808.340804293595,0
27813.340955476604,1
27818.34110665961,2
27823.341257842618,1
27828.341409025626,0
27833.34156020863,0
27838.341711391637,0
27843.341862574645,0
27848.342013757654,0
27853.34216494066,1
27858.342316123664,1
27863.342467306673,0
27868.34261848968,1
27873.342769672687,1
27878.34292085569,0
27883.343072038704,1
27888.34322322171,1
27893.343374404714,0
27898.343525587723,0
27903.34367677073,2
27908.343827953737,1
27913.343979136742,0
27918.34413031975,0
27923.34428150276,1
27928.344432685764,0
27933.34458386877,1
27938.344735051778,0
27943.344886234787,0
27948.345037417792,2
27953.3451886008,0
27958.34533978381,1
27963.345490966814,2
27968.34564214982,3
27973.345793332828,2
27978.345944515837,2
27983.346095698842,0
27988.346246881847,1
27993.346398064856,1
27998.346549247864,1
28003.34670043087,2
28008.346851613875,5
28013.347002796887,1
28018.347153979892,1
28023.347305162897,1
28028.347456345906,0
28033.347607528915,2
28038.34775871192,1
28043.347909894925,1
28048.348061077933,1
28053.348212260942,3
28058.348363443947,3
28063.348514626952,2
28068.34866580996,0
28073.34881699297,0
28078.348968175975,1
28083.349119358983,0
28088.349270541992,0
28093.349421724997,0
28098.349572908002,1
28103.34972409101,0
28108.34987527402,0
28113.350026457025,0
28118.35017764003,3
28123.35032882304,2
28128.350480006047,3
28133.350631189052,1
28138.350782372057,1
28143.35093355507,2
28148.351084738075,2
28153.35123592108,1
28158.35138710409,1
28163.351538287097,2
28168.351689470102,1
28173.351840653108,2
28178.351991836116,0
28183.352143019125,1
28188.35229420213,0
28193.352445385135,2
28198.352596568144,1
28203.352747751152,0
28208.352898934158,2
28213.353050117166,1
28218.353201300175,1
28223.35335248318,1
28228.353503666185,0
28233.353654849194,2
28238.353806032203,1
28243.353957215208,1
28248.354108398213,1
28253.35425958122,2
28258.35441076423,1
28263.354561947235,0
28268.35471313024,2
28273.35486431325,0
28278.355015496258,2
28283.355166679263,2
28288.35531786227,1
28293.35546904528,1
28298.355620228285,2
28303.35577141129,2
28308.3559225943,0
28313.356073777308,1
28318.356224960313,1
28323.356376143318,0
28328.356527326327,1
28333.356678509335,1
28338.35682969234,3
28343.356980875345,0
28348.357132058358,1
28353.357283241363,0
28358.357434424368,1
28363.357585607377,1
28368.357736790385,0
28373.35788797339,2
28378.358039156396,3
28383.358190339404,2
28388.358341522413,1
28393.358492705418,0
28398.358643888423,1
28403.35879507143,0
28408.35894625444,0
28413.359097437446,3
28418.359248620454,3
28423.359399803463,0
28428.359550986468,0
28433.359702169473,1
28438.359853352482,0
28443.36000453549,1
28448.360155718496,1
28453.3603069015,1
28458.36045808451,1
28463.360609267518,0
28468.360760450523,1
28473.36091163353,1
28478.36106281654,1
28483.361213999546,1
28488.36136518255,3
28493.36151636556,2
28498.36166754857,1
28503.361818731573,2
28508.36196991458,1
28513.362121097587,2
28518.362272280596,0
28523.3624234636,0
28528.362574646606,0
28533.362725829615,0
28538.362877012623,2
28543.36302819563,2
28548.363179378637,0
28553.363330561646,3
28558.36348174465,0
28563.363632927656,1
28568.363784110665,3
28573.363935293673,0
28578.36408647668,1
28583.364237659684,2
28588.364388842692,1
28593.3645400257,1
28598.364691208706,1
28603.36484239171,1
28608.364993574723,2
28613.36514475773,0
28618.365295940734,2
28623.365447123742,1
28628.36559830675,1
28633.365749489756,2
28638.36590067276,2
28643.36605185577,2
28648.36620303878,2
28653.366354221784,1
28658.36650540479,1
28663.366656587797,1
28668.366807770806,0
28673.36695895381,0
28678.36711013682,3
28683.36726131983,0
28688.367412502834,0
28693.36756368584,0
28698.367714868848,0
28703.367866051856,2
28708.36801723486,2
28713.368168417866,1
28718.368319600875,3
28723.368470783884,1
28728.36862196689,4
28733.368773149894,1
28738.368924332906,2
28743.36907551591,0
28748.369226698916,1
28753.369377881925,1
28758.369529064934,1
28763.36968024794,5
28768.369831430944,1
28773.369982613953,1
28778.37013379696,2
28783.370284979967,0
28788.37043616297,2
28793.37058734598,2
28798.37073852899,1
28803.370889711994,1
28808.371040895003,1
28813.37119207801,1
28818.371343261017,2
28823.37149444402,1
28828.37164562703,1
28833.37179681004,2
28838.371947993044,2
28843.37209917605,1
28848.372250359058,1
28853.372401542067,2
28858.37255272507,1
28863.372703908077,1
28868.372855091086,2
28873.373006274094,1
28878.3731574571,2
28883.373308640108,1
28888.373459823117,1
28893.37361100612,2
28898.373762189127,0
28903.373913372136,1
28908.374064555144,0
28913.37421573815,0
28918.374366921154,0
28923.374518104163,0
28928.374669287172,2
28933.374820470177,3
28938.374971653182,3
28943.375122836194,0
28948.3752740192,1
28953.375425202204,1
28958.375576385213,1
28963.375727568222,2
28968.375878751227,1
28973.376029934232,3
28978.37618111724,0
28983.37633230025,2
28988.376483483255,3
28993.37663466626,1
28998.37678584927,0
29003.376937032277,1
29008.377088215282,0
29013.37723939829,3
29018.3773905813,0
29023.377541764305,1
29028.37769294731,0
29033.37784413032,0
29038.377995313327,1
29043.378146496332,0
29048.378297679337,1
29053.378448862346,1
29058.378600045355,1
29063.37875122836,1
29068.378902411365,1
29073.379053594377,0
29078.379204777382,0
29083.379355960387,3
29088.379507143396,0
29093.379658326405,2
29098.37980950941,1
29103.379960692415,2
29108.380111875424,0
29113.380263058432,1
29118.380414241437,0
29123.380565424442,0
29128.38071660745,2
29133.38086779046,1
29138.381018973465,0
29143.381170156474,0
29148.381321339482,1
29153.381472522487,1
29158.381623705493,1
29163.3817748885,0
29168.38192607151,0
29173.382077254515,1
29178.38222843752,0
29183.38237962053,1
29188.382530803538,0
29193.382681986543,1
29198.382833169548,1
29203.38298435256,2
29208.383135535565,3
29213.38328671857,3
29218.38343790158,2
29223.383589084588,1
29228.383740267593,0
29233.383891450598,1
29238.384042633606,1
29243.384193816615,2
29248.38434499962,0
29253.384496182625,2
29258.384647365634,1
29263.384798548643,0
29268.384949731648,2
29273.385100914657,1
29278.385252097665,1
29283.38540328067,3
29288.385554463675,2
29293.385705646684,1
29298.385856829693,1
29303.386008012698,4
29308.386159195703,1
29313.38631037871,1
29318.38646156172,3
29323.386612744725,1
29328.38676392773,0
29333.386915110743,2
29338.387066293748,0
29343.387217476753,2
29348.38736865976,0
29353.38751984277,1
29358.387671025775,5
29363.38782220878,2
29368.38797339179,1
29373.388124574798,0
29378.388275757803,0
29383.388426940808,3
29388.388578123817,0
29393.388729306826,2
29398.38888048983,1
29403.38903167284,2
29408.389182855848,1
29413.389334038853,1
29418.38948522186,2
29423.389636404867,0
29428.389787587876,0
29433.38993877088,0
29438.390089953886,3
29443.390241136894,2
29448.390392319903,0
29453.39054350291,1
29458.390694685913,2
29463.390845868926,2
29468.39099705193,0
29473.391148234936,0
29478.391299417945,1
29483.391450600953,0
29488.39160178396,2
29493.391752966963,3
29498.391904149972,0
29503.39205533298,1
29508.392206515986,0
29513.39235769899,1
29518.392508882,2
29523.39266006501,0
29528.392811248013,0
29533.39296243102,0
29538.39311361403,2
29543.393264797036,0
29548.39341598004,0
29553.39356716305,1
29558.39371834606,1
29563.393869529064,2
29568.39402071207,3
29573.394171895077,1
29578.394323078086,1
29583.39447426109,0
29588.394625444096,0
29593.394776627105,2
29598.394927810114,1
29603.39507899312,2
29608.395230176127,2
29613.395381359136,0
29618.39553254214,2
29623.395683725146,3
29628.395834908155,1
29633.395986091164,1
29638.39613727417,2
29643.396288457174,0
29648.396439640183,0
29653.39659082319,1
29658.396742006196,1
29663.3968931892,0
29668.397044372214,0
29673.39719555522,0
29678.397346738224,1
29683.397497921233,1
29688.39764910424,1
29693.397800287246,3
29698.39795147025,1
29703.39810265326,0
29708.39825383627,0
29713.398405019274,1
29718.39855620228,2
29723.398707385288,2
29728.398858568296,1
29733.3990097513,1
29738.39916093431,2
29743.39931211732,3
29748.399463300324,1
29753.39961448333,1
29758.399765666338,0
29763.399916849346,1
29768.40006803235,1
29773.400219215357,2
29778.400370398365,0
29783.400521581374,2
29788.40067276438,1
29793.400823947384,2
29798.400975130397,0
29803.4011263134,0
29808.401277496407,1
29813.401428679415,3
29818.401579862424,1
29823.40173104543,1
29828.401882228434,3
29833.402033411443,3
29838.40218459445,1
29843.402335777457,3
29848.402486960462,1
29853.40263814347,2
29858.40278932648,2
29863.402940509484,2
29868.403091692493,2
29873.4032428755,1
29878.403394058507,1
29883.403545241512,1
29888.40369642452,4
29893.40384760753,1
29898.403998790534,0
29903.40414997354,0
29908.404301156548,0
29913.404452339557,0
29918.404603522562,1
29923.404754705567,0
29928.40490588858,1
29933.405057071584,0
29938.40520825459,0
29943.4053594376,0
29948.405510620607,3
29953.405661803612,3
29958.405812986617,1
29963.405964169626,1
29968.406115352635,1
29973.40626653564,1
29978.406417718645,4
29983.406568901653,1
29988.406720084662,1
29993.406871267667,1
29998.407022450676,1
30003.407173633685,0
30008.40732481669,0
30013.407475999695,1
30018.407627182703,1
30023.407778365712,1
30028.407929548717,4
30033.408080731722,1
30038.40823191473,4
30043.40838309774,1
30048.408534280745,1
30053.40868546375,0
30058.408836646762,3
30063.408987829767,1
30068.409139012772,0
30073.40929019578,1
30078.40944137879,1
30083.409592561795,2
30088.4097437448,0
30093.40989492781,3
30098.410046110817,0
30103.410197293822,2
30108.410348476827,1
30113.410499659836,1
30118.410650842845,2
30123.41080202585,0
30128.410953208855,2
30133.411104391867,1
30138.411255574872,2
30143.411406757878,2
30148.411557940886,1
30153.411709123895,0
30158.4118603069,1
30163.412011489905,1
30168.412162672914,1
30173.412313855923,0
30178.412465038928,0
30183.412616221933,3
30188.41276740494,0
30193.41291858795,1
30198.413069770955,2
30203.413220953964,1
30208.413372136973,1
30213.413523319978,2
30218.413674502983,3
30223.41382568599,2
30228.413976869,1
30233.414128052005,4
30238.41427923501,4
30243.41443041802,0
30248.414581601028,0
30253.414732784033,1
30258.414883967038,2
30263.41503515005,4
30268.415186333055,0
30273.41533751606,2
30278.41548869907,0
30283.415639882078,2
30288.415791065083,4
30293.415942248088,1
30298.416093431097,0
30303.416244614105,1
30308.41639579711,0
30313.416546980116,2
30318.416698163124,0
30323.416849346133,3
30328.417000529138,0
30333.417151712147,0
30338.417302895155,2
30343.41745407816,0
30348.417605261166,2
30353.417756444174,1
30358.417907627183,1
30363.418058810188,0
30368.418209993193,1
30373.418361176202,1
30378.41851235921,1
30383.418663542216,2
30388.41881472522,1
30393.418965908233,2
30398.419117091238,0
30403.419268274243,1
30408.419419457252,2
30413.41957064026,2
30418.419721823266,0
30423.41987300627,3
30428.42002418928,3
30433.42017537229,3
30438.420326555293,0
30443.4204777383,2
30448.420628921307,1
30453.420780104316,4
30458.42093128732,3
30463.42108247033,0
30468.42123365334,0
30473.421384836343,1
30478.42153601935,3
30483.421687202357,0
30488.421838385366,2
30493.42198956837,2
30498.422140751376,0
30503.422291934385,2
30508.422443117393,0
30513.4225943004,2
30518.422745483404,1
30523.422896666416,0
30528.42304784942,1
30533.423199032426,1
30538.423350215435,0
30543.423501398443,2
30548.42365258145,0
30553.423803764454,1
30558.423954947462,2
30563.42410613047,1
30568.424257313476,1
30573.42440849648,2
30578.42455967949,2
30583.4247108625,1
30588.424862045504,2
30593.425013228512,0
30598.42516441152,0
30603.425315594526,3
30608.42546677753,1
30613.42561796054,1
30618.42576914355,2
30623.425920326554,0
30628.42607150956,1
30633.426222692568,0
30638.426373875576,0
30643.42652505858,4
30648.426676241586,1
30653.4268274246,3
30658.426978607604,1
30663.42712979061,0
30668.427280973618,3
30673.427432156626,1
30678.42758333963,4
30683.427734522636,2
30688.427885705645,0
30693.428036888654,5
30698.42818807166,4
30703.428339254664,0
30708.428490437673,1
30713.42864162068,1
30718.428792803687,2
30723.42894398669,1
30728.429095169704,0
30733.42924635271,0
30738.429397535714,1
30743.429548718723,2
30748.42969990173,4
30753.429851084737,5
30758.43000226774,1
30763.43015345075,3
30768.43030463376,0
30773.430455816764,3
30778.43060699977,1
30783.430758182778,2
30788.430909365787,1
30793.43106054879,1
30798.4312117318,2
30803.43136291481,3
30808.431514097814,2
30813.43166528082,1
30818.431816463828,1
30823.431967646837,1
30828.43211882984,2
30833.432270012847,0
30838.432421195856,0
30843.432572378864,0
30848.43272356187,1
30853.432874744874,1
30858.433025927887,1
30863.433177110892,0
30868.433328293897,3
30873.433479476906,2
30878.433630659914,2
30883.43378184292,1
30888.433933025924,2
30893.434084208933,1
30898.434235391942,1
30903.434386574947,1
30908.434537757952,2
30913.43468894096,3
30918.43484012397,1
30923.434991306975,2
30928.435142489983,3
30933.435293672992,0
30938.435444855997,4
30943.435596039002,2
30948.43574722201,0
30953.43589840502,0
30958.436049588025,2
30963.43620077103,1
30968.43635195404,3
30973.436503137047,3
30978.436654320052,0
30983.436805503057,0
30988.43695668607,0
30993.437107869075,1
30998.43725905208,1
31003.43741023509,0
31008.437561418097,4
31013.437712601102,1
31018.437863784107,1
31023.438014967116,2
31028.438166150125,2
31033.43831733313,5
31038.438468516135,2
31043.438619699144,3
31048.438770882152,1
31053.438922065157,1
31058.439073248166,1
31063.439224431175,0
31068.43937561418,2
31073.439526797185,0
31078.439677980194,2
31083.439829163202,4
31088.439980346207,1
31093.440131529213,0
31098.44028271222,3
31103.44043389523,2
31108.440585078235,1
31113.44073626124,3
31118.440887444252,2
31123.441038627258,0
31128.441189810263,1
31133.44134099327,2
31138.44149217628,1
31143.441643359285,0
31148.44179454229,3
31153.4419457253,2
31158.442096908308,1
31163.442248091313,1
31168.442399274318,4
31173.442550457326,2
31178.442701640335,1
31183.44285282334,2
31188.44300400635,0
31193.443155189358,1
31198.443306372363,1
31203.443457555368,2
31208.443608738376,0
31213.443759921385,0
31218.44391110439,2
31223.444062287395,2
31228.444213470404,1
31233.444364653413,1
31238.444515836418,2
31243.444667019423,0
31248.444818202435,1
31253.44496938544,2
31258.445120568445,0
31263.445271751454,0
31268.445422934463,0
31273.445574117468,0
31278.445725300473,2
31283.44587648348,2
31288.44602766649,2
31293.446178849495,2
31298.4463300325,0
31303.44648121551,1
31308.446632398518,0
31313.446783581523,0
31318.44693476453,1
31323.44708594754,0
31328.447237130546,1
31333.44738831355,0
31338.44753949656,4
31343.447690679568,2
31348.447841862573,3
31353.44799304558,0
31358.448144228587,1
31363.448295411596,0
31368.4484465946,2
31373.448597777606,0
31378.448748960614,1
31383.448900143623,0
31388.44905132663,4
31393.449202509637,1
31398.449353692646,1
31403.44950487565,4
31408.449656058656,1
31413.449807241665,2
31418.449958424673,0
31423.45010960768,3
31428.450260790683,1
31433.450411973692,3
31438.4505631567,5
31443.450714339706,2
31448.45086552271,0
31453.451016705723,1
31458.45116788873,3
31463.451319071733,2
31468.451470254742,2
31473.45162143775,0
31478.451772620756,3
31483.45192380376,4
31488.45207498677,1
31493.45222616978,1
31498.452377352784,2
31503.45252853579,0
31508.452679718797,2
31513.452830901806,0
31518.45298208481,5
31523.45313326782,0
31528.45328445083,2
31533.453435633834,1
31538.45358681684,0
31543.453737999847,1
31548.453889182856,1
31553.45404036586,2
31558.454191548866,3
31563.454342731875,3
31568.454493914884,2
31573.45464509789,0
31578.454796280894,1
31583.454947463906,0
31588.45509864691,3
31593.455249829916,2
31598.455401012925,1
31603.455552195934,2
31608.45570337894,1
31613.455854561944,0
31618.456005744953,1
31623.45615692796,1
31628.456308110966,2
31633.45645929397,3
31638.45661047698,0
31643.45676165999,3
31648.456912842994,2
31653.457064026003,2
31658.45721520901,0
31663.457366392016,3
31668.45751757502,1
31673.45766875803,2
31678.45781994104,1
31683.457971124044,2
31688.45812230705,1
31693.458273490058,2
31698.458424673066,1
31703.45857585607,0
31708.458727039077,0
31713.45887822209,2
31718.459029405094,2
31723.4591805881,1
31728.459331771108,0
31733.459482954117,1
31738.45963413712,2
31743.459785320127,1
31748.459936503135,0
31753.460087686144,0
31758.46023886915,2
31763.460390052154,0
31768.460541235163,1
31773.46069241817,4
31778.460843601177,2
31783.460994784185,1
31788.461145967194,1
31793.4612971502,1
31798.461448333204,2
31803.461599516213,1
31808.46175069922,3
31813.461901882227,1
31818.462053065232,3
31823.46220424824,2
31828.46235543125,1
31833.462506614254,0
31838.46265779726,2
31843.46280898027,2
31848.462960163277,1
31853.463111346282,1
31858.46326252929,2
31863.4634137123,0
31868.463564895304,2
31873.46371607831,0
31878.46386726132,2
31883.464018444327,2
31888.464169627332,1
31893.464320810337,1
31898.464471993346,3
31903.464623176355,1
31908.46477435936,2
31913.46492554237,0
31918.465076725377,0
31923.465227908382,0
31928.465379091387,0
31933.465530274396,1
31938.465681457405,1
31943.46583264041,2
31948.465983823415,2
31953.466135006423,1
31958.466286189432,1
31963.466437372437,2
31968.466588555442,2
31973.46673973845,1
31978.46689092146,4
31983.467042104465,2
31988.467193287473,1
31993.467344470482,0
31998.467495653487,0
32003.467646836492,1
32008.4677980195,0
32013.46794920251,2
32018.468100385515,1
32023.46825156852,1
32028.46840275153,4
32033.468553934537,2
32038.468705117542,3
32043.468856300547,1
32048.46900748356,0
32053.469158666565,2
32058.46930984957,1
32063.46946103258,1
32068.469612215587,2
32073.469763398592,0
32078.469914581598,1
32083.470065764606,0
32088.470216947615,0
32093.47036813062,0
32098.470519313625,0
32103.470670496634,1
32108.470821679643,1
32113.470972862648,2
32118.471124045656,1
32123.471275228665,0
32128.47142641167,1
32133.471577594675,0
32138.471728777684,1
32143.471879960693,1
32148.472031143698,0
32153.472182326703,3
32158.47233350971,2
32163.47248469272,2
32168.472635875725,1
32173.47278705873,0
32178.472938241743,2
32183.473089424748,3
32188.473240607753,1
32193.47339179076,0
32198.47354297377,0
32203.473694156775,1
32208.47384533978,2
32213.47399652279,2
32218.474147705798,2
32223.474298888803,1
32228.474450071808,1
32233.474601254817,2
32238.474752437825,0
32243.47490362083,1
32248.47505480384,0
32253.475205986848,2
32258.475357169853,2
32263.475508352858,0
32268.475659535867,0
32273.475810718875,1
32278.47596190188,0
32283.476113084886,0
32288.476264267894,2
32293.476415450903,2
32298.476566633908,1
32303.476717816913,0
32308.476868999926,0
32313.47702018293,0
32318.477171365936,2
32323.477322548944,0
32328.477473731953,1
32333.477624914958,1
32338.477776097963,2
32343.477927280972,3
32348.47807846398,0
32353.478229646986,1
32358.47838082999,0
32363.478532013,0
32368.47868319601,0
32373.478834379013,2
32378.478985562022,4
32383.47913674503,1
32388.479287928036,2
32393.47943911104,2
32398.47959029405,1
32403.47974147706,1
32408.479892660063,0
32413.48004384307,0
32418.480195026077,0
32423.480346209086,1
32428.48049739209,1
32433.480648575096,2
32438.48079975811,1
32443.480950941113,0
32448.48110212412,3
32453.481253307127,0
32458.481404490136,1
32463.48155567314,1
32468.481706856146,1
32473.481858039155,0
32478.482009222163,4
32483.48216040517,0
32488.482311588174,1
32493.482462771182,0
32498.48261395419,1
32503.482765137196,0
32508.482916320205,1
32513.483067503214,1
32518.48321868622,2
32523.483369869224,2
32528.483521052232,1
32533.48367223524,0
32538.483823418246,0
32543.48397460125,0
32548.48412578426,0
32553.48427696727,1
32558.484428150274,3
32563.48457933328,0
32568.48473051629,0
32573.484881699296,1
32578.4850328823,0
32583.48518406531,2
32588.48533524832,2
32593.485486431324,0
32598.48563761433,0
32603.485788797338,2
32608.485939980346,2
32613.48609116335,2
32618.486242346356,0
32623.486393529365,1
32628.486544712374,1
32633.48669589538,1
32638.486847078384,0
32643.486998261396,2
32648.4871494444,0
32653.487300627407,1
32658.487451810415,0
32663.487602993424,0
32668.48775417643,1
32673.487905359434,3
32678.488056542443,2
32683.48820772545,1
32688.488358908457,0
32693.48851009146,0
32698.48866127447,0
32703.48881245748,0
32708.488963640484,1
32713.489114823493,3
32718.4892660065,3
32723.489417189507,0
32728.48956837251,0
32733.48971955552,1
32738.48987073853,0
32743.490021921534,1
32748.49017310454,0
32753.490324287548,0
32758.490475470557,0
32763.49062665356,1
32768.490777836574,1
32773.49092901958,1
32778.491080202584,0
32783.49123138559,1
32788.491382568594,2
32793.49153375161,1
32798.49168493461,0
32803.49183611762,1
32808.49198730063,0
32813.492138483634,0
32818.49228966664,2
32823.492440849644,1
32828.49259203265,0
32833.49274321566,2
32838.49289439867,0
32843.49304558168,0
32848.493196764684,1
32853.49334794769,1
32858.493499130695,2
32863.4936503137,0
32868.49380149671,0
32873.49395267972,0
32878.49410386272,0
32883.494255045734,0
32888.49440622874,0
32893.494557411745,1
32898.49470859475,0
32903.494859777755,1
32908.49501096077,1
32913.49516214377,0
32918.495313326785,1
32923.49546450979,0
32928.495615692795,2
32933.4957668758,1
32938.495918058805,0
32943.49606924182,2
32948.49622042482,1
32953.49637160783,0
32958.49652279084,1
32963.496673973845,2
32968.49682515685,1
32973.496976339855,1
32978.49712752287,2
32983.49727870587,1
32988.49742988888,1
32993.49758107189,1
32998.497732254895,0
33003.4978834379,0
33008.498034620905,1
33013.49818580391,2
33018.49833698692,2
33023.49848816993,1
33028.49863935293,0
33033.498790535945,1
33038.49894171895,1
33043.499092901955,0
33048.49924408496,1
33053.49939526797,1
33058.49954645098,1
33063.49969763398,0
33068.499848816995,2
33073.5,2
33078.500151183005,0
33083.50030236601,1
33088.500453549015,2
33093.50060473203,1
33098.50075591503,0
33103.500907098045,0
33108.50105828105,0
33113.501209464055,0
33118.50136064706,0
33123.501511830065,0
33128.50166301308,1
33133.50181419608,0
33138.50196537909,1
33143.5021165621,0
33148.502267745105,0
33153.50241892811,0
33158.502570111115,0
33163.50272129412,0
33168.50287247713,2
33173.50302366014,0
33178.50317484315,2
33183.503326026155,1
33188.50347720916,1
33193.503628392165,1
33198.50377957517,1
33203.50393075818,1
33208.50408194119,1
33213.50423312419,3
33218.504384307205,1
33223.50453549021,0
33228.504686673215,2
33233.50483785622,2
33238.50498903923,0
33243.50514022224,0
33248.50529140524,1
33253.505442588255,0
33258.50559377126,1
33263.505744954266,0
33268.50589613727,2
33273.506047320276,1
33278.50619850329,1
33283.50634968629,0
33288.5065008693,2
33293.50665205231,1
33298.506803235316,0
33303.50695441832,2
33308.507105601326,3
33313.50725678434,2
33318.50740796734,0
33323.50755915035,2
33328.50771033336,0
33333.507861516366,1
33338.50801269937,1
33343.508163882376,0
33348.50831506538,0
33353.50846624839,0
33358.5086174314,2
33363.50876861441,0
33368.508919797416,0
33373.50907098042,0
33378.509222163426,0
33383.50937334643,3
33388.50952452944,0
33393.50967571245,0
33398.50982689545,0
33403.509978078466,0
33408.51012926147,1
33413.510280444476,3
33418.51043162748,0
33423.510582810486,1
33428.5107339935,0
33433.5108851765,1
33438.511036359516,1
33443.51118754252,0
33448.511338725526,0
33453.51148990853,1
33458.511641091536,0
33463.51179227455,0
33468.51194345755,1
33473.51209464056,0
33478.51224582357,2
33483.512397006576,1
33488.51254818958,1
33493.512699372586,1
33498.5128505556,1
33503.5130017386,0
33508.51315292161,0
33513.51330410462,1
33518.513455287626,0
33523.51360647063,1
33528.513757653636,2
33533.51390883664,1
33538.514060019654,0
33543.51421120266,0
33548.514362385664,0
33553.514513568676,0
33558.51466475168,0
33563.514815934686,1
33568.51496711769,0
33573.515118300704,0
33578.51526948371,2
33583.515420666714,1
33588.515571849726,1
33593.51572303273,1
33598.51587421574,1
33603.51602539874,1
33608.51617658175,0
33613.51632776476,1
33618.516478947764,1
33623.51663013077,1
33628.51678131378,1
33633.51693249679,2
33638.51708367979,1
33643.5172348628,0
33648.51738604581,0
33653.517537228814,0
33658.51768841182,0
33663.51783959483,2
33668.51799077784,2
33673.51814196084,3
33678.51829314385,1
33683.51844432685,1
33688.518595509864,0
33693.51874669287,0
33698.51889787588,2
33703.51904905889,2
33708.51920024189,0
33713.5193514249,0
33718.5195026079,0
33723.519653790914,1
33728.51980497392,2
33733.519956156924,1
33738.52010733994,1
33743.52025852294,1
33748.52040970595,1
33753.52056088895,2
33758.52071207196,2
33763.52086325497,0
33768.521014437974,0
33773.52116562099,1
33778.52131680399,1
33783.521467987,1
33788.52161917,1
33793.52177035301,0
33798.52192153602,0
33803.522072719024,2
33808.52222390203,1
33813.52237508504,0
33818.52252626805,0
33823.52267745105,0
33828.52282863406,1
33833.52297981707,1
33838.523131000074,0
33843.52328218308,0
33848.52343336609,0
33853.5235845491,0
33858.5237357321,0
33863.52388691511,1
33868.52403809811,2
33873.524189281125,1
33878.52434046413,1
33883.524491647135,1
33888.52464283015,3
33893.52479401315,1
33898.52494519616,1
33903.52509637916,1
33908.525247562175,1
33913.52539874518,0
33918.525549928185,1
33923.5257011112,1
33928.5258522942,0
33933.52600347721,1
33938.52615466021,1
33943.52630584322,1
33948.52645702623,1
33953.526608209235,0
33958.52675939225,0
33963.52691057525,0
33968.52706175826,1
33973.52721294126,1
33978.52736412427,4
33983.52751530728,0
33988.527666490285,0
33993.52781767329,2
33998.5279688563,0
34003.52812003931,2
34008.52827122231,0
34013.52842240532,2
34018.52857358832,1
34023.528724771335,0
34028.52887595434,1
34033.52902713735,1
34038.52917832036,0
34043.52932950336,1
34048.52948068637,0
34053.52963186937,0
34058.529783052385,0
34063.52993423539,0
34068.530085418395,1
34073.53023660141,1
34078.53038778441,0
34083.53053896742,2
34088.53069015042,0
34093.530841333435,2
34098.53099251644,1
34103.531143699445,0
34108.53129488246,0
34113.53144606546,1
34118.53159724847,0
34123.53174843147,0
34128.53189961448,1
34133.53205079749,0
34138.532201980495,0
34143.5323531635,1
34148.53250434651,1
34153.53265552952,0
34158.53280671252,0
34163.53295789553,1
34168.53310907854,0
34173.533260261545,1
34178.53341144455,2
34183.53356262756,0
34188.53371381057,0
34193.53386499357,0
34198.53401617658,1
34203.53416735958,0
34208.534318542595,0
34213.5344697256,1
34218.534620908606,0
34223.53477209162,1
34228.53492327462,0
34233.53507445763,1
34238.53522564063,0
34243.535376823645,1
34248.53552800665,0
34253.535679189656,0
34258.53583037267,2
34263.53598155567,1
34268.53613273868,0
34273.53628392168,0
34278.53643510469,0
34283.5365862877,1
34288.536737470706,1
34293.53688865372,0
34298.53703983672,0
34303.53719101973,0
34308.53734220273,2
34313.53749338574,0
34318.53764456875,1
34323.537795751756,1
34328.53794693476,0
34333.53809811777,2
34338.53824930078,0
34343.53840048378,1
34348.53855166679,1
34353.53870284979,0
34358.538854032806,0
34363.53900521581,1
34368.53915639882,1
34373.53930758183,0
34378.53945876483,0
34383.53960994784,2
34388.53976113084,2
34393.539912313856,2
34398.54006349686,0
34403.540214679866,1
34408.54036586288,0
34413.54051704588,0
34418.54066822889,0
34423.54081941189,0
34428.540970594906,1
34433.54112177791,1
34438.541272960916,0
34443.54142414393,0
34448.54157532693,0
34453.54172650994,0
34458.541877692944,0
34463.54202887595,0
34468.54218005896,0
34473.542331241966,1
34478.54248242497,1
34483.54263360798,1
34488.54278479099,0
34493.542935973994,0
34498.543087157,0
34503.54323834001,2
34508.543389523016,1
34513.54354070602,0
34518.543691889034,0
34523.54384307204,0
34528.543994255044,0
34533.54414543805,0
34538.544296621054,1
34543.544447804066,0
34548.54459898707,0
34553.544750170084,0
34558.54490135309,1
34563.545052536094,0
34568.5452037191,0
34573.545354902104,0
34578.545506085116,0
34583.54565726812,2
34588.54580845113,1
34593.54595963414,1
34598.546110817144,0
34603.54626200015,1
34608.546413183154,1
34613.54656436616,0
34618.54671554917,0
34623.54686673218,0
34628.54701791519,1
34633.547169098194,0
34638.5473202812,1
34643.547471464204,0
34648.54762264721,1
34653.54777383022,1
34658.54792501323,0
34663.54807619623,1
34668.548227379244,0
34673.54837856225,0
34678.548529745254,0
34683.54868092826,0
34688.54883211127,0
34693.54898329428,0
34698.54913447728,0
34703.549285660294,0
34708.5494368433,0
34713.549588026304,1
34718.54973920931,1
34723.549890392314,1
34728.55004157533,0
34733.55019275833,1
34738.55034394134,0
34743.55049512435,1
34748.550646307354,1
34753.55079749036,1
34758.550948673364,0
34763.55109985638,1
34768.55125103938,1
34773.55140222239,0
34778.5515534054,1
34783.551704588404,0
34788.55185577141,0
34793.552006954415,0
34798.55215813742,1
34803.55230932043,1
34808.55246050344,0
34813.55261168644,1
34818.552762869454,0
34823.55291405246,1
34828.553065235465,1
34833.55321641847,0
34838.55336760148,1
34843.55351878449,1
34848.55366996749,0
34853.553821150505,0
34858.55397233351,0
34863.554123516515,0
34868.55427469952,0
34873.554425882525,0
34878.55457706554,0
34883.55472824854,0
34888.554879431555,0
34893.55503061456,0
34898.555181797565,0
34903.55533298057,0
34908.555484163575,1
34913.55563534659,2
34918.55578652959,0
34923.5559377126,0
34928.55608889561,0
34933.556240078615,1
34938.55639126162,0
34943.556542444625,0
34948.55669362763,0
34953.55684481064,0
34958.55699599365,0
34963.55714717666,2
34968.557298359665,0
34973.55744954267,0
34978.557600725675,0
34983.55775190868,0
34988.55790309169,0
34993.5580542747,1
34998.5582054577,2
35003.558356640715,0
35008.55850782372,1
35013.558659006725,0
35018.55881018973,0
35023.55896137274,1
35028.55911255575,0
35033.55926373875,1
35038.559414921765,2
35043.55956610477,0
35048.559717287775,0
35053.55986847078,0
35058.560019653785,0
35063.5601708368,0
35068.5603220198,1
35073.56047320281,0
35078.56062438582,0
35083.560775568825,0
35088.56092675183,0
35093.561077934835,0
35098.56122911785,1
35103.56138030085,0
35108.56153148386,1
35113.56168266687,0
35118.561833849875,0
35123.56198503288,0
35128.562136215885,1
35133.56228739889,0
35138.5624385819,1
35143.56258976491,0
35148.56274094792,1
35153.562892130925,1
35158.56304331393,0
35163.563194496935,0
35168.56334567994,0
35173.56349686295,0
35178.56364804596,0
35183.56379922896,0
35188.563950411975,1
35193.56410159498,0
35198.564252777986,1
35203.56440396099,0
35208.564555143996,0
35213.56470632701,1
35218.56485751001,1
35223.565008693025,0
35228.56515987603,1
35233.565311059036,2
35238.56546224204,0
35243.565613425046,1
35248.56576460806,0
35253.56591579106,0
35258.56606697407,1
35263.56621815708,0
35268.566369340086,0
35273.56652052309,0
35278.566671706096,1
35283.56682288911,1
35288.56697407211,0
35293.56712525512,1
35298.56727643813,1
35303.567427621136,0
35308.56757880414,0
35313.567729987146,0
35318.56788117015,0
35323.56803235316,0
35328.56818353617,0
35333.56833471917,2
35338.568485902186,0
35343.56863708519,0
35348.568788268196,1
35353.5689394512,0
35358.56909063421,1
35363.56924181722,0
35368.56939300022,1
35373.569544183236,0
35378.56969536624,0
35383.569846549246,0
35388.56999773225,0
35393.570148915256,0
35398.57030009827,0
35403.57045128127,0
35408.57060246428,0
35413.57075364729,0
35418.570904830296,0
35423.5710560133,1
35428.571207196306,0
35433.57135837932,0
35438.57150956232,0
35443.57166074533,1
35448.57181192834,0
35453.571963111346,0
35458.57211429435,0
35463.572265477356,0
35468.57241666036,0
35473.572567843374,1
35478.57271902638,0
35483.57287020939,1
35488.573021392396,1
35493.5731725754,0
35498.573323758406,1
35503.57347494141,2
35508.573626124424,1
35513.57377730743,0
35518.573928490434,0
35523.574079673446,0
35528.57423085645,0
35533.57438203946,0
35538.57453322246,0
35543.57468440547,0
35548.57483558848,1
35553.574986771484,0
35558.575137954496,0
35563.5752891375,1
35568.57544032051,0
35573.57559150351,0
35578.57574268652,0
35583.57589386953,1
35588.576045052534,1
35593.57619623554,1
35598.57634741855,0
35603.57649860156,0
35608.57664978456,1
35613.57680096757,0
35618.57695215058,0
35623.577103333584,0
35628.57725451659,0
35633.5774056996,0
35638.57755688261,0
35643.57770806561,1
35648.57785924862,0
35653.57801043162,1
35658.578161614634,0
35663.57831279764,0
35668.578463980644,0
35673.57861516366,1
35678.57876634666,1
35683.57891752967,0
35688.57906871267,0
35693.579219895684,0
35698.57937107869,1
35703.579522261694,2
35708.57967344471,0
35713.57982462771,0
35718.57997581072,0
35723.58012699372,0
35728.58027817673,0
35733.58042935974,0
35738.580580542744,0
35743.58073172576,0
35748.58088290876,0
35753.58103409177,0
35758.58118527477,1
35763.58133645778,1
35768.58148764079,2
35773.581638823794,0
35778.5817900068,1
35783.58194118981,1
35788.58209237282,0
35793.58224355582,0
35798.58239473883,0
35803.58254592183,0
35808.582697104845,0
35813.58284828785,1
35818.58299947086,0
35823.58315065387,1
35828.58330183687,0
35833.58345301988,0
35838.58360420288,0
35843.583755385895,2
35848.5839065689,0
35853.584057751905,0
35858.58420893492,0
35863.58436011792,0
35868.58451130093,0
35873.58466248393,1
35878.584813666945,0
35883.58496484995,0
35888.585116032955,0
35893.58526721597,0
35898.58541839897,1
35903.58556958198,1
35908.58572076498,0
35913.58587194799,0
35918.586023131,1
35923.586174314005,0
35928.58632549701,0
35933.58647668002,0
35938.58662786303,0
35943.58677904603,0
35948.58693022904,0
35953.58708141205,2
35958.587232595055,1
35963.58738377806,1
35968.58753496107,0
35973.58768614408,0
35978.58783732708,0
35983.58798851009,0
35988.58813969309,0
35993.588290876105,0
35998.58844205911,0
36003.588593242115,2
36008.58874442513,1
36013.58889560813,0
36018.58904679114,0
36023.58919797414,0
36028.589349157155,0
36033.58950034016,1
36038.589651523165,0
36043.58980270618,0
36048.58995388918,0
36053.59010507219,1
36058.59025625519,0
36063.5904074382,0
36068.59055862121,0
36073.590709804215,0
36078.59086098723,0
36083.59101217023,1
36088.59116335324,0
36093.59131453624,0
36098.59146571925,0
36103.59161690226,0
36108.591768085265,0
36113.59191926827,0
36118.59207045128,0
36123.59222163429,1
36128.59237281729,0
36133.5925240003,0
36138.5926751833,0
36143.592826366315,0
36148.59297754932,0
36153.59312873233,0
36158.59327991534,2
36163.59343109834,0
36168.59358228135,0
36173.59373346435,0
36178.593884647365,0
36183.59403583037,0
36188.594187013376,0
36193.59433819639,0
36198.59448937939,0
36203.5946405624,0
36208.5947917454,1
36213.594942928416,0
36218.59509411142,0
36223.595245294426,0
36228.59539647744,0
36233.59554766044,0
36238.59569884345,0
36243.59585002645,0
36248.59600120946,0
36253.59615239247,0
36258.596303575476,0
36263.59645475848,0
36268.59660594149,1
36273.5967571245,0
36278.5969083075,1
36283.59705949051,1
36288.59721067352,0
36293.597361856526,0
36298.59751303953,0
36303.59766422254,1
36308.59781540555,0
36313.59796658855,0
36318.59811777156,0
36323.59826895456,0
36328.598420137576,0
36333.59857132058,0
36338.59872250359,0
36343.5988736866,0
36348.5990248696,0
36353.59917605261,0
36358.59932723561,0
36363.599478418626,0
36368.59962960163,0
36373.599780784636,0
36378.59993196765,0
36383.60008315065,0
36388.60023433366,1
36393.600385516664,0
36398.60053669967,0
36403.60068788268,0
36408.600839065686,0
36413.6009902487,0
36418.6011414317,1
36423.60129261471,0
36428.601443797714,0
36433.60159498072,0
36438.60174616373,1
36443.601897346736,0
36448.60204852974,1
36453.602199712754,0
36458.60235089576,0
36463.602502078764,0
36468.60265326177,0
36473.60280444478,0
36478.602955627786,0
36483.60310681079,0
36488.603257993804,0
36493.60340917681,1
36498.603560359814,0
36503.60371154282,0
36508.603862725824,0
36513.604013908836,0
36518.60416509184,0
36523.60431627485,0
36528.60446745786,1
36533.604618640864,0
36538.60476982387,0
36543.604921006874,0
36548.60507218989,0
36553.60522337289,0
36558.6053745559,0
36563.60552573891,0
36568.605676921914,0
36573.60582810492,0
36578.605979287924,0
36583.60613047093,0
36588.60628165394,0
36593.60643283695,0
36598.60658401996,0
36603.606735202964,0
36608.60688638597,0
36613.607037568974,0
36618.60718875198,0
36623.60733993499,0
36628.607491118,0
36633.607642301,0
36638.607793484014,0
36643.60794466702,0
36648.608095850024,0
36653.60824703303,0
36658.608398216034,0
36663.60854939905,0
36668.60870058205,0
36673.608851765064,0
36678.60900294807,0
36683.609154131074,0
36688.60930531408,0
36693.609456497084,1
36698.6096076801,0
36703.6097588631,0
36708.60991004611,0
36713.61006122912,0
36718.610212412124,1
36723.61036359513,1
36728.610514778135,0
36733.61066596114,0
36738.61081714415,1
36743.61096832716,0
36748.61111951017,1
36753.611270693174,0
36758.61142187618,0
36763.611573059185,0
36768.61172424219,0
36773.6118754252,0
36778.61202660821,0
36783.61217779121,0
36788.612328974225,0
36793.61248015723,0
36798.612631340235,0
36803.61278252324,0
36808.61293370625,1
36813.61308488926,0
36818.61323607226,0
36823.613387255275,0
36828.61353843828,0
36833.613689621285,0
36838.61384080429,0
36843.613991987295,0
36848.61414317031,0
36853.61429435331,0
36858.61444553632,0
36863.61459671933,0
36868.614747902335,0
36873.61489908534,0
36878.615050268345,0
36883.61520145136,0
36888.61535263436,0
36893.61550381737,1
36898.61565500038,0
36903.615806183385,0
36908.61595736639,0
36913.616108549395,0
36918.6162597324,0
36923.61641091541,0
36928.61656209842,0
36933.61671328143,0
36938.616864464435,0
36943.61701564744,0
36948.617166830445,0
36953.61731801345,0
36958.61746919646,0
36963.61762037947,0
36968.61777156247,0
36973.617922745485,0
36978.61807392849,0
36983.618225111495,0
36988.6183762945,0
36993.618527477505,0
36998.61867866052,0
37003.61882984352,0
37008.618981026535,0
37013.61913220954,0
37018.619283392545,0
37023.61943457555,1
37028.619585758555,0
37033.61973694157,0
37038.61988812457,0
37043.62003930758,0
37048.62019049059,0
37053.620341673595,0
37058.6204928566,0
37063.620644039605,0
37068.62079522262,0
37073.62094640562,0
37078.62109758863,0
37083.62124877164,0
37088.621399954645,0
37093.62155113765,0
37098.621702320655,0
37103.62185350366,0
37108.62200468667,0
37113.62215586968,0
37118.62230705268,0
37123.622458235695,0
37128.6226094187,0
37133.622760601706,0
37138.62291178471,0
37143.62306296772,0
37148.62321415073,0
37153.62336533373,0
37158.623516516745,0
37163.62366769975,1
37168.623818882756,0
37173.62397006576,0
37178.624121248766,0
37183.62427243178,0
37188.62442361478,0
37193.624574797796,0
37198.6247259808,0
37203.624877163806,0
37208.62502834681,0
37213.625179529816,0
37218.62533071283,0
37223.62548189583,0
37228.62563307884,0
37233.62578426185,0
37238.625935444856,0
37243.62608662786,0
37248.626237810866,0
37253.62638899387,0
37258.62654017688,0
37263.62669135989,0
37268.6268425429,0
37273.626993725906,0
37278.62714490891,0
37283.627296091916,0
37288.62744727492,0
37293.62759845793,0
37298.62774964094,1
37303.62790082394,0
37308.628052006956,1
37313.62820318996,0
37318.628354372966,0
37323.62850555597,0
37328.628656738976,0
37333.62880792199,1
37338.62895910499,0
37343.629110288006,0
37348.62926147101,0
37353.629412654016,0
37358.62956383702,0
37363.629715020026,0
37368.62986620304,0
37373.63001738604,0
37378.63016856905,0
37383.63031975206,0
37388.630470935066,0
37393.63062211807,0
37398.630773301076,0
37403.63092448409,0
37408.631075667094,0
37413.6312268501,0
37418.63137803311,0
37423.631529216116,0
37428.63168039912,0
37433.631831582126,0
37438.63198276513,1
37443.632133948144,0
37448.63228513115,0
37453.632436314154,0
37458.632587497166,0
37463.63273868017,0
37468.63288986318,0
37473.63304104618,0
37478.633192229194,0
37483.6333434122,0
37488.633494595204,0
37493.633645778216,0
37498.63379696122,0
37503.63394814423,0
37508.63409932723,0
37513.63425051024,0
37518.63440169325,0
37523.634552876254,0
37528.63470405927,0
37533.63485524227,0
37538.63500642528,0
37543.63515760828,0
37548.63530879129,0
37553.6354599743,0
37558.635611157304,0
37563.63576234031,0
37568.63591352332,0
37573.63606470633,0
37578.63621588933,0
37583.63636707234,0
37588.63651825534,0
37593.636669438354,0
37598.63682062136,0
37603.63697180437,0
37608.63712298738,0
37613.63727417038,0
37618.63742535339,0
37623.63757653639,0
37628.637727719404,0
37633.63787890241,0
37638.638030085414,0
37643.63818126843,0
37648.63833245143,0
37653.63848363444,0
37658.63863481744,0
37663.638786000454,0
37668.63893718346,0
37673.639088366464,0
37678.63923954948,0
37683.63939073248,0
37688.63954191549,0
37693.63969309849,0
37698.6398442815,0
37703.63999546451,1
37708.640146647514,0
37713.64029783052,0
37718.64044901353,1
37723.64060019654,0
37728.64075137954,0
37733.64090256255,0
37738.64105374556,0
37743.641204928565,0
37748.64135611157,0
37753.64150729458,0
37758.64165847759,0
37763.64180966059,0
37768.6419608436,0
37773.6421120266,0
37778.642263209615,0
37783.64241439262,0
37788.64256557563,0
37793.64271675864,0
37798.64286794164,0
37803.64301912465,0
37808.64317030765,0
37813.643321490665,0
37818.64347267367,0
37823.643623856675,0
37828.64377503969,0
37833.64392622269,0
37838.6440774057,0
37843.6442285887,0
37848.64437977171,1
37853.64453095472,0
37858.644682137725,0
37863.64483332074,0
37868.64498450374,0
37873.64513568675,0
37878.64528686975,0
37883.64543805276,0
37888.64558923577,1
37893.645740418775,0
37898.64589160178,0
37903.64604278479,0
37908.6461939678,0
37913.6463451508,0
37918.64649633381,0
37923.64664751681,0
37928.646798699825,0
37933.64694988283,0
37938.64710106584,0
37943.64725224885,0
37948.64740343185,0
37953.64755461486,0
37958.64770579786,0
37963.647856980875,0
37968.64800816388,0
37973.648159346885,0
37978.6483105299,0
37983.6484617129,0
37988.64861289591,0
37993.64876407891,0
37998.648915261925,0
38003.64906644493,0
38008.649217627935,0
38013.64936881095,0
38018.64951999395,0
38023.64967117696,0
38028.64982235996,0
38033.64997354297,0
38038.65012472598,0
38043.650275908985,0
38048.65042709199,0
38053.650578275,0
38058.65072945801,0
38063.65088064101,0
38068.65103182402,0
38073.65118300703,0
38078.651334190035,0
38083.65148537304,0
38088.65163655605,1
38093.65178773906,0
38098.65193892206,1
38103.65209010507,1
38108.65224128807,0
38113.652392471085,0
38118.65254365409,0
38123.6526948371,1
38128.65284602011,0
38133.65299720311,0
38138.65314838612,0
38143.65329956912,1
38148.653450752136,0
38153.65360193514,0
38158.653753118146,0
38163.65390430116,0
38168.65405548416,0
38173.65420666717,0
38178.65435785017,0
38183.65450903318,0
38188.65466021619,0
38193.654811399196,0
38198.65496258221,0
38203.65511376521,0
38208.65526494822,0
38213.65541613122,0
38218.65556731423,0
38223.65571849724,0
38228.655869680246,0
38233.65602086325,0
38238.65617204626,0
38243.65632322927,1
38248.65647441227,0
38253.65662559528,0
38258.65677677829,0
38263.656927961296,0
38268.6570791443,0
38273.65723032731,0
38278.65738151032,0
38283.65753269332,0
38288.65768387633,0
38293.65783505933,0
38298.657986242346,0
38303.65813742535,0
38308.658288608356,0
38313.65843979137,0
38318.65859097437,0
38323.65874215738,0
38328.658893340384,0
38333.659044523396,0
38338.6591957064,0
38343.659346889406,0
38348.65949807242,0
38353.65964925542,0
38358.65980043843,0
38363.659951621434,0
38368.66010280444,0
38373.66025398745,0
38378.660405170456,0
38383.66055635347,0
38388.66070753647,0
38393.66085871948,0
38398.661009902484,0
38403.66116108549,0
38408.6613122685,0
38413.661463451506,0
38418.66161463451,0
38423.661765817524,0
38428.66191700053,0
38433.662068183534,0
38438.66221936654,0
38443.662370549544,0
38448.662521732556,0
38453.66267291556,0
38458.662824098574,0
38463.66297528158,0
38468.663126464584,0
38473.66327764759,0
38478.663428830594,0
38483.66358001361,0
38488.66373119661,0
38493.66388237962,0
38498.66403356263,0
38503.664184745634,0
38508.66433592864,0
38513.664487111644,0
38518.66463829465,0
38523.66478947766,0
38528.66494066067,0
38533.66509184368,0
38538.665243026684,0
38543.66539420969,0
38548.665545392694,0
38553.6656965757,0
38558.66584775871,0
38563.66599894172,0
38568.66615012472,0
38573.666301307734,0
38578.66645249074,0
38583.666603673744,0
38588.66675485675,0
38593.66690603976,0
38598.66705722277,0
38603.66720840577,0
38608.667359588784,0
38613.66751077179,0
38618.667661954794,0
38623.6678131378,0
38628.667964320804,0
38633.66811550382,0
38638.66826668682,0
38643.66841786983,0
38648.66856905284,0
38653.668720235844,0
38658.66887141885,0
38663.669022601855,0
38668.66917378487,0
38673.66932496787,0
38678.66947615088,0
38683.66962733389,0
38688.669778516894,0
38693.6699296999,0
38698.670080882905,0
38703.67023206591,0
38708.67038324892,0
38713.67053443193,0
38718.67068561494,0
38723.670836797945,0
38728.67098798095,0
38733.671139163955,0
38738.67129034696,0
38743.67144152997,0
38748.67159271298,0
38753.67174389598,0
38758.671895078995,0
38763.672046262,0
38768.672197445005,0
38773.67234862801,0
38778.672499811015,0
38783.67265099403,1
38788.67280217703,0
38793.672953360045,0
38798.67310454305,0
38803.673255726055,0
38808.67340690906,0
38813.673558092065,1
38818.67370927508,0
38823.67386045808,0
38828.67401164109,0
38833.6741628241,0
38838.674314007105,0
38843.67446519011,0
38848.674616373115,0
38853.67476755613,0
38858.67491873913,0
38863.67506992214,0
38868.67522110515,0
38873.675372288155,0
38878.67552347116,0
38883.675674654165,0
38888.67582583717,0
38893.67597702018,0
38898.67612820319,0
38903.67627938619,0
38908.676430569205,0
38913.67658175221,0
38918.676732935215,0
38923.67688411822,0
38928.67703530123,0
38933.67718648424,0
38938.67733766724,0
38943.677488850255,0
38948.67764003326,0
38953.677791216265,0
38958.67794239927,0
38963.678093582275,0
38968.67824476529,0
38973.67839594829,0
38978.678547131305,0
38983.67869831431,0
38988.678849497315,0
38993.67900068032,0
38998.679151863325,0
39003.67930304634,0
39008.67945422934,0
39013.67960541235,0
39018.67975659536,0
39023.679907778365,0
39028.68005896137,0
39033.680210144375,0
39038.68036132738,0
39043.68051251039,0
39048.6806636934,0
39053.68081487641,0
39058.680966059415,0
39063.68111724242,0
39068.681268425426,0
39073.68141960843,0
39078.68157079144,0
39083.68172197445,0
39088.68187315745,0
39093.682024340465,0
39098.68217552347,0
39103.682326706476,0
39108.68247788948,0
39113.682629072486,0
39118.6827802555,0
39123.6829314385,0
39128.683082621515,0
39133.68323380452,0
39138.683384987526,0
39143.68353617053,0
39148.683687353536,0
39153.68383853655,0
39158.68398971955,0
39163.68414090256,0
39168.68429208557,0
39173.684443268576,0
39178.68459445158,0
39183.684745634586,0
39188.6848968176,0
39193.6850480006,0
39198.68519918361,0
39203.68535036662,0
39208.685501549626,0
39213.68565273263,0
39218.685803915636,0
39223.68595509864,0
39228.68610628165,0
39233.68625746466,0
39238.68640864766,0
39243.686559830676,0
39248.68671101368,0
39253.686862196686,0
39258.68701337969,1
39263.6871645627,0
39268.68731574571,0
39273.68746692871,0
39278.687618111726,0
39283.68776929473,0
39288.687920477736,0
39293.68807166074,0
39298.688222843746,0
39303.68837402676,0
39308.68852520976,0
39313.688676392776,0
39318.68882757578,0
39323.688978758786,0
39328.68912994179,0
39333.689281124796,0
39338.68943230781,0
39343.689583490814,0
39348.68973467382,0
39353.68988585683,0
39358.690037039836,0
39363.69018822284,0
39368.690339405846,0
39373.69049058885,0
39378.690641771864,0
39383.69079295487,0
39388.69094413788,0
39393.691095320886,1
39398.69124650389,0
39403.6913976869,0
39408.6915488699,0
39413.691700052914,0
39418.69185123592,0
39423.692002418924,0
39428.692153601936,0
39433.69230478494,0
39438.69245596795,0
39443.69260715095,0
39448.692758333964,0
39453.69290951697,0
39458.693060699974,0
39463.693211882986,0
39468.69336306599,0
39473.693514249,0
39478.693665432,0
39483.69381661501,0
39488.69396779802,0
39493.694118981024,0
39498.69427016403,0
39503.69442134704,0
39508.69457253005,0
39513.69472371305,0
39518.69487489606,0
39523.69502607907,0
39528.695177262074,0
39533.69532844508,0
39538.69547962809,0
39543.6956308111,0
39548.6957819941,0
39553.69593317711,0
39558.69608436011,1
39563.696235543124,0
39568.69638672613,0
39573.69653790914,1
39578.69668909215,0
39583.69684027515,0
39588.69699145816,1
39593.69714264116,0
39598.697293824174,0
39603.69744500718,0
39608.697596190184,0
39613.6977473732,0
39618.6978985562,0
39623.69804973921,0
39628.69820092221,0
39633.69835210522,0
39638.69850328823,0
39643.698654471234,0
39648.69880565425,0
39653.69895683725,0
39658.69910802026,0
39663.69925920326,0
39668.69941038627,0
39673.69956156928,0
39678.699712752285,0
39683.69986393529,0
39688.7000151183,0
39693.70016630131,0
39698.70031748431,0
39703.70046866732,0
39708.70061985033,0
39713.700771033335,0
39718.70092221634,0
39723.70107339935,0
39728.70122458236,0
39733.70137576536,1
39738.70152694837,0
39743.70167813137,0
39748.701829314385,0
39753.70198049739,0
39758.702131680395,0
39763.70228286341,0
39768.70243404641,0
39773.70258522942,0
39778.70273641242,0
39783.702887595435,0
39788.70303877844,0
39793.703189961445,0
39798.70334114446,0
39803.70349232746,0
39808.70364351047,0
39813.70379469347,0
39818.70394587648,1
39823.70409705949,0
39828.704248242495,0
39833.7043994255,0
39838.70455060851,0
39843.70470179152,0
39848.70485297452,1
39853.70500415753,0
39858.70515534054,0
39863.705306523545,0
39868.70545770655,0
39873.70560888956,0
39878.70576007257,0
39883.70591125557,0
39888.70606243858,0
39893.70621362158,0
39898.706364804595,0
39903.7065159876,0
39908.70666717061,0
39913.70681835362,0
39918.70696953662,0
39923.70712071963,0
39928.70727190263,0
39933.707423085645,0
39938.70757426865,0
39943.707725451655,0
39948.70787663467,0
39953.70802781767,0
39958.70817900068,0
39963.70833018368,0
39968.70848136669,0
39973.7086325497,0
39978.708783732705,0
39983.70893491572,0
39988.70908609872,0
39993.70923728173,1
39998.70938846473,0
40003.70953964774,0
40008.70969083075,0
40013.709842013755,0
40018.70999319676,0
40023.71014437977,0
40028.71029556278,0
40033.71044674578,0
40038.71059792879,0
40043.7107491118,0
40048.710900294805,0
40053.71105147781,0
40058.71120266082,0
40063.71135384383,0
40068.71150502683,0
40073.71165620984,0
40078.71180739284,0
40083.711958575856,0
40088.71210975886,0
40093.712260941866,0
40098.71241212488,0
40103.71256330788,0
40108.71271449089,0
40113.71286567389,0
40118.713016856906,0
40123.71316803991,0
40128.713319222916,0
40133.71347040593,0
40138.71362158893,0
40143.71377277194,0
40148.71392395494,0
40153.71407513795,0
40158.71422632096,0
40163.714377503966,0
40168.71452868698,0
40173.71467986998,0
40178.71483105299,0
40183.71498223599,0
40188.715133419,0
40193.71528460201,0
40198.715435785016,0
40203.71558696802,0
40208.71573815103,0
40213.71588933404,0
40218.71604051704,0
40223.71619170005,0
40228.71634288305,0
40233.716494066066,0
40238.71664524907,0
40243.71679643208,0
40248.71694761509,0
40253.71709879809,0
40258.7172499811,1
40263.717401164104,0
40268.717552347116,0
40273.71770353012,0
40278.717854713126,0
40283.71800589614,0
40288.71815707914,0
40293.71830826215,0
40298.718459445154,0
40303.718610628166,0
40308.71876181117,0
40313.718912994176,0
40318.71906417719,0
40323.71921536019,0
40328.7193665432,0
40333.719517726204,0
40338.71966890921,0
40343.71982009222,0
40348.719971275226,0
40353.72012245823,0
40358.720273641244,0
40363.72042482425,0
40368.720576007254,0
40373.72072719026,0
40378.72087837327,0
40383.721029556276,0
40388.72118073928,0
40393.721331922294,0
40398.7214831053,0
40403.721634288304,0
40408.72178547131,0
40413.721936654314,0
40418.72208783733,0
40423.72223902033,0
40428.72239020334,0
40433.72254138635,0
40438.722692569354,1
40443.72284375236,0
40448.722994935364,0
40453.72314611838,0
40458.72329730138,0
40463.72344848439,0
40468.7235996674,0
40473.723750850404,0
40478.72390203341,0
40483.724053216414,0
40488.72420439942,0
40493.72435558243,0
40498.72450676544,0
40503.72465794845,0
40508.724809131454,0
40513.72496031446,0
40518.725111497464,0
40523.72526268047,0
40528.72541386348,0
40533.72556504649,0
40538.72571622949,0
40543.725867412504,0
40548.72601859551,0
40553.726169778514,0
40558.72632096152,0
40563.726472144524,0
40568.72662332754,0
40573.72677451054,0
40578.726925693554,0
40583.72707687656,0
40588.727228059564,0
40593.72737924257,0
40598.727530425575,0
40603.72768160859,0
40608.72783279159,0
40613.7279839746,0
40618.72813515761,0
40623.728286340614,0
40628.72843752362,0
40633.728588706625,0
40638.72873988964,0
40643.72889107264,0
40648.72904225565,0
40653.72919343866,0
40658.729344621664,0
40663.72949580467,0
40668.729646987675,0
40673.72979817068,0
40678.72994935369,0
40683.7301005367,0
40688.7302517197,0
40693.730402902715,0
40698.73055408572,0
40703.730705268725,0
40708.73085645173,0
40713.73100763474,0
40718.73115881775,0
40723.73131000075,0
40728.731461183765,0
40733.73161236677,0
40738.731763549775,0
40743.73191473278,0
40748.732065915785,0
40753.7322170988,0
40758.7323682818,0
40763.732519464815,0
40768.73267064782,0
40773.732821830825,0
40778.73297301383,0
40783.733124196835,0
40788.73327537985,0
40793.73342656285,0
40798.73357774586,0
40803.73372892887,0
40808.733880111875,0
40813.73403129488,0
40818.734182477885,0
40823.73433366089,0
40828.7344848439,0
40833.73463602691,0
40838.73478720992,0
40843.734938392925,0
40848.73508957593,0
40853.735240758935,0
40858.73539194194,0
40863.73554312495,0
40868.73569430796,0
40873.73584549096,1
40878.735996673975,0
40883.73614785698,0
40888.736299039985,0
40893.73645022299,0
40898.736601406,0
40903.73675258901,0
40908.73690377201,0
40913.737054955025,0
40918.73720613803,0
40923.737357321035,0
40928.73750850404,0
40933.737659687045,0
40938.73781087006,0
40943.73796205306,0
40948.73811323607,1
40953.73826441908,0
40958.738415602085,0
40963.73856678509,0
40968.738717968095,0
40973.73886915111,0
40978.73902033411,0
40983.73917151712,0
40988.73932270013,0
40993.739473883135,0
40998.73962506614,0
41003.739776249146,0
41008.73992743215,0
41013.74007861516,0
41018.74022979817,0
41023.74038098117,0
41028.740532164185,0
41033.74068334719,0
41038.740834530196,0
41043.7409857132,0
41048.74113689621,0
41053.74128807922,0
41058.74143926222,0
41063.741590445235,0
41068.74174162824,0
41073.741892811246,0
41078.74204399425,0
41083.742195177256,0
41088.74234636027,0
41093.74249754327,0
41098.742648726286,0
41103.74279990929,0
41108.742951092296,0
41113.7431022753,0
41118.743253458306,0
41123.74340464132,0
41128.74355582432,0
41133.74370700733,0
41138.74385819034,0
41143.744009373346,0
41148.74416055635,0
41153.744311739356,0
41158.74446292236,0
41163.74461410537,1
41168.74476528838,0
41173.74491647139,0
41178.745067654396,1
41183.7452188374,0
41188.745370020406,0
41193.74552120341,0
41198.74567238642,0
41203.74582356943,0
41208.74597475243,0
41213.746125935446,0
41218.74627711845,0
41223.746428301456,0
41228.74657948446,0
41233.74673066747,0
41238.74688185048,0
41243.74703303348,1
41248.747184216496,0
41253.7473353995,0
41258.747486582506,0
41263.74763776551,0
41268.747788948516,0
41273.74794013153,0
41278.748091314534,0
41283.74824249754,0
41288.74839368055,0
41293.748544863556,0
41298.74869604656,0
41303.748847229566,0
41308.74899841258,0
41313.749149595584,0
41318.74930077859,0
41323.7494519616,0
41328.749603144606,0
41333.74975432761,0
41338.74990551062,0
41343.75005669362,0
41348.750207876634,0
41353.75035905964,0
41358.75051024265,0
41363.750661425656,0
41368.75081260866,0
41373.75096379167,0
41378.75111497467,0
41383.751266157684,0
41388.75141734069,0
41393.751568523694,0
41398.751719706706,0
41403.75187088971,0
41408.75202207272,0
41413.75217325572,0
41418.75232443873,0
41423.75247562174,0
41428.752626804744,0
41433.75277798776,0
41438.75292917076,0
41443.75308035377,0
41448.75323153677,0
41453.75338271978,1
41458.75353390279,0
41463.753685085794,0
41468.7538362688,0
41473.75398745181,0
41478.75413863482,0
41483.75428981782,0
41488.75444100083,0
41493.75459218384,0
41498.754743366844,0
41503.75489454985,0
41508.75504573286,0
41513.75519691587,0
41518.75534809887,0
41523.75549928188,0
41528.75565046488,0
41533.755801647894,0
41538.7559528309,0
41543.756104013904,1
41548.75625519692,0
41553.75640637992,0
41558.75655756293,0
41563.75670874593,0
41568.756859928944,0
41573.75701111195,0
41578.757162294954,0
41583.75731347797,0
41588.75746466097,0
41593.75761584398,0
41598.75776702698,0
41603.75791820999,0
41608.758069393,0
41613.758220576005,0
41618.75837175901,0
41623.75852294202,0
41628.75867412503,0
41633.75882530803,0
41638.75897649104,0
41643.75912767405,0
41648.759278857055,0
41653.75943004006,0
41658.75958122307,0
41663.75973240608,0
41668.75988358908,0
41673.76003477209,0
41678.76018595509,0
41683.760337138105,0
41688.76048832111,0
41693.76063950412,0
41698.76079068713,0
41703.76094187013,0
41708.76109305314,0
41713.76124423614,0
41718.761395419155,0
41723.76154660216,0
41728.761697785165,0
41733.76184896818,0
41738.76200015118,0
41743.76215133419,0
41748.76230251719,0
41753.7624537002,0
41758.76260488321,0
41763.762756066215,0
41768.76290724923,0
41773.76305843223,0
41778.76320961524,0
41783.76336079824,0
41788.76351198125,0
41793.76366316426,0
41798.763814347265,0
41803.76396553027,0
41808.76411671328,0
41813.76426789629,0
41818.76441907929,0
41823.7645702623,0
41828.76472144531,0
41833.764872628315,0
41838.76502381132,0
41843.76517499433,0
41848.76532617734,0
41853.76547736034,0
41858.76562854335,0
41863.76577972635,0
41868.765930909365,0
41873.76608209237,0
41878.766233275375,0
41883.76638445839,0
41888.76653564139,0
41893.7666868244,0
41898.7668380074,0
41903.766989190415,0
41908.76714037342,0
41913.767291556425,0
41918.76744273944,0
41923.76759392244,0
41928.76774510545,0
41933.76789628845,0
41938.76804747146,0
41943.76819865447,0
41948.768349837475,0
41953.76850102049,0
41958.76865220349,0
41963.7688033865,0
41968.7689545695,0
41973.76910575251,0
41978.76925693552,0
41983.769408118525,0
41988.76955930153,0
41993.76971048454,0
41998.76986166755,0
42003.77001285055,0
42008.77016403356,0
42013.77031521656,0
42018.770466399576,0
42023.77061758258,0
42028.77076876559,0
42033.7709199486,0
42038.7710711316,0
42043.77122231461,0
42048.77137349761,0
42053.771524680626,0
42058.77167586363,1
42063.771827046636,0
42068.77197822965,0
42073.77212941265,0
42078.77228059566,0
42083.77243177866,0
42088.772582961676,0
42093.77273414468,0
42098.772885327686,0
42103.7730365107,0
42108.7731876937,0
42113.77333887671,0
42118.77349005971,1
42123.77364124272,0
42128.77379242573,0
42133.773943608736,0
42138.77409479174,0
42143.77424597475,0
42148.77439715776,0
42153.77454834076,0
42158.77469952377,0
42163.77485070678,0
42168.775001889786,0
42173.77515307279,0
42178.7753042558,0
42183.77545543881,0
42188.77560662181,0
42193.77575780482,0
42198.775908987824,0
42203.776060170836,0
42208.77621135384,0
42213.776362536846,0
42218.77651371986,0
42223.77666490286,0
42228.77681608587,0
42233.776967268874,0
42238.777118451886,0
42243.77726963489,0
42248.777420817896,0
42253.77757200091,0
42258.77772318391,0
42263.77787436692,0
42268.778025549924,0
42273.77817673293,1
42278.77832791594,0
42283.778479098946,1
42288.77863028196,0
42293.778781464964,0
42298.77893264797,0
42303.779083830974,0
42308.77923501398,0
42313.77938619699,0
42318.779537379996,0
42323.779688563,0
42328.779839746014,0
42333.77999092902,0
42338.780142112024,0
42343.78029329503,0
42348.780444478034,1
42353.78059566105,0
42358.78074684405,0
42363.780898027064,0
42368.78104921007,0
42373.781200393074,0
42378.78135157608,0
42383.781502759084,1
42388.7816539421,1
42393.7818051251,0
42398.78195630811,0
42403.78210749112,0
42408.782258674124,0
42413.78240985713,0
42418.782561040134,0
42423.78271222315,0
42428.78286340615,0
42433.78301458916,0
42438.78316577217,0
42443.783316955174,1
42448.78346813818,0
42453.783619321184,0
42458.78377050419,0
42463.7839216872,0
42468.78407287021,0
42473.78422405321,0
42478.784375236224,0
42483.78452641923,0
42488.784677602234,0
42493.78482878524,0
42498.78497996825,0
42503.78513115126,0
42508.78528233426,0
42513.785433517274,0
42518.78558470028,0
42523.785735883284,0
42528.78588706629,0
42533.786038249295,0
42538.78618943231,0
42543.78634061531,0
42548.786491798324,1
42553.78664298133,0
42558.786794164334,0
42563.78694534734,0
42568.787096530345,0
42573.78724771336,0
42578.78739889636,0
42583.78755007937,0
42588.78770126238,0
42593.787852445384,0
42598.78800362839,0
42603.788154811395,0
42608.7883059944,0
42613.78845717741,0
42618.78860836042,0
42623.78875954343,0
42628.788910726435,0
42633.78906190944,1
42638.789213092445,0
42643.78936427545,0
42648.78951545846,0
42653.78966664147,0
42658.78981782447,0
42663.789969007485,0
42668.79012019049,0
42673.790271373495,0
42678.7904225565,0
42683.79057373951,0
42688.79072492252,0
42693.79087610552,0
42698.791027288535,0
42703.79117847154,0
42708.791329654545,0
42713.79148083755,0
42718.791632020555,0
42723.79178320357,0
42728.79193438657,0
42733.79208556958,0
42738.79223675259,0
42743.792387935595,0
42748.7925391186,0
42753.792690301605,0
42758.79284148462,0
42763.79299266762,0
42768.79314385063,0
42773.79329503364,0
42778.793446216645,0
42783.79359739965,0
42788.793748582655,0
42793.79389976566,0
42798.79405094867,0
42803.79420213168,0
42808.79435331469,0
42813.794504497695,0
42818.7946556807,0
42823.794806863705,0
42828.79495804671,0
42833.79510922972,0
42838.79526041273,0
42843.79541159573,0
42848.795562778745,0
42853.79571396175,0
42858.795865144755,0
42863.79601632776,0
42868.796167510765,0
42873.79631869378,0
42878.79646987678,0
42883.796621059795,0
42888.7967722428,0
42893.796923425805,0
42898.79707460881,0
42903.797225791815,0
42908.79737697483,0
42913.79752815783,1
42918.79767934084,1
42923.79783052385,0
42928.797981706855,0
42933.79813288986,0
42938.798284072865,0
42943.79843525587,0
42948.79858643888,0
42953.79873762189,1
42958.7988888049,0
42963.799039987905,0
42968.79919117091,0
42973.799342353916,0
42978.79949353692,0
42983.79964471993,0
42988.79979590294,0
42993.79994708594,0
42998.800098268955,0
43003.80024945196,0
43008.800400634966,0
43013.80055181797,0
43018.80070300098,0
43023.80085418399,0
43028.80100536699,0
43033.801156550006,0
43038.80130773301,0
43043.801458916016,0
43048.80161009902,0
43053.801761282026,0
43058.80191246504,0
43063.80206364804,0
43068.80221483105,0
43073.80236601406,0
43078.802517197066,0
43083.80266838007,0
43088.802819563076,0
43093.80297074609,0
43098.80312192909,0
43103.8032731121,0
43108.80342429511,0
43113.803575478116,0
43118.80372666112,0
43123.803877844126,0
43128.80402902713,0
43133.80418021014,0
43138.80433139315,0
43143.80448257616,0
43148.804633759166,0
43153.80478494217,0
43158.804936125176,0
43163.80508730818,0
43168.80523849119,0
43173.8053896742,0
43178.8055408572,0
43183.805692040216,0
43188.80584322322,0
43193.805994406226,0
43198.80614558923,1
43203.806296772236,0
43208.80644795525,0
43213.806599138254,0
43218.806750321266,0
43223.80690150427,0
43228.807052687276,0
43233.80720387028,0
43238.807355053286,0
43243.8075062363,0
43248.807657419304,0
43253.80780860231,0
43258.80795978532,0
43263.808110968326,0
43268.80826215133,0
43273.80841333434,0
43278.80856451735,0
43283.808715700354,0
43288.80886688336,0
43293.80901806637,0
43298.809169249376,0
43303.80932043238,0
43308.80947161539,0
43313.80962279839,0
43318.809773981404,0
43323.80992516441,0
43328.810076347414,0
43333.810227530426,0
43338.81037871343,0
43343.81052989644,0
43348.81068107944,0
43353.810832262454,0
43358.81098344546,0
43363.811134628464,0
43368.81128581148,0
43373.81143699448,0
43378.81158817749,0
43383.81173936049,0
43388.8118905435,0
43393.81204172651,0
43398.812192909514,0
43403.81234409253,0
43408.81249527553,0
43413.81264645854,0
43418.81279764154,0
43423.81294882455,0
43428.81310000756,1
43433.813251190564,0
43438.81340237357,0
43443.81355355658,0
43448.81370473959,0
43453.81385592259,0
43458.8140071056,0
43463.8141582886,0
43468.814309471614,0
43473.81446065462,0
43478.81461183763,1
43483.81476302064,0
43488.81491420364,0
43493.81506538665,0
43498.81521656965,0
43503.815367752664,1
43508.81551893567,0
43513.815670118674,0
43518.81582130169,0
43523.81597248469,0
43528.8161236677,0
43533.8162748507,0
43538.81642603371,0
43543.81657721672,0
43548.816728399725,0
43553.81687958274,1
43558.81703076574,0
43563.81718194875,0
43568.81733313175,0
43573.81748431476,0
43578.81763549777,0
43583.817786680775,0
43588.81793786378,0
43593.81808904679,0
43598.8182402298,0
43603.8183914128,0
43608.81854259581,0
43613.81869377882,0
43618.818844961825,0
43623.81899614483,0
43628.81914732784,0
43633.81929851085,0
43638.81944969385,0
43643.81960087686,1
43648.81975205986,0
43653.819903242875,0
43658.82005442588,0
43663.820205608885,0
43668.8203567919,0
43673.8205079749,0
43678.82065915791,0
43683.82081034091,0
43688.820961523925,0
43693.82111270693,0
43698.821263889935,0
43703.82141507295,0
43708.82156625595,0
43713.82171743896,0
43718.82186862196,0
43723.82201980497,0
43728.82217098798,0
43733.822322170985,0
43738.822473354,0
43743.822624537,0
43748.82277572001,0
43753.82292690301,0
43758.82307808602,0
43763.82322926903,0
43768.823380452035,0
43773.82353163504,0
43778.82368281805,0
43783.82383400106,0
43788.82398518406,0
43793.82413636707,0
43798.82428755007,0
43803.824438733085,0
43808.82458991609,0
43813.8247410991,0
43818.82489228211,0
43823.82504346511,0
43828.82519464812,0
43833.82534583112,0
43838.825497014135,0
43843.82564819714,0
43848.825799380145,0
43853.82595056316,0
43858.82610174616,0
43863.82625292917,0
43868.82640411217,0
43873.826555295185,0
43878.82670647819,0
43883.826857661195,0
43888.82700884421,0
43893.82716002721,0
43898.82731121022,0
43903.82746239322,0
43908.82761357623,0
43913.82776475924,0
43918.827915942245,1
43923.82806712525,0
43928.82821830826,0
43933.82836949127,0
43938.82852067427,0
43943.82867185728,0
43948.82882304029,0
43953.828974223296,0
43958.8291254063,0
43963.82927658931,0
43968.82942777232,0
43973.82957895532,0
43978.82973013833,1
43983.82988132133,0
43988.830032504346,0
43993.83018368735,0
43998.83033487036,0
44003.83048605337,0
44008.83063723637,0
44013.83078841938,0
44018.83093960238,0
44023.831090785396,0
44028.8312419684,0
44033.831393151406,0
44038.83154433442,0
44043.83169551742,0
44048.83184670043,0
44053.83199788343,0
44058.83214906644,0
44063.83230024945,0
44068.832451432456,0
44073.83260261547,0
44078.83275379847,0
44083.83290498148,0
44088.83305616448,0
44093.83320734749,0
44098.8333585305,0
44103.833509713506,0
44108.83366089651,0
44113.83381207952,0
44118.83396326253,0
44123.83411444553,0
44128.83426562854,0
44133.83441681154,0
44138.834567994556,0
44143.83471917756,0
44148.83487036057,0
44153.83502154358,0
44158.83517272658,0
44163.83532390959,0
44168.835475092594,0
44173.835626275606,0
44178.83577745861,0
44183.835928641616,0
44188.83607982463,0
44193.83623100763,0
44198.83638219064,0
44203.836533373644,0
44208.836684556656,0
44213.83683573966,0
44218.836986922666,0
44223.83713810568,0
44228.837289288684,0
44233.83744047169,0
44238.837591654694,0
44243.8377428377,0
44248.83789402071,0
44253.838045203716,0
44258.83819638672,0
44263.838347569734,0
44268.83849875274,0
44273.838649935744,0
44278.83880111875,0
44283.83895230176,0
44288.83910348477,0
44293.83925466777,0
44298.839405850784,0
44303.83955703379,0
44308.839708216794,0
44313.8398593998,0
44318.840010582804,0
44323.84016176582,0
44328.84031294882,0
44333.840464131834,0
44338.84061531484,0
44343.840766497844,0
44348.84091768085,0
44353.841068863854,0
44358.84122004687,0
44363.84137122987,0
44368.84152241288,0
44373.84167359589,0
44378.841824778894,0
44383.8419759619,0
44388.842127144904,0
44393.84227832791,0
44398.84242951092,0
44403.84258069393,0
44408.84273187694,0
44413.842883059944,0
44418.84303424295,0
44423.843185425954,0
44428.84333660896,0
44433.84348779197,0
44438.84363897498,0
44443.84379015798,0
44448.843941340994,0
44453.844092524,0
44458.844243707004,0
44463.84439489001,0
44468.84454607302,0
44473.84469725603,0
44478.84484843903,0
44483.844999622044,0
44488.84515080505,0
44493.845301988054,0
44498.84545317106,0
44503.845604354065,0
44508.84575553708,0
44513.84590672008,0
44518.84605790309,0
44523.8462090861,0
44528.846360269104,0
44533.84651145211,0
44538.846662635115,0
44543.84681381813,0
44548.84696500113,0
44553.84711618414,0
44558.84726736715,0
44563.847418550155,0
44568.84756973316,0
44573.847720916165,1
44578.84787209917,0
44583.84802328218,0
44588.84817446519,0
44593.8483256482,0
44598.848476831205,0
44603.84862801421,0
44608.848779197215,0
44613.84893038022,0
44618.84908156323,0
44623.84923274624,0
44628.84938392924,0
44633.849535112255,0
44638.84968629526,0
44643.849837478265,0
44648.84998866127,0
44653.850139844275,0
44658.85029102729,0
44663.85044221029,0
44668.850593393305,0
44673.85074457631,0
44678.850895759315,0
44683.85104694232,0
44688.851198125325,0
44693.85134930834,0
44698.85150049134,0
44703.85165167435,0
44708.85180285736,1
44713.851954040365,0
44718.85210522337,0
44723.852256406375,0
44728.85240758938,0
44733.85255877239,0
44738.8527099554,0
44743.85286113841,0
44748.853012321415,1
44753.85316350442,0
44758.853314687425,0
44763.85346587043,0
44768.85361705344,0
44773.85376823645,0
44778.85391941945,0
44783.854070602465,0
44788.85422178547,0
44793.854372968475,0
44798.85452415148,0
44803.85467533449,0
44808.8548265175,0
44813.8549777005,0
44818.855128883515,0
44823.85528006652,1
44828.855431249525,1
44833.85558243253,0
44838.855733615535,0
44843.85588479855,0
44848.85603598155,0
44853.85618716456,0
44858.85633834757,0
44863.856489530575,0
44868.85664071358,0
44873.856791896585,0
44878.8569430796,0
44883.8570942626,0
44888.85724544561,0
44893.85739662862,0
44898.857547811625,0
44903.85769899463,0
44908.857850177636,0
44913.85800136064,0
44918.85815254365,0
44923.85830372666,0
44928.85845490967,0
44933.858606092675,0
44938.85875727568,0
44943.858908458686,0
44948.85905964169,0
44953.8592108247,0
44958.85936200771,0
44963.85951319071,0
44968.859664373726,0
44973.85981555673,0
44978.859966739736,0
44983.86011792274,0
44988.860269105746,0
44993.86042028876,0
44998.86057147176,0
45003.860722654776,0
45008.86087383778,0
45013.861025020786,0
45018.86117620379,0
45023.861327386796,0
45028.86147856981,0
45033.86162975281,0
45038.86178093582,0
45043.86193211883,0
45048.862083301836,0
45053.86223448484,0
45058.862385667846,0
45063.86253685086,0
45068.86268803386,0
45073.86283921687,0
45078.86299039988,1
45083.863141582886,0
45088.86329276589,0
45093.863443948896,0
45098.8635951319,0
45103.86374631491,0
45108.86389749792,0
45113.86404868092,0
45118.864199863936,0
45123.86435104694,0
45128.864502229946,0
45133.86465341295,0
45138.86480459596,0
45143.86495577897,0
45148.865106961974,0
45153.865258144986,0
45158.86540932799,0
45163.865560510996,0
45168.865711694,0
45173.865862877006,0
45178.86601406002,0
45183.866165243024,0
45188.866316426036,0
45193.86646760904,0
45198.866618792046,0
45203.86676997505,0
45208.866921158056,0
45213.86707234107,0
45218.867223524074,1
45223.86737470708,0
45228.86752589009,0
45233.867677073096,0
45238.8678282561,0
45243.86797943911,0
45248.86813062211,0
45253.868281805124,0
45258.86843298813,0
45263.86858417114,0
45268.868735354146,0
45273.86888653715,0
45278.86903772016,0
45283.86918890316,0
45288.869340086174,0
45293.86949126918,0
45298.869642452184,0
45303.8697936352,0
45308.8699448182,0
45313.87009600121,0
45318.87024718421,0
45323.87039836722,0
45328.87054955023,0
45333.870700733234,0
45338.87085191625,0
45343.87100309925,0
45348.87115428226,0
45353.87130546526,0
45358.87145664827,0
45363.87160783128,0
45368.871759014284,0
45373.87191019729,0
45378.8720613803,0
45383.87221256331,0
45388.87236374631,0
45393.87251492932,0
45398.87266611233,0
45403.872817295334,0
45408.87296847834,0
45413.87311966135,0
45418.87327084436,0
45423.87342202736,0
45428.87357321037,0
45433.87372439337,0
45438.873875576384,0
45443.87402675939,0
45448.874177942394,0
45453.87432912541,1
45458.87448030841,0
45463.87463149142,0
45468.87478267442,0
45473.874933857434,0
45478.87508504044,0
45483.875236223445,0
45488.87538740646,0
45493.87553858946,0
45498.87568977247,0
45503.87584095547,0
45508.87599213848,0
45513.87614332149,0
45518.876294504495,0
45523.87644568751,0
45528.87659687051,0
45533.87674805352,0
45538.87689923652,0
45543.87705041953,0
45548.87720160254,0
45553.877352785545,0
45558.87750396855,0
45563.87765515156,0
45568.87780633457,1
45573.87795751757,0
45578.87810870058,0
45583.87825988358,0
45588.878411066595,0
45593.8785622496,0
45598.87871343261,0
45603.87886461562,0
45608.87901579862,0
45613.87916698163,0
45618.87931816463,0
45623.879469347645,0
45628.87962053065,0
45633.879771713655,1
45638.87992289667,0
45643.88007407967,0
45648.88022526268,0
45653.88037644568,0
45658.880527628695,0
45663.8806788117,0
45668.880829994705,0
45673.88098117772,0
45678.88113236072,0
45683.88128354373,0
45688.88143472673,0
45693.88158590974,0
45698.88173709275,0
45703.881888275755,0
45708.88203945876,0
45713.88219064177,0
45718.88234182478,0
45723.88249300778,0
45728.88264419079,0
45733.8827953738,0
45738.882946556805,0
45743.88309773981,0
45748.88324892282,0
45753.88340010583,0
45758.88355128883,0
45763.88370247184,0
45768.88385365484,0
45773.884004837855,0
45778.88415602086,0
45783.88430720387,0
45788.88445838688,0
45793.88460956988,0
45798.88476075289,0
45803.88491193589,0
45808.885063118905,0
45813.88521430191,0
45818.885365484915,0
45823.88551666793,0
45828.88566785093,0
45833.88581903394,0
45838.88597021694,0
45843.88612139995,0
45848.88627258296,0
45853.886423765965,0
45858.88657494898,0
45863.88672613198,0
45868.88687731499,0
45873.88702849799,0
45878.887179681,0
45883.88733086401,0
45888.887482047016,0
45893.88763323002,0
45898.88778441303,1
45903.88793559604,0
45908.88808677904,0
45913.88823796205,0
45918.88838914506,0
45923.888540328066,0
45928.88869151107,0
45933.88884269408,0
45938.88899387709,0
45943.88914506009,0
45948.8892962431,0
45953.8894474261,0
45958.889598609116,0
45963.88974979212,0
45968.889900975126,0
45973.89005215814,0
45978.89020334114,0
45983.89035452415,0
45988.89050570715,0
45993.890656890166,0
45998.89080807317,0
46003.890959256176,0
46008.89111043919,0
46013.89126162219,0
46018.8914128052,0
46023.8915639882,0
46028.89171517121,0
46033.89186635422,0
46038.892017537226,0
46043.89216872023,0
46048.89231990324,0
46053.89247108625,0
46058.89262226925,0
46063.89277345226,0
46068.89292463527,0
46073.893075818276,0
46078.89322700128,0
46083.89337818429,0
46088.8935293673,0
46093.8936805503,1
46098.89383173331,0
46103.893982916314,0
46108.894134099326,0
46113.89428528233,0
46118.89443646534,0
46123.89458764835,1
46128.89473883135,0
46133.89489001436,0
46138.895041197364,0
46143.895192380376,0
46148.89534356338,1
46153.895494746386,0
46158.8956459294,0
46163.895797112404,0
46168.89594829541,0
46173.896099478414,0
46178.89625066142,0
46183.89640184443,0
46188.896553027436,0
46193.89670421045,0
46198.896855393454,0
46203.89700657646,0
46208.897157759464,0
46213.89730894247,1
46218.89746012548,0
46223.89761130849,0
46228.89776249149,0
46233.897913674504,0
46238.89806485751,0
46243.898216040514,0
46248.89836722352,0
46253.89851840653,0
46258.89866958954,0
46263.89882077254,0
46268.898971955554,0
46273.89912313856,0
46278.899274321564,0
46283.89942550457,0
46288.899576687574,0
46293.89972787059,0
46298.89987905359,0
46303.9000302366,0
46308.90018141961,0
46313.900332602614,0
46318.90048378562,0
46323.900634968624,0
46328.90078615164,0
46333.90093733464,0
46338.90108851765,0
46343.90123970066,0
46348.901390883664,0
46353.90154206667,0
46358.901693249674,0
46363.90184443268,1
46368.90199561569,0
46373.9021467987,0
46378.90229798171,0
46383.902449164714,0
46388.90260034772,0
46393.902751530724,0
46398.90290271373,0
46403.90305389674,0
46408.90320507975,0
46413.90335626275,0
46418.903507445764,0
46423.90365862877,0
46428.903809811774,0
46433.90396099478,0
46438.904112177785,0
46443.9042633608,0
46448.9044145438,0
46453.904565726814,0
46458.90471690982,0
46463.904868092824,1
46468.90501927583,0
46473.905170458835,0
46478.90532164185,0
46483.90547282485,0
46488.90562400786,0
46493.90577519087,0
46498.905926373875,0
46503.90607755688,0
46508.906228739885,0
46513.9063799229,0
46518.9065311059,0
46523.90668228891,0
46528.90683347192,0
46533.906984654925,0
46538.90713583793,0
46543.907287020935,1
46548.90743820394,0
46553.90758938695,0
46558.90774056996,0
46563.90789175296,0
46568.908042935975,0
46573.90819411898,1
46578.908345301985,0
46583.90849648499,0
46588.908647668,0
46593.90879885101,0
46598.90895003401,0
46603.909101217025,1
46608.90925240003,0
46613.909403583035,0
46618.90955476604,0
46623.909705949045,0
46628.90985713206,0
46633.91000831506,0
46638.91015949807,0
46643.91031068108,0
46648.910461864085,0
46653.91061304709,0
46658.910764230095,0
46663.91091541311,0
46668.91106659611,0
46673.91121777912,0
46678.91136896213,0
46683.911520145135,0
46688.91167132814,0
46693.911822511145,0
46698.91197369415,0
46703.91212487716,0
46708.91227606017,0
46713.91242724318,0
46718.912578426185,0
46723.91272960919,0
46728.912880792195,0
46733.9130319752,0
46738.91318315821,0
46743.91333434122,0
46748.91348552422,0
46753.913636707235,0
46758.91378789024,0
46763.913939073245,0
46768.91409025625,0
46773.914241439255,0
46778.91439262227,0
46783.91454380527,0
46788.914694988285,0
46793.91484617129,1
46798.914997354295,0
46803.9151485373,0
46808.915299720305,0
46813.91545090332,0
46818.91560208632,0
46823.91575326933,0
46828.91590445234,0
46833.916055635345,0
46838.91620681835,0
46843.916358001356,0
46848.91650918437,1
46853.91666036737,0
46858.91681155038,0
46863.91696273339,0
46868.917113916395,0
46873.9172650994,0
46878.917416282406,0
46883.91756746541,0
46888.91771864842,0
46893.91786983143,0
46898.91802101443,0
46903.918172197446,0
46908.91832338045,0
46913.918474563456,1
46918.91862574646,0
46923.91877692947,0
46928.91892811248,0
46933.91907929548,0
46938.919230478496,0
46943.9193816615,0
46948.919532844506,0
46953.91968402751,0
46958.919835210516,0
46963.91998639353,0
46968.92013757653,0
46973.920288759546,0
46978.92043994255,0
46983.920591125556,0
46988.92074230856,0
46993.920893491566,0
46998.92104467458,0
47003.92119585758,0
47008.92134704059,0
47013.9214982236,0
47018.921649406606,0
47023.92180058961,0
47028.921951772616,0
47033.92210295562,0
47038.92225413863,0
47043.92240532164,0
47048.92255650465,0
47053.922707687656,0
47058.92285887066,0
47063.923010053666,0
47068.92316123667,0
47073.92331241968,0
47078.92346360269,0
47083.923614785694,0
47088.923765968706,1
47093.92391715171,0
47098.924068334716,0
47103.92421951772,0
47108.92437070073,0
47113.92452188374,0
47118.924673066744,0
47123.924824249756,0
47128.92497543276,0
47133.925126615766,0
47138.92527779877,0
47143.925428981776,0
47148.92558016479,0
47153.925731347794,0
47158.9258825308,0
47163.92603371381,0
47168.926184896816,0
47173.92633607982,0
47178.92648726283,0
47183.92663844584,0
47188.926789628844,0
47193.92694081185,0
47198.92709199486,0
47203.927243177866,0
47208.92739436087,0
47213.92754554388,0
47218.92769672688,0
47223.927847909894,0
47228.9279990929,0
47233.928150275904,0
47238.92830145892,0
47243.92845264192,0
47248.92860382493,0
47253.92875500793,0
47258.928906190944,0
47263.92905737395,0
47268.929208556954,0
47273.92935973997,0
47278.92951092297,0
47283.92966210598,0
47288.92981328898,0
47293.92996447199,0
47298.930115655,0
47303.930266838004,1
47308.93041802102,0
47313.93056920402,0
47318.93072038703,0
47323.93087157003,0
47328.93102275304,0
47333.93117393605,0
47338.931325119054,0
47343.93147630206,0
47348.93162748507,0
47353.93177866808,0
47358.93192985108,0
47363.93208103409,0
47368.93223221709,0
47373.932383400104,0
47378.93253458311,0
47383.93268576612,0
47388.93283694913,0
47393.93298813213,0
47398.93313931514,0
47403.93329049814,0
47408.933441681154,0
47413.93359286416,0
47418.933744047165,0
47423.93389523018,0
47428.93404641318,0
47433.93419759619,0
47438.93434877919,0
47443.934499962204,0
47448.93465114521,0
47453.934802328215,0
47458.93495351123,0
47463.93510469423,0
47468.93525587724,0
47473.93540706024,0
47478.93555824325,0
47483.93570942626,0
47488.935860609265,0
47493.93601179227,0
47498.93616297528,0
47503.93631415829,0
47508.93646534129,0
47513.9366165243,0
47518.93676770731,0
47523.936918890315,0
47528.93707007332,0
47533.93722125633,0
47538.93737243934,0
47543.93752362234,0
47548.93767480535,0
47553.93782598835,0
47558.937977171365,0
47563.93812835437,0
47568.93827953738,0
47573.93843072039,0
47578.93858190339,0
47583.9387330864,0
47588.9388842694,0
47593.939035452415,0
47598.93918663542,0
47603.939337818425,0
47608.93948900144,0
47613.93964018444,0
47618.93979136745,0
47623.93994255045,0
47628.94009373346,0
47633.94024491647,0
47638.940396099475,0
47643.94054728249,0
47648.94069846549,0
47653.9408496485,0
47658.9410008315,0
47663.94115201451,0
47668.94130319752,0
47673.941454380525,0
47678.94160556353,0
47683.94175674654,0
47688.94190792955,0
47693.94205911255,0
47698.94221029556,0
47703.94236147857,1
47708.942512661575,0
47713.94266384458,0
47718.94281502759,0
47723.9429662106,0
47728.9431173936,0
47733.94326857661,0
47738.94341975961,0
47743.943570942625,1
47748.94372212563,0
47753.943873308635,0
47758.94402449165,0
47763.94417567465,0
47768.94432685766,0
47773.94447804066,0
47778.944629223675,0
47783.94478040668,0
47788.944931589685,0
47793.9450827727,0
47798.9452339557,0
47803.94538513871,0
47808.94553632171,0
47813.94568750472,0
47818.94583868773,0
47823.945989870736,0
47828.94614105374,1
47833.94629223675,0
47838.94644341976,0
47843.94659460276,0
47848.94674578577,0
47853.94689696878,0
47858.947048151786,0
47863.94719933479,0
47868.9473505178,0
47873.94750170081,0
47878.94765288381,0
47883.94780406682,0
47888.94795524982,0
47893.948106432836,0
47898.94825761584,0
47903.94840879885,0
47908.94855998186,0
47913.94871116486,0
47918.94886234787,0
47923.94901353087,0
47928.949164713886,0
47933.94931589689,0
47938.949467079896,1
47943.94961826291,0
47948.94976944591,1
47953.94992062892,0
47958.95007181192,0
47963.95022299493,0
47968.95037417794,1
47973.950525360946,0
47978.95067654396,0
47983.95082772696,0
47988.95097890997,0
47993.95113009297,0
47998.95128127598,0
48003.95143245899,0
48008.951583641996,0
48013.951734825,0
48018.95188600801,1
48023.95203719102,0
48028.95218837402,0
48033.95233955703,0
48038.95249074004,0
48043.952641923046,0
48048.95279310605,0
48053.95294428906,0
48058.95309547207,0
48063.95324665507,0
48068.95339783808,0
48073.953549021084,0
48078.953700204096,0
48083.9538513871,0
48088.954002570106,0
48093.95415375312,0
48098.954304936124,0
48103.95445611913,0
48108.954607302134,0
48113.954758485146,0
48118.95490966815,0
48123.955060851156,0
48128.95521203417,0
48133.955363217174,0
48138.95551440018,0
48143.955665583184,0
48148.95581676619,0
48153.9559679492,0
48158.95611913221,0
48163.95627031522,0
48168.956421498224,0
48173.95657268123,0
48178.956723864234,0
48183.95687504724,0
48188.95702623025,0
48193.95717741326,0
48198.95732859626,0
48203.957479779274,0
48208.95763096228,1
48213.957782145284,0
48218.95793332829,0
48223.958084511294,0
48228.95823569431,0
48233.95838687731,0
48238.958538060324,0
48243.95868924333,0
48248.958840426334,0
48253.95899160934,0
48258.959142792344,0
48263.95929397536,0
48268.95944515836,0
48273.95959634137,0
48278.95974752438,0
48283.959898707384,0
48288.96004989039,0
48293.960201073394,0
48298.96035225641,0
48303.96050343941,0
48308.96065462242,0
48313.96080580543,0
48318.960956988434,0
48323.96110817144,0
48328.961259354444,0
48333.96141053745,0
48338.96156172046,0
48343.96171290347,0
48348.96186408647,0
48353.962015269484,1
48358.96216645249,0
48363.962317635494,0
48368.9624688185,0
48373.96262000151,0
48378.96277118452,0
48383.96292236752,0
48388.963073550534,0
48393.96322473354,1
48398.963375916544,0
48403.96352709955,0
48408.963678282555,0
48413.96382946557,0
48418.96398064857,0
48423.96413183158,0
48428.96428301459,0
48433.964434197595,0
48438.9645853806,0
48443.964736563605,0
48448.96488774662,0
48453.96503892962,0
48458.96519011263,0
48463.96534129564,0
48468.965492478645,0
48473.96564366165,0
48478.965794844655,0
48483.96594602766,0
48488.96609721067,0
48493.96624839368,0
48498.96639957669,0
48503.966550759695,0
48508.9667019427,0
48513.966853125705,0
48518.96700430871,0
48523.96715549172,0
48528.96730667473,0
48533.96745785773,0
48538.967609040745,0
48543.96776022375,0
48548.967911406755,0
48553.96806258976,0
48558.968213772765,0
48563.96836495578,0
48568.96851613878,0
48573.968667321795,2
48578.9688185048,0
48583.968969687805,0
48588.96912087081,0
48593.969272053815,0
48598.96942323683,0
48603.96957441983,0
48608.96972560284,0
48613.96987678585,0
48618.970027968855,0
48623.97017915186,0
48628.970330334865,0
48633.97048151788,0
48638.97063270088,0
48643.97078388389,0
48648.9709350669,0
48653.971086249905,0
48658.97123743291,0
48663.971388615915,0
48668.97153979892,0
48673.97169098193,0
48678.97184216494,0
48683.97199334794,0
48688.972144530955,0
48693.97229571396,0
48698.972446896965,0
48703.97259807997,0
48708.97274926298,0
48713.97290044599,0
48718.97305162899,0
48723.973202812005,0
48728.97335399501,0
48733.973505178015,0
48738.97365636102,0
48743.973807544025,0
48748.97395872704,0
48753.97410991004,0
48758.974261093055,0
48763.97441227606,0
48768.974563459065,0
48773.97471464207,0
48778.974865825076,0
48783.97501700809,0
48788.97516819109,0
48793.9753193741,0
48798.97547055711,0
48803.975621740115,0
48808.97577292312,0
48813.975924106126,0
48818.97607528913,0
48823.97622647214,0
48828.97637765515,0
48833.97652883816,0
48838.976680021166,0
48843.97683120417,0
48848.976982387176,0
48853.97713357018,0
48858.97728475319,0
48863.9774359362,0
48868.9775871192,0
48873.977738302216,0
48878.97788948522,0
48883.978040668226,0
48888.97819185123,0
48893.97834303424,0
48898.97849421725,0
48903.97864540025,0
48908.978796583266,0
48913.97894776627,0
48918.979098949276,0
48923.97925013228,0
48928.979401315286,0
48933.9795524983,0
48938.9797036813,0
48943.97985486431,0
48948.98000604732,0
48953.980157230326,0
48958.98030841333,0
48963.980459596336,0
48968.98061077935,0
48973.98076196235,0
48978.98091314536,0
48983.98106432837,1
48988.981215511376,1
48993.98136669438,0
48998.981517877386,0
49003.98166906039,0
49008.9818202434,0
49013.98197142641,0
49018.98212260942,1
49023.982273792426,0
49028.98242497543,0
49033.982576158436,0
49038.98272734144,0
49043.98287852445,0
49048.98302970746,0
49053.983180890464,0
49058.983332073476,0
49063.98348325648,0
49068.983634439486,0
49073.98378562249,0
49078.983936805496,0
49083.98408798851,0
49088.984239171514,0
49093.984390354526,0
49098.98454153753,0
49103.984692720536,0
49108.98484390354,0
49113.98499508655,0
49118.98514626956,0
49123.985297452564,0
49128.98544863557,0
49133.98559981858,0
49138.985751001586,0
49143.98590218459,0
49148.9860533676,0
49153.9862045506,0
49158.986355733614,0
49163.98650691662,0
49168.98665809963,0
49173.98680928264,0
49178.98696046564,0
49183.98711164865,0
49188.98726283165,0
49193.987414014664,0
49198.98756519767,0
49203.987716380674,0
49208.98786756369,0
49213.98801874669,0
49218.9881699297,0
49223.9883211127,0
49228.988472295714,0
49233.98862347872,0
49238.988774661724,0
49243.98892584474,0
49248.98907702774,0
49253.98922821075,0
49258.98937939375,0
49263.98953057676,0
49268.98968175977,0
49273.989832942774,0
49278.98998412578,0
49283.99013530879,0
49288.9902864918,1
49293.9904376748,0
49298.99058885781,0
49303.99074004082,1
49308.990891223824,0
49313.99104240683,0
49318.99119358984,1
49323.99134477285,0
49328.99149595585,0
49333.99164713886,0
49338.99179832186,0
49343.991949504874,0
49348.99210068788,1
49353.99225187089,0
49358.9924030539,0
49363.9925542369,0
49368.99270541991,0
49373.99285660291,0
49378.993007785924,0
49383.99315896893,0
49388.993310151935,0
49393.99346133495,0
49398.99361251795,0
49403.99376370096,0
49408.99391488396,0
49413.99406606697,0
49418.99421724998,1
49423.994368432985,0
49428.994519616,0
49433.994670799,0
49438.99482198201,0
49443.99497316501,0
49448.99512434802,1
49453.99527553103,0
49458.995426714035,0
49463.99557789704,0
49468.99572908005,0
49473.99588026306,0
49478.99603144606,0
49483.99618262907,0
49488.99633381208,0
49493.996484995085,0
49498.99663617809,1
49503.9967873611,0
49508.99693854411,0
49513.99708972711,0
49518.99724091012,0
49523.99739209312,0
49528.997543276135,0
49533.99769445914,0
49538.997845642145,0
49543.99799682516,0
49548.99814800816,0
49553.99829919117,0
49558.99845037417,0
49563.998601557185,0
49568.99875274019,0
49573.998903923195,0
49578.99905510621,0
49583.99920628921,0
49588.99935747222,0
49593.99950865522,0
49598.99965983823,0
49603.99981102124,0
49608.999962204245,0
49614.00011338726,0
49619.00026457026,0
49624.00041575327,0
49629.00056693627,0
49634.00071811928,0
49639.00086930229,0
49644.001020485295,0
49649.0011716683,0
49654.00132285131,0
49659.00147403432,0
49664.00162521732,0
49669.00177640033,0
49674.00192758333,0
49679.002078766345,0
49684.00222994935,0
49689.00238113236,1
49694.00253231537,0
49699.00268349837,0
49704.00283468138,0
49709.00298586438,0
49714.003137047395,0
49719.0032882304,0
49724.003439413405,0
49729.00359059642,0
49734.00374177942,0
49739.00389296243,0
49744.00404414543,1
49749.00419532844,0
49754.00434651145,0
49759.004497694455,0
49764.00464887747,0
49769.00480006047,0
49774.00495124348,0
49779.00510242648,0
49784.00525360949,0
49789.0054047925,0
49794.005555975506,0
49799.00570715851,0
49804.00585834152,0
49809.00600952453,0
49814.00616070753,0
49819.00631189054,0
49824.00646307355,0
49829.006614256556,0
49834.00676543956,0
49839.00691662257,0
49844.00706780558,0
49849.00721898858,0
49854.00737017159,0
49859.00752135459,0
49864.007672537606,0
49869.00782372061,0
49874.007974903616,0
49879.00812608663,0
49884.00827726963,0
49889.00842845264,0
49894.00857963564,0
49899.008730818656,0
49904.00888200166,0
49909.009033184666,0
49914.00918436768,0
49919.00933555068,0
49924.00948673369,0
49929.00963791669,0
49934.0097890997,0
49939.00994028271,0
49944.010091465716,0
49949.01024264873,0
49954.01039383173,0
49959.01054501474,0
49964.01069619774,0
49969.01084738075,0
49974.01099856376,0
49979.011149746766,0
49984.01130092977,0
49989.01145211278,0
49994.01160329579,0
49999.01175447879,0
50004.0119056618,0
50009.012056844804,1
50014.012208027816,0
50019.01235921082,0
50024.01251039383,0
50029.01266157684,0
50034.012812759844,0
50039.01296394285,0
50044.013115125854,0
50049.013266308866,0
50054.01341749187,0
50059.013568674876,0
50064.01371985789,0
50069.013871040894,0
50074.0140222239,0
50079.014173406904,0
50084.014324589916,0
50089.01447577292,0
50094.014626955926,0
50099.01477813894,0
50104.014929321944,0
50109.01508050495,0
50114.015231687954,0
50119.01538287096,0
50124.01553405397,0
50129.01568523698,0
50134.01583641998,0
50139.015987602994,0
50144.016138786,0
50149.016289969004,0
50154.01644115201,0
50159.01659233502,0
50164.01674351803,0
50169.01689470103,0
50174.017045884044,0
50179.01719706705,0
50184.017348250054,0
50189.01749943306,0
50194.017650616064,0
50199.01780179908,0
50204.01795298208,0
50209.018104165094,0
50214.0182553481,0
50219.018406531104,0
50224.01855771411,0
50229.018708897114,0
50234.01886008013,0
50239.01901126313,0
50244.01916244614,0
50249.01931362915,0
50254.019464812154,0
50259.01961599516,0
50264.019767178164,0
50269.01991836117,0
50274.02006954418,1
50279.02022072719,0
50284.0203719102,0
50289.020523093204,0
50294.02067427621,0
50299.020825459214,0
50304.02097664222,0
50309.02112782523,0
50314.02127900824,1
50319.02143019124,0
50324.021581374254,0
50329.02173255726,0
50334.021883740264,0
50339.02203492327,0
50344.022186106275,0
50349.02233728929,0
50354.02248847229,0
50359.022639655304,0
50364.02279083831,0
50369.022942021315,0
50374.02309320432,0
50379.023244387325,0
50384.02339557034,0
50389.02354675334,0
50394.02369793635,0
50399.02384911936,0
50404.024000302365,0
50409.02415148537,0
50414.024302668375,0
50419.02445385139,0
50424.02460503439,0
50429.0247562174,0
50434.02490740041,0
50439.025058583415,0
50444.02520976642,0
50449.025360949425,0
50454.02551213243,0
50459.02566331544,0
50464.02581449845,0
50469.02596568145,0
50474.026116864465,0
50479.02626804747,0
50484.026419230475,0
50489.02657041348,0
50494.02672159649,0
50499.0268727795,0
50504.0270239625,0
50509.027175145515,0
50514.02732632852,0
50519.027477511525,0
50524.02762869453,0
50529.027779877535,0
50534.02793106055,0
50539.02808224355,0
50544.028233426565,0
50549.02838460957,0
50554.028535792575,0
50559.02868697558,1
50564.028838158585,0
50569.0289893416,0
50574.0291405246,0
50579.02929170761,0
50584.02944289062,0
50589.029594073625,0
50594.02974525663,0
50599.029896439635,0
50604.03004762264,0
50609.03019880565,0
50614.03034998866,0
50619.03050117167,0
50624.030652354675,0
50629.03080353768,0
50634.030954720685,0
50639.03110590369,0
50644.0312570867,0
50649.03140826971,0
50654.03155945271,0
50659.031710635725,0
50664.03186181873,0
50669.032013001735,0
50674.03216418474,0
50679.03231536775,0
50684.03246655076,0
50689.03261773376,0
50694.032768916775,0
50699.03292009978,0
50704.033071282785,0
50709.03322246579,0
50714.033373648796,0
50719.03352483181,0
50724.03367601481,0
50729.03382719782,0
50734.03397838083,0
50739.034129563835,0
50744.03428074684,0
50749.034431929846,0
50754.03458311286,0
50759.03473429586,0
50764.03488547887,0
50769.03503666188,0
50774.035187844886,0
50779.03533902789,0
50784.035490210896,0
50789.0356413939,0
50794.03579257691,0
50799.03594375992,0
50804.03609494293,0
50809.036246125936,0
50814.03639730894,0
50819.036548491946,0
50824.03669967495,0
50829.03685085796,0
50834.03700204097,0
50839.03715322397,0
50844.037304406986,0
50849.03745558999,0
50854.037606772996,0
50859.037757956,0
50864.037909139006,0
50869.03806032202,0
50874.03821150502,0
50879.038362688036,1
50884.03851387104,0
50889.038665054046,0
50894.03881623705,0
50899.038967420056,0
50904.03911860307,0
50909.03926978607,0
50914.03942096908,0
50919.03957215209,0
50924.039723335096,0
50929.0398745181,0
50934.040025701106,0
50939.04017688411,0
50944.04032806712,0
50949.04047925013,0
50954.04063043314,0
50959.040781616146,0
50964.04093279915,0
50969.041083982156,0
50974.04123516516,0
50979.04138634817,0
50984.04153753118,0
50989.041688714184,0
50994.041839897196,0
50999.0419910802,0
51004.042142263206,0
51009.04229344621,0
51014.04244462922,0
51019.04259581223,0
51024.042746995234,0
51029.042898178246,1
51034.04304936125,1
51039.043200544256,0
51044.04335172726,0
51049.04350291027,0
51054.04365409328,0
51059.043805276284,0
51064.04395645929,0
51069.0441076423,0
51074.044258825306,0
51079.04441000831,0
51084.04456119132,0
51089.04471237433,0
51094.044863557334,0
51099.04501474034,1
51104.04516592335,0
51109.04531710636,0
51114.04546828936,0
51119.04561947237,1
51124.04577065537,0
51129.045921838384,0
51134.04607302139,0
51139.0462242044,0
51144.04637538741,1
51149.04652657041,0
51154.04667775342,0
51159.04682893642,0
51164.046980119434,0
51169.04713130244,0
51174.047282485444,0
51179.04743366846,0
51184.04758485146,0
51189.04773603447,0
51194.04788721747,0
51199.04803840048,0
51204.04818958349,0
51209.048340766494,0
51214.04849194951,0
51219.04864313251,0
51224.04879431552,0
51229.04894549852,0
51234.04909668153,0
51239.04924786454,1
51244.049399047544,0
51249.04955023055,0
51254.04970141356,0
51259.04985259657,0
51264.05000377957,0
51269.05015496258,0
51274.05030614559,0
51279.050457328594,0
51284.0506085116,0
51289.05075969461,0
51294.05091087762,0
51299.05106206062,0
51304.05121324363,0
51309.05136442663,0
51314.051515609644,0
51319.05166679265,0
51324.051817975655,0
51329.05196915867,0
51334.05212034167,0
51339.05227152468,0
51344.05242270768,0
51349.052573890694,0
51354.0527250737,0
51359.052876256705,0
51364.05302743972,0
51369.05317862272,0
51374.05332980573,0
51379.05348098873,0
51384.05363217174,0
51389.05378335475,1
51394.053934537755,0
51399.05408572077,0
51404.05423690377,0
51409.05438808678,0
51414.05453926978,2
51419.05469045279,1
51424.0548416358,0
51429.054992818805,0
51434.05514400181,0
51439.05529518482,0
51444.05544636783,0
51449.05559755083,0
51454.05574873384,0
51459.05589991684,0
51464.056051099855,0
51469.05620228286,0
51474.05635346587,0
51479.05650464888,0
51484.05665583188,0
51489.05680701489,0
51494.05695819789,0
51499.057109380905,0
51504.05726056391,0
51509.057411746915,0
51514.05756292993,0
51519.05771411293,0
51524.05786529594,0
51529.05801647894,0
51534.05816766195,0
51539.05831884496,0
51544.058470027965,0
51549.05862121098,0
51554.05877239398,0
51559.05892357699,0
51564.05907475999,0
51569.059225943,0
51574.05937712601,0
51579.059528309015,0
51584.05967949202,0
51589.05983067503,0
51594.05998185804,0
51599.06013304104,0
51604.06028422405,0
51609.06043540706,0
51614.060586590065,0
51619.06073777307,0
51624.06088895608,0
51629.06104013909,0
51634.06119132209,0
51639.0613425051,0
51644.0614936881,0
51649.061644871115,0
51654.06179605412,0
51659.061947237125,0
51664.06209842014,0
51669.06224960314,1
51674.06240078615,0
51679.06255196915,1
51684.062703152165,0
51689.06285433517,0
51694.063005518175,0
51699.06315670119,0
51704.06330788419,1
51709.0634590672,0
51714.0636102502,0
51719.06376143321,0
51724.06391261622,0
51729.064063799226,0
51734.06421498224,0
51739.06436616524,0
51744.06451734825,0
51749.06466853125,0
51754.06481971426,0
51759.06497089727,0
51764.065122080276,0
51769.06527326328,0
51774.06542444629,0
51779.0655756293,0
51784.0657268123,0
51789.06587799531,0
51794.06602917831,0
51799.066180361326,0
51804.06633154433,0
51809.06648272734,0
51814.06663391035,0
51819.06678509335,0
51824.06693627636,0
51829.06708745936,0
51834.067238642376,0
51839.06738982538,0
51844.067541008386,0
51849.0676921914,0
51854.0678433744,1
51859.06799455741,0
51864.06814574041,1
51869.068296923426,0
51874.06844810643,0
51879.068599289436,0
51884.06875047245,0
51889.06890165545,0
51894.06905283846,0
51899.06920402146,0
51904.06935520447,0
51909.06950638748,0
51914.069657570486,0
51919.06980875349,0
51924.0699599365,0
51929.07011111951,0
51934.07026230251,0
51939.07041348552,0
51944.07056466853,0
51949.070715851536,0
51954.07086703454,0
51959.07101821755,0
51964.07116940056,0
51969.071320583564,0
51974.07147176657,0
51979.071622949574,0
51984.071774132586,0
51989.07192531559,0
51994.0720764986,0
51999.07222768161,0
52004.072378864614,0
52009.07253004762,0
52014.072681230624,0
52019.072832413636,0
52024.07298359664,0
52029.073134779646,0
52034.07328596266,0
52039.073437145664,0
52044.07358832867,0
52049.073739511674,0
52054.07389069468,0
52059.07404187769,0
52064.0741930607,0
52069.07434424371,0
52074.074495426714,0
52079.07464660972,0
52084.074797792724,0
52089.07494897573,0
52094.07510015874,0
52099.07525134175,0
52104.07540252475,0
52109.075553707764,0
52114.07570489077,0
52119.075856073774,0
52124.07600725678,0
52129.07615843979,0
52134.0763096228,0
52139.0764608058,0
52144.076611988814,0
52149.07676317182,0
52154.076914354824,0
52159.07706553783,0
52164.077216720834,0
52169.07736790385,0
52174.07751908685,0
52179.07767026986,0
52184.07782145287,0
52189.077972635874,0
52194.07812381888,0
52199.078275001884,0
52204.0784261849,0
52209.0785773679,0
52214.07872855091,0
52219.07887973392,0
52224.079030916924,0
52229.07918209993,0
52234.079333282934,0
52239.07948446594,0
52244.07963564895,0
52249.07978683196,0
52254.07993801496,0
52259.080089197974,0
52264.08024038098,0
52269.080391563984,0
52274.08054274699,0
52279.08069393,0
52284.08084511301,0
52289.08099629601,0
52294.081147479024,0
52299.08129866203,0
52304.081449845035,0
52309.08160102804,1
52314.081752211045,0
52319.08190339406,0
52324.08205457706,0
52329.082205760074,0
52334.08235694308,0
52339.082508126085,0
52344.08265930909,0
52349.082810492095,0
52354.08296167511,0
52359.08311285811,0
52364.08326404112,0
52369.08341522413,0
52374.083566407135,0
52379.08371759014,0
52384.083868773145,0
52389.08401995615,0
52394.08417113916,0
52399.08432232217,0
52404.08447350518,0
52409.084624688185,0
52414.08477587119,0
52419.084927054195,0
52424.0850782372,0
52429.08522942021,0
52434.08538060322,0
52439.08553178622,0
52444.085682969235,0
52449.08583415224,0
52454.085985335245,0
52459.08613651825,0
52464.08628770126,0
52469.08643888427,0
52474.08659006727,0
52479.086741250285,0
52484.08689243329,0
52489.087043616295,0
52494.0871947993,0
52499.087345982305,0
52504.08749716532,0
52509.08764834832,0
52514.08779953133,0
52519.08795071434,0
52524.088101897345,0
52529.08825308035,0
52534.088404263355,0
52539.08855544637,0
52544.08870662937,0
52549.08885781238,0
52554.08900899539,0
52559.089160178395,0
52564.0893113614,0
52569.089462544405,0
52574.08961372741,0
52579.08976491042,0
52584.08991609343,0
52589.09006727644,0
52594.090218459445,0
52599.09036964245,0
52604.090520825455,0
52609.09067200846,0
52614.09082319147,0
52619.09097437448,0
52624.09112555748,0
52629.091276740495,0
52634.0914279235,0
52639.091579106505,0
52644.09173028951,0
52649.091881472516,0
52654.09203265553,0
52659.09218383853,0
52664.092335021545,0
52669.09248620455,0
52674.092637387555,0
52679.09278857056,0
52684.092939753566,0
52689.09309093658,0
52694.09324211958,0
52699.09339330259,0
52704.0935444856,0
52709.093695668606,0
52714.09384685161,0
52719.093998034616,0
52724.09414921763,0
52729.09430040063,0
52734.09445158364,0
52739.09460276665,0
52744.094753949656,0
52749.09490513266,0
52754.095056315666,0
52759.09520749867,0
52764.09535868168,0
52769.09550986469,0
52774.09566104769,0
52779.095812230706,1
52784.09596341371,0
52789.096114596716,0
52794.09626577972,0
52799.09641696273,0
52804.09656814574,0
52809.09671932874,0
52814.096870511756,0
52819.09702169476,0
52824.097172877766,0
52829.09732406077,0
52834.097475243776,0
52839.09762642679,0
52844.09777760979,0
52849.0979287928,0
52854.09807997581,0
52859.098231158816,0
52864.09838234182,0
52869.098533524826,0
52874.09868470784,0
52879.09883589084,0
52884.09898707385,0
52889.09913825686,0
52894.099289439866,0
52899.09944062287,0
52904.099591805876,0
52909.09974298888,0
52914.09989417189,0
52919.1000453549,0
52924.10019653791,0
52929.100347720916,0
52934.10049890392,0
52939.100650086926,0
52944.10080126993,0
52949.10095245294,0
52954.10110363595,0
52959.101254818954,0
52964.101406001966,0
52969.10155718497,0
52974.101708367976,0
52979.10185955098,0
52984.10201073399,0
52989.102161917,0
52994.102313100004,0
52999.102464283016,0
53004.10261546602,0
53009.102766649026,0
53014.10291783203,0
53019.10306901504,0
53024.10322019805,0
53029.103371381054,0
53034.10352256406,0
53039.10367374707,0
53044.10382493008,0
53049.10397611308,0
53054.10412729609,0
53059.1042784791,0
53064.104429662104,0
53069.10458084511,0
53074.10473202812,0
53079.10488321113,0
53084.10503439413,0
53089.10518557714,0
53094.10533676014,0
53099.105487943154,0
53104.10563912616,0
53109.105790309164,0
53114.10594149218,0
53119.10609267518,1
53124.10624385819,0
53129.10639504119,0
53134.106546224204,0
53139.10669740721,0
53144.106848590214,0
53149.10699977323,0
53154.10715095623,0
53159.10730213924,0
53164.10745332224,0
53169.10760450525,0
53174.10775568826,0
53179.107906871264,0
53184.10805805428,1
53189.10820923728,0
53194.10836042029,0
53199.10851160329,0
53204.1086627863,0
53209.10881396931,0
53214.108965152314,0
53219.10911633532,0
53224.10926751833,0
53229.10941870134,0
53234.10956988434,0
53239.10972106735,1
53244.10987225035,0
53249.110023433364,0
53254.11017461637,0
53259.11032579938,0
53264.11047698239,0
53269.11062816539,0
53274.1107793484,0
53279.1109305314,0
53284.111081714414,0
53289.11123289742,0
53294.111384080425,0
53299.11153526344,0
53304.11168644644,0
53309.11183762945,0
53314.11198881245,0
53319.112139995465,0
53324.11229117847,0
53329.112442361475,0
53334.11259354449,0
53339.11274472749,0
53344.1128959105,0
53349.1130470935,0
53354.11319827651,0
53359.11334945952,0
53364.113500642525,0
53369.11365182553,1
53374.11380300854,0
53379.11395419155,0
53384.11410537455,0
53389.11425655756,0
53394.11440774057,1
53399.114558923575,0
53404.11471010658,0
53409.11486128959,0
53414.1150124726,0
53419.1151636556,0
53424.11531483861,0
53429.11546602161,0
53434.115617204625,0
53439.11576838763,0
53444.115919570635,0
53449.11607075365,0
53454.11622193665,0
53459.11637311966,0
53464.11652430266,0
53469.116675485675,0
53474.11682666868,0
53479.116977851685,0
53484.1171290347,0
53489.1172802177,0
53494.11743140071,0
53499.11758258371,0
53504.11773376672,0
53509.11788494973,0
53514.118036132735,0
53519.11818731575,0
53524.11833849875,0
53529.11848968176,0
53534.11864086476,1
53539.11879204777,0
53544.11894323078,0
53549.119094413785,0
53554.11924559679,0
53559.1193967798,0
53564.11954796281,0
53569.11969914581,0
53574.11985032882,0
53579.12000151182,0
53584.120152694835,0
53589.12030387784,0
53594.12045506085,0
53599.12060624386,0
53604.12075742686,0
53609.12090860987,0
53614.12105979287,0
53619.121210975885,0
53624.12136215889,0
53629.121513341895,0
53634.12166452491,0
53639.12181570791,0
53644.12196689092,0
53649.12211807392,0
53654.122269256935,0
53659.12242043994,0
53664.122571622946,0
53669.12272280596,0
53674.12287398896,0
53679.12302517197,0
53684.12317635497,0
53689.12332753798,0
53694.12347872099,0
53699.123629903996,0
53704.123781087,0
53709.12393227001,1
53714.12408345302,0
53719.12423463602,0
53724.12438581903,0
53729.12453700204,0
53734.124688185046,0
53739.12483936805,0
53744.12499055106,0
53749.12514173407,0
53754.12529291707,0
53759.12544410008,0
53764.12559528308,0
53769.125746466096,0
53774.1258976491,0
53779.12604883211,0
53784.12620001512,0
53789.12635119812,0
53794.12650238113,0
53799.12665356413,0
53804.126804747146,0
53809.12695593015,0
53814.127107113156,0
53819.12725829617,0
53824.12740947917,0
53829.12756066218,0
53834.12771184518,0
53839.12786302819,0
53844.1280142112,0
53849.128165394206,0
53854.12831657722,0
53859.12846776022,0
53864.12861894323,0
53869.12877012623,0
53874.12892130924,0
53879.12907249225,0
53884.129223675256,0
53889.12937485826,0
53894.12952604127,1
53899.12967722428,0
53904.129828407284,0
53909.12997959029,0
53914.1301307733,0
53919.130281956306,0
53924.13043313931,0
53929.13058432232,0
53934.13073550533,0
53939.130886688334,0
53944.13103787134,0
53949.131189054344,0
53954.131340237356,0
53959.13149142036,0
53964.131642603366,0
53969.13179378638,0
53974.131944969384,0
53979.13209615239,0
53984.132247335394,0
53989.132398518406,0
53994.13254970141,0
53999.13270088442,0
54004.13285206743,1
54009.133003250434,0
54014.13315443344,0
54019.133305616444,0
54024.13345679945,0
54029.13360798246,0
54034.13375916547,0
54039.13391034847,1
54044.134061531484,0
54049.13421271449,0
54054.134363897494,0
54059.1345150805,0
54064.13466626351,0
54069.13481744652,0
54074.13496862952,0
54079.135119812534,0
54084.13527099554,0
54089.135422178544,0
54094.13557336155,0
54099.135724544554,0
54104.13587572757,0
54109.13602691057,0
54114.136178093584,0
54119.13632927659,0
54124.136480459594,0
54129.1366316426,0
54134.136782825604,0
54139.13693400862,0
54144.13708519162,0
54149.13723637463,0
54154.13738755764,0
54159.137538740644,0
54164.13768992365,0
54169.137841106654,0
54174.13799228966,0
54179.13814347267,0
54184.13829465568,0
54189.13844583869,0
54194.138597021694,0
54199.1387482047,0
54204.138899387704,0
54209.13905057071,0
54214.13920175372,0
54219.13935293673,0
54224.13950411973,0
54229.139655302744,0
54234.13980648575,0
54239.139957668755,0
54244.14010885176,0
54249.14026003477,0
54254.14041121778,0
54259.14056240078,0
54264.140713583794,0
54269.1408647668,0
54274.141015949805,0
54279.14116713281,0
54284.141318315815,0
54289.14146949883,0
54294.14162068183,0
54299.14177186484,0
54304.14192304785,0
54309.142074230855,0
54314.14222541386,0
54319.142376596865,0
54324.14252777988,0
54329.14267896288,0
54334.14283014589,0
54339.1429813289,0
54344.143132511905,0
54349.14328369491,0
54354.143434877915,0
54359.14358606092,0
54364.14373724393,0
54369.14388842694,0
54374.14403960995,0
54379.144190792955,0
54384.14434197596,1
54389.144493158965,0
54394.14464434197,0
54399.14479552498,0
54404.14494670799,0
54409.14509789099,0
54414.145249074005,0
54419.14540025701,0
54424.145551440015,0
54429.14570262302,0
54434.145853806025,0
54439.14600498904,0
54444.14615617204,0
54449.146307355055,0
54454.14645853806,0
54459.146609721065,0
54464.14676090407,0
54469.146912087075,0
54474.14706327009,0
54479.14721445309,0
54484.1473656361,0
54489.14751681911,0
54494.147668002115,0
54499.14781918512,0
54504.147970368125,0
54509.14812155114,0
54514.14827273414,0
54519.14842391715,0
54524.14857510016,0
54529.148726283165,0
54534.14887746617,1
54539.149028649175,0
54544.14917983218,0
54549.14933101519,0
54554.1494821982,0
54559.1496333812,0
54564.149784564215,0
54569.14993574722,0
54574.150086930225,0
54579.15023811323,0
54584.15038929624,0
54589.15054047925,0
54594.15069166225,0
54599.150842845265,0
54604.15099402827,0
54609.151145211275,0
54614.15129639428,0
54619.151447577286,0
54624.1515987603,0
54629.1517499433,0
54634.15190112631,0
54639.15205230932,0
54644.152203492325,0
54649.15235467533,0
54654.152505858336,0
54659.15265704135,0
54664.15280822435,0
54669.15295940736,0
54674.15311059037,0
54679.153261773376,0
54684.15341295638,0
54689.153564139386,0
54694.15371532239,0
54699.1538665054,0
54704.15401768841,0
54709.15416887142,0
54714.154320054426,0
54719.15447123743,0
54724.154622420436,0
54729.15477360344,0
54734.15492478645,0
54739.15507596946,0
54744.15522715246,0
54749.155378335476,0
54754.15552951848,0
54759.155680701486,0
54764.15583188449,0
54769.155983067496,0
54774.15613425051,0
54779.15628543351,0
54784.156436616526,0
54789.15658779953,1
54794.156738982536,0
54799.15689016554,0
54804.157041348546,0
54809.15719253156,0
54814.15734371456,0
54819.15749489757,0
54824.15764608058,0
54829.157797263586,1
54834.15794844659,0
54839.158099629596,0
54844.15825081261,0
54849.15840199561,0
54854.15855317862,0
54859.15870436163,0
54864.158855544636,0
54869.15900672764,0
54874.159157910646,0
54879.15930909365,0
54884.15946027666,0
54889.15961145967,0
54894.159762642674,0
54899.159913825686,0
54904.16006500869,0
54909.160216191696,0
54914.1603673747,0
54919.160518557714,0
54924.16066974072,0
54929.160820923724,0
54934.160972106736,0
54939.16112328974,0
54944.161274472746,0
54949.16142565575,0
54954.16157683876,0
54959.16172802177,0
54964.161879204774,0
54969.162030387786,0
54974.16218157079,0
54979.1623327538,0
54984.1624839368,0
54989.16263511981,0
54994.16278630282,0
54999.162937485824,0
55004.16308866883,0
55009.16323985184,0
55014.16339103485,0
55019.16354221785,0
55024.16369340086,0
55029.16384458386,0
55034.163995766874,0
55039.16414694988,0
55044.16429813289,0
55049.1644493159,0
55054.1646004989,0
55059.16475168191,0
55064.16490286491,1
55069.165054047924,0
55074.16520523093,0
55079.165356413934,0
55084.16550759695,0
55089.16565877995,0
55094.16580996296,0
55099.16596114596,0
55104.166112328974,0
55109.16626351198,0
55114.166414694984,0
55119.166565878,0
55124.166717061,0
55129.16686824401,0
55134.16701942701,0
55139.16717061002,1
55144.16732179303,0
55149.167472976034,0
55154.16762415904,0
55159.16777534205,0
55164.16792652506,0
55169.16807770806,0
55174.16822889107,0
55179.16838007408,0
55184.168531257084,0
55189.16868244009,1
55194.1688336231,0
55199.16898480611,1
55204.16913598911,0
55209.16928717212,0
55214.16943835512,0
55219.169589538134,0
55224.16974072114,0
55229.16989190415,0
55234.17004308716,0
55239.17019427016,0
55244.17034545317,0
55249.17049663617,0
55254.170647819185,0
55259.17079900219,0
55264.170950185195,0
55269.17110136821,1
55274.17125255121,0
55279.17140373422,0
55284.17155491722,0
55289.17170610023,0
55294.17185728324,0
55299.172008466245,0
55304.17215964926,0
55309.17231083226,0
55314.17246201527,0
55319.17261319827,0
55324.17276438128,0
55329.17291556429,0
55334.173066747295,0
55339.1732179303,0
55344.17336911331,0
55349.17352029632,0
55354.17367147932,0
55359.17382266233,0
55364.17397384533,0
55369.174125028345,0
55374.17427621135,0
55379.17442739436,0
55384.17457857737,0
55389.17472976037,0
55394.17488094338,0
55399.17503212638,0
55404.175183309395,0
55409.1753344924,0
55414.175485675405,0
55419.17563685842,0
55424.17578804142,0
55429.17593922443,0
55434.17609040743,0
55439.176241590445,0
55444.17639277345,0
55449.176543956455,0
55454.17669513947,0
55459.17684632247,0
55464.17699750548,0
55469.17714868848,0
55474.17729987149,0
55479.1774510545,0
55484.177602237505,0
55489.17775342051,0
55494.17790460352,0
55499.17805578653,0
55504.17820696953,0
55509.17835815254,0
55514.17850933555,0
55519.178660518555,0
55524.17881170156,0
55529.17896288457,0
55534.17911406758,0
55539.17926525058,0
55544.17941643359,0
55549.17956761659,0
55554.179718799605,0
55559.17986998261,0
55564.18002116562,0
55569.18017234863,0
55574.18032353163,0
55579.18047471464,0
55584.18062589764,0
55589.180777080655,0
55594.18092826366,0
55599.181079446666,0
55604.18123062968,0
55609.18138181268,0
55614.18153299569,0
55619.18168417869,0
55624.1818353617,0
55629.18198654471,0
55634.182137727716,0
55639.18228891073,0
55644.18244009373,0
55649.18259127674,0
55654.18274245974,1
55659.18289364275,0
55664.18304482576,0
55669.183196008766,0
55674.18334719177,0
55679.18349837478,1
55684.18364955779,0
55689.18380074079,0
55694.1839519238,0
55699.18410310681,0
55704.184254289816,0
55709.18440547282,1
55714.18455665583,0
55719.18470783884,0
55724.18485902184,0
55729.18501020485,0
55734.18516138785,0
55739.185312570866,0
55744.18546375387,0
55749.185614936876,0
55754.18576611989,0
55759.18591730289,0
55764.1860684859,0
55769.1862196689,0
55774.186370851916,0
55779.18652203492,0
55784.186673217926,0
55789.18682440094,0
55794.18697558394,0
55799.18712676695,0
55804.18727794995,0
55809.18742913296,0
55814.18758031597,0
55819.187731498976,0
55824.18788268199,0
55829.18803386499,0
55834.188185048,0
55839.188336231,0
55844.18848741401,0
55849.18863859702,0
55854.188789780026,0
55859.18894096303,0
55864.18909214604,0
55869.18924332905,0
55874.189394512054,0
55879.18954569506,0
55884.189696878064,0
55889.189848061076,0
55894.18999924408,0
55899.19015042709,0
55904.1903016101,0
55909.190452793104,0
55914.19060397611,0
55919.190755159114,0
55924.190906342126,0
55929.19105752513,0
55934.19120870814,0
55939.19135989115,0
55944.191511074154,0
55949.19166225716,0
55954.191813440164,0
55959.19196462317,0
55964.19211580618,0
55969.19226698919,0
55974.1924181722,0
55979.192569355204,1
55984.19272053821,0
55989.192871721214,1
55994.19302290422,0
55999.19317408723,0
56004.19332527024,0
56009.19347645324,0
56014.193627636254,0
56019.19377881926,1
56024.193930002264,0
56029.19408118527,0
56034.19423236828,0
56039.19438355129,0
56044.19453473429,0
56049.194685917304,0
56054.19483710031,0
56059.194988283314,0
56064.19513946632,0
56069.195290649324,0
56074.19544183234,0
56079.19559301534,0
56084.19574419835,0
56089.19589538136,0
56094.196046564364,0
56099.19619774737,0
56104.196348930374,0
56109.19650011339,0
56114.19665129639,0
56119.1968024794,0
56124.19695366241,0
56129.197104845414,0
56134.19725602842,0
56139.197407211424,0
56144.19755839443,0
56149.19770957744,0
56154.19786076045,0
56159.19801194346,0
56164.198163126464,0
56169.19831430947,0
56174.198465492474,0
56179.19861667548,0
56184.19876785849,0
56189.1989190415,0
56194.1990702245,0
56199.199221407514,0
56204.19937259052,0
56209.199523773525,0
56214.19967495653,0
56219.199826139535,0
56224.19997732255,0
56229.20012850555,1
56234.200279688564,0
56239.20043087157,0
56244.200582054575,0
56249.20073323758,0
56254.200884420585,0
56259.2010356036,0
56264.2011867866,0
56269.20133796961,0
56274.20148915262,0
56279.201640335625,0
56284.20179151863,0
56289.201942701635,0
56294.20209388465,0
56299.20224506765,0
56304.20239625066,0
56309.20254743367,0
56314.202698616675,0
56319.20284979968,0
56324.203000982685,0
56329.20315216569,1
56334.2033033487,0
56339.20345453171,0
56344.20360571471,0
56349.203756897725,0
56354.20390808073,0
56359.204059263735,0
56364.20421044674,0
56369.20436162975,0
56374.20451281276,0
56379.20466399576,0
56384.204815178775,0
56389.20496636178,0
56394.205117544785,0
56399.20526872779,0
56404.205419910795,0
56409.20557109381,0
56414.20572227681,0
56419.205873459825,0
56424.20602464283,0
56429.206175825835,0
56434.20632700884,0
56439.206478191845,0
56444.20662937486,0
56449.20678055786,0
56454.20693174087,0
56459.20708292388,0
56464.207234106885,0
56469.20738528989,0
56474.207536472895,0
56479.2076876559,0
56484.20783883891,0
56489.20799002192,0
56494.20814120493,0
56499.208292387935,0
56504.20844357094,0
56509.208594753945,0
56514.20874593695,0
56519.20889711996,0
56524.20904830297,0
56529.20919948597,0
56534.209350668985,0
56539.20950185199,0
56544.209653034995,0
56549.209804218,0
56554.209955401006,0
56559.21010658402,0
56564.21025776702,0
56569.210408950035,0
56574.21056013304,0
56579.210711316045,0
56584.21086249905,0
56589.211013682056,0
56594.21116486507,0
56599.21131604807,0
56604.21146723108,0
56609.21161841409,0
56614.211769597096,0
56619.2119207801,0
56624.212071963106,0
56629.21222314612,0
56634.21237432912,0
56639.21252551213,0
56644.21267669514,0
56649.212827878146,0
56654.21297906115,0
56659.213130244156,1
56664.21328142716,0
56669.21343261017,0
56674.21358379318,0
56679.21373497618,0
56684.213886159196,0
56689.2140373422,0
56694.214188525206,0
56699.21433970821,0
56704.21449089122,0
56709.21464207423,0
56714.21479325723,1
56719.214944440246,0
56724.21509562325,0
56729.215246806256,0
56734.21539798926,0
56739.215549172266,0
56744.21570035528,0
56749.21585153828,0
56754.216002721296,0
56759.2161539043,0
56764.216305087306,0
56769.21645627031,0
56774.216607453316,0
56779.21675863633,0
56784.21690981933,0
56789.21706100234,0
56794.21721218535,0
56799.217363368356,0
56804.21751455136,0
56809.217665734366,0
56814.21781691737,0
56819.21796810038,0
56824.21811928339,0
56829.2182704664,0
56834.218421649406,0
56839.21857283241,0
56844.218724015416,0
56849.21887519842,0
56854.219026381434,0
56859.21917756444,0
56864.219328747444,0
56869.219479930456,0
56874.21963111346,0
56879.219782296466,0
56884.21993347947,0
56889.220084662484,0
56894.22023584549,0
56899.220387028494,0
56904.220538211506,0
56909.22068939451,0
56914.220840577516,0
56919.22099176052,0
56924.22114294353,0
56929.22129412654,0
56934.221445309544,0
56939.22159649255,0
56944.22174767556,0
56949.22189885857,0
56954.22205004157,0
56959.22220122458,0
56964.22235240759,0
56969.222503590594,0
56974.2226547736,1
56979.22280595661,0
56984.22295713962,0
56989.22310832262,0
56994.22325950563,1
56999.22341068863,0
57004.223561871644,0
57009.22371305465,0
57014.22386423766,0
57019.22401542067,0
57024.22416660367,0
57029.22431778668,0
57034.22446896968,1
57039.224620152694,0
57044.2247713357,0
57049.224922518704,0
57054.22507370172,0
57059.22522488472,0
57064.22537606773,0
57069.22552725073,0
57074.22567843374,0
57079.22582961675,0
57084.225980799754,0
57089.22613198277,0
57094.22628316577,0
57099.22643434878,0
57104.22658553178,0
57109.22673671479,0
57114.2268878978,0
57119.227039080804,0
57124.22719026381,0
57129.22734144682,0
57134.22749262983,0
57139.22764381283,0
57144.22779499584,0
57149.22794617884,0
57154.228097361854,0
57159.22824854486,0
57164.22839972787,0
57169.22855091088,0
57174.22870209388,0
57179.22885327689,0
57184.22900445989,0
57189.229155642905,0
57194.22930682591,0
57199.229458008915,0
57204.22960919193,0
57209.22976037493,0
57214.22991155794,0
57219.23006274094,0
57224.230213923955,0
57229.23036510696,0
57234.230516289965,0
57239.23066747298,0
57244.23081865598,0
57249.23096983899,0
57254.23112102199,0
57259.231272205,0
57264.23142338801,0
57269.231574571015,0
57274.23172575402,0
57279.23187693703,0
57284.23202812004,0
57289.23217930304,0
57294.23233048605,0
57299.23248166906,0
57304.232632852065,0
57309.23278403507,0
57314.23293521808,0
57319.23308640109,0
57324.23323758409,0
57329.2333887671,0
57334.2335399501,0
57339.233691133115,0
57344.23384231612,0
57349.23399349913,0
57354.23414468214,0
57359.23429586514,0
57364.23444704815,0
57369.23459823115,0
57374.234749414165,0
57379.23490059717,0
57384.235051780175,0
57389.23520296319,0
57394.23535414619,0
57399.2355053292,0
57404.2356565122,0
57409.23580769521,0
57414.23595887822,0
57419.236110061225,0
57424.23626124424,0
57429.23641242724,0
57434.23656361025,0
57439.23671479325,0
57444.23686597626,0
57449.23701715927,0
57454.237168342275,0
57459.23731952528,0
57464.23747070829,0
57469.2376218913,0
57474.2377730743,0
57479.23792425731,0
57484.23807544032,0
57489.238226623325,0
57494.23837780633,0
57499.23852898934,0
57504.23868017235,0
57509.23883135535,0
57514.23898253836,0
57519.23913372136,0
57524.239284904375,0
57529.23943608738,0
57534.239587270386,0
57539.2397384534,0
57544.2398896364,0
57549.24004081941,0
57554.24019200241,0
57559.240343185425,0
57564.24049436843,0
57569.240645551436,0
57574.24079673445,0
57579.24094791745,0
57584.24109910046,0
57589.24125028346,0
57594.24140146647,0
57599.24155264948,0
57604.241703832486,0
57609.2418550155,0
57614.2420061985,0
57619.24215738151,0
57624.24230856451,0
57629.24245974752,0
57634.24261093053,0
57639.242762113536,0
57644.24291329654,0
57649.24306447955,0
57654.24321566256,0
57659.24336684556,0
57664.24351802857,0
57669.24366921157,0
57674.243820394586,0
57679.24397157759,0
57684.2441227606,0
57689.24427394361,1
57694.24442512661,0
57699.24457630962,0
57704.24472749262,0
57709.244878675636,0
57714.24502985864,0
57719.245181041646,0
57724.24533222466,0
57729.24548340766,0
57734.24563459067,0
57739.24578577367,0
57744.24593695668,0
57749.24608813969,0
57754.246239322696,0
57759.24639050571,0
57764.24654168871,0
57769.24669287172,0
57774.24684405472,0
57779.24699523773,0
57784.24714642074,0
57789.247297603746,0
57794.24744878675,0
57799.24759996976,0
57804.24775115277,0
57809.247902335774,0
57814.24805351878,0
57819.24820470179,0
57824.248355884796,0
57829.2485070678,0
57834.24865825081,0
57839.24880943382,0
57844.248960616824,0
57849.24911179983,0
57854.249262982834,0
57859.249414165846,0
57864.24956534885,0
57869.24971653186,0
57874.24986771487,0
57879.250018897874,0
57884.25017008088,0
57889.250321263884,0
57894.250472446896,0
57899.2506236299,0
57904.25077481291,0
57909.25092599592,0
57914.251077178924,0
57919.25122836193,0
57924.251379544934,0
57929.25153072794,0
57934.25168191095,0
57939.25183309396,0
57944.25198427697,0
57949.252135459974,0
57954.25228664298,0
57959.252437825984,0
57964.25258900899,0
57969.252740192,0
57974.25289137501,0
57979.25304255801,0
57984.253193741024,0
57989.25334492403,0
57994.253496107034,0
57999.25364729004,0
58004.253798473044,0
58009.25394965606,0
58014.25410083906,0
58019.254252022074,0
58024.25440320508,0
58029.254554388084,0
58034.25470557109,0
58039.254856754094,0
58044.25500793711,0
58049.25515912011,0
58054.25531030312,0
58059.25546148613,0
58064.255612669134,0
58069.25576385214,0
58074.255915035144,0
58079.25606621816,0
58084.25621740116,0
58089.25636858417,0
58094.25651976718,0
58099.256670950184,0
58104.25682213319,0
58109.256973316194,0
58114.2571244992,0
58119.25727568221,0
58124.25742686522,0
58129.25757804822,0
58134.257729231234,0
58139.25788041424,0
58144.258031597245,0
58149.25818278025,0
58154.25833396326,0
58159.25848514627,0
58164.25863632927,0
58169.258787512284,1
58174.25893869529,0
58179.259089878295,0
58184.2592410613,0
58189.259392244305,0
58194.25954342732,0
58199.25969461032,0
58204.259845793335,0
58209.25999697634,0
58214.260148159345,0
58219.26029934235,0
58224.260450525355,0
58229.26060170837,0
58234.26075289137,0
58239.26090407438,0
58244.26105525739,0
58249.261206440395,0
58254.2613576234,0
58259.261508806405,0
58264.26165998941,0
58269.26181117242,0
58274.26196235543,0
58279.26211353844,0
58284.262264721445,0
58289.26241590445,1
58294.262567087455,0
58299.26271827046,0
58304.26286945347,0
58309.26302063648,0
58314.26317181948,0
58319.263323002495,0
58324.2634741855,0
58329.263625368505,0
58334.26377655151,0
58339.26392773452,0
58344.26407891753,0
58349.26423010053,0
58354.264381283545,0
58359.26453246655,0
58364.264683649555,0
58369.26483483256,0
58374.264986015565,0
58379.26513719858,0
58384.26528838158,0
58389.26543956459,0
58394.2655907476,0
58399.265741930605,0
58404.26589311361,0
58409.266044296615,0
58414.26619547963,0
58419.26634666263,0
58424.26649784564,0
58429.26664902865,0
58434.266800211655,0
58439.26695139466,0
58444.267102577665,0
58449.26725376067,0
58454.26740494368,0
58459.26755612669,0
58464.26770730969,0
58469.267858492705,0
58474.26800967571,0
58479.268160858715,0
58484.26831204172,0
58489.26846322473,0
58494.26861440774,0
58499.26876559074,0
58504.268916773755,0
58509.26906795676,0
58514.269219139765,0
58519.26937032277,0
58524.269521505776,0
58529.26967268879,0
58534.26982387179,0
58539.269975054805,0
58544.27012623781,0
58549.270277420816,0
58554.27042860382,0
58559.270579786826,0
58564.27073096984,0
58569.27088215284,0
58574.27103333585,0
58579.27118451886,0
58584.271335701866,0
58589.27148688487,0
58594.271638067876,0
58599.27178925088,0
58604.27194043389,0
58609.2720916169,0
58614.27224279991,0
58619.272393982916,0
58624.27254516592,0
58629.272696348926,0
58634.27284753193,0
58639.27299871494,0
58644.27314989795,0
58649.27330108095,0
58654.273452263966,0
58659.27360344697,0
58664.273754629976,0
58669.27390581298,0
58674.27405699599,0
58679.274208179,0
58684.274359362,0
58689.274510545016,0
58694.27466172802,0
58699.274812911026,0
58704.27496409403,1
58709.275115277036,0
58714.27526646005,0
58719.27541764305,1
58724.27556882606,0
58729.27572000907,0
58734.275871192076,0
58739.27602237508,0
58744.276173558086,0
58749.2763247411,0
58754.2764759241,0
58759.27662710711,0
58764.27677829012,0
58769.276929473126,0
58774.27708065613,0
58779.277231839136,0
58784.27738302214,0
58789.277534205154,0
58794.27768538816,0
58799.27783657117,0
58804.277987754176,0
58809.27813893718,1
58814.278290120186,0
58819.27844130319,0
58824.278592486204,0
58829.27874366921,0
58834.278894852214,0
58839.279046035226,0
58844.27919721823,0
58849.279348401236,0
58854.27949958424,0
58859.27965076725,0
58864.27980195026,0
58869.279953133264,0
58874.280104316276,0
58879.28025549928,0
58884.28040668229,0
58889.28055786529,0
58894.2807090483,0
58899.28086023131,0
58904.281011414314,0
58909.28116259732,0
58914.28131378033,0
58919.28146496334,0
58924.28161614634,0
58929.28176732935,0
58934.28191851236,0
58939.282069695364,0
58944.28222087837,0
58949.28237206138,0
58954.28252324439,0
58959.28267442739,0
58964.2828256104,0
58969.2829767934,0
58974.283127976414,0
58979.28327915942,0
58984.283430342424,0
58989.28358152544,0
58994.28373270844,0
58999.28388389145,0
59004.28403507445,0
59009.284186257464,0
59014.28433744047,0
59019.284488623474,0
59024.28463980649,0
59029.28479098949,0
59034.2849421725,0
59039.2850933555,0
59044.28524453851,0
59049.28539572152,0
59054.285546904524,0
59059.28569808753,1
59064.28584927054,0
59069.28600045355,0
59074.28615163655,0
59079.28630281956,0
59084.28645400257,0
59089.286605185574,0
59094.28675636858,0
59099.28690755159,0
59104.2870587346,0
59109.2872099176,0
59114.28736110061,0
59119.28751228361,0
59124.287663466625,0
59129.28781464963,0
59134.28796583264,0
59139.28811701565,0
59144.28826819865,0
59149.28841938166,0
59154.28857056466,0
59159.288721747675,0
59164.28887293068,0
59169.289024113685,0
59174.2891752967,0
59179.2893264797,0
59184.28947766271,0
59189.28962884571,0
59194.28978002872,0
59199.28993121173,0
59204.290082394735,0
59209.29023357775,0
59214.29038476075,0
59219.29053594376,0
59224.29068712676,0
59229.29083830977,0
59234.29098949278,0
59239.291140675785,0
59244.29129185879,0
59249.2914430418,0
59254.29159422481,0
59259.29174540781,0
59264.29189659082,0
59269.29204777383,0
59274.292198956835,0
59279.29235013984,0
59284.29250132285,0
59289.29265250586,0
59294.29280368886,0
59299.29295487187,0
59304.29310605487,0
59309.293257237885,0
59314.29340842089,0
59319.293559603895,0
59324.29371078691,0
59329.29386196991,0
59334.29401315292,0
59339.29416433592,0
59344.294315518935,0
59349.29446670194,0
59354.294617884945,0
59359.29476906796,0
59364.29492025096,0
59369.29507143397,0
59374.29522261697,0
59379.29537379998,0
59384.29552498299,0
59389.295676165995,0
59394.29582734901,0
59399.29597853201,0
59404.29612971502,0
59409.29628089802,0
59414.29643208103,0
59419.29658326404,0
59424.296734447045,0
59429.29688563005,0
59434.29703681306,0
59439.29718799607,0
59444.29733917907,0
59449.29749036208,0
59454.29764154508,0
59459.297792728095,0
59464.2979439111,0
59469.29809509411,0
59474.29824627712,0
59479.29839746012,0
59484.29854864313,0
59489.29869982613,0
59494.298851009145,0
59499.29900219215,0
59504.299153375156,0
59509.29930455817,0
59514.29945574117,0
59519.29960692418,0
59524.29975810718,0
59529.299909290196,0
59534.3000604732,1
59539.300211656206,0
59544.30036283922,0
59549.30051402222,0
59554.30066520523,0
59559.30081638823,0
59564.30096757124,0
59569.30111875425,0
59574.301269937256,0
59579.30142112026,0
59584.30157230327,0
59589.30172348628,0
59594.30187466928,0
59599.30202585229,0
59604.3021770353,0
59609.302328218306,0
59614.30247940131,0
59619.30263058432,0
59624.30278176733,0
59629.30293295033,0
59634.30308413334,0
59639.30323531634,0
59644.303386499356,0
59649.30353768236,0
59654.303688865366,0
59659.30384004838,0
59664.30399123138,0
59669.30414241439,0
59674.30429359739,0
59679.304444780406,0
59684.30459596341,0
59689.304747146416,0
59694.30489832943,0
59699.30504951243,0
59704.30520069544,0
59709.30535187844,0
59714.30550306145,0
59719.30565424446,0
59724.305805427466,0
59729.30595661048,0
59734.30610779348,0
59739.30625897649,0
59744.306410159494,0
59749.3065613425,0
59754.30671252551,0
59759.306863708516,0
59764.30701489152,0
59769.30716607453,0
59774.30731725754,0
59779.307468440544,0
59784.30761962355,0
59789.307770806554,0
59794.307921989566,0
59799.30807317257,0
59804.308224355584,0
59809.30837553859,0
59814.308526721594,0
59819.3086779046,0
59824.308829087604,0
59829.308980270616,0
59834.30913145362,0
59839.30928263663,0
59844.30943381964,0
59849.309585002644,0
59854.30973618565,1
59859.309887368654,0
59864.31003855167,0
59869.31018973467,0
59874.31034091768,0
59879.31049210069,0
59884.310643283694,0
59889.3107944667,0
59894.310945649704,0
59899.31109683271,0
59904.31124801572,0
59909.31139919873,0
59914.31155038173,0
59919.311701564744,0
59924.31185274775,0
59929.312003930754,0
59934.31215511376,0
59939.31230629677,0
59944.31245747978,0
59949.31260866278,0
59954.312759845794,0
59959.3129110288,0
59964.313062211804,0
59969.31321339481,0
59974.313364577814,0
59979.31351576083,0
59984.31366694383,0
59989.313818126844,0
59994.31396930985,0
59999.314120492854,0
60004.31427167586,0
60009.314422858864,0
60014.31457404188,0
60019.31472522488,0
60024.31487640789,0
60029.3150275909,0
60034.315178773904,0
60039.31532995691,0
60044.315481139914,0
60049.31563232292,0
60054.31578350593,0
60059.31593468894,0
60064.31608587195,0
60069.316237054954,0
60074.31638823796,0
60079.316539420965,0
60084.31669060397,0
60089.31684178698,0
60094.31699296999,0
60099.31714415299,0
60104.317295336004,0
60109.31744651901,0
60114.317597702015,0
60119.31774888502,0
60124.31790006803,0
60129.31805125104,0
60134.31820243404,0
60139.318353617055,0
60144.31850480006,0
60149.318655983065,0
60154.31880716607,0
60159.318958349075,0
60164.31910953209,0
60169.31926071509,0
60174.3194118981,0
60179.31956308111,0
60184.319714264115,0
60189.31986544712,0
60194.320016630125,0
60199.32016781314,0
60204.32031899614,0
60209.32047017915,0
60214.32062136216,0
60219.320772545165,0
60224.32092372817,0
60229.321074911175,0
60234.32122609418,0
60239.32137727719,0
60244.3215284602,0
60249.3216796432,0
60254.321830826215,0
60259.32198200922,0
60264.322133192225,0
60269.32228437523,0
60274.32243555824,0
60279.32258674125,0
60284.32273792425,0
60289.322889107265,0
60294.32304029027,0
60299.323191473275,0
60304.32334265628,0
60309.323493839285,0
60314.3236450223,0
60319.3237962053,0
60324.323947388315,0
60329.32409857132,0
60334.324249754325,0
60339.32440093733,0
60344.324552120335,0
60349.32470330335,0
60354.32485448635,0
60359.32500566936,0
60364.32515685237,0
60369.325308035375,0
60374.32545921838,0
60379.325610401385,0
60384.32576158439,0
60389.3259127674,0
60394.32606395041,0
60399.32621513342,0
60404.326366316425,0
60409.32651749943,0
60414.326668682435,0
60419.32681986544,0
60424.32697104845,0
60429.32712223146,0
60434.32727341446,0
60439.327424597475,0
60444.32757578048,0
60449.327726963485,0
60454.32787814649,0
60459.3280293295,0
60464.32818051251,0
60469.32833169551,0
60474.328482878525,0
60479.32863406153,0
60484.328785244536,0
60489.32893642754,0
60494.329087610546,0
60499.32923879356,0
60504.32938997656,0
60509.32954115957,0
60514.32969234258,0
60519.329843525586,0
60524.32999470859,0
60529.330145891596,0
60534.33029707461,0
60539.33044825761,0
60544.33059944062,0
60549.33075062363,0
60554.330901806636,0
60559.33105298964,0
60564.331204172646,0
60569.33135535565,0
60574.33150653866,0
60579.33165772167,0
60584.33180890468,0
60589.331960087686,0
60594.33211127069,0
60599.332262453696,0
60604.3324136367,0
60609.33256481971,0
60614.33271600272,0
60619.33286718572,0
60624.333018368736,0
60629.33316955174,0
60634.333320734746,0
60639.33347191775,0
60644.333623100756,0
60649.33377428377,0
60654.33392546677,0
60659.334076649786,0
60664.33422783279,0
60669.334379015796,0
60674.3345301988,0
60679.334681381806,0
60684.33483256482,0
60689.33498374782,0
60694.33513493083,0
60699.33528611384,0
60704.335437296846,0
60709.33558847985,0
60714.335739662856,0
60719.33589084587,0
60724.33604202887,0
60729.33619321188,0
60734.33634439489,0
60739.336495577896,0
60744.3366467609,0
60749.336797943906,0
60754.33694912691,0
60759.337100309924,0
60764.33725149293,0
60769.337402675934,0
60774.337553858946,0
60779.33770504195,0
60784.337856224956,0
60789.33800740796,0
60794.338158590974,0
60799.33830977398,0
60804.338460956984,0
60809.338612139996,0
60814.338763323,0
60819.33891450601,0
60824.33906568901,0
60829.33921687202,0
60834.33936805503,0
60839.339519238034,0
60844.33967042104,0
60849.33982160405,0
60854.33997278706,0
60859.34012397006,0
60864.34027515307,0
60869.34042633608,0
60874.340577519084,0
60879.34072870209,0
60884.3408798851,0
60889.34103106811,0
60894.34118225111,0
60899.34133343412,0
60904.34148461712,0
60909.341635800134,0
60914.34178698314,0
60919.34193816615,0
60924.34208934916,0
60929.34224053216,0
60934.34239171517,0
60939.34254289817,0
60944.342694081184,0
60949.34284526419,0
60954.342996447194,0
60959.34314763021,0
60964.34329881321,0
60969.34344999622,0
60974.34360117922,0
60979.34375236223,0
60984.34390354524,0
60989.344054728244,0
60994.34420591126,0
60999.34435709426,0
61004.34450827727,0
61009.34465946027,0
61014.34481064328,0
61019.34496182629,0
61024.345113009294,0
61029.3452641923,0
61034.34541537531,0
61039.34556655832,0
61044.34571774132,0
61049.34586892433,0
61054.34602010734,0
61059.346171290345,0
61064.34632247335,0
61069.34647365636,0
61074.34662483937,0
61079.34677602237,0
61084.34692720538,0
61089.34707838838,0
61094.347229571395,0
61099.3473807544,0
61104.347531937405,0
61109.34768312042,0
61114.34783430342,0
61119.34798548643,0
61124.34813666943,0
61129.348287852445,0
61134.34843903545,0
61139.348590218455,0
61144.34874140147,0
61149.34889258447,0
61154.34904376748,0
61159.34919495048,0
61164.34934613349,0
61169.3494973165,0
61174.349648499505,0
61179.34979968252,0
61184.34995086552,0
61189.35010204853,0
61194.35025323153,0
61199.35040441454,0
61204.35055559755,0
61209.350706780555,0
61214.35085796356,0
61219.35100914657,0
61224.35116032958,0
61229.35131151258,0
61234.35146269559,0
61239.35161387859,0
61244.351765061605,0
61249.35191624461,0
61254.35206742762,0
61259.35221861063,0
61264.35236979363,0
61269.35252097664,0
61274.35267215964,0
61279.352823342655,0
61284.35297452566,0
61289.353125708665,0
61294.35327689168,0
61299.35342807468,0
61304.35357925769,0
61309.35373044069,0
61314.353881623705,0
61319.35403280671,0
61324.354183989715,0
61329.35433517273,0
61334.35448635573,0
61339.35463753874,0
61344.35478872174,0
61349.35493990475,0
61354.35509108776,0
61359.355242270765,0
61364.35539345377,0
61369.35554463678,0
61374.35569581979,0
61379.35584700279,0
61384.3559981858,0
61389.35614936881,0
61394.356300551815,0
61399.35645173482,0
61404.35660291783,0
61409.35675410084,0
61414.35690528384,0
61419.35705646685,0
61424.35720764985,0
61429.357358832865,0
61434.35751001587,0
61439.357661198876,0
61444.35781238189,0
61449.35796356489,0
61454.3581147479,0
61459.3582659309,0
61464.358417113915,0
61469.35856829692,0
61474.358719479926,0
61479.35887066294,0
61484.35902184594,0
61489.35917302895,0
61494.35932421195,0
61499.35947539496,0
61504.35962657797,0
61509.359777760976,0
61514.35992894399,0
61519.36008012699,0
61524.36023131,0
61529.360382493,0
61534.36053367601,0
61539.36068485902,0
61544.360836042026,0
61549.36098722503,0
61554.36113840804,0
61559.36128959105,0
61564.36144077405,0
61569.36159195706,0
61574.36174314006,0
61579.361894323076,0
61584.36204550608,0
61589.36219668909,0
61594.3623478721,0
61599.3624990551,0
61604.36265023811,0
61609.36280142111,0
61614.362952604126,0
61619.36310378713,0
61624.363254970136,0
61629.36340615315,0
61634.36355733615,0
61639.36370851916,0
61644.36385970216,0
61649.364010885176,0
61654.36416206818,0
61659.364313251186,0
61664.3644644342,0
61669.3646156172,0
61674.36476680021,0
61679.364917983214,0
61684.36506916622,0
61689.36522034923,0
61694.365371532236,0
61699.36552271524,0
61704.36567389825,0
61709.36582508126,0
61714.365976264264,0
61719.36612744727,0
61724.36627863028,0
61729.366429813286,0
61734.36658099629,0
61739.366732179304,0
61744.36688336231,0
61749.367034545314,0
61754.36718572832,0
61759.367336911324,0
61764.367488094336,0
61769.36763927734,0
61774.367790460354,0
61779.36794164336,0
61784.368092826364,0
61789.36824400937,0
61794.368395192374,0
61799.368546375386,0
61804.36869755839,0
61809.3688487414,0
61814.36899992441,0
61819.369151107414,0
61824.36930229042,0
61829.369453473424,0
61834.36960465643,0
61839.36975583944,0
61844.36990702245,0
61849.37005820546,0
61854.370209388464,0
61859.37036057147,0
61864.370511754474,0
61869.37066293748,0
61874.37081412049,0
61879.3709653035,0
61884.3711164865,0
61889.371267669514,0
61894.37141885252,0
61899.371570035524,0
61904.37172121853,0
61909.37187240154,0
61914.37202358455,0
61919.37217476755,0
61924.372325950564,0
61929.37247713357,0
61934.372628316574,0
61939.37277949958,0
61944.372930682584,0
61949.3730818656,0
61954.3732330486,0
61959.37338423161,0
61964.37353541462,0
61969.373686597624,0
61974.37383778063,0
61979.373988963634,0
61984.37414014665,0
61989.37429132965,0
61994.37444251266,0
61999.37459369567,0
62004.374744878674,0
62009.37489606168,0
62014.375047244685,0
62019.37519842769,0
62024.3753496107,0
62029.37550079371,0
62034.37565197672,0
62039.375803159724,0
62044.37595434273,1
62049.376105525735,0
62054.37625670874,0
62059.37640789175,0
62064.37655907476,0
62069.37671025776,0
62074.376861440775,0
62079.37701262378,0
62084.377163806785,0
62089.37731498979,0
62094.377466172795,0
62099.37761735581,0
62104.37776853881,0
62109.377919721825,0
62114.37807090483,0
62119.378222087835,0
62124.37837327084,0
62129.378524453845,0
62134.37867563686,0
62139.37882681986,0
62144.37897800287,0
62149.37912918588,0
62154.379280368885,0
62159.37943155189,0
62164.379582734895,0
62169.3797339179,0
62174.37988510091,0
62179.38003628392,0
62184.38018746693,0
62189.380338649935,0
62194.38048983294,0
62199.380641015945,0
62204.38079219895,0
62209.38094338196,0
62214.38109456497,0
62219.38124574797,0
62224.381396930985,0
62229.38154811399,0
62234.381699296995,0
62239.38185048,0
62244.38200166301,0
62249.38215284602,0
62254.38230402902,0
62259.382455212035,0
62264.38260639504,0
62269.382757578045,0
62274.38290876105,0
62279.383059944055,0
62284.38321112707,0
62289.38336231007,0
62294.38351349308,0
62299.38366467609,0
62304.383815859095,0
62309.3839670421,0
62314.384118225105,0
62319.38426940812,0
62324.38442059112,0
62329.38457177413,0
62334.38472295714,0
62339.384874140145,0
62344.38502532315,0
62349.385176506155,0
62354.38532768916,0
62359.38547887217,0
62364.38563005518,0
62369.38578123819,0
62374.385932421195,0
62379.3860836042,0
62384.386234787205,0
62389.38638597021,0
62394.38653715322,0
62399.38668833623,0
62404.38683951923,0
62409.386990702245,0
62414.38714188525,0
62419.387293068256,0
62424.38744425126,0
62429.387595434266,0
62434.38774661728,0
62439.38789780028,0
62444.388048983295,0
62449.3882001663,0
62454.388351349306,0
62459.38850253231,0
62464.388653715316,0
62469.38880489833,0
62474.38895608133,0
62479.38910726434,0
62484.38925844735,0
62489.389409630356,0
62494.38956081336,0
62499.389711996366,0
62504.38986317938,0
62509.39001436238,0
62514.39016554539,0
62519.3903167284,0
62524.390467911406,0
62529.39061909441,0
62534.390770277416,0
62539.39092146042,0
62544.39107264343,0
62549.39122382644,0
62554.39137500944,0
62559.391526192456,0
62564.39167737546,0
62569.391828558466,0
62574.39197974147,0
62579.39213092448,0
62584.39228210749,0
62589.39243329049,0
62594.392584473506,0
62599.39273565651,0
62604.392886839516,0
62609.39303802252,0
62614.393189205526,0
62619.39334038854,0
62624.39349157154,0
62629.393642754556,0
62634.39379393756,0
62639.393945120566,0
62644.39409630357,0
62649.394247486576,0
62654.39439866959,0
62659.39454985259,0
62664.3947010356,0
62669.39485221861,0
62674.395003401616,0
62679.39515458462,0
62684.395305767626,0
62689.39545695063,0
62694.395608133644,0
62699.39575931665,0
62704.39591049966,0
62709.396061682666,0
62714.39621286567,0
62719.396364048676,0
62724.39651523168,0
62729.396666414694,0
62734.3968175977,0
62739.396968780704,0
62744.397119963716,0
62749.39727114672,0
62754.39742232973,0
62759.39757351273,0
62764.39772469574,0
62769.39787587875,0
62774.398027061754,0
62779.398178244766,0
62784.39832942777,0
62789.39848061078,0
62794.39863179378,0
62799.39878297679,0
62804.3989341598,0
62809.399085342804,0
62814.39923652581,0
62819.39938770882,0
62824.39953889183,0
62829.39969007483,0
62834.39984125784,0
62839.39999244085,0
62844.400143623854,0
62849.40029480686,0
62854.40044598987,0
62859.40059717288,0
62864.40074835588,0
62869.40089953889,0
62874.40105072189,0
62879.401201904904,0
62884.40135308791,0
62889.401504270914,0
62894.40165545393,0
62899.40180663693,0
62904.40195781994,0
62909.40210900294,0
62914.402260185954,0
62919.40241136896,0
62924.402562551964,0
62929.40271373498,0
62934.40286491798,0
62939.40301610099,0
62944.40316728399,0
62949.403318467,0
62954.40346965001,0
62959.403620833014,0
62964.40377201603,0
62969.40392319903,0
62974.40407438204,0
62979.40422556504,0
62984.40437674805,0
62989.40452793106,0
62994.404679114064,0
62999.40483029707,0
63004.40498148008,0
63009.40513266309,0
63014.40528384609,0
63019.4054350291,0
63024.4055862121,0
63029.405737395115,0
63034.40588857812,0
63039.40603976113,0
63044.40619094414,0
63049.40634212714,0
63054.40649331015,0
63059.40664449315,0
63064.406795676165,0
63069.40694685917,0
63074.407098042175,0
63079.40724922519,0
63084.40740040819,0
63089.4075515912,0
63094.4077027742,0
63099.407853957215,0
63104.40800514022,0
63109.408156323225,0
63114.40830750624,0
63119.40845868924,0
63124.40860987225,0
63129.40876105525,0
63134.40891223826,0
63139.40906342127,0
63144.409214604275,0
63149.40936578728,0
63154.40951697029,0
63159.4096681533,0
63164.4098193363,0
63169.40997051931,0
63174.41012170232,0
63179.410272885325,0
63184.41042406833,0
63189.41057525134,0
63194.41072643435,0
63199.41087761735,0
63204.41102880036,0
63209.41117998336,0
63214.411331166375,0
63219.41148234938,0
63224.41163353239,0
63229.4117847154,0
63234.4119358984,0
63239.41208708141,0
63244.41223826441,0
63249.412389447425,0
63254.41254063043,0
63259.412691813435,0
63264.41284299645,0
63269.41299417945,0
63274.41314536246,0
63279.41329654546,0
63284.41344772847,0
63289.41359891148,0
63294.413750094485,0
63299.4139012775,0
63304.4140524605,0
63309.41420364351,0
63314.41435482651,0
63319.41450600952,0
63324.41465719253,0
63329.414808375535,0
63334.41495955854,0
63339.41511074155,0
63344.41526192456,0
63349.41541310756,0
63354.41556429057,0
63359.41571547357,0
63364.415866656585,0
63369.41601783959,0
63374.4161690226,0
63379.41632020561,0
63384.41647138861,0
63389.41662257162,0
63394.41677375462,0
63399.416924937635,0
63404.41707612064,0
63409.417227303646,0
63414.41737848666,0
63419.41752966966,0
63424.41768085267,0
63429.41783203567,0
63434.417983218686,0
63439.41813440169,0
63444.418285584696,0
63449.41843676771,0
63454.41858795071,0
63459.41873913372,0
63464.41889031672,0
63469.41904149973,0
63474.41919268274,0
63479.419343865746,0
63484.41949504875,0
63489.41964623176,0
63494.41979741477,0
63499.41994859777,0
63504.42009978078,0
63509.42025096379,0
63514.420402146796,0
63519.4205533298,0
63524.42070451281,0
63529.42085569582,0
63534.42100687882,0
63539.42115806183,0
63544.42130924483,0
63549.421460427846,0
63554.42161161085,0
63559.42176279386,0
63564.42191397687,0
63569.42206515987,0
63574.42221634288,0
63579.42236752588,0
63584.422518708896,0
63589.4226698919,0
63594.422821074906,0
63599.42297225792,0
63604.42312344092,0
63609.42327462393,0
63614.423425806934,0
63619.42357698994,0
63624.42372817295,0
63629.423879355956,0
63634.42403053897,0
63639.42418172197,0
63644.42433290498,0
63649.424484087984,0
63654.42463527099,0
63659.424786454,0
63664.424937637006,0
63669.42508882001,0
63674.425240003024,0
63679.42539118603,0
63684.425542369034,0
63689.42569355204,0
63694.42584473505,0
63699.425995918056,0
63704.42614710106,0
63709.426298284074,0
63714.42644946708,0
63719.426600650084,0
63724.42675183309,0
63729.426903016094,0
63734.427054199106,0
63739.42720538211,0
63744.42735656512,0
63749.42750774813,0
63754.427658931134,0
63759.42781011414,0
63764.427961297144,0
63769.42811248016,0
63774.42826366316,0
63779.42841484617,0
63784.42856602918,1
63789.428717212184,0
63794.42886839519,0
63799.429019578194,0
63804.4291707612,0
63809.42932194421,0
63814.42947312722,0
63819.42962431023,0
63824.429775493234,0
63829.42992667624,0
63834.430077859244,0
63839.43022904225,0
63844.43038022526,0
63849.43053140827,0
63854.43068259127,0
63859.430833774284,0
63864.43098495729,0
63869.431136140294,0
63874.4312873233,0
63879.431438506304,0
63884.43158968932,0
63889.43174087232,0
63894.431892055334,0
63899.43204323834,0
63904.432194421344,0
63909.43234560435,0
63914.432496787354,0
63919.43264797037,0
63924.43279915337,0
63929.43295033638,0
63934.43310151939,0
63939.433252702394,0
63944.4334038854,0
63949.433555068405,0
63954.43370625141,0
63959.43385743442,0
63964.43400861743,0
63969.43415980044,0
63974.434310983444,0
63979.43446216645,0
63984.434613349455,0
63989.43476453246,0
63994.43491571547,0
63999.43506689848,0
64004.43521808148,0
64009.435369264495,0
64014.4355204475,0
64019.435671630505,0
64024.43582281351,0
64029.43597399652,0
64034.43612517953,0
64039.43627636253,0
64044.436427545545,0
64049.43657872855,0
64054.436729911555,0
64059.43688109456,0
64064.437032277565,0
64069.43718346058,0
64074.43733464358,0
64079.43748582659,0
64084.4376370096,0
64089.437788192605,0
64094.43793937561,0
64099.438090558615,0
64104.43824174163,0
64109.43839292463,0
64114.43854410764,0
64119.43869529065,0
64124.438846473655,0
64129.43899765666,0
64134.439148839665,0
64139.43930002267,0
64144.43945120568,0
64149.43960238869,0
64154.4397535717,0
64159.439904754705,0
64164.44005593771,0
64169.440207120715,0
64174.44035830372,0
64179.44050948673,0
64184.44066066974,0
64189.44081185274,0
64194.440963035755,0
64199.44111421876,0
64204.441265401765,0
64209.44141658477,0
64214.441567767775,0
64219.44171895079,0
64224.44187013379,0
64229.442021316805,0
64234.44217249981,0
64239.442323682815,0
64244.44247486582,0
64249.442626048825,0
64254.44277723184,0
64259.44292841484,0
64264.44307959785,0
64269.44323078086,0
64274.443381963865,0
64279.44353314687,0
64284.443684329875,0
64289.44383551289,0
64294.44398669589,0
64299.4441378789,0
64304.44428906191,0
64309.444440244915,0
64314.44459142792,0
64319.444742610925,0
64324.44489379393,0
64329.44504497694,0
64334.44519615995,0
64339.44534734295,0
64344.445498525965,0
64349.44564970897,0
64354.445800891976,0
64359.44595207498,0
64364.44610325799,0
64369.446254441,0
64374.446405624,0
64379.446556807015,0
64384.44670799002,0
64389.446859173026,0
64394.44701035603,0
64399.447161539036,0
64404.44731272205,0
64409.44746390505,0
64414.447615088066,0
64419.44776627107,0
64424.447917454076,0
64429.44806863708,0
64434.448219820086,0
64439.4483710031,0
64444.4485221861,0
64449.44867336911,0
64454.44882455212,0
64459.448975735126,0
64464.44912691813,0
64469.449278101136,0
64474.44942928414,0
64479.44958046715,0
64484.44973165016,0
64489.44988283317,0
64494.450034016176,0
64499.45018519918,0
64504.450336382186,0
64509.45048756519,0
64514.4506387482,0
64519.45078993121,0
64524.45094111421,0
64529.451092297226,0
64534.45124348023,0
64539.451394663236,0
64544.45154584624,0
64549.451697029246,0
64554.45184821226,0
64559.45199939526,0
64564.452150578276,0
64569.45230176128,0
64574.452452944286,0
64579.45260412729,0
64584.452755310296,0
64589.45290649331,0
64594.45305767631,0
64599.45320885932,0
64604.45336004233,0
64609.453511225336,0
64614.45366240834,0
64619.453813591346,0
64624.45396477436,0
64629.454115957364,0
64634.45426714037,0
64639.45441832338,0
64644.454569506386,0
64649.45472068939,0
64654.454871872396,0
64659.4550230554,0
64664.455174238414,0
64669.45532542142,0
64674.455476604424,0
64679.455627787436,0
64684.45577897044,0
64689.45593015345,0
64694.45608133645,0
64699.456232519464,0
64704.45638370247,0
64709.456534885474,0
64714.456686068486,0
64719.45683725149,0
64724.4569884345,0
64729.4571396175,0
64734.45729080051,0
64739.45744198352,0
64744.457593166524,0
64749.45774434954,0
64754.45789553254,0
64759.45804671555,0
64764.45819789855,0
64769.45834908156,0
64774.45850026457,0
64779.458651447574,0
64784.45880263058,0
64789.45895381359,0
64794.4591049966,0
64799.4592561796,0
64804.45940736261,0
64809.45955854561,0
64814.459709728624,0
64819.45986091163,0
64824.46001209464,0
64829.46016327765,0
64834.46031446065,0
64839.46046564366,0
64844.46061682666,0
64849.460768009674,0
64854.46091919268,0
64859.461070375684,0
64864.4612215587,0
64869.4613727417,0
64874.46152392471,0
64879.46167510771,0
64884.461826290724,0
64889.46197747373,0
64894.462128656734,0
64899.46227983975,0
64904.46243102275,0
64909.46258220576,0
64914.46273338876,0
64919.46288457177,0
64924.46303575478,0
64929.463186937784,0
64934.46333812079,0
64939.4634893038,0
64944.46364048681,0
64949.46379166981,0
64954.46394285282,0
64959.46409403583,0
64964.464245218835,0
64969.46439640184,0
64974.46454758485,0
64979.46469876786,0
64984.46484995086,0
64989.46500113387,0
64994.46515231687,0
64999.465303499885,0
65004.46545468289,0
65009.4656058659,0
65014.46575704891,0
65019.46590823191,0
65024.46605941492,0
65029.46621059792,0
65034.466361780935,0
65039.46651296394,0
65044.466664146945,0
65049.46681532996,0
65054.46696651296,0
65059.46711769597,0
65064.46726887897,0
65069.46742006198,0
65074.46757124499,0
65079.467722427995,0
65084.46787361101,0
65089.46802479401,0
65094.46817597702,0
65099.46832716002,0
65104.46847834303,0
65109.46862952604,0
65114.468780709045,0
65119.46893189205,0
65124.46908307506,0
65129.46923425807,0
65134.46938544107,0
65139.46953662408,0
65144.46968780709,0
65149.469838990095,0
65154.4699901731,0
65159.47014135611,0
65164.47029253912,0
65169.47044372212,0
65174.47059490513,0
65179.47074608813,0
65184.470897271145,0
65189.47104845415,0
65194.471199637155,0
65199.47135082017,0
65204.47150200317,0
65209.47165318618,0
65214.47180436918,0
65219.471955552195,0
65224.4721067352,0
65229.472257918205,0
65234.47240910122,0
65239.47256028422,0
65244.47271146723,0
65249.47286265023,0
65254.47301383324,0
65259.47316501625,0
65264.473316199255,0
65269.47346738226,0
65274.47361856527,0
65279.47376974828,0
65284.47392093128,0
65289.47407211429,0
65294.4742232973,0
65299.474374480305,0
65304.47452566331,0
65309.47467684632,0
65314.47482802933,0
65319.47497921233,0
65324.47513039534,0
65329.47528157834,0
65334.475432761355,0
65339.47558394436,0
65344.47573512737,0
65349.47588631038,0
65354.47603749338,0
65359.47618867639,0
65364.47633985939,0
65369.476491042406,0
65374.47664222541,0
65379.476793408416,0
65384.47694459143,0
65389.47709577443,0
65394.47724695744,0
65399.47739814044,0
65404.47754932345,0
65409.47770050646,0
65414.477851689466,0
65419.47800287248,0
65424.47815405548,0
65429.47830523849,0
65434.47845642149,0
65439.4786076045,0
65444.47875878751,0
65449.478909970516,0
65454.47906115352,0
65459.47921233653,0
65464.47936351954,0
65469.47951470254,0
65474.47966588555,0
65479.47981706856,0
65484.479968251566,0
65489.48011943457,0
65494.48027061758,0
65499.48042180059,0
65504.48057298359,0
65509.4807241666,0
65514.4808753496,0
65519.481026532616,0
65524.48117771562,0
65529.481328898626,0
65534.48148008163,0
65539.48163126464,0
65544.48178244766,0
65549.48193363065,0
65554.48208481367,0
65559.48223599666,0
65564.48238717968,0
65569.48253836267,0
65574.4826895457,0
65579.4828407287,0
65584.4829919117,0
65589.48314309472,0
65594.48329427771,0
65599.48344546073,0
65604.48359664372,0
65609.48374782674,0
65614.48389900975,0
65619.48405019275,0
65624.48420137577,0
65629.48435255876,0
65634.48450374178,0
65639.48465492477,0
65644.4848061078,0
65649.48495729078,0
65654.4851084738,0
65659.48525965682,0
65664.48541083981,0
65669.48556202283,0
65674.48571320582,0
65679.48586438884,0
65684.48601557183,0
65689.48616675485,0
65694.48631793787,0
65699.48646912086,0
65704.48662030388,0
65709.48677148687,0
65714.4869226699,0
65719.48707385288,0
65724.4872250359,0
65729.48737621891,0
65734.48752740191,0
65739.48767858493,0
65744.48782976792,0
65749.48798095094,0
65754.48813213393,0
65759.48828331695,0
65764.48843449996,0
65769.48858568296,0
65774.48873686598,0
65779.48888804897,0
65784.489039232,0
65789.48919041498,0
65794.489341598,0
65799.489492781,0
65804.48964396401,0
65809.48979514703,0
65814.48994633002,0
65819.49009751304,0
65824.49024869603,0
65829.49039987905,0
65834.49055106204,0
65839.49070224506,0
65844.49085342808,0
65849.49100461107,0
65854.4911557941,0
65859.49130697708,0
65864.4914581601,0
65869.4916093431,0
65874.49176052611,0
65879.49191170913,0
65884.49206289212,0
65889.49221407514,0
65894.49236525813,0
65899.49251644115,0
65904.49266762414,0
65909.49281880716,0
65914.49296999017,0
65919.49312117317,0
65924.4932723562,0
65929.49342353918,0
65934.4935747222,0
65939.4937259052,0
65944.49387708821,0
65949.49402827122,0
65954.49417945422,0
65959.49433063724,0
65964.49448182023,0
65969.49463300325,0
65974.49478418624,0
65979.49493536926,0
65984.49508655226,0
65989.49523773527,0
65994.4953889183,0
65999.49554010128,0
66004.4956912843,0
66009.4958424673,0
66014.49599365031,0
66019.4961448333,0
66024.49629601632,0
66029.49644719934,0
66034.49659838233,0
66039.49674956535,0
66044.49690074835,0
66049.49705193136,0
66054.49720311436,0
66059.49735429737,0
66064.49750548038,0
66069.49765666338,0
66074.4978078464,0
66079.4979590294,0
66084.49811021241,0
66089.4982613954,0
66094.49841257842,0
66099.49856376143,0
66104.49871494444,0
66109.49886612745,0
66114.49901731045,0
66119.49916849346,0
66124.49931967646,0
66129.49947085947,0
66134.49962204248,0
66139.49977322549,0
66144.4999244085,1
