bin_center,count
127.00029739776951,1
137.00089219330854,0
147.00148698884757,1
157.0020817843866,0
167.00267657992563,0
177.0032713754647,0
187.00386617100372,0
197.00446096654275,0
207.00505576208178,0
217.0056505576208,0
227.00624535315984,0
237.0068401486989,0
247.00743494423793,0
257.00802973977693,0
267.008624535316,0
277.009219330855,0
287.0098141263941,0
297.01040892193305,0
307.01100371747214,0
317.0115985130111,0
327.0121933085502,0
337.0127881040892,0
347.01338289962825,0
357.0139776951673,0
367.0145724907063,0
377.01516728624534,0
387.0157620817844,0
397.01635687732346,0
407.01695167286243,0
417.0175464684015,0
427.0181412639405,0
437.0187360594796,0
447.01933085501855,0
457.01992565055764,0
467.0205204460966,0
477.0211152416357,0
487.02171003717467,0
497.02230483271376,0
507.02289962825273,0
517.0234944237918,0
527.0240892193308,0
537.0246840148699,0
547.025278810409,0
557.0258736059479,0
567.026468401487,0
577.027063197026,1
587.0276579925651,0
597.028252788104,0
607.0288475836431,0
617.0294423791821,0
627.0300371747212,0
637.0306319702602,1
647.0312267657993,1
657.0318215613383,0
667.0324163568773,0
677.0330111524163,0
687.0336059479554,0
697.0342007434945,0
707.0347955390334,0
717.0353903345724,0
727.0359851301115,0
737.0365799256506,2
747.0371747211896,0
757.0377695167285,0
767.0383643122677,0
777.0389591078067,0
787.0395539033457,2
797.0401486988848,0
807.0407434944239,0
817.0413382899628,1
827.0419330855018,2
837.0425278810409,3
847.04312267658,2
857.0437174721189,1
867.0443122676579,0
877.044907063197,2
887.0455018587361,0
897.0460966542751,1
907.046691449814,3
917.0472862453531,3
927.0478810408922,1
937.0484758364312,1
947.0490706319703,1
957.0496654275094,3
967.0502602230483,5
977.0508550185873,3
987.0514498141264,4
997.0520446096655,1
1007.0526394052044,1
1017.0532342007434,2
1027.0538289962824,5
1037.0544237918216,5
1047.0550185873606,7
1057.0556133828995,6
1067.0562081784387,5
1077.0568029739777,5
1087.0573977695167,8
1097.0579925650559,5
1107.0585873605949,6
1117.0591821561338,1
1127.0597769516728,6
1137.0603717472118,9
1147.060966542751,12
1157.06156133829,11
1167.062156133829,9
1177.0627509293681,9
1187.0633457249069,5
1197.063940520446,5
1207.0645353159853,3
1217.065130111524,6
1227.0657249070632,8
1237.0663197026022,8
1247.0669144981412,10
1257.0675092936804,12
1267.0681040892193,5
1277.0686988847583,15
1287.0692936802975,7
1297.0698884758363,8
1307.0704832713755,11
1317.0710780669147,11
1327.0716728624534,10
1337.0722676579926,8
1347.0728624535316,11
1357.0734572490705,12
1367.0740520446097,16
1377.0746468401485,12
1387.0752416356877,17
1397.075836431227,16
1407.0764312267656,12
1417.0770260223048,19
1427.077620817844,18
1437.0782156133828,21
1447.078810408922,17
1457.079405204461,18
1467.08,13
1477.0805947955391,17
1487.0811895910779,27
1497.081784386617,22
1507.0823791821563,27
1517.082973977695,25
1527.0835687732342,23
1537.0841635687732,31
1547.0847583643122,30
1557.0853531598514,34
1567.0859479553903,26
1577.0865427509293,35
1587.0871375464685,30
1597.0877323420073,37
1607.0883271375465,28
1617.0889219330857,39
1627.0895167286244,47
1637.0901115241636,51
1647.0907063197026,39
1657.0913011152415,48
1667.0918959107807,47
1677.0924907063195,41
1687.0930855018587,42
1697.093680297398,65
1707.0942750929366,71
1717.0948698884758,45
1727.0954646840148,59
1737.0960594795538,57
1747.096654275093,65
1757.097249070632,64
1767.097843866171,54
1777.0984386617101,78
1787.0990334572489,75
1797.099628252788,57
1807.1002230483273,74
1817.100817843866,82
1827.1014126394052,76
1837.1020074349442,79
1847.1026022304832,79
1857.1031970260224,76
1867.1037918215611,97
1877.1043866171003,75
1887.1049814126395,84
1897.1055762081783,99
1907.1061710037175,94
1917.1067657992567,102
1927.1073605947954,101
1937.1079553903346,111
1947.1085501858736,102
1957.1091449814126,97
1967.1097397769518,75
1977.1103345724905,102
1987.1109293680297,112
1997.111524163569,106
2007.1121189591076,108
2017.1127137546468,114
2027.1133085501858,103
2037.1139033457248,106
2047.114498141264,125
2057.115092936803,131
2067.115687732342,96
2077.116282527881,98
2087.11687732342,145
2097.117472118959,130
2107.1180669144983,120
2117.118661710037,109
2127.1192565055762,120
2137.119851301115,113
2147.120446096654,129
2157.1210408921934,126
2167.121635687732,127
2177.1222304832713,147
2187.1228252788105,124
2197.1234200743493,119
2207.1240148698885,117
2217.1246096654277,129
2227.1252044609664,127
2237.1257992565056,145
2247.126394052045,150
2257.1269888475836,143
2267.1275836431223,136
2277.128178438662,131
2287.1287732342007,132
2297.1293680297395,131
2307.129962825279,153
2317.130557620818,143
2327.1311524163566,123
2337.131747211896,124
2347.132342007435,164
2357.1329368029737,140
2367.133531598513,136
2377.134126394052,132
2387.134721189591,139
2397.13531598513,138
2407.1359107806693,173
2417.136505576208,154
2427.1371003717472,152
2437.1376951672864,122
2447.138289962825,174
2457.138884758364,147
2467.1394795539036,123
2477.1400743494423,162
2487.140669144981,152
2497.1412639405207,146
2507.1418587360595,148
2517.142453531598,158
2527.143048327138,146
2537.1436431226766,143
2547.1442379182154,121
2557.1448327137546,134
2567.1454275092938,164
2577.1460223048325,146
2587.1466171003717,131
2597.147211895911,149
2607.1478066914497,153
2617.148401486989,126
2627.148996282528,138
2637.149591078067,151
2647.1501858736056,145
2657.150780669145,134
2667.151375464684,140
2677.1519702602227,160
2687.1525650557624,155
2697.153159851301,136
2707.15375464684,135
2717.1543494423795,157
2727.1549442379182,163
2737.155539033457,147
2747.156133828996,128
2757.1567286245354,133
2767.157323420074,144
2777.1579182156133,127
2787.1585130111525,142
2797.1591078066913,132
2807.1597026022305,154
2817.1602973977697,145
2827.1608921933084,124
2837.161486988847,141
2847.162081784387,164
2857.1626765799256,145
2867.1632713754643,153
2877.163866171004,161
2887.1644609665427,144
2897.1650557620815,121
2907.165650557621,150
2917.16624535316,140
2927.1668401486986,157
2937.167434944238,153
2947.168029739777,137
2957.1686245353158,132
2967.169219330855,129
2977.169814126394,152
2987.170408921933,140
2997.171003717472,123
3007.1715985130113,143
3017.17219330855,154
3027.1727881040892,139
3037.1733828996285,178
3047.173977695167,142
3057.174572490706,134
3067.1751672862456,134
3077.1757620817843,132
3087.176356877323,137
3097.1769516728627,144
3107.1775464684015,138
3117.1781412639402,134
3127.1787360594794,161
3137.1793308550186,128
3147.1799256505574,130
3157.1805204460966,146
3167.181115241636,137
3177.1817100371745,135
3187.1823048327137,114
3197.182899628253,135
3207.1834944237917,128
3217.184089219331,136
3227.18468401487,143
3237.185278810409,138
3247.1858736059476,137
3257.186468401487,127
3267.187063197026,135
3277.1876579925647,131
3287.1882527881044,134
3297.188847583643,137
3307.189442379182,155
3317.190037174721,133
3327.1906319702603,138
3337.191226765799,135
3347.191821561338,130
3357.1924163568774,146
3367.193011152416,148
3377.1936059479553,129
3387.1942007434945,134
3397.1947955390333,143
3407.1953903345725,139
3417.1959851301117,114
3427.1965799256504,139
3437.197174721189,140
3447.197769516729,127
3457.1983643122676,144
3467.1989591078063,139
3477.199553903346,134
3487.2001486988847,108
3497.2007434944235,124
3507.201338289963,121
3517.201933085502,128
3527.2025278810406,133
3537.20312267658,141
3547.203717472119,120
3557.2043122676578,117
3567.204907063197,136
3577.205501858736,136
3587.206096654275,127
3597.206691449814,128
3607.2072862453533,138
3617.207881040892,133
3627.208475836431,132
3637.2090706319705,123
3647.209665427509,140
3657.210260223048,138
3667.2108550185876,110
3677.2114498141264,122
3687.212044609665,129
3697.2126394052048,127
3707.2132342007435,114
3717.2138289962822,131
3727.2144237918214,159
3737.2150185873606,137
3747.2156133828994,126
3757.2162081784386,157
3767.216802973978,138
3777.2173977695165,137
3787.2179925650557,125
3797.218587360595,137
3807.2191821561337,125
3817.219776951673,128
3827.220371747212,129
3837.220966542751,145
3847.2215613382896,144
3857.2221561338292,146
3867.222750929368,138
3877.2233457249067,116
3887.2239405204464,142
3897.224535315985,129
3907.225130111524,116
3917.225724907063,140
3927.2263197026023,155
3937.226914498141,114
3947.22750929368,132
3957.2281040892194,118
3967.228698884758,127
3977.2292936802974,113
3987.2298884758366,134
3997.2304832713753,127
4007.2310780669145,135
4017.2316728624537,113
4027.2322676579925,141
4037.232862453531,119
4047.233457249071,102
4057.2340520446096,143
4067.2346468401483,130
4077.235241635688,131
4087.2358364312267,135
4097.2364312267655,130
4107.237026022305,120
4117.237620817843,135
4127.238215613383,162
4137.238810408922,135
4147.23940520446,137
4157.24,131
4167.240594795539,150
4177.241189591077,152
4187.241784386617,144
4197.242379182157,147
4207.242973977694,159
4217.243568773234,140
4227.244163568774,163
4237.244758364312,156
4247.245353159851,132
4257.245947955391,156
4267.246542750929,156
4277.247137546468,170
4287.247732342008,160
4297.248327137546,129
4307.2489219330855,167
4317.249516728625,163
4327.250111524163,169
4337.250706319703,165
4347.251301115242,181
4357.25189591078,165
4367.25249070632,171
4377.253085501859,180
4387.253680297397,172
4397.254275092937,176
4407.254869888476,200
4417.255464684014,220
4427.256059479554,180
4437.256654275093,203
4447.257249070632,167
4457.257843866171,189
4467.25843866171,213
4477.259033457249,187
4487.259628252788,202
4497.260223048327,235
4507.260817843866,229
4517.2614126394055,242
4527.262007434944,227
4537.262602230483,227
4547.263197026023,215
4557.2637918215605,246
4567.2643866171,245
4577.26498141264,242
4587.265576208178,264
4597.266171003717,235
4607.266765799257,257
4617.267360594795,231
4627.2679553903345,229
4637.268550185874,271
4647.269144981412,281
4657.269739776952,254
4667.270334572491,284
4677.270929368029,251
4687.271524163569,303
4697.272118959108,278
4707.272713754646,288
4717.273308550186,278
4727.273903345726,313
4737.274498141263,304
4747.275092936803,309
4757.275687732342,312
4767.2762825278805,310
4777.27687732342,313
4787.277472118959,287
4797.278066914498,314
4807.278661710037,313
4817.279256505576,314
4827.279851301115,341
4837.2804460966545,355
4847.281040892193,387
4857.281635687732,331
4867.282230483272,339
4877.28282527881,327
4887.283420074349,358
4897.284014869889,370
4907.2846096654275,353
4917.285204460966,389
4927.285799256506,390
4937.286394052045,363
4947.286988847583,379
4957.287583643123,390
4967.288178438661,389
4977.288773234201,406
4987.28936802974,417
4997.289962825278,429
5007.290557620818,424
5017.291152416357,364
5027.291747211895,414
5037.292342007435,422
5047.2929368029745,473
5057.293531598512,446
5067.294126394052,469
5077.294721189592,461
5087.2953159851295,454
5097.295910780669,441
5107.296505576209,467
5117.297100371747,457
5127.297695167286,456
5137.298289962826,477
5147.298884758364,467
5157.299479553903,487
5167.300074349442,451
5177.300669144981,448
5187.301263940521,457
5197.301858736059,468
5207.302453531598,468
5217.303048327138,492
5227.3036431226765,496
5237.304237918215,495
5247.304832713755,508
5257.305427509294,504
5267.306022304832,506
5277.306617100372,476
5287.307211895911,515
5297.3078066914495,562
5307.308401486989,533
5317.308996282528,526
5327.309591078067,530
5337.310185873606,556
5347.310780669144,544
5357.311375464684,485
5367.3119702602235,512
5377.312565055761,511
5387.313159851301,567
5397.313754646841,523
5407.314349442378,536
5417.314944237918,533
5427.315539033458,532
5437.316133828996,515
5447.316728624535,513
5457.317323420075,556
5467.317918215613,542
5477.318513011152,555
5487.319107806692,571
5497.31970260223,539
5507.3202973977695,543
5517.320892193309,520
5527.321486988847,539
5537.322081784387,501
5547.322676579925,511
5557.323271375464,561
5567.323866171004,527
5577.324460966543,551
5587.325055762081,562
5597.325650557621,553
5607.32624535316,516
5617.3268401486985,496
5627.327434944238,513
5637.328029739777,569
5647.328624535316,562
5657.329219330855,545
5667.329814126394,565
5677.330408921933,551
5687.331003717472,563
5697.331598513011,520
5707.33219330855,565
5717.33278810409,561
5727.333382899628,532
5737.333977695167,554
5747.334572490707,536
5757.3351672862445,519
5767.335762081784,477
5777.336356877324,507
5787.336951672862,523
5797.337546468401,520
5807.338141263941,479
5817.338736059479,468
5827.3393308550185,521
5837.339925650558,478
5847.340520446096,504
5857.341115241636,446
5867.341710037175,454
5877.342304832713,498
5887.342899628253,463
5897.343494423792,431
5907.34408921933,449
5917.34468401487,438
5927.34527881041,441
5937.345873605947,462
5947.346468401487,474
5957.347063197026,458
5967.347657992565,424
5977.348252788104,424
5987.348847583643,443
5997.349442379182,466
6007.350037174721,433
6017.35063197026,436
6027.351226765799,450
6037.3518215613385,425
6047.352416356877,395
6057.353011152416,406
6067.353605947956,414
6077.354200743494,431
6087.354795539033,383
6097.355390334573,446
6107.355985130112,431
6117.35657992565,390
6127.35717472119,386
6137.357769516728,423
6147.358364312267,387
6157.358959107807,403
6167.359553903345,400
6177.360148698885,404
6187.360743494424,382
6197.361338289962,369
6207.361933085502,362
6217.362527881041,411
6227.363122676579,334
6237.363717472119,327
6247.3643122676585,372
6257.364907063196,375
6267.365501858736,348
6277.366096654276,349
6287.3666914498135,343
6297.367286245353,352
6307.367881040893,348
6317.368475836431,336
6327.36907063197,368
6337.369665427509,337
6347.370260223048,311
6357.3708550185875,313
6367.371449814126,307
6377.372044609665,292
6387.372639405205,334
6397.373234200743,312
6407.373828996282,357
6417.374423791822,301
6427.3750185873605,310
6437.375613382899,258
6447.376208178439,285
6457.376802973978,260
6467.377397769516,276
6477.377992565056,276
6487.378587360595,247
6497.3791821561335,289
6507.379776951673,258
6517.380371747211,276
6527.380966542751,259
6537.38156133829,249
6547.382156133828,240
6557.382750929368,248
6567.3833457249075,238
6577.383940520445,256
6587.384535315985,236
6597.385130111525,213
6607.3857249070625,261
6617.386319702602,242
6627.386914498142,228
6637.38750929368,246
6647.388104089219,195
6657.388698884759,207
6667.389293680297,212
6677.389888475836,218
6687.390483271376,212
6697.391078066914,211
6707.391672862454,228
6717.392267657993,211
6727.392862453531,229
6737.393457249071,222
6747.394052044609,220
6757.394646840148,187
6767.395241635688,206
6777.395836431227,222
6787.396431226765,194
6797.397026022305,199
6807.397620817844,204
6817.3982156133825,193
6827.398810408922,198
6837.399405204461,199
6847.4,177
6857.400594795539,199
6867.401189591078,189
6877.401784386617,181
6887.402379182156,177
6897.402973977695,167
6907.403568773234,168
6917.404163568774,169
6927.404758364311,180
6937.405353159851,150
6947.405947955391,171
6957.406542750929,187
6967.407137546468,159
6977.407732342008,182
6987.408327137546,191
6997.408921933085,166
7007.409516728625,168
7017.410111524163,144
7027.4107063197025,172
7037.411301115242,166
7047.41189591078,184
7057.41249070632,164
7067.413085501859,153
7077.413680297397,162
7087.414275092937,158
7097.4148698884765,162
7107.415464684014,152
7117.416059479554,140
7127.416654275093,161
7137.417249070631,156
7147.417843866171,156
7157.41843866171,154
7167.419033457249,128
7177.419628252788,134
7187.420223048327,150
7197.420817843866,146
7207.421412639405,164
7217.422007434944,166
7227.422602230483,162
7237.4231970260225,154
7247.423791821561,156
7257.4243866171,142
7267.42498141264,150
7277.425576208178,137
7287.426171003717,165
7297.426765799257,167
7307.427360594795,138
7317.427955390334,144
7327.428550185874,145
7337.429144981412,151
7347.4297397769515,133
7357.430334572491,123
7367.430929368029,141
7377.431524163569,146
7387.432118959108,133
7397.432713754646,141
7407.433308550186,125
7417.433903345725,119
7427.434498141263,119
7437.435092936803,150
7447.435687732343,130
7457.43628252788,148
7467.43687732342,158
7477.43747211896,127
7487.4380669144975,135
7497.438661710037,116
7507.439256505577,127
7517.439851301115,124
7527.440446096654,120
7537.441040892193,128
7547.441635687732,118
7557.4422304832715,114
7567.44282527881,122
7577.443420074349,130
7587.444014869889,124
7597.444609665427,126
7607.445204460966,118
7617.445799256506,143
7627.4463940520445,122
7637.446988847583,114
7647.447583643123,120
7657.448178438662,122
7667.4487732342,145
7677.44936802974,135
7687.449962825279,137
7697.450557620818,143
7707.451152416357,108
7717.451747211895,125
7727.452342007435,117
7737.452936802974,154
7747.453531598512,139
7757.454126394052,116
7767.4547211895915,128
7777.455315985129,128
7787.455910780669,131
7797.456505576209,142
7807.4571003717465,138
7817.457695167286,114
7827.458289962826,129
7837.458884758364,140
7847.459479553903,121
7857.460074349443,112
7867.460669144981,120
7877.46126394052,123
7887.46185873606,125
7897.462453531598,128
7907.463048327138,151
7917.463643122676,144
7927.464237918215,137
7937.464832713755,138
7947.4654275092935,156
7957.466022304832,154
7967.466617100372,130
7977.467211895911,126
7987.467806691449,136
7997.468401486989,138
8007.468996282528,169
8017.4695910780665,147
8027.470185873606,148
8037.470780669145,157
8047.471375464684,124
8057.471970260223,157
8067.472565055762,135
8077.473159851301,160
8087.4737546468405,142
8097.474349442378,141
8107.474944237918,151
8117.475539033458,156
8127.476133828995,151
8137.476728624535,136
8147.477323420075,154
8157.477918215613,185
8167.478513011152,139
8177.479107806692,162
8187.47970260223,143
8197.48029739777,152
8207.480892193309,157
8217.481486988847,176
8227.482081784387,150
8237.482676579926,141
8247.483271375464,164
8257.483866171004,164
8267.484460966543,156
8277.485055762081,147
8287.48565055762,159
8297.48624535316,180
8307.486840148698,168
8317.487434944238,143
8327.488029739776,165
8337.488624535315,164
8347.489219330855,148
8357.489814126395,160
8367.490408921933,136
8377.491003717472,186
8387.49159851301,186
8397.49219330855,170
8407.49278810409,185
8417.493382899629,186
8427.493977695167,185
8437.494572490707,166
8447.495167286244,184
8457.495762081784,186
8467.496356877324,200
8477.496951672863,198
8487.497546468401,202
8497.49814126394,212
8507.498736059479,190
8517.499330855018,198
8527.499925650558,214
8537.500520446098,201
8547.501115241635,203
8557.501710037175,218
8567.502304832713,220
8577.502899628253,202
8587.503494423792,239
8597.50408921933,226
8607.50468401487,235
8617.505278810408,223
8627.505873605947,221
8637.506468401487,245
8647.507063197027,255
8657.507657992564,249
8667.508252788104,218
8677.508847583642,246
8687.509442379182,238
8697.510037174721,255
8707.51063197026,269
8717.511226765799,235
8727.511821561338,276
8737.512416356876,276
8747.513011152416,293
8757.513605947956,268
8767.514200743495,282
8777.514795539033,279
8787.515390334573,280
8797.51598513011,265
8807.51657992565,299
8817.51717472119,316
8827.51776951673,300
8837.518364312267,292
8847.518959107807,327
8857.519553903345,331
8867.520148698884,367
8877.520743494424,301
8887.521338289964,344
8897.521933085502,362
8907.522527881041,337
8917.523122676579,390
8927.523717472119,381
8937.524312267658,344
8947.524907063198,376
8957.525501858736,355
8967.526096654276,365
8977.526691449813,401
8987.527286245353,419
8997.527881040893,418
9007.52847583643,408
9017.52907063197,394
9027.529665427508,422
9037.530260223048,428
9047.530855018587,442
9057.531449814127,421
9067.532044609665,473
9077.532639405204,456
9087.533234200742,460
9097.533828996282,457
9107.534423791822,476
9117.535018587361,518
9127.5356133829,486
9137.536208178439,519
9147.536802973977,499
9157.537397769516,493
9167.537992565056,569
9177.538587360596,532
9187.539182156133,591
9197.539776951673,598
9207.54037174721,522
9217.54096654275,595
9227.54156133829,567
9237.54215613383,595
9247.542750929368,614
9257.543345724907,585
9267.543940520445,653
9277.544535315985,647
9287.545130111524,634
9297.545724907064,664
9307.546319702602,696
9317.546914498142,670
9327.54750929368,713
9337.54810408922,734
9347.548698884759,731
9357.549293680298,776
9367.549888475836,758
9377.550483271374,800
9387.551078066914,733
9397.551672862453,709
9407.552267657993,770
9417.55286245353,779
9427.55345724907,776
9437.554052044608,780
9447.554646840148,807
9457.555241635688,822
9467.555836431227,864
9477.556431226765,908
9487.557026022305,845
9497.557620817843,853
9507.558215613382,865
9517.558810408922,918
9527.559405204462,881
9537.56,929
9547.56059479554,909
9557.561189591077,980
9567.561784386617,890
9577.562379182156,947
9587.562973977696,998
9597.563568773234,1029
9607.564163568773,956
9617.564758364311,972
9627.565353159851,1045
9637.56594795539,1060
9647.56654275093,993
9657.567137546468,1052
9667.567732342008,1035
9677.568327137546,1091
9687.568921933085,1079
9697.569516728625,1097
9707.570111524165,1088
9717.570706319702,1146
9727.571301115242,1199
9737.57189591078,1163
9747.57249070632,1100
9757.57308550186,1175
9767.573680297399,1196
9777.574275092937,1194
9787.574869888474,1215
9797.575464684014,1184
9807.576059479554,1276
9817.576654275093,1253
9827.577249070631,1304
9837.577843866171,1276
9847.578438661709,1284
9857.579033457248,1342
9867.579628252788,1275
9877.580223048328,1264
9887.580817843866,1296
9897.581412639405,1374
9907.582007434943,1404
9917.582602230483,1334
9927.583197026022,1402
9937.583791821562,1368
9947.5843866171,1439
9957.58498141264,1410
9967.585576208177,1425
9977.586171003717,1566
9987.586765799257,1534
9997.587360594796,1428
10007.587955390334,1433
10017.588550185874,1458
10027.589144981412,1467
10037.589739776951,1496
10047.590334572491,1486
10057.59092936803,1483
10067.591524163568,1529
10077.592118959108,1460
10087.592713754646,1568
10097.593308550186,1605
10107.593903345725,1553
10117.594498141265,1599
10127.595092936803,1573
10137.595687732342,1610
10147.59628252788,1668
10157.59687732342,1598
10167.59747211896,1557
10177.598066914497,1572
10187.598661710037,1644
10197.599256505575,1630
10207.599851301115,1733
10217.600446096654,1657
10227.601040892194,1707
10237.601635687732,1698
10247.602230483271,1709
10257.60282527881,1713
10267.603420074349,1729
10277.604014869888,1736
10287.604609665428,1726
10297.605204460966,1685
10307.605799256506,1742
10317.606394052043,1805
10327.606988847583,1713
10337.607583643123,1698
10347.608178438662,1694
10357.6087732342,1860
10367.60936802974,1832
10377.609962825278,1808
10387.610557620817,1845
10397.611152416357,1886
10407.611747211897,1845
10417.612342007435,1784
10427.612936802974,1856
10437.613531598512,1827
10447.614126394052,1845
10457.614721189591,1867
10467.615315985131,1872
10477.615910780669,1952
10487.616505576209,1848
10497.617100371746,1916
10507.617695167286,1922
10517.618289962826,1936
10527.618884758365,1931
10537.619479553903,1920
10547.620074349443,1996
10557.62066914498,1909
10567.62126394052,1968
10577.62185873606,1989
10587.622453531598,1967
10597.623048327137,1996
10607.623643122675,2009
10617.624237918215,1958
10627.624832713755,1933
10637.625427509294,2022
10647.626022304832,2024
10657.626617100372,2045
10667.62721189591,2040
10677.62780669145,2021
10687.628401486989,1972
10697.628996282529,1979
10707.629591078066,2045
10717.630185873606,2063
10727.630780669144,2012
10737.631375464684,2112
10747.631970260223,2077
10757.632565055763,2059
10767.6331598513,1989
10777.63375464684,2073
10787.634349442378,2094
10797.634944237918,2093
10807.635539033457,2179
10817.636133828997,2068
10827.636728624535,2109
10837.637323420075,2080
10847.637918215612,2015
10857.638513011152,2066
10867.639107806692,2098
10877.639702602231,2111
10887.64029739777,2063
10897.640892193309,2200
10907.641486988847,2057
10917.642081784386,2074
10927.642676579926,2134
10937.643271375466,2030
10947.643866171004,2063
10957.644460966541,2098
10967.645055762081,2009
10977.64565055762,2127
10987.64624535316,2111
10997.646840148698,2122
11007.647434944238,2165
11017.648029739776,2101
11027.648624535315,2072
11037.649219330855,2094
11047.649814126395,2125
11057.650408921932,2103
11067.651003717472,2174
11077.65159851301,2159
11087.65219330855,2157
11097.65278810409,2149
11107.653382899629,2123
11117.653977695167,2102
11127.654572490706,2173
11137.655167286244,2103
11147.655762081784,2046
11157.656356877324,2115
11167.656951672863,2155
11177.657546468401,2130
11187.65814126394,2100
11197.658736059479,2109
11207.659330855018,2094
11217.659925650558,2072
11227.660520446098,2115
11237.661115241635,2084
11247.661710037175,2075
11257.662304832713,2053
11267.662899628252,2126
11277.663494423792,2043
11287.664089219332,2053
11297.66468401487,2064
11307.66527881041,2041
11317.665873605947,2089
11327.666468401487,2011
11337.667063197026,1981
11347.667657992566,2001
11357.668252788104,2034
11367.668847583642,1977
11377.669442379181,2063
11387.670037174721,2000
11397.67063197026,2042
11407.671226765799,2028
11417.671821561338,1934
11427.672416356876,1995
11437.673011152416,2043
11447.673605947955,1997
11457.674200743495,1981
11467.674795539033,1944
11477.675390334573,1971
11487.67598513011,2043
11497.67657992565,1870
11507.67717472119,1950
11517.67776951673,2016
11527.678364312267,1943
11537.678959107807,1942
11547.679553903345,1956
11557.680148698884,1931
11567.680743494424,1960
11577.681338289964,1900
11587.681933085501,1878
11597.682527881041,1863
11607.683122676579,1853
11617.683717472119,1913
11627.684312267658,1864
11637.684907063198,1875
11647.685501858736,1781
11657.686096654275,1849
11667.686691449813,1801
11677.687286245353,1821
11687.687881040893,1774
11697.688475836432,1789
11707.68907063197,1797
11717.68966542751,1774
11727.690260223048,1821
11737.690855018587,1716
11747.691449814127,1764
11757.692044609665,1688
11767.692639405204,1706
11777.693234200742,1763
11787.693828996282,1714
11797.694423791821,1659
11807.695018587361,1696
11817.695613382899,1662
11827.696208178439,1711
11837.696802973976,1609
11847.697397769516,1623
11857.697992565056,1603
11867.698587360595,1630
11877.699182156133,1603
11887.699776951673,1559
11897.70037174721,1667
11907.70096654275,1595
11917.70156133829,1561
11927.70215613383,1549
11937.702750929368,1566
11947.703345724907,1585
11957.703940520445,1537
11967.704535315985,1481
11977.705130111524,1514
11987.705724907064,1511
11997.706319702602,1472
12007.706914498141,1505
12017.70750929368,1457
12027.708104089219,1455
12037.708698884759,1401
12047.709293680298,1453
12057.709888475836,1435
12067.710483271376,1430
12077.711078066914,1389
12087.711672862453,1411
12097.712267657993,1378
12107.712862453533,1387
12117.71345724907,1401
12127.71405204461,1422
12137.714646840148,1344
12147.715241635688,1333
12157.715836431227,1330
12167.716431226765,1251
12177.717026022305,1259
12187.717620817843,1344
12197.718215613382,1259
12207.718810408922,1251
12217.719405204462,1187
12227.72,1264
12237.720594795539,1273
12247.721189591077,1207
12257.721784386616,1227
12267.722379182156,1214
12277.722973977696,1140
12287.723568773234,1135
12297.724163568773,1170
12307.724758364311,1135
12317.72535315985,1122
12327.72594795539,1082
12337.72654275093,1102
12347.727137546468,1088
12357.727732342008,1100
12367.728327137545,1068
12377.728921933085,1074
12387.729516728625,1018
12397.730111524164,1061
12407.730706319702,976
12417.731301115242,1059
12427.73189591078,1034
12437.73249070632,992
12447.733085501859,978
12457.733680297399,1017
12467.734275092937,1010
12477.734869888476,974
12487.735464684014,908
12497.736059479554,903
12507.736654275093,990
12517.737249070633,873
12527.73784386617,915
12537.738438661709,885
12547.739033457248,870
12557.739628252788,817
12567.740223048328,827
12577.740817843865,829
12587.741412639405,816
12597.742007434943,826
12607.742602230483,800
12617.743197026022,762
12627.743791821562,861
12637.7443866171,779
12647.74498141264,748
12657.745576208177,773
12667.746171003717,722
12677.746765799257,747
12687.747360594796,706
12697.747955390334,763
12707.748550185874,686
12717.749144981412,681
12727.749739776951,750
12737.75033457249,724
12747.75092936803,720
12757.751524163568,678
12767.752118959108,661
12777.752713754646,637
12787.753308550185,654
12797.753903345725,577
12807.754498141265,678
12817.755092936803,653
12827.755687732342,593
12837.75628252788,590
12847.75687732342,615
12857.75747211896,570
12867.758066914499,567
12877.758661710037,527
12887.759256505577,559
12897.759851301114,541
12907.760446096654,522
12917.761040892194,512
12927.761635687732,474
12937.762230483271,514
12947.762825278809,493
12957.763420074349,489
12967.764014869888,445
12977.764609665428,514
12987.765204460966,488
12997.765799256505,476
13007.766394052043,488
13017.766988847583,483
13027.767583643123,459
13037.768178438662,453
13047.7687732342,446
13057.76936802974,404
13067.769962825278,410
13077.770557620817,410
13087.771152416357,456
13097.771747211897,424
13107.772342007434,390
13117.772936802974,411
13127.773531598512,400
13137.774126394052,391
13147.774721189591,372
13157.77531598513,356
13167.775910780669,389
13177.776505576208,343
13187.777100371746,324
13197.777695167286,330
13207.778289962826,327
13217.778884758365,353
13227.779479553903,345
13237.780074349443,308
13247.78066914498,323
13257.78126394052,311
13267.78185873606,355
13277.7824535316,295
13287.783048327137,289
13297.783643122677,290
13307.784237918215,281
13317.784832713754,263
13327.785427509294,277
13337.786022304832,265
13347.786617100372,274
13357.78721189591,266
13367.787806691449,262
13377.788401486989,260
13387.788996282528,233
13397.789591078066,236
13407.790185873606,244
13417.790780669144,253
13427.791375464683,243
13437.791970260223,273
13447.792565055763,236
13457.7931598513,219
13467.79375464684,244
13477.794349442378,232
13487.794944237918,216
13497.795539033457,208
13507.796133828997,195
13517.796728624535,211
13527.797323420074,196
13537.797918215612,211
13547.798513011152,201
13557.799107806692,192
13567.799702602231,201
13577.80029739777,193
13587.800892193309,171
13597.801486988847,208
13607.802081784386,181
13617.802676579926,164
13627.803271375466,161
13637.803866171003,186
13647.804460966543,177
13657.80505576208,152
13667.80565055762,165
13677.80624535316,160
13687.8068401487,157
13697.807434944238,139
13707.808029739776,159
13717.808624535315,138
13727.809219330855,150
13737.809814126394,141
13747.810408921932,129
13757.811003717472,180
13767.81159851301,140
13777.81219330855,117
13787.81278810409,139
13797.813382899629,108
13807.813977695167,143
13817.814572490706,149
13827.815167286244,129
13837.815762081784,138
13847.816356877323,133
13857.816951672863,124
13867.8175464684,113
13877.81814126394,124
13887.818736059478,111
13897.819330855018,111
13907.819925650558,103
13917.820520446097,108
13927.821115241635,111
13937.821710037175,108
13947.822304832713,107
13957.822899628252,99
13967.823494423792,100
13977.824089219332,98
13987.82468401487,97
13997.82527881041,102
14007.825873605947,113
14017.826468401487,90
14027.827063197026,96
14037.827657992566,90
14047.828252788104,88
14057.828847583643,98
14067.829442379181,119
14077.830037174721,90
14087.83063197026,79
14097.8312267658,92
14107.831821561338,77
14117.832416356876,75
14127.833011152416,107
14137.833605947955,63
14147.834200743495,82
14157.834795539033,74
14167.835390334572,88
14177.83598513011,71
14187.83657992565,81
14197.83717472119,75
14207.83776951673,78
14217.838364312267,55
14227.838959107807,75
14237.839553903344,77
14247.840148698884,60
14257.840743494424,79
14267.841338289963,71
14277.841933085501,69
14287.842527881041,68
14297.843122676579,63
14307.843717472118,73
14317.844312267658,70
14327.844907063198,71
14337.845501858736,73
14347.846096654275,74
14357.846691449813,63
14367.847286245353,63
14377.847881040892,46
14387.848475836432,62
14397.84907063197,66
14407.84966542751,53
14417.850260223047,52
14427.850855018587,60
14437.851449814127,68
14447.852044609666,44
14457.852639405204,56
14467.853234200744,57
14477.853828996282,49
14487.854423791821,48
14497.855018587361,50
14507.855613382899,44
14517.856208178438,49
14527.856802973976,61
14537.857397769516,59
14547.857992565056,47
14557.858587360595,61
14567.859182156133,51
14577.859776951673,47
14587.86037174721,36
14597.86096654275,52
14607.86156133829,55
14617.86215613383,60
14627.862750929367,47
14637.863345724907,46
14647.863940520445,36
14657.864535315985,54
14667.865130111524,49
14677.865724907064,42
14687.866319702602,53
14697.866914498141,39
14707.86750929368,50
14717.868104089219,45
14727.868698884758,29
14737.869293680298,42
14747.869888475836,34
14757.870483271376,34
14767.871078066913,36
14777.871672862453,43
14787.872267657993,31
14797.872862453532,38
14807.87345724907,41
14817.87405204461,31
14827.874646840148,28
14837.875241635687,29
14847.875836431227,26
14857.876431226767,39
14867.877026022305,26
14877.877620817844,29
14887.878215613382,34
14897.878810408922,40
14907.879405204461,33
14917.88,32
14927.880594795539,43
14937.881189591077,39
14947.881784386616,42
14957.882379182156,32
14967.882973977696,35
14977.883568773233,37
14987.884163568773,38
14997.884758364311,37
15007.88535315985,33
15017.88594795539,36
15027.88654275093,38
15037.887137546468,37
15047.887732342007,43
15057.888327137545,35
15067.888921933085,44
15077.889516728625,29
15087.890111524164,41
15097.890706319702,34
15107.891301115242,31
15117.89189591078,34
15127.89249070632,29
15137.893085501859,41
15147.893680297399,34
15157.894275092936,32
15167.894869888476,29
15177.895464684014,29
15187.896059479554,24
15197.896654275093,30
15207.897249070633,28
15217.89784386617,30
15227.89843866171,29
15237.899033457248,25
15247.899628252788,33
15257.900223048327,24
15267.900817843867,34
15277.901412639405,33
15287.902007434943,34
15297.902602230482,32
15307.903197026022,28
15317.903791821562,37
15327.9043866171,33
15337.90498141264,34
15347.905576208177,45
15357.906171003717,30
15367.906765799256,27
15377.907360594796,25
15387.907955390334,41
15397.908550185874,26
15407.909144981411,29
15417.909739776951,32
15427.91033457249,39
15437.91092936803,34
15447.911524163568,33
15457.912118959108,34
15467.912713754646,22
15477.913308550185,27
15487.913903345725,28
15497.914498141265,38
15507.915092936802,38
15517.915687732342,26
15527.91628252788,28
15537.91687732342,27
15547.91747211896,21
15557.918066914499,22
15567.918661710037,33
15577.919256505576,35
15587.919851301114,25
15597.920446096654,32
15607.921040892194,28
15617.921635687733,31
15627.922230483271,37
15637.92282527881,33
15647.923420074349,33
15657.924014869888,29
15667.924609665428,26
15677.925204460968,38
15687.925799256505,38
15697.926394052043,19
15707.926988847583,21
15717.927583643122,24
15727.928178438662,32
15737.9287732342,42
15747.92936802974,35
15757.929962825277,29
15767.930557620817,21
15777.931152416357,20
15787.931747211896,28
15797.932342007434,39
15807.932936802974,30
15817.933531598512,26
15827.934126394051,44
15837.934721189591,34
15847.93531598513,32
15857.935910780669,31
15867.936505576208,28
15877.937100371746,24
15887.937695167286,34
15897.938289962825,27
15907.938884758365,33
15917.939479553903,28
15927.940074349443,27
15937.94066914498,23
15947.94126394052,32
15957.94185873606,35
15967.9424535316,33
15977.943048327137,43
15987.943643122677,22
15997.944237918215,29
16007.944832713754,24
16017.945427509294,32
16027.946022304834,31
16037.946617100371,28
16047.947211895911,24
16057.947806691449,27
16067.948401486989,23
16077.948996282528,41
16087.949591078066,29
16097.950185873606,36
16107.950780669144,21
16117.951375464683,41
16127.951970260223,36
16137.952565055763,30
16147.9531598513,35
16157.95375464684,20
16167.954349442378,32
16177.954944237918,30
16187.955539033457,34
16197.956133828997,32
16207.956728624535,32
16217.957323420074,31
16227.957918215612,23
16237.958513011152,45
16247.959107806691,32
16257.959702602231,22
16267.960297397769,36
16277.960892193309,35
16287.961486988846,37
16297.962081784386,35
16307.962676579926,38
16317.963271375465,30
16327.963866171003,24
16337.964460966543,32
16347.96505576208,26
16357.96565055762,22
16367.96624535316,31
16377.9668401487,26
16387.967434944236,35
16397.96802973978,26
16407.968624535315,36
16417.969219330855,30
16427.969814126394,35
16437.97040892193,25
16447.971003717474,42
16457.97159851301,39
16467.972193308553,40
16477.97278810409,22
16487.973382899625,34
16497.97397769517,27
16507.974572490704,28
16517.975167286248,30
16527.975762081784,31
16537.976356877323,27
16547.976951672863,30
16557.9775464684,36
16567.978141263942,40
16577.97873605948,27
16587.97933085502,38
16597.979925650558,29
16607.980520446094,29
16617.981115241637,28
16627.981710037173,49
16637.982304832716,33
16647.982899628252,31
16657.983494423792,42
16667.98408921933,35
16677.984684014868,29
16687.98527881041,43
16697.985873605947,40
16707.986468401486,43
16717.987063197026,40
16727.987657992562,29
16737.988252788105,37
16747.98884758364,47
16757.989442379185,40
16767.99003717472,42
16777.990631970257,28
16787.9912267658,30
16797.991821561336,26
16807.99241635688,35
16817.993011152415,31
16827.993605947955,42
16837.994200743495,42
16847.99479553903,47
16857.995390334574,33
16867.99598513011,25
16877.996579925653,46
16887.99717472119,33
16897.997769516725,37
16907.99836431227,30
16917.998959107805,40
16927.999553903348,30
16938.000148698884,27
16948.000743494424,36
16958.001338289963,38
16968.0019330855,32
16978.002527881043,44
16988.00312267658,39
16998.003717472122,41
17008.004312267658,42
17018.004907063194,41
17028.005501858737,40
17038.006096654273,38
17048.006691449817,33
17058.007286245353,42
17068.00788104089,44
17078.008475836432,40
17088.009070631968,46
17098.00966542751,61
17108.010260223047,43
17118.010855018587,47
17128.011449814127,37
17138.012044609663,38
17148.012639405206,42
17158.013234200742,35
17168.013828996285,40
17178.01442379182,45
17188.015018587357,40
17198.0156133829,42
17208.016208178437,43
17218.01680297398,38
17228.017397769516,56
17238.017992565055,40
17248.018587360595,40
17258.01918215613,39
17268.019776951674,48
17278.02037174721,43
17288.020966542754,45
17298.02156133829,45
17308.022156133826,50
17318.02275092937,56
17328.023345724905,42
17338.02394052045,45
17348.024535315984,51
17358.025130111524,61
17368.025724907064,44
17378.0263197026,39
17388.026914498143,41
17398.02750929368,46
17408.028104089222,44
17418.02869888476,39
17428.029293680294,49
17438.029888475838,44
17448.030483271374,50
17458.031078066917,47
17468.031672862453,48
17478.03226765799,41
17488.032862453532,50
17498.03345724907,56
17508.03405204461,48
17518.034646840148,53
17528.035241635687,54
17538.035836431227,47
17548.036431226763,49
17558.037026022306,49
17568.037620817842,54
17578.038215613386,51
17588.03881040892,45
17598.039405204458,48
17608.04,62
17618.040594795537,65
17628.04118959108,60
17638.041784386616,63
17648.042379182156,62
17658.042973977696,48
17668.04356877323,60
17678.044163568775,60
17688.04475836431,53
17698.045353159854,47
17708.04594795539,64
17718.046542750926,49
17728.04713754647,52
17738.047732342005,60
17748.04832713755,56
17758.048921933085,63
17768.049516728624,53
17778.050111524164,61
17788.0507063197,47
17798.051301115243,64
17808.05189591078,59
17818.052490706323,64
17828.05308550186,56
17838.053680297395,58
17848.054275092938,61
17858.054869888474,78
17868.055464684017,71
17878.056059479553,56
17888.05665427509,65
17898.057249070633,78
17908.05784386617,71
17918.058438661712,68
17928.059033457248,67
17938.059628252788,71
17948.060223048327,67
17958.060817843863,70
17968.061412639407,75
17978.062007434943,73
17988.062602230486,85
17998.063197026022,69
18008.063791821558,90
18018.0643866171,77
18028.064981412637,73
18038.06557620818,77
18048.066171003717,64
18058.066765799256,77
18068.067360594796,72
18078.067955390332,67
18088.068550185875,90
18098.06914498141,69
18108.069739776955,71
18118.07033457249,74
18128.070929368027,74
18138.07152416357,87
18148.072118959106,85
18158.07271375465,77
18168.073308550185,73
18178.073903345725,79
18188.074498141264,74
18198.0750929368,102
18208.075687732344,70
18218.07628252788,69
18228.076877323423,88
18238.07747211896,99
18248.078066914495,100
18258.07866171004,89
18268.079256505574,80
18278.079851301118,82
18288.080446096654,87
18298.08104089219,89
18308.081635687733,110
18318.08223048327,91
18328.082825278812,103
18338.08342007435,78
18348.084014869888,93
18358.084609665428,99
18368.085204460964,79
18378.085799256507,89
18388.086394052043,106
18398.086988847586,95
18408.087583643122,107
18418.08817843866,100
18428.0887732342,92
18438.089368029738,107
18448.08996282528,117
18458.090557620817,85
18468.091152416357,109
18478.091747211896,97
18488.092342007432,114
18498.092936802976,91
18508.09353159851,104
18518.094126394055,101
18528.09472118959,106
18538.095315985127,97
18548.09591078067,108
18558.096505576206,132
18568.09710037175,122
18578.097695167286,118
18588.098289962825,121
18598.098884758365,116
18608.0994795539,109
18618.100074349444,136
18628.10066914498,120
18638.10126394052,116
18648.10185873606,135
18658.102453531596,135
18668.10304832714,118
18678.103643122675,109
18688.104237918218,124
18698.104832713754,128
18708.10542750929,133
18718.106022304833,135
18728.10661710037,121
18738.107211895913,127
18748.10780669145,141
18758.10840148699,155
18768.108996282528,146
18778.109591078064,118
18788.110185873607,137
18798.110780669143,149
18808.111375464687,130
18818.111970260223,130
18828.11256505576,126
18838.113159851302,147
18848.113754646838,145
18858.11434944238,136
18868.114944237917,141
18878.115539033457,149
18888.116133828997,137
18898.116728624533,137
18908.117323420076,159
18918.117918215612,159
18928.118513011155,156
18938.11910780669,155
18948.119702602227,135
18958.12029739777,156
18968.120892193307,155
18978.12148698885,158
18988.122081784386,164
18998.122676579926,139
19008.123271375465,162
19018.123866171,163
19028.124460966545,153
19038.12505576208,149
19048.12565055762,170
19058.12624535316,174
19068.126840148696,164
19078.12743494424,162
19088.128029739775,170
19098.12862453532,172
19108.129219330855,168
19118.12981412639,174
19128.130408921934,184
19138.13100371747,178
19148.131598513013,150
19158.13219330855,154
19168.13278810409,182
19178.13338289963,190
19188.133977695165,176
19198.134572490708,183
19208.135167286244,177
19218.135762081787,172
19228.136356877323,191
19238.13695167286,206
19248.137546468402,209
19258.13814126394,185
19268.13873605948,194
19278.139330855018,194
19288.139925650557,188
19298.140520446097,221
19308.141115241633,194
19318.141710037176,204
19328.142304832712,196
19338.142899628256,205
19348.14349442379,224
19358.144089219328,202
19368.14468401487,201
19378.145278810407,193
19388.14587360595,229
19398.146468401486,206
19408.147063197026,228
19418.147657992566,205
19428.1482527881,221
19438.148847583645,205
19448.14944237918,188
19458.15003717472,238
19468.15063197026,214
19478.151226765796,221
19488.15182156134,214
19498.152416356876,199
19508.15301115242,215
19518.153605947955,213
19528.15420074349,209
19538.154795539034,216
19548.15539033457,212
19558.155985130114,228
19568.15657992565,205
19578.15717472119,230
19588.15776951673,212
19598.158364312265,244
19608.15895910781,248
19618.159553903344,222
19628.160148698887,206
19638.160743494424,209
19648.16133828996,234
19658.161933085503,245
19668.16252788104,244
19678.163122676582,219
19688.163717472118,208
19698.164312267658,215
19708.164907063197,258
19718.165501858733,210
19728.166096654277,247
19738.166691449813,265
19748.167286245356,247
19758.167881040892,244
19768.168475836428,234
19778.16907063197,226
19788.169665427507,260
19798.17026022305,271
19808.170855018587,233
19818.171449814126,232
19828.172044609666,243
19838.172639405202,281
19848.173234200745,248
19858.17382899628,257
19868.17442379182,246
19878.17501858736,271
19888.175613382897,284
19898.17620817844,264
19908.176802973976,240
19918.17739776952,287
19928.177992565055,259
19938.17858736059,239
19948.179182156135,273
19958.17977695167,257
19968.180371747214,293
19978.18096654275,265
19988.18156133829,272
19998.18215613383,294
20008.182750929365,290
20018.18334572491,290
20028.183940520445,266
20038.184535315988,261
20048.185130111524,269
20058.18572490706,260
20068.186319702603,315
20078.18691449814,320
20088.187509293683,293
20098.18810408922,283
20108.18869888476,275
20118.189293680298,294
20128.189888475834,293
20138.190483271377,293
20148.191078066913,302
20158.191672862456,296
20168.192267657992,305
20178.19286245353,305
20188.19345724907,309
20198.194052044608,296
20208.19464684015,319
20218.195241635687,305
20228.195836431223,292
20238.196431226766,318
20248.197026022302,261
20258.197620817846,287
20268.19821561338,331
20278.19881040892,272
20288.19940520446,288
20298.199999999997,280
20308.20059479554,341
20318.201189591076,339
20328.20178438662,284
20338.202379182156,320
20348.20297397769,319
20358.203568773235,299
20368.20416356877,320
20378.204758364314,321
20388.20535315985,334
20398.20594795539,275
20408.20654275093,289
20418.207137546466,319
20428.20773234201,352
20438.208327137545,347
20448.20892193309,324
20458.209516728624,331
20468.21011152416,313
20478.210706319704,324
20488.21130111524,287
20498.211895910783,323
20508.21249070632,318
20518.21308550186,356
20528.2136802974,358
20538.214275092934,351
20548.214869888478,360
20558.215464684014,356
20568.216059479557,325
20578.216654275093,348
20588.21724907063,342
20598.217843866172,358
20608.21843866171,349
20618.21903345725,363
20628.219628252788,344
20638.220223048324,357
20648.220817843867,374
20658.221412639403,354
20668.222007434946,354
20678.222602230482,354
20688.22319702602,372
20698.22379182156,377
20708.224386617097,349
20718.22498141264,367
20728.225576208177,361
20738.22617100372,345
20748.226765799256,376
20758.227360594792,382
20768.227955390335,365
20778.22855018587,340
20788.229144981415,365
20798.22973977695,358
20808.23033457249,371
20818.23092936803,389
20828.231524163566,356
20838.23211895911,347
20848.232713754645,358
20858.23330855019,392
20868.233903345725,395
20878.23449814126,362
20888.235092936804,344
20898.23568773234,368
20908.236282527883,395
20918.23687732342,390
20928.23747211896,380
20938.2380669145,384
20948.238661710035,352
20958.239256505578,369
20968.239851301114,394
20978.240446096657,380
20988.241040892193,374
20998.24163568773,364
21008.242230483273,402
21018.24282527881,374
21028.243420074352,379
21038.244014869888,413
21048.244609665424,385
21058.245204460967,365
21068.245799256503,413
21078.246394052047,383
21088.246988847583,379
21098.247583643122,376
21108.248178438662,407
21118.248773234198,389
21128.24936802974,380
21138.249962825277,393
21148.25055762082,368
21158.251152416356,359
21168.251747211893,405
21178.252342007436,408
21188.25293680297,392
21198.253531598515,414
21208.25412639405,406
21218.25472118959,402
21228.25531598513,395
21238.255910780666,376
21248.25650557621,402
21258.257100371746,392
21268.25769516729,407
21278.258289962825,401
21288.25888475836,428
21298.259479553904,416
21308.26007434944,402
21318.260669144984,362
21328.26126394052,405
21338.26185873606,382
21348.2624535316,428
21358.263048327135,407
21368.26364312268,424
21378.264237918214,370
21388.264832713754,368
21398.265427509294,402
21408.26602230483,421
21418.266617100373,424
21428.26721189591,402
21438.267806691452,433
21448.26840148699,413
21458.268996282524,396
21468.269591078068,418
21478.270185873604,445
21488.270780669147,393
21498.271375464683,415
21508.271970260223,391
21518.272565055762,451
21528.2731598513,445
21538.27375464684,418
21548.274349442378,444
21558.27494423792,421
21568.275539033457,435
21578.276133828993,395
21588.276728624536,428
21598.277323420072,411
21608.277918215616,422
21618.27851301115,449
21628.27910780669,441
21638.27970260223,438
21648.280297397767,402
21658.28089219331,484
21668.281486988846,402
21678.28208178439,433
21688.282676579925,421
21698.28327137546,453
21708.283866171005,430
21718.28446096654,431
21728.285055762084,447
21738.28565055762,467
21748.28624535316,466
21758.2868401487,433
21768.287434944235,415
21778.28802973978,429
21788.288624535315,443
21798.289219330854,444
21808.289814126394,455
21818.29040892193,425
21828.291003717473,472
21838.29159851301,438
21848.292193308553,420
21858.29278810409,425
21868.293382899625,473
21878.293977695168,460
21888.294572490704,430
21898.295167286247,438
21908.295762081783,437
21918.296356877323,444
21928.296951672863,409
21938.2975464684,441
21948.298141263942,445
21958.298736059478,449
21968.29933085502,443
21978.299925650557,473
21988.300520446093,458
21998.301115241637,470
22008.301710037173,440
22018.302304832716,395
22028.302899628252,419
22038.30349442379,403
22048.30408921933,442
22058.304684014867,466
22068.30527881041,446
22078.305873605947,445
22088.30646840149,451
22098.307063197026,441
22108.307657992562,426
22118.308252788105,442
22128.30884758364,407
22138.309442379184,417
22148.31003717472,502
22158.31063197026,453
22168.3112267658,455
22178.311821561336,425
22188.31241635688,460
22198.313011152415,431
22208.313605947955,434
22218.314200743494,441
22228.31479553903,442
22238.315390334574,456
22248.31598513011,425
22258.316579925653,444
22268.31717472119,455
22278.317769516725,427
22288.31836431227,458
22298.318959107804,455
22308.319553903348,424
22318.320148698884,445
22328.320743494423,450
22338.321338289963,473
22348.3219330855,502
22358.322527881042,462
22368.32312267658,445
22378.32371747212,435
22388.324312267658,434
22398.324907063194,436
22408.325501858737,498
22418.326096654273,436
22428.326691449816,451
22438.327286245352,452
22448.327881040892,438
22458.32847583643,431
22468.329070631968,443
22478.32966542751,477
22488.330260223047,424
22498.33085501859,425
22508.331449814126,457
22518.332044609662,460
22528.332639405206,451
22538.33323420074,434
22548.333828996285,430
22558.33442379182,447
22568.33501858736,419
22578.3356133829,422
22588.336208178436,444
22598.33680297398,433
22608.337397769516,444
22618.337992565055,436
22628.338587360595,425
22638.33918215613,476
22648.339776951674,471
22658.34037174721,434
22668.340966542753,425
22678.34156133829,444
22688.342156133825,442
22698.34275092937,448
22708.343345724905,448
22718.343940520448,432
22728.344535315984,443
22738.345130111524,437
22748.345724907063,473
22758.3463197026,447
22768.346914498143,444
22778.34750929368,414
22788.348104089222,429
22798.348698884758,427
22808.349293680294,471
22818.349888475837,433
22828.350483271373,408
22838.351078066917,437
22848.351672862453,464
22858.352267657992,435
22868.352862453532,428
22878.353457249068,448
22888.35405204461,452
22898.354646840147,472
22908.35524163569,420
22918.355836431227,454
22928.356431226763,455
22938.357026022306,434
22948.357620817842,434
22958.358215613385,448
22968.35881040892,446
22978.359405204457,442
22988.36,457
22998.360594795537,480
23008.36118959108,436
23018.361784386616,439
23028.362379182156,400
23038.362973977695,438
23048.36356877323,413
23058.364163568775,424
23068.36475836431,426
23078.365353159854,432
23088.36594795539,454
23098.366542750926,445
23108.36713754647,394
23118.367732342005,391
23128.36832713755,439
23138.368921933084,434
23148.369516728624,446
23158.370111524164,443
23168.3707063197,419
23178.371301115243,448
23188.37189591078,433
23198.372490706322,455
23208.37308550186,405
23218.373680297394,436
23228.374275092938,403
23238.374869888474,459
23248.375464684017,450
23258.376059479553,465
23268.376654275093,422
23278.377249070632,413
23288.37784386617,403
23298.37843866171,429
23308.379033457248,413
23318.37962825279,417
23328.380223048327,388
23338.380817843863,419
23348.381412639406,432
23358.382007434942,402
23368.382602230486,398
23378.38319702602,376
23388.383791821558,357
23398.3843866171,387
23408.384981412637,411
23418.38557620818,377
23428.386171003716,424
23438.386765799256,405
23448.387360594796,367
23458.38795539033,396
23468.388550185875,448
23478.38914498141,379
23488.389739776954,399
23498.39033457249,390
23508.390929368026,401
23518.39152416357,396
23528.392118959106,421
23538.39271375465,414
23548.393308550185,437
23558.393903345725,423
23568.394498141264,387
23578.3950929368,359
23588.395687732344,386
23598.39628252788,362
23608.396877323423,396
23618.39747211896,391
23628.398066914495,434
23638.398661710038,447
23648.399256505574,389
23658.399851301117,396
23668.400446096653,369
23678.401040892193,384
23688.401635687733,353
23698.40223048327,416
23708.402825278812,381
23718.403420074348,392
23728.40401486989,380
23738.404609665427,408
23748.405204460963,381
23758.405799256507,371
23768.406394052043,340
23778.406988847586,371
23788.407583643122,332
23798.408178438658,382
23808.4087732342,369
23818.409368029737,356
23828.40996282528,338
23838.410557620817,361
23848.411152416356,390
23858.411747211896,374
23868.412342007432,402
23878.412936802975,382
23888.41353159851,366
23898.414126394055,355
23908.41472118959,376
23918.415315985127,355
23928.41591078067,345
23938.416505576206,357
23948.41710037175,362
23958.417695167285,376
23968.418289962825,348
23978.418884758365,356
23988.4194795539,375
23998.420074349444,387
24008.42066914498,348
24018.421263940523,341
24028.42185873606,348
24038.422453531595,338
24048.42304832714,325
24058.423643122675,308
24068.424237918218,348
24078.424832713754,317
24088.425427509294,341
24098.426022304833,334
24108.42661710037,393
24118.427211895912,335
24128.42780669145,356
24138.42840148699,372
24148.428996282528,310
24158.429591078064,341
24168.430185873607,308
24178.430780669143,329
24188.431375464686,316
24198.431970260222,337
24208.43256505576,332
24218.4331598513,296
24228.433754646838,313
24238.43434944238,326
24248.434944237917,318
24258.435539033457,325
24268.436133828996,326
24278.436728624532,315
24288.437323420076,305
24298.43791821561,297
24308.438513011155,337
24318.43910780669,286
24328.439702602227,310
24338.44029739777,338
24348.440892193306,287
24358.44148698885,319
24368.442081784386,325
24378.442676579925,328
24388.443271375465,344
24398.443866171,306
24408.444460966544,304
24418.44505576208,298
24428.445650557624,284
24438.44624535316,289
24448.446840148696,296
24458.44743494424,282
24468.448029739775,303
24478.44862453532,300
24488.449219330854,286
24498.449814126394,269
24508.450408921934,318
24518.45100371747,283
24528.451598513013,299
24538.45219330855,267
24548.45278810409,283
24558.45338289963,280
24568.453977695164,279
24578.454572490708,302
24588.455167286244,268
24598.455762081787,268
24608.456356877323,260
24618.45695167286,298
24628.457546468402,243
24638.458141263938,255
24648.45873605948,260
24658.459330855017,263
24668.459925650557,256
24678.460520446097,276
24688.461115241633,255
24698.461710037176,275
24708.462304832712,284
24718.462899628255,276
24728.46349442379,312
24738.464089219327,278
24748.46468401487,264
24758.465278810407,279
24768.46587360595,251
24778.466468401486,241
24788.467063197026,236
24798.467657992565,272
24808.4682527881,269
24818.468847583645,229
24828.46944237918,246
24838.470037174724,226
24848.47063197026,229
24858.471226765796,236
24868.47182156134,266
24878.472416356875,257
24888.47301115242,252
24898.473605947955,241
24908.474200743494,235
24918.474795539034,254
24928.47539033457,265
24938.475985130113,243
24948.47657992565,242
24958.47717472119,261
24968.47776951673,232
24978.478364312265,230
24988.478959107808,249
24998.479553903344,237
25008.480148698887,252
25018.480743494423,219
25028.48133828996,214
25038.481933085503,239
25048.48252788104,221
25058.483122676582,225
25068.483717472118,232
25078.484312267658,188
25088.484907063197,205
25098.485501858733,200
25108.486096654276,233
25118.486691449812,199
25128.487286245356,211
25138.48788104089,225
25148.488475836428,218
25158.48907063197,175
25168.489665427507,219
25178.49026022305,195
25188.490855018586,198
25198.491449814126,199
25208.492044609666,192
25218.4926394052,208
25228.493234200745,175
25238.49382899628,220
25248.494423791824,194
25258.49501858736,215
25268.495613382896,180
25278.49620817844,203
25288.496802973976,187
25298.49739776952,195
25308.497992565055,182
25318.498587360595,176
25328.499182156134,186
25338.49977695167,169
25348.500371747214,201
25358.50096654275,176
25368.50156133829,191
25378.50215613383,191
25388.502750929365,183
25398.50334572491,193
25408.503940520444,174
25418.504535315988,163
25428.505130111524,165
25438.50572490706,198
25448.506319702603,151
25458.50691449814,176
25468.507509293682,159
25478.50810408922,159
25488.508698884758,174
25498.509293680298,177
25508.509888475834,186
25518.510483271377,176
25528.511078066913,187
25538.511672862456,157
25548.512267657992,179
25558.51286245353,182
25568.51345724907,166
25578.514052044608,147
25588.51464684015,159
25598.515241635687,173
25608.515836431226,163
25618.516431226766,151
25628.517026022302,154
25638.517620817845,175
25648.51821561338,133
25658.518810408925,165
25668.51940520446,157
25678.519999999997,145
25688.52059479554,159
25698.521189591076,166
25708.52178438662,149
25718.522379182155,147
25728.52297397769,135
25738.523568773235,145
25748.52416356877,150
25758.524758364314,131
25768.52535315985,140
25778.52594795539,122
25788.52654275093,142
25798.527137546465,122
25808.52773234201,152
25818.528327137545,143
25828.528921933088,135
25838.529516728624,133
25848.53011152416,129
25858.530706319703,145
25868.53130111524,158
25878.531895910783,126
25888.53249070632,122
25898.53308550186,150
25908.533680297398,124
25918.534275092934,128
25928.534869888477,115
25938.535464684013,129
25948.536059479557,124
25958.536654275093,122
25968.53724907063,128
25978.537843866172,116
25988.538438661708,101
25998.53903345725,110
26008.539628252787,122
26018.540223048327,113
26028.540817843867,142
26038.541412639403,115
26048.542007434946,104
26058.542602230482,130
26068.543197026025,104
26078.54379182156,105
26088.544386617097,108
26098.54498141264,118
26108.545576208176,105
26118.54617100372,117
26128.546765799256,92
26138.547360594792,105
26148.547955390335,110
26158.54855018587,105
26168.549144981414,122
26178.54973977695,100
26188.55033457249,93
26198.55092936803,89
26208.551524163566,108
26218.55211895911,107
26228.552713754645,118
26238.55330855019,100
26248.553903345724,100
26258.55449814126,90
26268.555092936804,88
26278.55568773234,112
26288.556282527883,94
26298.55687732342,100
26308.55747211896,91
26318.5580669145,100
26328.558661710034,80
26338.559256505578,86
26348.559851301114,94
26358.560446096657,101
26368.561040892193,94
26378.56163568773,88
26388.562230483272,80
26398.56282527881,93
26408.56342007435,84
26418.564014869888,99
26428.564609665427,71
26438.565204460967,86
26448.565799256503,84
26458.566394052046,80
26468.566988847582,78
26478.567583643126,70
26488.56817843866,85
26498.568773234198,93
26508.56936802974,88
26518.569962825277,85
26528.57055762082,65
26538.571152416356,76
26548.571747211892,77
26558.572342007436,91
26568.57293680297,61
26578.573531598515,69
26588.57412639405,65
26598.57472118959,75
26608.57531598513,59
26618.575910780666,76
26628.57650557621,76
26638.577100371745,62
26648.57769516729,69
26658.578289962825,71
26668.57888475836,65
26678.579479553904,71
26688.58007434944,70
26698.580669144983,66
26708.58126394052,56
26718.58185873606,58
26728.5824535316,79
26738.583048327135,65
26748.583643122678,77
26758.584237918214,67
26768.584832713757,66
26778.585427509293,61
26788.58602230483,74
26798.586617100373,63
26808.58721189591,53
26818.587806691452,61
26828.588401486988,61
26838.588996282528,61
26848.589591078067,63
26858.590185873603,61
26868.590780669147,67
26878.591375464683,55
26888.591970260226,50
26898.592565055762,54
26908.593159851298,68
26918.59375464684,55
26928.594349442377,51
26938.59494423792,51
26948.595539033457,61
26958.596133828993,42
26968.596728624536,38
26978.597323420072,63
26988.597918215615,40
26998.59851301115,59
27008.59910780669,59
27018.59970260223,38
27028.600297397767,48
27038.60089219331,57
27048.601486988846,49
27058.60208178439,45
27068.602676579925,50
27078.60327137546,48
27088.603866171004,46
27098.60446096654,39
27108.605055762084,42
27118.60565055762,40
27128.60624535316,41
27138.6068401487,37
27148.607434944235,45
27158.60802973978,53
27168.608624535314,40
27178.609219330858,39
27188.609814126394,54
27198.61040892193,44
27208.611003717473,39
27218.61159851301,49
27228.612193308552,44
27238.61278810409,35
27248.613382899628,43
27258.613977695168,31
27268.614572490704,52
27278.615167286247,44
27288.615762081783,31
27298.616356877323,45
27308.616951672862,37
27318.6175464684,43
27328.61814126394,43
27338.618736059478,38
27348.61933085502,32
27358.619925650557,50
27368.620520446093,39
27378.621115241636,46
27388.621710037172,43
27398.622304832716,38
27408.62289962825,30
27418.62349442379,29
27428.62408921933,36
27438.624684014867,33
27448.62527881041,29
27458.625873605946,45
27468.62646840149,33
27478.627063197026,30
27488.62765799256,36
27498.628252788105,32
27508.62884758364,42
27518.629442379184,36
27528.63003717472,46
27538.63063197026,24
27548.6312267658,38
27558.631821561336,29
27568.63241635688,35
27578.633011152415,39
27588.633605947958,28
27598.634200743494,30
27608.63479553903,38
27618.635390334573,34
27628.63598513011,23
27638.636579925653,36
27648.63717472119,35
27658.63776951673,27
27668.638364312268,18
27678.638959107804,32
27688.639553903347,30
27698.640148698883,27
27708.640743494423,26
27718.641338289963,35
27728.6419330855,26
27738.642527881042,40
27748.643122676578,26
27758.64371747212,25
27768.644312267657,28
27778.644907063193,17
27788.645501858737,26
27798.646096654273,20
27808.646691449816,30
27818.647286245352,19
27828.64788104089,24
27838.64847583643,24
27848.649070631967,22
27858.64966542751,28
27868.650260223047,19
27878.65085501859,15
27888.651449814126,18
27898.652044609662,20
27908.652639405205,14
27918.65323420074,29
27928.653828996285,19
27938.65442379182,14
27948.65501858736,25
27958.6556133829,18
27968.656208178436,23
27978.65680297398,27
27988.657397769515,17
27998.65799256506,23
28008.658587360595,22
28018.65918215613,19
28028.659776951674,20
28038.66037174721,19
28048.660966542753,16
28058.66156133829,24
28068.66215613383,17
28078.66275092937,14
28088.663345724905,16
28098.663940520448,18
28108.664535315984,17
28118.665130111523,20
28128.665724907063,27
28138.6663197026,15
28148.666914498142,17
28158.66750929368,21
28168.66810408922,18
28178.668698884758,12
28188.669293680294,17
28198.669888475837,23
28208.670483271373,18
28218.671078066916,14
28228.671672862452,13
28238.672267657992,21
28248.67286245353,17
28258.673457249068,21
28268.67405204461,13
28278.674646840147,18
28288.67524163569,13
28298.675836431226,7
28308.676431226762,14
28318.677026022306,13
28328.67762081784,7
28338.678215613385,18
28348.67881040892,13
28358.67940520446,13
28368.68,20
28378.680594795536,18
28388.68118959108,14
28398.681784386616,11
28408.68237918216,10
28418.682973977695,21
28428.68356877323,14
28438.684163568774,15
28448.68475836431,11
28458.685353159854,6
28468.68594795539,10
28478.68654275093,11
28488.68713754647,9
28498.687732342005,6
28508.68832713755,4
28518.688921933084,5
28528.689516728624,7
28538.690111524164,13
28548.6907063197,9
28558.691301115243,8
28568.69189591078,16
28578.692490706322,10
28588.693085501858,10
28598.693680297394,10
28608.694275092937,8
28618.694869888473,11
28628.695464684017,17
28638.696059479553,5
28648.696654275092,14
28658.697249070632,14
28668.697843866168,7
28678.69843866171,9
28688.699033457247,10
28698.69962825279,12
28708.700223048327,11
28718.700817843863,13
28728.701412639406,4
28738.702007434942,11
28748.702602230485,9
28758.70319702602,7
28768.70379182156,9
28778.7043866171,4
28788.704981412637,9
28798.70557620818,9
28808.706171003716,6
28818.70676579926,5
28828.707360594795,10
28838.70795539033,10
28848.708550185875,7
28858.70914498141,5
28868.709739776954,3
28878.71033457249,9
28888.710929368026,12
28898.71152416357,4
28908.712118959105,11
28918.71271375465,7
28928.713308550185,5
28938.713903345724,8
28948.714498141264,6
28958.7150929368,6
28968.715687732343,9
28978.71628252788,7
28988.716877323423,7
28998.71747211896,9
29008.718066914495,5
29018.718661710038,7
29028.719256505574,2
29038.719851301117,6
29048.720446096653,6
29058.721040892193,3
29068.721635687732,3
29078.72223048327,8
29088.72282527881,8
29098.723420074348,12
29108.72401486989,5
29118.724609665427,5
29128.725204460963,3
29138.725799256506,4
29148.726394052042,5
29158.726988847586,3
29168.72758364312,5
29178.72817843866,4
29188.7287732342,3
29198.729368029737,7
29208.72996282528,5
29218.730557620816,6
29228.73115241636,6
29238.731747211896,1
29248.73234200743,8
29258.732936802975,4
29268.73353159851,1
29278.734126394054,4
29288.73472118959,2
29298.735315985126,5
29308.73591078067,4
29318.736505576206,4
29328.73710037175,7
29338.737695167285,4
29348.738289962825,7
29358.738884758364,5
29368.7394795539,2
29378.740074349444,2
29388.74066914498,3
29398.741263940523,3
29408.74185873606,4
29418.742453531595,4
29428.74304832714,2
29438.743643122674,5
29448.744237918218,3
29458.744832713754,5
29468.745427509293,8
29478.746022304833,2
29488.74661710037,3
29498.747211895912,4
29508.74780669145,6
29518.74840148699,7
29528.748996282528,2
29538.749591078064,2
29548.750185873607,2
29558.750780669143,6
29568.751375464686,4
29578.751970260222,5
29588.75256505576,3
29598.7531598513,6
29608.753754646837,3
29618.75434944238,7
29628.754944237917,6
29638.75553903346,4
29648.756133828996,5
29658.756728624532,4
29668.757323420075,2
29678.75791821561,1
29688.758513011155,2
29698.75910780669,3
29708.759702602227,1
29718.76029739777,7
29728.760892193306,5
29738.76148698885,3
29748.762081784385,1
29758.762676579925,6
29768.763271375465,2
29778.763866171,3
29788.764460966544,3
29798.76505576208,5
29808.765650557623,5
29818.76624535316,2
29828.766840148695,4
29838.76743494424,1
29848.768029739775,0
29858.768624535318,2
29868.769219330854,1
29878.769814126394,5
29888.770408921933,2
29898.77100371747,2
29908.771598513013,2
29918.77219330855,5
29928.772788104092,4
29938.773382899628,1
29948.773977695164,2
29958.774572490707,2
29968.775167286243,5
29978.775762081787,2
29988.776356877323,1
29998.776951672862,2
30008.777546468402,2
30018.778141263938,3
30028.77873605948,1
30038.779330855017,0
30048.77992565056,3
30058.780520446096,1
30068.781115241633,0
30078.781710037176,2
30088.78230483271,3
30098.782899628255,0
30108.78349442379,2
30118.784089219327,2
30128.78468401487,1
30138.785278810406,4
30148.78587360595,1
30158.786468401486,1
30168.787063197025,1
30178.787657992565,2
30188.7882527881,3
30198.788847583644,0
30208.78944237918,1
30218.790037174724,2
30228.79063197026,1
30238.791226765796,2
30248.79182156134,1
30258.792416356875,2
30268.79301115242,1
30278.793605947954,2
30288.794200743494,1
30298.794795539034,1
30308.79539033457,0
30318.795985130113,1
30328.79657992565,0
30338.797174721192,0
30348.79776951673,0
30358.798364312264,1
30368.798959107808,2
30378.799553903344,1
30388.800148698887,2
30398.800743494423,2
30408.801338289963,1
30418.801933085502,0
30428.80252788104,1
30438.80312267658,3
30448.803717472118,0
30458.804312267657,4
30468.804907063197,2
30478.805501858733,1
30488.806096654276,2
30498.806691449812,2
30508.807286245355,1
30518.80788104089,1
30528.808475836428,0
30538.80907063197,2
30548.809665427507,2
30558.81026022305,2
30568.810855018586,2
30578.811449814126,1
30588.812044609665,1
30598.8126394052,4
30608.813234200745,0
30618.81382899628,3
30628.814423791824,3
30638.81501858736,1
30648.815613382896,1
30658.81620817844,0
30668.816802973975,0
30678.81739776952,1
30688.817992565055,1
30698.818587360594,0
30708.819182156134,2
30718.81977695167,1
30728.820371747213,0
30738.82096654275,2
30748.821561338293,0
30758.82215613383,0
30768.822750929365,2
30778.823345724908,0
30788.823940520444,1
30798.824535315987,1
30808.825130111523,1
30818.825724907063,1
30828.826319702603,1
30838.82691449814,0
30848.827509293682,3
30858.828104089218,0
30868.828698884758,0
30878.829293680297,0
30888.829888475833,2
30898.830483271377,0
30908.831078066913,1
30918.831672862456,1
30928.832267657992,1
30938.832862453528,0
30948.83345724907,0
30958.834052044607,0
30968.83464684015,0
30978.835241635687,2
30988.835836431226,0
30998.836431226766,1
31008.837026022302,1
31018.837620817845,0
31028.83821561338,0
31038.838810408924,0
31048.83940520446,0
31058.839999999997,1
31068.84059479554,2
31078.841189591076,2
31088.84178438662,0
31098.842379182155,4
31108.842973977695,1
31118.843568773234,0
31128.84416356877,0
31138.844758364314,0
31148.84535315985,1
31158.845947955393,0
31168.84654275093,0
31178.847137546465,1
31188.84773234201,0
31198.848327137544,1
31208.848921933088,2
31218.849516728624,0
31228.850111524163,1
31238.850706319703,0
31248.85130111524,0
31258.851895910782,2
31268.85249070632,0
31278.853085501858,1
31288.853680297398,0
31298.854275092934,0
31308.854869888477,0
31318.855464684013,1
31328.856059479556,0
31338.856654275092,0
31348.85724907063,0
31358.85784386617,0
31368.858438661708,0
31378.85903345725,0
31388.859628252787,0
31398.860223048327,1
31408.860817843866,0
31418.861412639402,0
31428.862007434946,1
31438.86260223048,0
31448.863197026025,1
31458.86379182156,0
31468.864386617097,0
31478.86498141264,0
31488.865576208176,0
31498.86617100372,0
31508.866765799256,0
31518.867360594795,0
31528.867955390335,0
31538.86855018587,0
31548.869144981414,1
31558.86973977695,1
31568.870334572493,0
31578.87092936803,1
31588.871524163565,0
31598.87211895911,1
31608.872713754645,0
31618.873308550188,1
31628.873903345724,0
31638.87449814126,1
31648.875092936803,1
31658.87568773234,1
31668.876282527883,2
31678.87687732342,1
31688.87747211896,0
31698.878066914498,1
31708.878661710034,0
31718.879256505577,1
31728.879851301113,0
31738.880446096657,0
31748.881040892193,0
31758.88163568773,1
31768.882230483272,0
31778.882825278808,0
31788.88342007435,0
31798.884014869887,0
31808.884609665427,0
31818.885204460967,0
31828.885799256503,1
31838.886394052046,1
31848.886988847582,1
31858.887583643125,1
31868.88817843866,1
31878.888773234197,0
31888.88936802974,0
31898.889962825277,0
31908.89055762082,0
31918.891152416356,0
31928.891747211896,1
31938.892342007435,0
31948.89293680297,1
31958.893531598515,0
31968.89412639405,0
31978.894721189594,1
31988.89531598513,0
31998.895910780666,1
32008.89650557621,0
32018.897100371745,0
32028.89769516729,0
32038.898289962824,0
32048.89888475836,1
32058.899479553904,0
32068.90007434944,0
32078.900669144983,0
32088.90126394052,0
32098.90185873606,0
32108.9024535316,1
32118.903048327134,0
32128.903643122678,0
32138.904237918214,0
32148.904832713757,0
32158.905427509293,1
32168.90602230483,0
32178.906617100372,0
32188.90721189591,0
32198.90780669145,0
32208.908401486988,0
32218.908996282527,0
32228.909591078067,0
32238.910185873603,0
32248.910780669146,0
32258.911375464682,0
32268.911970260226,0
32278.91256505576,0
32288.913159851298,1
32298.91375464684,0
32308.914349442377,1
32318.91494423792,0
32328.915539033456,0
32338.916133828996,1
32348.916728624536,0
32358.91732342007,1
32368.917918215615,1
32378.91851301115,0
32388.919107806694,0
32398.91970260223,0
32408.920297397766,1
32418.92089219331,0
32428.921486988846,0
32438.92208178439,1
32448.922676579925,1
32458.92327137546,0
32468.923866171004,0
32478.92446096654,1
32488.925055762084,0
32498.92565055762,0
32508.92624535316,0
32518.9268401487,0
32528.927434944235,0
32538.928029739778,0
32548.928624535314,1
32558.929219330857,1
32568.929814126393,0
32578.93040892193,0
32588.931003717473,0
32598.93159851301,0
32608.932193308552,1
32618.932788104088,0
32628.933382899628,1
32638.933977695167,1
32648.934572490703,1
32658.935167286247,0
32668.935762081783,0
32678.936356877326,0
32688.936951672862,1
32698.937546468398,0
32708.93814126394,1
32718.938736059477,0
32728.93933085502,0
32738.939925650557,0
32748.940520446096,1
32758.941115241636,0
32768.94171003718,0
32778.942304832715,0
32788.94289962825,0
32798.94349442379,0
32808.94408921933,0
32818.944684014874,1
32828.94527881041,0
32838.945873605946,0
32848.94646840148,0
32858.947063197025,0
32868.94765799257,1
32878.948252788105,0
32888.94884758364,1
32898.94944237918,0
32908.95003717472,1
32918.95063197026,1
32928.9512267658,0
32938.951821561335,1
32948.95241635688,0
32958.953011152415,0
32968.95360594796,0
32978.954200743494,0
32988.95479553903,1
32998.95539033457,0
33008.95598513011,0
33018.95657992565,1
33028.95717472119,0
33038.957769516725,2
33048.95836431227,1
33058.95895910781,0
33068.95955390335,0
33078.96014869888,1
33088.96074349442,0
33098.96133828996,0
33108.961933085506,0
33118.96252788104,0
33128.96312267658,0
33138.963717472114,0
33148.96431226766,0
33158.9649070632,0
33168.96550185874,0
33178.96609665427,0
33188.966691449816,0
33198.96728624535,0
33208.967881040895,0
33218.96847583643,1
33228.96907063197,1
33238.96966542751,0
33248.970260223046,0
33258.97085501859,2
33268.971449814126,0
33278.97204460966,0
33288.972639405205,0
33298.97323420074,0
33308.973828996284,0
33318.97442379182,1
33328.975018587356,1
33338.9756133829,1
33348.97620817844,0
33358.97680297398,0
33368.977397769515,0
33378.97799256505,1
33388.978587360594,0
33398.97918215614,0
33408.97977695167,1
33418.98037174721,0
33428.980966542746,0
33438.98156133829,1
33448.98215613383,1
33458.98275092937,0
33468.983345724904,0
33478.98394052045,1
33488.98453531598,0
33498.98513011153,0
33508.98572490706,0
33518.9863197026,0
33528.98691449814,0
33538.98750929368,0
33548.98810408922,0
33558.98869888476,0
33568.98929368029,0
33578.98988847584,1
33588.99048327138,0
33598.991078066916,1
33608.99167286245,0
33618.99226765799,0
33628.99286245353,2
33638.993457249075,1
33648.99405204461,0
33658.99464684015,0
33668.99524163568,2
33678.995836431226,0
33688.99643122677,1
33698.997026022305,0
33708.99762081784,1
33718.99821561338,0
33728.99881040892,0
33738.999405204464,2
33749.0,2
33759.000594795536,0
33769.00118959108,0
33779.001784386615,0
33789.00237918216,0
33799.002973977695,0
33809.00356877323,0
33819.004163568774,0
33829.00475836431,0
33839.00535315985,2
33849.00594795539,1
33859.006542750925,0
33869.00713754647,0
33879.00773234201,1
33889.00832713755,1
33899.008921933084,1
33909.00951672862,0
33919.01011152416,0
33929.01070631971,0
33939.01130111524,0
33949.01189591078,0
33959.012490706315,2
33969.01308550186,0
33979.0136802974,0
33989.01427509294,2
33999.01486988847,0
34009.01546468401,0
34019.01605947955,0
34029.016654275096,1
34039.01724907063,0
34049.01784386617,0
34059.01843866171,0
34069.01903345725,0
34079.01962825279,0
34089.02022304833,0
34099.02081784386,0
34109.021412639406,0
34119.02200743494,0
34129.022602230485,1
34139.02319702602,0
34149.02379182156,1
34159.0243866171,0
34169.024981412644,1
34179.02557620818,1
34189.026171003716,0
34199.02676579925,1
34209.027360594795,2
34219.02795539034,0
34229.028550185874,0
34239.02914498141,0
34249.02973977695,0
34259.03033457249,1
34269.03092936803,0
34279.03152416357,0
34289.032118959105,1
34299.03271375465,0
34309.033308550184,0
34319.03390334573,0
34329.03449814126,1
34339.0350929368,0
34349.03568773234,0
34359.03628252788,0
34369.03687732342,1
34379.03747211896,0
34389.038066914494,0
34399.03866171004,0
34409.03925650557,2
34419.03985130112,1
34429.04044609665,0
34439.04104089219,0
34449.04163568773,1
34459.042230483275,0
34469.04282527881,0
34479.04342007435,0
34489.04401486988,1
34499.04460966543,0
34509.04520446097,0
34519.045799256506,0
34529.04639405204,0
34539.04698884758,1
34549.04758364312,0
34559.048178438665,1
34569.0487732342,0
34579.04936802974,0
34589.04996282528,0
34599.050557620816,0
34609.05115241636,0
34619.051747211895,0
34629.05234200743,1
34639.052936802975,0
34649.05353159851,0
34659.054126394054,1
34669.05472118959,0
34679.055315985126,0
34689.05591078067,0
34699.05650557621,1
34709.05710037175,0
34719.057695167285,1
34729.05828996282,0
34739.058884758364,0
34749.05947955391,0
34759.06007434944,0
34769.06066914498,0
34779.061263940515,0
34789.06185873606,0
34799.0624535316,0
34809.06304832714,0
34819.063643122674,1
34829.06423791821,0
34839.06483271375,1
34849.0654275093,1
34859.06602230483,0
34869.06661710037,0
34879.06721189591,2
34889.06780669145,0
34899.06840148699,0
34909.06899628253,1
34919.06959107806,2
34929.07018587361,1
34939.07078066914,0
34949.071375464686,0
34959.07197026022,0
34969.07256505576,0
34979.0731598513,1
34989.073754646844,0
34999.07434944238,2
35009.07494423792,0
35019.07553903345,0
35029.076133828996,0
35039.07672862454,0
35049.077323420075,0
35059.07791821561,0
35069.07851301115,0
35079.07910780669,0
35089.079702602234,0
35099.08029739777,0
35109.080892193306,0
35119.08148698885,1
35129.082081784385,0
35139.08267657993,0
35149.083271375464,1
35159.083866171,0
35169.084460966544,2
35179.08505576208,0
35189.08565055762,1
35199.08624535316,0
35209.086840148695,0
35219.08743494424,0
35229.088029739774,0
35239.08862453532,0
35249.089219330854,1
35259.08981412639,0
35269.09040892193,0
35279.091003717476,0
35289.09159851301,0
35299.09219330855,0
35309.092788104084,0
35319.09338289963,0
35329.09397769517,0
35339.09457249071,1
35349.09516728624,1
35359.09576208178,1
35369.09635687732,0
35379.096951672866,0
35389.0975464684,0
35399.09814126394,0
35409.09873605948,1
35419.09933085502,0
35429.09992565056,0
35439.100520446096,2
35449.10111524163,0
35459.101710037176,1
35469.10230483271,0
35479.102899628255,0
35489.10349442379,1
35499.10408921933,0
35509.10468401487,0
35519.10527881041,1
35529.10587360595,1
35539.106468401485,1
35549.10706319702,0
35559.107657992565,1
35569.10825278811,1
35579.108847583644,1
35589.10944237918,0
35599.110037174716,0
35609.11063197026,0
35619.1112267658,0
35629.11182156134,0
35639.112416356875,0
35649.11301115241,1
35659.113605947954,0
35669.1142007435,0
35679.11479553903,0
35689.11539033457,0
35699.11598513011,2
35709.11657992565,1
35719.11717472119,0
35729.11776951673,0
35739.118364312264,0
35749.11895910781,0
35759.11955390334,0
35769.12014869889,1
35779.12074349442,0
35789.12133828996,1
35799.1219330855,0
35809.122527881045,0
35819.12312267658,0
35829.12371747212,1
35839.12431226765,1
35849.1249070632,1
35859.12550185874,2
35869.126096654276,0
35879.12669144981,0
35889.12728624535,0
35899.12788104089,0
35909.128475836435,0
35919.12907063197,1
35929.12966542751,1
35939.13026022305,1
35949.130855018586,0
35959.13144981413,0
35969.132044609665,0
35979.1326394052,0
35989.133234200744,1
35999.13382899628,0
36009.134423791824,0
36019.13501858736,0
36029.135613382896,0
36039.13620817844,0
36049.136802973975,0
36059.13739776952,0
36069.137992565054,0
36079.13858736059,0
36089.139182156134,0
36099.13977695168,0
36109.14037174721,0
36119.14096654275,0
36129.141561338285,0
36139.14215613383,0
36149.14275092937,1
36159.14334572491,0
36169.143940520444,0
36179.14453531598,0
36189.14513011152,0
36199.145724907066,0
36209.1463197026,0
36219.14691449814,0
36229.14750929368,1
36239.14810408922,0
36249.14869888476,0
36259.1492936803,0
36269.14988847583,0
36279.150483271376,0
36289.15107806691,0
36299.151672862456,1
36309.15226765799,1
36319.15286245353,0
36329.15345724907,0
36339.154052044614,1
36349.15464684015,0
36359.155241635686,0
36369.15583643122,0
36379.156431226766,0
36389.15702602231,0
36399.157620817845,0
36409.15821561338,0
36419.15881040892,0
36429.15940520446,0
36439.16,0
36449.16059479554,0
36459.161189591076,1
36469.16178438661,1
36479.162379182155,0
36489.1629739777,0
36499.163568773234,0
36509.16416356877,0
36519.16475836431,0
36529.16535315985,0
36539.16594795539,0
36549.16654275093,0
36559.167137546465,1
36569.16773234201,0
36579.168327137544,0
36589.16892193309,0
36599.16951672862,1
36609.17011152416,0
36619.1707063197,0
36629.171301115246,0
36639.17189591078,1
36649.17249070632,0
36659.173085501854,0
36669.1736802974,1
36679.17427509294,0
36689.17486988848,0
36699.17546468401,0
36709.17605947955,0
36719.17665427509,1
36729.177249070635,0
36739.17784386617,0
36749.17843866171,0
36759.17903345724,0
36769.17962825279,0
36779.18022304833,0
36789.180817843866,0
36799.1814126394,0
36809.182007434945,0
36819.18260223048,1
36829.183197026025,0
36839.18379182156,0
36849.1843866171,0
36859.18498141264,0
36869.185576208176,0
36879.18617100372,0
36889.186765799255,0
36899.18736059479,0
36909.187955390335,1
36919.18855018588,0
36929.189144981414,0
36939.18973977695,0
36949.190334572486,0
36959.19092936803,0
36969.19152416357,0
36979.19211895911,0
36989.192713754645,0
36999.19330855018,0
37009.193903345724,0
37019.19449814127,0
37029.1950929368,0
37039.19568773234,1
37049.19628252788,0
37059.19687732342,0
37069.19747211896,0
37079.1980669145,0
37089.198661710034,0
37099.19925650558,2
37109.19985130111,0
37119.20044609666,0
37129.20104089219,1
37139.20163568773,0
37149.20223048327,0
37159.20282527881,2
37169.20342007435,1
37179.20401486989,0
37189.20460966542,0
37199.205204460966,0
37209.20579925651,0
37219.206394052046,0
37229.20698884758,0
37239.20758364312,1
37249.20817843866,0
37259.208773234204,0
37269.20936802974,0
37279.209962825276,0
37289.21055762081,0
37299.211152416356,0
37309.2117472119,0
37319.212342007435,0
37329.21293680297,0
37339.213531598514,0
37349.21412639405,1
37359.21472118959,1
37369.21531598513,1
37379.215910780666,0
37389.21650557621,1
37399.217100371745,0
37409.21769516729,0
37419.218289962824,0
37429.21888475836,0
37439.2194795539,0
37449.22007434945,0
37459.22066914498,0
37469.22126394052,0
37479.221858736055,1
37489.2224535316,0
37499.22304832714,0
37509.22364312268,2
37519.22423791821,0
37529.22483271375,1
37539.22542750929,2
37549.226022304836,0
37559.22661710037,0
37569.22721189591,0
37579.227806691444,0
37589.22840148699,0
37599.22899628253,0
37609.22959107807,0
37619.2301858736,0
37629.230780669146,0
37639.23137546468,0
37649.231970260225,0
37659.23256505576,1
37669.2331598513,0
37679.23375464684,1
37689.23434944238,1
37699.23494423792,0
37709.235539033456,0
37719.23613382899,1
37729.236728624535,0
37739.23732342008,0
37749.237918215615,0
37759.23851301115,0
37769.23910780669,0
37779.23970260223,0
37789.24029739777,0
37799.24089219331,0
37809.241486988845,0
37819.24208178438,0
37829.242676579925,1
37839.24327137547,0
37849.243866171004,1
37859.24446096654,0
37869.24505576208,0
37879.24565055762,0
37889.24624535316,0
37899.2468401487,0
37909.247434944235,0
37919.24802973978,1
37929.248624535314,0
37939.24921933086,0
37949.24981412639,0
37959.25040892193,0
37969.25100371747,0
37979.25159851301,1
37989.25219330855,2
37999.25278810409,1
38009.253382899624,0
38019.25397769517,0
38029.25457249071,0
38039.25516728625,0
38049.25576208178,0
38059.25635687732,2
38069.25695167286,0
38079.257546468405,0
38089.25814126394,0
38099.25873605948,0
38109.25933085501,0
38119.25992565056,0
38129.2605204461,0
38139.261115241636,0
38149.26171003717,0
38159.262304832715,0
38169.26289962825,0
38179.263494423794,0
38189.26408921933,1
38199.264684014866,0
38209.26527881041,0
38219.265873605946,0
38229.26646840149,0
38239.267063197025,0
38249.26765799256,0
38259.268252788104,0
38269.26884758365,0
38279.26944237918,0
38289.27003717472,0
38299.270631970256,0
38309.2712267658,0
38319.27182156134,0
38329.27241635688,0
38339.273011152414,0
38349.27360594795,0
38359.27420074349,0
38369.27479553904,0
38379.27539033457,0
38389.27598513011,0
38399.276579925645,0
38409.27717472119,0
38419.27776951673,0
38429.27836431227,0
38439.2789591078,0
38449.27955390335,1
38459.28014869888,0
38469.280743494426,0
38479.28133828996,0
38489.2819330855,0
38499.28252788104,0
38509.28312267658,0
38519.28371747212,0
38529.28431226766,1
38539.28490706319,0
38549.285501858736,0
38559.28609665428,0
38569.286691449815,1
38579.28728624535,1
38589.28788104089,0
38599.28847583643,0
38609.289070631974,0
38619.28966542751,0
38629.290260223046,0
38639.29085501858,2
38649.291449814125,0
38659.29204460967,0
38669.292639405205,0
38679.29323420074,0
38689.293828996284,0
38699.29442379182,0
38709.29501858736,0
38719.2956133829,1
38729.296208178435,0
38739.29680297398,0
38749.297397769515,0
38759.29799256506,0
38769.298587360594,0
38779.29918215613,0
38789.29977695167,0
38799.30037174721,0
38809.30096654275,1
38819.30156133829,0
38829.302156133825,1
38839.30275092937,0
38849.30334572491,0
38859.30394052045,0
38869.30453531598,0
38879.30513011152,0
38889.30572490706,2
38899.306319702606,0
38909.30691449814,0
38919.30750929368,0
38929.308104089214,0
38939.30869888476,1
38949.3092936803,0
38959.30988847584,0
38969.31048327137,0
38979.311078066916,1
38989.31167286245,0
38999.312267657995,0
39009.31286245353,0
39019.31345724907,0
39029.31405204461,0
39039.31464684015,1
39049.31524163569,1
39059.315836431226,0
39069.31643122676,0
39079.317026022305,1
39089.31762081785,0
39099.318215613384,0
39109.31881040892,0
39119.31940520446,1
39129.32,0
39139.32059479554,0
39149.32118959108,1
39159.321784386615,0
39169.32237918215,0
39179.322973977694,0
39189.32356877324,0
39199.324163568774,1
39209.32475836431,0
39219.325353159846,0
39229.32594795539,0
39239.32654275093,0
39249.32713754647,0
39259.327732342004,1
39269.32832713755,0
39279.32892193308,0
39289.32951672863,0
39299.33011152416,0
39309.3307063197,0
39319.33130111524,0
39329.33189591078,0
39339.33249070632,0
39349.33308550186,1
39359.33368029739,0
39369.33427509294,0
39379.33486988848,0
39389.335464684016,0
39399.33605947955,0
39409.33665427509,0
39419.33724907063,0
39429.337843866175,0
39439.33843866171,0
39449.33903345725,1
39459.33962825278,0
39469.340223048326,2
39479.34081784387,0
39489.341412639405,0
39499.34200743494,0
39509.342602230485,0
39519.34319702602,0
39529.343791821564,0
39539.3443866171,0
39549.344981412636,0
39559.34557620818,0
39569.346171003715,1
39579.34676579926,0
39589.347360594795,0
39599.34795539033,1
39609.348550185874,1
39619.34914498141,1
39629.34973977695,0
39639.35033457249,1
39649.350929368025,0
39659.35152416357,2
39669.35211895911,0
39679.35271375465,0
39689.353308550184,0
39699.35390334572,0
39709.35449814126,1
39719.35509293681,0
39729.35568773234,1
39739.35628252788,0
39749.356877323415,0
39759.35747211896,0
39769.3580669145,0
39779.35866171004,0
39789.35925650557,0
39799.35985130112,1
39809.36044609665,0
39819.361040892196,1
39829.36163568773,0
39839.36223048327,0
39849.36282527881,0
39859.36342007435,0
39869.36401486989,0
39879.36460966543,0
39889.36520446096,0
39899.365799256506,0
39909.36639405204,0
39919.366988847585,0
39929.36758364312,0
39939.36817843866,0
39949.3687732342,0
39959.369368029744,1
39969.36996282528,0
39979.370557620816,0
39989.37115241635,0
39999.371747211895,0
40009.37234200744,0
40019.372936802974,1
40029.37353159851,0
40039.37412639405,0
40049.37472118959,0
40059.37531598513,0
40069.37591078067,0
40079.376505576205,0
40089.37710037175,0
40099.377695167284,0
40109.37828996283,1
40119.378884758364,0
40129.3794795539,0
40139.38007434944,0
40149.38066914498,1
40159.38126394052,0
40169.38185873606,0
40179.382453531594,0
40189.38304832714,0
40199.38364312268,1
40209.38423791822,0
40219.38483271375,0
40229.38542750929,0
40239.38602230483,1
40249.386617100376,0
40259.38721189591,1
40269.38780669145,0
40279.388401486984,0
40289.38899628253,1
40299.38959107807,1
40309.390185873606,0
40319.39078066914,1
40329.39137546468,0
40339.39197026022,0
40349.392565055765,0
40359.3931598513,1
40369.39375464684,0
40379.39434944238,0
40389.394944237916,0
40399.39553903346,0
40409.396133828996,0
40419.39672862453,0
40429.397323420075,0
40439.39791821561,0
40449.398513011154,0
40459.39910780669,0
40469.399702602226,0
40479.40029739777,0
40489.40089219331,0
40499.40148698885,0
40509.402081784385,1
40519.40267657992,0
40529.403271375464,0
40539.40386617101,1
40549.40446096654,0
40559.40505576208,0
40569.405650557615,0
40579.40624535316,1
40589.4068401487,0
40599.40743494424,0
40609.408029739774,0
40619.40862453532,0
40629.40921933085,2
40639.4098141264,1
40649.41040892193,1
40659.41100371747,0
40669.41159851301,1
40679.41219330855,0
40689.41278810409,2
40699.41338289963,1
40709.41397769516,0
40719.41457249071,0
40729.41516728624,0
40739.415762081786,0
40749.41635687732,0
40759.41695167286,1
40769.4175464684,0
40779.418141263945,0
40789.41873605948,0
40799.41933085502,0
40809.41992565055,1
40819.420520446096,0
40829.42111524164,1
40839.421710037175,2
40849.42230483271,1
40859.42289962825,0
40869.42349442379,0
40879.424089219334,1
40889.42468401487,0
40899.425278810406,0
40909.42587360595,0
40919.426468401485,0
40929.42706319703,0
40939.427657992564,0
40949.4282527881,1
40959.428847583644,0
40969.42944237918,0
40979.43003717472,1
40989.43063197026,0
40999.431226765795,0
41009.43182156134,0
41019.43241635688,0
41029.43301115242,1
41039.433605947954,1
41049.43420074349,0
41059.43479553903,1
41069.43539033458,0
41079.43598513011,0
41089.43657992565,0
41099.437174721184,0
41109.43776951673,0
41119.43836431227,0
41129.43895910781,1
41139.43955390334,0
41149.44014869888,0
41159.44074349442,1
41169.441338289966,1
41179.4419330855,0
41189.44252788104,1
41199.44312267658,1
41209.44371747212,0
41219.44431226766,0
41229.444907063196,1
41239.44550185873,0
41249.446096654276,0
41259.44669144981,1
41269.447286245355,0
41279.44788104089,0
41289.44847583643,1
41299.44907063197,0
41309.44966542751,3
41319.45026022305,0
41329.450855018586,1
41339.45144981412,1
41349.452044609665,0
41359.45263940521,0
41369.453234200744,0
41379.45382899628,2
41389.454423791816,0
41399.45501858736,0
41409.4556133829,0
41419.45620817844,0
41429.456802973975,1
41439.45739776952,0
41449.457992565054,1
41459.4585873606,0
41469.45918215613,1
41479.45977695167,0
41489.46037174721,0
41499.46096654275,1
41509.46156133829,0
41519.46215613383,0
41529.462750929364,0
41539.46334572491,0
41549.46394052044,1
41559.46453531599,1
41569.46513011152,0
41579.46572490706,0
41589.4663197026,0
41599.466914498145,1
41609.46750929368,0
41619.46810408922,0
41629.46869888475,0
41639.4692936803,0
41649.46988847584,0
41659.470483271376,0
41669.47107806691,1
41679.47167286245,0
41689.47226765799,0
41699.472862453535,0
41709.47345724907,0
41719.47405204461,0
41729.47464684015,0
41739.475241635686,0
41749.47583643123,0
41759.476431226765,0
41769.4770260223,0
41779.477620817845,1
41789.47821561338,1
41799.478810408924,0
41809.47940520446,1
41819.479999999996,0
41829.48059479554,0
41839.48118959108,1
41849.48178438662,0
41859.482379182155,1
41869.48297397769,0
41879.483568773234,0
41889.48416356878,0
41899.48475836431,1
41909.48535315985,0
41919.485947955385,1
41929.48654275093,1
41939.48713754647,1
41949.48773234201,0
41959.488327137544,0
41969.48892193308,0
41979.48951672862,0
41989.49011152417,0
41999.4907063197,1
42009.49130111524,0
42019.49189591078,2
42029.49249070632,0
42039.49308550186,0
42049.4936802974,0
42059.49427509293,2
42069.49486988848,1
42079.49546468401,1
42089.496059479556,1
42099.49665427509,1
42109.49724907063,0
42119.49784386617,0
42129.498438661714,1
42139.49903345725,0
42149.499628252786,0
42159.50022304832,1
42169.500817843866,0
42179.50141263941,0
42189.502007434945,0
42199.50260223048,0
42209.50319702602,0
42219.50379182156,1
42229.5043866171,1
42239.50498141264,0
42249.505576208176,0
42259.50617100372,1
42269.506765799255,0
42279.5073605948,1
42289.507955390334,0
42299.50855018587,0
42309.50914498141,0
42319.50973977695,0
42329.51033457249,1
42339.51092936803,1
42349.511524163565,0
42359.51211895911,1
42369.512713754644,0
42379.51330855019,0
42389.51390334572,0
42399.51449814126,3
42409.5150929368,0
42419.515687732346,0
42429.51628252788,0
42439.51687732342,0
42449.517472118954,0
42459.5180669145,0
42469.51866171004,0
42479.51925650558,1
42489.51985130111,0
42499.52044609665,0
42509.52104089219,0
42519.521635687735,1
42529.52223048327,0
42539.52282527881,1
42549.52342007435,1
42559.52401486989,0
42569.52460966543,0
42579.525204460966,1
42589.5257992565,0
42599.526394052045,1
42609.52698884758,1
42619.527583643125,3
42629.52817843866,2
42639.5287732342,0
42649.52936802974,0
42659.529962825276,0
42669.53055762082,0
42679.531152416355,0
42689.53174721189,1
42699.532342007435,0
42709.53293680298,3
42719.533531598514,0
42729.53412639405,0
42739.534721189586,0
42749.53531598513,0
42759.53591078067,0
42769.53650557621,3
42779.537100371745,1
42789.53769516728,0
42799.538289962824,0
42809.53888475837,1
42819.5394795539,0
42829.54007434944,0
42839.54066914498,1
42849.54126394052,0
42859.54185873606,2
42869.5424535316,1
42879.543048327134,0
42889.54364312268,0
42899.54423791821,0
42909.54483271376,0
42919.54542750929,0
42929.54602230483,0
42939.54661710037,0
42949.547211895915,2
42959.54780669145,2
42969.54840148699,1
42979.54899628252,1
42989.54959107807,0
42999.55018587361,0
43009.550780669146,0
43019.55137546468,1
43029.55197026022,1
43039.55256505576,0
43049.553159851304,2
43059.55375464684,1
43069.55434944238,0
43079.55494423791,0
43089.555539033456,0
43099.556133829,0
43109.556728624535,1
43119.55732342007,0
43129.557918215614,0
43139.55851301115,1
43149.559107806694,0
43159.55970260223,1
43169.560297397766,0
43179.56089219331,0
43189.561486988845,1
43199.56208178439,0
43209.562676579924,0
43219.56327137546,0
43229.563866171,0
43239.56446096655,3
43249.56505576208,1
43259.56565055762,1
43269.566245353155,0
43279.5668401487,0
43289.56743494424,1
43299.56802973978,0
43309.56862453531,0
43319.56921933085,0
43329.56981412639,1
43339.570408921936,0
43349.57100371747,0
43359.57159851301,0
43369.57219330855,1
43379.57278810409,0
43389.57338289963,1
43399.57397769517,1
43409.5745724907,2
43419.575167286246,0
43429.57576208178,0
43439.576356877325,1
43449.57695167286,0
43459.5775464684,1
43469.57814126394,0
43479.57873605948,0
43489.57933085502,0
43499.579925650556,0
43509.58052044609,3
43519.581115241635,0
43529.58171003718,1
43539.582304832715,0
43549.58289962825,1
43559.58349442379,1
43569.58408921933,0
43579.58468401487,1
43589.58527881041,0
43599.585873605945,0
43609.58646840148,1
43619.587063197025,0
43629.58765799257,2
43639.588252788104,3
43649.58884758364,0
43659.58944237918,0
43669.59003717472,0
43679.59063197026,1
43689.5912267658,2
43699.591821561335,0
43709.59241635688,0
43719.593011152414,0
43729.59360594796,1
43739.59420074349,0
43749.59479553903,1
43759.59539033457,3
43769.595985130116,1
43779.59657992565,0
43789.59717472119,1
43799.597769516724,2
43809.59836431227,0
43819.59895910781,1
43829.59955390335,0
43839.60014869888,1
43849.60074349442,1
43859.60133828996,1
43869.601933085505,0
43879.60252788104,1
43889.60312267658,1
43899.60371747211,0
43909.60431226766,0
43919.6049070632,0
43929.605501858736,0
43939.60609665427,0
43949.606691449815,0
43959.60728624535,0
43969.607881040894,0
43979.60847583643,2
43989.60907063197,0
43999.60966542751,1
44009.610260223046,0
44019.61085501859,2
44029.611449814125,0
44039.61204460966,0
44049.612639405204,0
44059.61323420075,0
44069.613828996284,1
44079.61442379182,1
44089.615018587356,0
44099.6156133829,1
44109.61620817844,1
44119.61680297398,1
44129.617397769514,3
44139.61799256505,2
44149.618587360594,0
44159.61918215614,0
44169.61977695167,0
44179.62037174721,0
44189.62096654275,1
44199.62156133829,0
44209.62215613383,2
44219.62275092937,4
44229.6233457249,0
44239.62394052045,0
44249.62453531598,2
44259.625130111526,0
44269.62572490706,1
44279.6263197026,0
44289.62691449814,1
44299.62750929368,2
44309.62810408922,0
44319.62869888476,1
44329.62929368029,1
44339.629888475836,0
44349.63048327138,1
44359.631078066916,0
44369.63167286245,1
44379.63226765799,0
44389.63286245353,0
44399.633457249074,0
44409.63405204461,0
44419.634646840146,0
44429.63524163568,1
44439.635836431225,0
44449.63643122677,0
44459.637026022305,3
44469.63762081784,1
44479.638215613384,2
44489.63881040892,1
44499.63940520446,2
44509.64,2
44519.640594795535,1
44529.64118959108,1
44539.641784386615,1
44549.64237918216,1
44559.642973977694,0
44569.64356877323,1
44579.64416356877,1
44589.64475836432,2
44599.64535315985,0
44609.64594795539,0
44619.646542750925,0
44629.64713754647,0
44639.64773234201,1
44649.64832713755,0
44659.64892193308,0
44669.64951672862,1
44679.65011152416,1
44689.650706319706,0
44699.65130111524,0
44709.65189591078,2
44719.652490706314,0
44729.65308550186,0
44739.6536802974,0
44749.65427509294,1
44759.65486988847,0
44769.655464684016,1
44779.65605947955,0
44789.656654275095,1
44799.65724907063,0
44809.65784386617,0
44819.65843866171,0
44829.65903345725,0
44839.65962825279,0
44849.660223048326,0
44859.66081784386,0
44869.661412639405,2
44879.66200743495,0
44889.662602230484,1
44899.66319702602,1
44909.66379182156,2
44919.6643866171,0
44929.66498141264,0
44939.66557620818,0
44949.666171003715,1
44959.66676579925,0
44969.667360594794,0
44979.66795539034,1
44989.668550185874,0
44999.66914498141,0
45009.66973977695,1
45019.67033457249,0
45029.67092936803,2
45039.67152416357,0
45049.672118959104,1
45059.67271375465,0
45069.673308550184,2
45079.67390334573,0
45089.67449814126,0
45099.6750929368,0
45109.67568773234,0
45119.67628252788,1
45129.67687732342,0
45139.67747211896,2
45149.678066914494,1
45159.67866171004,1
45169.67925650558,1
45179.679851301116,3
45189.68044609665,0
45199.68104089219,2
45209.68163568773,1
45219.682230483275,1
45229.68282527881,1
45239.68342007435,0
45249.68401486988,0
45259.684609665426,0
45269.68520446097,0
45279.685799256506,1
45289.68639405204,0
45299.686988847585,2
45309.68758364312,1
45319.688178438664,1
45329.6887732342,2
45339.689368029736,0
45349.68996282528,0
45359.690557620816,1
45369.69115241636,2
45379.691747211895,1
45389.69234200743,2
45399.692936802974,0
45409.69353159852,1
45419.69412639405,2
45429.69472118959,0
45439.695315985125,0
45449.69591078067,0
45459.69650557621,0
45469.69710037175,0
45479.697695167284,0
45489.69828996282,0
45499.69888475836,0
45509.69947955391,0
45519.70007434944,0
45529.70066914498,1
45539.701263940515,0
45549.70185873606,0
45559.7024535316,0
45569.70304832714,1
45579.70364312267,1
45589.70423791822,0
45599.70483271375,0
45609.705427509296,0
45619.70602230483,1
45629.70661710037,0
45639.70721189591,1
45649.70780669145,0
45659.70840148699,0
45669.70899628253,0
45679.70959107806,0
45689.710185873606,0
45699.71078066915,0
45709.711375464685,0
45719.71197026022,0
45729.71256505576,0
45739.7131598513,1
45749.713754646844,1
45759.71434944238,0
45769.714944237916,0
45779.71553903345,0
45789.716133828995,0
45799.71672862454,0
45809.717323420075,0
45819.71791821561,3
45829.71851301115,0
45839.71910780669,1
45849.71970260223,0
45859.72029739777,0
45869.720892193305,0
45879.72148698885,2
45889.722081784384,0
45899.72267657993,0
45909.723271375464,0
45919.723866171,0
45929.72446096654,1
45939.72505576208,0
45949.72565055762,0
45959.72624535316,0
45969.726840148694,0
45979.72743494424,0
45989.72802973978,2
45999.72862453532,0
46009.72921933085,0
46019.72981412639,1
46029.73040892193,2
46039.731003717476,4
46049.73159851301,2
46059.73219330855,0
46069.732788104084,1
46079.73338289963,0
46089.73397769517,0
46099.734572490706,2
46109.73516728624,1
46119.735762081786,0
46129.73635687732,0
46139.736951672865,0
46149.7375464684,0
46159.73814126394,0
46169.73873605948,0
46179.739330855016,0
46189.73992565056,0
46199.740520446096,1
46209.74111524163,3
46219.741710037175,0
46229.74230483271,0
46239.742899628254,1
46249.74349442379,1
46259.744089219326,0
46269.74468401487,2
46279.74527881041,0
46289.74587360595,2
46299.746468401485,0
46309.74706319702,0
46319.747657992564,0
46329.74825278811,0
46339.74884758364,0
46349.74944237918,1
46359.750037174716,1
46369.75063197026,1
46379.7512267658,0
46389.75182156134,0
46399.752416356874,1
46409.75301115242,0
46419.75360594795,2
46429.7542007435,1
46439.75479553903,0
46449.75539033457,1
46459.75598513011,0
46469.75657992565,0
46479.75717472119,0
46489.75776951673,1
46499.75836431226,0
46509.75895910781,0
46519.75955390335,1
46529.760148698886,0
46539.76074349442,0
46549.76133828996,0
46559.7619330855,0
46569.762527881045,1
46579.76312267658,1
46589.76371747212,2
46599.76431226765,0
46609.764907063196,1
46619.76550185874,1
46629.766096654275,1
46639.76669144981,0
46649.76728624535,1
46659.76788104089,0
46669.768475836434,0
46679.76907063197,0
46689.769665427506,1
46699.77026022305,0
46709.770855018585,1
46719.77144981413,0
46729.772044609665,1
46739.7726394052,1
46749.773234200744,0
46759.77382899628,0
46769.77442379182,0
46779.77501858736,0
46789.775613382895,1
46799.77620817844,1
46809.77680297398,0
46819.77739776952,0
46829.777992565054,0
46839.77858736059,1
46849.77918215613,0
46859.77977695168,1
46869.78037174721,0
46879.78096654275,0
46889.781561338285,1
46899.78215613383,1
46909.78275092937,0
46919.78334572491,0
46929.78394052044,0
46939.78453531599,0
46949.78513011152,0
46959.785724907066,0
46969.7863197026,0
46979.78691449814,1
46989.78750929368,1
46999.78810408922,1
47009.78869888476,1
47019.7892936803,1
47029.78988847583,0
47039.790483271376,1
47049.79107806691,1
47059.791672862455,0
47069.79226765799,1
47079.79286245353,0
47089.79345724907,1
47099.79405204461,0
47109.79464684015,1
47119.795241635686,0
47129.79583643122,0
47139.796431226765,0
47149.79702602231,1
47159.797620817844,1
47169.79821561338,1
47179.798810408916,0
47189.79940520446,1
47199.8,0
47209.80059479554,0
47219.801189591075,0
47229.80178438662,0
47239.802379182154,2
47249.8029739777,2
47259.80356877323,0
47269.80416356877,1
47279.80475836431,0
47289.80535315985,1
47299.80594795539,1
47309.80654275093,1
47319.807137546464,1
47329.80773234201,0
47339.80832713755,0
47349.80892193309,1
47359.80951672862,1
47369.81011152416,0
47379.8107063197,1
47389.811301115245,2
47399.81189591078,0
47409.81249070632,0
47419.81308550185,0
47429.8136802974,2
47439.81427509294,0
47449.814869888476,0
47459.81546468401,0
47469.81605947955,1
47479.81665427509,0
47489.817249070635,0
47499.81784386617,0
47509.81843866171,0
47519.81903345725,0
47529.819628252786,0
47539.82022304833,0
47549.820817843865,0
47559.8214126394,0
47569.822007434945,1
47579.82260223048,1
47589.823197026024,1
47599.82379182156,0
47609.824386617096,1
47619.82498141264,0
47629.82557620818,1
47639.82617100372,1
47649.826765799255,0
47659.82736059479,1
47669.827955390334,0
47679.82855018588,0
47689.82914498141,0
47699.82973977695,2
47709.830334572485,1
47719.83092936803,0
47729.83152416357,0
47739.83211895911,1
47749.832713754644,0
47759.83330855019,0
47769.83390334572,0
47779.83449814127,1
47789.8350929368,1
47799.83568773234,2
47809.83628252788,0
47819.83687732342,0
47829.83747211896,0
47839.8380669145,0
47849.83866171003,0
47859.83925650558,0
47869.83985130111,0
47879.840446096656,0
47889.84104089219,0
47899.84163568773,0
47909.84223048327,0
47919.842825278814,0
47929.84342007435,0
47939.84401486989,0
47949.84460966542,1
47959.845204460966,0
47969.84579925651,1
47979.846394052045,0
47989.84698884758,1
47999.84758364312,0
48009.84817843866,0
48019.848773234204,0
48029.84936802974,0
48039.849962825276,1
48049.85055762082,1
48059.851152416355,0
48069.8517472119,0
48079.852342007434,0
48089.85293680297,1
48099.853531598514,2
48109.85412639405,0
48119.85472118959,1
48129.85531598513,1
48139.855910780665,0
48149.85650557621,0
48159.85710037175,0
48169.85769516729,0
48179.85828996282,0
48189.85888475836,0
48199.8594795539,0
48209.860074349446,1
48219.86066914498,0
48229.86126394052,0
48239.861858736054,0
48249.8624535316,0
48259.86304832714,1
48269.86364312268,0
48279.86423791821,0
48289.86483271375,1
48299.86542750929,0
48309.866022304835,0
48319.86661710037,0
48329.86721189591,1
48339.86780669145,0
48349.86840148699,0
48359.86899628253,1
48369.869591078066,0
48379.8701858736,0
48389.870780669145,0
48399.87137546468,0
48409.871970260225,0
48419.87256505576,0
48429.8731598513,0
48439.87375464684,2
48449.87434944238,1
48459.87494423792,0
48469.875539033455,0
48479.87613382899,2
48489.876728624535,1
48499.87732342008,1
48509.877918215614,1
48519.87851301115,0
48529.879107806686,0
48539.87970260223,1
48549.88029739777,1
48559.88089219331,0
48569.881486988845,0
48579.88208178438,0
48589.882676579924,0
48599.88327137547,0
48609.883866171,0
48619.88446096654,0
48629.88505576208,1
48639.88565055762,1
48649.88624535316,0
48659.8868401487,0
48669.887434944234,1
48679.88802973978,1
48689.88862453531,0
48699.88921933086,1
48709.88981412639,0
48719.89040892193,0
48729.89100371747,0
48739.891598513015,0
48749.89219330855,1
48759.89278810409,1
48769.89338289962,1
48779.89397769517,1
48789.89457249071,0
48799.895167286246,0
48809.89576208178,0
48819.89635687732,0
48829.89695167286,0
48839.897546468404,1
48849.89814126394,0
48859.89873605948,0
48869.89933085502,0
48879.899925650556,1
48889.9005204461,0
48899.901115241635,0
48909.90171003717,0
48919.902304832714,1
48929.90289962825,0
48939.903494423794,0
48949.90408921933,1
48959.904684014866,0
48969.90527881041,0
48979.905873605945,0
48989.90646840149,1
48999.907063197024,1
49009.90765799256,0
49019.908252788104,0
49029.90884758365,0
49039.90944237918,0
49049.91003717472,0
49059.910631970255,0
49069.9112267658,0
49079.91182156134,0
49089.91241635688,1
49099.913011152414,2
49109.91360594795,0
49119.91420074349,0
49129.914795539036,0
49139.91539033457,1
49149.91598513011,0
49159.91657992565,0
49169.91717472119,0
49179.91776951673,1
49189.91836431227,1
49199.9189591078,0
49209.919553903346,0
49219.92014869888,0
49229.920743494426,1
49239.92133828996,0
49249.9219330855,0
49259.92252788104,0
49269.923122676584,0
49279.92371747212,0
49289.924312267656,0
49299.92490706319,0
49309.925501858736,0
49319.92609665428,0
49329.926691449815,0
49339.92728624535,0
49349.92788104089,0
49359.92847583643,1
49369.92907063197,0
49379.92966542751,0
49389.930260223045,0
49399.93085501858,1
49409.931449814125,0
49419.93204460967,0
49429.932639405204,0
49439.93323420074,0
49449.93382899628,0
49459.93442379182,0
49469.93501858736,1
49479.9356133829,0
49489.936208178435,0
49499.93680297398,0
49509.937397769514,1
49519.93799256506,0
49529.93858736059,0
49539.93918215613,0
49549.93977695167,1
49559.940371747216,1
49569.94096654275,1
49579.94156133829,0
49589.942156133824,0
49599.94275092937,1
49609.94334572491,0
49619.94394052045,0
49629.94453531598,0
49639.94513011152,0
49649.94572490706,0
49659.946319702605,0
49669.94691449814,1
49679.94750929368,0
49689.94810408922,0
49699.94869888476,0
49709.9492936803,1
49719.949888475836,0
49729.95048327137,0
49739.951078066915,0
49749.95167286245,1
49759.952267657995,0
49769.95286245353,0
49779.95345724907,0
49789.95405204461,0
49799.954646840146,0
49809.95524163569,0
49819.955836431225,0
49829.95643122676,0
49839.957026022304,0
49849.95762081785,0
49859.958215613384,1
49869.95881040892,0
49879.959405204456,0
49889.96,0
49899.96059479554,0
49909.96118959108,0
49919.961784386614,1
49929.96237918215,0
49939.962973977694,0
49949.96356877324,0
49959.96416356877,0
49969.96475836431,0
49979.96535315985,0
49989.96594795539,0
49999.96654275093,0
50009.96713754647,0
50019.967732342004,0
50029.96832713755,0
50039.96892193308,0
50049.969516728626,0
50059.97011152416,0
50069.9707063197,0
50079.97130111524,0
50089.971895910785,1
50099.97249070632,1
50109.97308550186,0
50119.97368029739,1
50129.974275092936,0
50139.97486988848,0
50149.975464684016,1
50159.97605947955,0
50169.97665427509,1
50179.97724907063,0
50189.977843866174,0
50199.97843866171,1
50209.979033457246,0
50219.97962825278,0
50229.980223048326,1
50239.98081784387,0
50249.981412639405,0
50259.98200743494,0
50269.982602230484,0
50279.98319702602,0
50289.98379182156,0
50299.9843866171,0
50309.984981412636,0
50319.98557620818,0
50329.986171003715,0
50339.98676579926,0
50349.987360594794,0
50359.98795539033,0
50369.98855018587,0
50379.98914498142,0
50389.98973977695,1
50399.99033457249,0
50409.990929368025,0
50419.99152416357,0
50429.99211895911,0
50439.99271375465,0
50449.99330855018,0
50459.99390334572,0
50469.99449814126,0
50479.995092936806,0
50489.99568773234,0
50499.99628252788,0
50509.99687732342,0
50519.99747211896,0
50529.9980669145,1
50539.99866171004,0
50549.99925650557,0
50559.999851301116,0
50570.00044609665,0
50580.001040892195,0
50590.00163568773,0
50600.00223048327,0
50610.00282527881,0
50620.00342007435,0
50630.00401486989,0
50640.004609665426,0
50650.00520446096,2
50660.005799256505,0
50670.00639405205,0
50680.006988847585,0
50690.00758364312,0
50700.00817843866,0
50710.0087732342,0
50720.00936802974,0
50730.00996282528,0
50740.010557620815,0
50750.01115241635,0
50760.011747211895,0
50770.01234200744,0
50780.012936802974,0
50790.01353159851,0
50800.01412639405,0
50810.01472118959,0
50820.01531598513,1
50830.01591078067,0
50840.016505576205,0
50850.01710037175,1
50860.017695167284,0
50870.01828996283,0
50880.01888475836,0
50890.0194795539,0
50900.02007434944,0
50910.020669144986,0
50920.02126394052,0
50930.02185873606,0
50940.022453531594,0
50950.02304832714,1
50960.02364312268,0
50970.02423791822,0
50980.02483271375,0
50990.02542750929,0
51000.02602230483,1
51010.026617100375,0
51020.02721189591,0
51030.02780669145,0
51040.02840148698,1
51050.028996282526,1
51060.02959107807,0
51070.030185873606,1
51080.03078066914,0
51090.031375464685,0
51100.03197026022,0
51110.032565055764,0
51120.0331598513,0
51130.033754646836,1
51140.03434944238,0
51150.034944237916,0
51160.03553903346,0
51170.036133828995,0
51180.03672862453,2
51190.037323420074,0
51200.03791821562,0
51210.03851301115,0
51220.03910780669,0
51230.039702602226,0
51240.04029739777,0
51250.04089219331,0
51260.04148698885,0
51270.042081784384,0
51280.04267657992,0
51290.04327137546,0
51300.04386617101,0
51310.04446096654,0
51320.04505576208,0
51330.045650557615,0
51340.04624535316,0
51350.0468401487,0
51360.04743494424,0
51370.04802973977,1
51380.04862453532,0
51390.04921933085,0
51400.049814126396,0
51410.05040892193,0
51420.05100371747,0
51430.05159851301,0
51440.05219330855,0
51450.05278810409,0
51460.05338289963,0
51470.05397769516,0
51480.054572490706,0
51490.05516728625,0
51500.055762081785,0
51510.05635687732,0
51520.05695167286,0
51530.0575464684,0
51540.058141263944,0
51550.05873605948,0
51560.059330855016,0
51570.05992565055,0
51580.060520446095,0
51590.06111524164,0
51600.061710037175,0
51610.06230483271,0
51620.062899628254,0
51630.06349442379,0
51640.06408921933,0
51650.06468401487,0
51660.065278810405,0
51670.06587360595,0
51680.066468401485,0
51690.06706319703,0
51700.067657992564,0
51710.0682527881,0
51720.06884758364,0
51730.06944237918,0
51740.07003717472,0
51750.07063197026,0
51760.071226765795,0
51770.07182156134,0
51780.07241635688,0
51790.07301115242,0
51800.07360594795,0
51810.07420074349,0
51820.07479553903,0
51830.075390334576,1
51840.07598513011,0
51850.07657992565,0
51860.077174721184,0
51870.07776951673,0
51880.07836431227,0
51890.07895910781,0
51900.07955390334,0
51910.080148698886,0
51920.08074349442,0
51930.081338289965,0
51940.0819330855,0
51950.08252788104,0
51960.08312267658,0
51970.08371747212,0
51980.08431226766,0
51990.084907063196,0
52000.08550185873,0
52010.086096654275,0
52020.08669144982,0
52030.087286245354,0
52040.08788104089,0
52050.08847583643,0
52060.08907063197,0
52070.08966542751,0
52080.09026022305,0
52090.090855018585,0
52100.09144981412,0
52110.092044609664,0
52120.09263940521,0
52130.09323420074,0
52140.09382899628,0
52150.094423791816,0
52160.09501858736,0
52170.0956133829,0
52180.09620817844,0
52190.096802973974,0
52200.09739776952,0
52210.09799256505,0
52220.0985873606,0
52230.09918215613,0
52240.09977695167,0
52250.10037174721,0
52260.10096654275,0
52270.10156133829,1
52280.10215613383,0
52290.10275092936,0
52300.10334572491,0
52310.10394052045,0
52320.104535315986,0
52330.10513011152,0
52340.10572490706,0
52350.1063197026,0
52360.106914498145,0
52370.10750929368,0
52380.10810408922,0
52390.10869888475,0
52400.109293680296,0
52410.10988847584,0
52420.110483271375,0
52430.11107806691,0
52440.111672862455,0
52450.11226765799,0
52460.112862453534,0
52470.11345724907,0
52480.114052044606,0
52490.11464684015,0
52500.115241635685,0
52510.11583643123,1
52520.116431226765,0
52530.1170260223,0
52540.117620817844,0
52550.11821561338,0
52560.11881040892,0
52570.11940520446,0
52580.119999999995,0
52590.12059479554,0
52600.12118959108,0
52610.12178438662,0
52620.122379182154,0
52630.12297397769,0
52640.12356877323,0
52650.12416356878,0
52660.12475836431,0
52670.12535315985,0
52680.125947955385,0
52690.12654275093,0
52700.12713754647,0
52710.12773234201,0
52720.12832713754,0
52730.12892193309,0
52740.12951672862,0
52750.130111524166,0
52760.1307063197,0
52770.13130111524,0
52780.13189591078,1
52790.13249070632,0
52800.13308550186,0
52810.1336802974,0
52820.13427509293,0
52830.134869888476,0
52840.13546468402,0
52850.136059479555,0
52860.13665427509,0
52870.13724907063,0
52880.13784386617,0
52890.138438661714,1
52900.13903345725,0
52910.139628252786,0
52920.14022304832,0
52930.140817843865,0
52940.14141263941,1
52950.142007434944,0
52960.14260223048,0
52970.14319702602,0
52980.14379182156,0
52990.1443866171,0
53000.14498141264,1
53010.145576208175,0
53020.14617100372,0
53030.146765799254,0
53040.1473605948,0
53050.147955390334,0
53060.14855018587,0
53070.14914498141,0
53080.14973977695,0
53090.15033457249,0
53100.15092936803,0
53110.151524163564,0
53120.15211895911,0
53130.15271375465,0
53140.15330855019,0
53150.15390334572,0
53160.15449814126,0
53170.1550929368,0
53180.155687732346,0
53190.15628252788,0
53200.15687732342,0
53210.15747211895,0
53220.1580669145,0
53230.15866171004,0
53240.159256505576,0
53250.15985130111,0
53260.160446096656,0
53270.16104089219,0
53280.161635687735,0
53290.16223048327,0
53300.16282527881,0
53310.16342007435,0
53320.164014869886,0
53330.16460966543,0
53340.165204460965,0
53350.1657992565,0
53360.166394052045,0
53370.16698884758,0
53380.167583643124,0
53390.16817843866,0
53400.168773234196,0
53410.16936802974,0
53420.16996282528,0
53430.17055762082,0
53440.171152416355,0
53450.17174721189,0
53460.172342007434,0
53470.17293680298,0
53480.17353159851,0
53490.17412639405,0
53500.174721189585,0
53510.17531598513,0
53520.17591078067,0
53530.17650557621,0
53540.177100371744,0
53550.17769516729,0
53560.17828996282,0
53570.17888475837,0
53580.1794795539,0
53590.18007434944,0
53600.18066914498,0
53610.18126394052,0
53620.18185873606,0
53630.1824535316,0
53640.18304832713,0
53650.18364312268,0
53660.18423791822,0
53670.184832713756,0
53680.18542750929,1
53690.18602230483,0
53700.18661710037,0
53710.187211895915,0
53720.18780669145,0
53730.18840148699,0
53740.18899628252,0
53750.189591078066,0
53760.19018587361,0
53770.190780669145,0
53780.19137546468,0
53790.19197026022,0
53800.19256505576,0
53810.193159851304,0
53820.19375464684,0
53830.194349442376,0
53840.19494423792,0
53850.195539033455,0
53860.196133829,0
53870.196728624534,0
53880.19732342007,0
53890.197918215614,0
53900.19851301115,0
53910.19910780669,0
53920.19970260223,0
53930.200297397765,0
53940.20089219331,0
53950.20148698885,0
53960.20208178439,0
53970.202676579924,0
53980.20327137546,0
53990.203866171,0
54000.204460966546,0
54010.20505576208,0
54020.20565055762,0
54030.206245353154,0
54040.2068401487,0
54050.20743494424,0
54060.20802973978,0
54070.20862453531,0
54080.209219330856,0
54090.20981412639,1
54100.210408921936,0
54110.21100371747,0
54120.21159851301,0
54130.21219330855,0
54140.21278810409,0
54150.21338289963,0
54160.213977695166,0
54170.2145724907,0
54180.215167286246,0
54190.21576208178,0
54200.216356877325,0
54210.21695167286,0
54220.2175464684,0
54230.21814126394,0
54240.21873605948,0
54250.21933085502,0
54260.219925650556,0
54270.22052044609,0
54280.221115241635,0
54290.22171003718,0
54300.222304832714,0
54310.22289962825,0
54320.223494423786,0
54330.22408921933,0
54340.22468401487,0
54350.22527881041,0
54360.225873605945,0
54370.22646840149,0
54380.227063197024,0
54390.22765799257,0
54400.2282527881,0
54410.22884758364,0
54420.22944237918,0
54430.23003717472,0
54440.23063197026,0
54450.2312267658,0
54460.231821561334,0
54470.23241635688,0
54480.23301115241,0
54490.23360594796,0
54500.23420074349,0
54510.23479553903,0
54520.23539033457,0
54530.235985130115,0
54540.23657992565,0
54550.23717472119,0
54560.23776951672,0
54570.23836431227,0
54580.23895910781,0
54590.239553903346,0
54600.24014869888,0
54610.24074349442,0
54620.24133828996,0
54630.241933085505,0
54640.24252788104,0
54650.24312267658,0
54660.24371747212,0
54670.244312267656,0
54680.2449070632,0
54690.245501858735,0
54700.24609665427,0
54710.246691449815,0
54720.24728624535,0
54730.247881040894,0
54740.24847583643,0
54750.249070631966,0
54760.24966542751,0
54770.25026022305,0
54780.25085501859,0
54790.251449814124,0
54800.25204460966,0
54810.252639405204,0
54820.25323420075,0
54830.25382899628,0
54840.25442379182,0
54850.255018587355,0
54860.2556133829,0
54870.25620817844,0
54880.25680297398,0
54890.257397769514,0
54900.25799256505,0
54910.25858736059,0
54920.25918215614,0
54930.25977695167,0
54940.26037174721,0
54950.26096654275,0
54960.26156133829,0
54970.26215613383,1
54980.26275092937,0
54990.2633457249,0
55000.263940520446,0
55010.26453531598,0
55020.265130111526,0
55030.26572490706,0
55040.2663197026,0
55050.26691449814,0
55060.267509293684,0
55070.26810408922,0
55080.268698884756,0
55090.26929368029,0
55100.269888475836,0
55110.27048327138,0
55120.271078066915,0
55130.27167286245,0
55140.27226765799,0
55150.27286245353,0
55160.27345724907,0
55170.27405204461,0
55180.274646840146,0
55190.27524163569,0
55200.275836431225,0
55210.27643122677,0
55220.277026022304,0
55230.27762081784,0
55240.27821561338,0
55250.27881040892,0
55260.27940520446,0
55270.28,0
55280.280594795535,0
55290.28118959108,0
55300.281784386614,0
55310.28237918216,0
55320.28297397769,0
55330.28356877323,0
55340.28416356877,0
55350.284758364316,0
55360.28535315985,0
55370.28594795539,0
55380.286542750924,0
55390.28713754647,0
55400.28773234201,0
55410.28832713755,0
55420.28892193308,0
55430.28951672862,0
55440.29011152416,0
55450.290706319705,0
55460.29130111524,0
55470.29189591078,0
55480.29249070632,0
55490.29308550186,0
55500.2936802974,0
55510.294275092936,0
55520.29486988847,0
55530.295464684015,0
55540.29605947955,0
55550.296654275095,0
55560.29724907063,0
55570.29784386617,0
55580.29843866171,0
55590.29903345725,0
55600.29962825279,0
55610.300223048325,0
55620.30081784386,0
55630.301412639405,0
55640.30200743495,0
55650.302602230484,0
55660.30319702602,0
55670.303791821556,0
55680.3043866171,0
55690.30498141264,0
55700.30557620818,0
55710.306171003715,0
55720.30676579925,0
55730.307360594794,0
55740.30795539034,0
55750.30855018587,0
55760.30914498141,0
55770.30973977695,0
55780.31033457249,0
55790.31092936803,0
55800.31152416357,0
55810.312118959104,0
55820.31271375465,0
55830.31330855018,0
55840.31390334573,0
55850.31449814126,0
55860.3150929368,0
55870.31568773234,0
55880.316282527885,0
55890.31687732342,0
55900.31747211896,0
55910.31806691449,0
55920.31866171004,0
55930.31925650558,0
55940.319851301116,0
55950.32044609665,0
55960.32104089219,0
55970.32163568773,0
55980.322230483274,0
55990.32282527881,0
56000.323420074346,0
56010.32401486989,0
56020.324609665426,0
56030.32520446097,1
56040.325799256505,0
56050.32639405204,0
56060.326988847584,0
56070.32758364312,0
56080.32817843866,0
56090.3287732342,0
56100.329368029736,0
56110.32996282528,0
56120.330557620815,0
56130.33115241636,0
56140.331747211894,0
56150.33234200743,0
56160.33293680297,0
56170.33353159852,0
56180.33412639405,0
56190.33472118959,0
56200.335315985125,0
56210.33591078067,0
56220.33650557621,0
56230.33710037175,0
56240.33769516728,0
56250.33828996282,0
56260.33888475836,0
56270.339479553906,0
56280.34007434944,0
56290.34066914498,0
56300.34126394052,0
56310.34185873606,0
56320.3424535316,0
56330.34304832714,0
56340.34364312267,0
56350.344237918216,0
56360.34483271375,0
56370.345427509295,0
56380.34602230483,0
56390.34661710037,0
56400.34721189591,0
56410.347806691454,0
56420.34840148699,0
56430.348996282526,0
56440.34959107806,0
56450.350185873605,0
56460.35078066915,0
56470.351375464685,0
56480.35197026022,0
56490.35256505576,0
56500.3531598513,0
56510.35375464684,0
56520.35434944238,0
56530.354944237915,0
56540.35553903345,0
56550.356133828995,0
56560.35672862454,0
56570.357323420074,0
56580.35791821561,0
56590.35851301115,0
56600.35910780669,0
56610.35970260223,0
56620.36029739777,0
56630.360892193305,0
56640.36148698885,0
56650.362081784384,0
56660.36267657993,0
56670.36327137546,0
56680.363866171,0
56690.36446096654,0
56700.365055762086,0
56710.36565055762,0
56720.36624535316,0
56730.366840148694,0
56740.36743494424,0
56750.36802973978,0
56760.36862453532,0
56770.36921933085,0
56780.36981412639,0
56790.37040892193,0
56800.371003717475,0
56810.37159851301,0
56820.37219330855,0
56830.37278810409,0
56840.37338289963,0
56850.37397769517,0
56860.374572490706,0
56870.37516728624,0
56880.375762081785,0
56890.37635687732,0
56900.376951672864,0
56910.3775464684,0
56920.37814126394,0
56930.37873605948,0
56940.379330855016,0
56950.37992565056,0
56960.380520446095,0
56970.38111524163,0
56980.381710037174,0
56990.38230483272,0
57000.382899628254,0
57010.38349442379,0
57020.384089219326,0
57030.38468401487,0
57040.38527881041,0
57050.38587360595,0
57060.386468401484,0
57070.38706319702,0
57080.38765799256,0
57090.38825278811,0
57100.38884758364,0
57110.38944237918,0
57120.39003717472,0
57130.39063197026,0
57140.3912267658,0
57150.39182156134,0
57160.39241635687,0
57170.39301115242,0
57180.39360594795,0
57190.394200743496,0
57200.39479553903,0
57210.39539033457,0
57220.39598513011,0
57230.39657992565,0
57240.39717472119,0
57250.39776951673,0
57260.39836431226,0
57270.398959107806,0
57280.39955390335,0
57290.400148698885,0
57300.40074349442,0
57310.40133828996,0
57320.4019330855,0
57330.402527881044,0
57340.40312267658,1
57350.403717472116,0
57360.40431226765,0
57370.404907063195,0
57380.40550185874,0
57390.406096654275,0
57400.40669144981,0
57410.407286245354,0
57420.40788104089,0
57430.40847583643,0
57440.40907063197,0
57450.409665427505,0
57460.41026022305,0
57470.410855018585,0
57480.41144981413,0
57490.412044609664,0
57500.4126394052,0
57510.41323420074,0
57520.41382899629,0
57530.41442379182,0
57540.41501858736,0
57550.415613382895,0
57560.41620817844,0
57570.41680297398,0
57580.41739776952,0
57590.41799256505,0
57600.41858736059,0
57610.41918215613,0
57620.419776951676,0
57630.42037174721,0
57640.42096654275,0
57650.421561338284,0
57660.42215613383,0
57670.42275092937,0
57680.42334572491,0
57690.42394052044,0
57700.424535315986,0
57710.42513011152,0
57720.425724907065,0
57730.4263197026,0
57740.42691449814,0
57750.42750929368,0
57760.42810408922,0
57770.42869888476,0
57780.429293680296,0
57790.42988847583,0
57800.430483271375,0
57810.43107806692,0
57820.431672862454,0
57830.43226765799,0
57840.43286245353,0
57850.43345724907,0
57860.43405204461,0
57870.43464684015,0
57880.435241635685,0
57890.43583643122,0
57900.436431226764,0
57910.43702602231,0
57920.437620817844,0
57930.43821561338,0
57940.43881040892,0
57950.43940520446,0
57960.44,0
57970.44059479554,0
57980.441189591074,0
57990.44178438662,0
58000.442379182154,0
58010.4429739777,0
58020.44356877323,0
58030.44416356877,0
58040.44475836431,0
58050.44535315985,0
58060.44594795539,0
58070.44654275093,0
58080.44713754646,0
58090.44773234201,0
58100.44832713755,0
58110.448921933086,0
58120.44951672862,0
58130.45011152416,0
58140.4507063197,0
58150.451301115245,0
58160.45189591078,0
58170.45249070632,0
58180.45308550185,0
58190.453680297396,0
58200.45427509294,0
58210.454869888476,0
58220.45546468401,0
58230.456059479555,0
58240.45665427509,0
58250.457249070634,0
58260.45784386617,0
58270.458438661706,0
58280.45903345725,0
58290.459628252785,0
58300.46022304833,0
58310.460817843865,0
58320.4614126394,0
58330.462007434944,0
58340.46260223049,0
58350.46319702602,0
58360.46379182156,0
58370.464386617095,0
58380.46498141264,0
58390.46557620818,0
58400.46617100372,0
58410.466765799254,0
58420.46736059479,0
58430.46795539033,0
58440.46855018588,0
58450.46914498141,0
58460.46973977695,0
58470.470334572485,0
58480.47092936803,0
58490.47152416357,0
58500.47211895911,0
58510.47271375464,0
58520.47330855019,0
58530.47390334572,0
58540.474498141266,0
58550.4750929368,0
58560.47568773234,0
58570.47628252788,0
58580.47687732342,0
58590.47747211896,0
58600.4780669145,0
58610.47866171003,0
58620.479256505576,0
58630.47985130112,0
58640.480446096655,0
58650.48104089219,0
58660.48163568773,0
58670.48223048327,0
58680.482825278814,1
58690.48342007435,0
58700.484014869886,0
58710.48460966542,0
58720.485204460965,0
58730.48579925651,0
58740.486394052044,0
58750.48698884758,0
58760.487583643124,0
58770.48817843866,0
58780.4887732342,0
58790.48936802974,0
58800.489962825275,0
58810.49055762082,0
58820.491152416354,0
58830.4917472119,0
58840.492342007434,0
58850.49293680297,0
58860.49353159851,0
58870.49412639405,0
58880.49472118959,0
58890.49531598513,0
58900.495910780664,0
58910.49650557621,0
58920.49710037175,0
58930.49769516729,0
58940.49828996282,0
58950.49888475836,0
58960.4994795539,0
58970.500074349446,0
58980.50066914498,0
58990.50126394052,0
59000.501858736054,0
59010.5024535316,0
59020.50304832714,0
59030.503643122676,0
59040.50423791821,0
59050.504832713756,0
59060.50542750929,0
59070.506022304835,0
59080.50661710037,0
59090.50721189591,0
59100.50780669145,0
59110.508401486986,0
59120.50899628253,0
59130.509591078066,0
59140.5101858736,0
59150.510780669145,0
59160.51137546469,0
59170.511970260224,0
59180.51256505576,0
59190.513159851296,0
59200.51375464684,0
59210.51434944238,0
59220.51494423792,0
59230.515539033455,0
59240.51613382899,0
59250.516728624534,0
59260.51732342008,0
59270.51791821561,0
59280.51851301115,0
59290.519107806685,0
59300.51970260223,0
59310.52029739777,0
59320.52089219331,0
59330.521486988844,0
59340.52208178439,0
59350.52267657992,0
59360.52327137547,0
59370.523866171,0
59380.52446096654,0
59390.52505576208,0
59400.52565055762,0
59410.52624535316,0
59420.5268401487,0
59430.52743494423,0
59440.52802973978,0
59450.52862453532,0
59460.529219330856,0
59470.52981412639,0
59480.53040892193,0
59490.53100371747,0
59500.531598513015,0
59510.53219330855,0
59520.53278810409,0
59530.53338289962,0
59540.533977695166,0
59550.53457249071,0
59560.535167286245,0
59570.53576208178,0
59580.536356877325,0
59590.53695167286,0
59600.537546468404,0
59610.53814126394,0
59620.538736059476,0
59630.53933085502,0
59640.539925650555,0
59650.5405204461,0
59660.541115241635,0
59670.54171003717,0
59680.542304832714,0
59690.54289962825,0
59700.54349442379,0
59710.54408921933,0
59720.544684014865,0
59730.54527881041,0
59740.54587360595,0
59750.54646840149,0
59760.547063197024,0
59770.54765799256,0
59780.5482527881,0
59790.54884758365,0
59800.54944237918,0
59810.55003717472,0
59820.550631970254,0
59830.5512267658,0
59840.55182156134,0
59850.55241635688,0
59860.55301115241,0
59870.55360594796,0
59880.55420074349,0
59890.554795539036,0
59900.55539033457,0
59910.55598513011,0
59920.55657992565,0
59930.55717472119,0
59940.55776951673,0
59950.558364312266,0
59960.5589591078,0
59970.559553903346,0
59980.56014869889,0
59990.560743494425,0
60000.56133828996,0
60010.5619330855,0
60020.56252788104,0
60030.56312267658,0
60040.56371747212,0
60050.564312267656,0
60060.56490706319,0
60070.565501858735,0
60080.56609665428,0
60090.566691449814,0
60100.56728624535,0
60110.567881040886,0
60120.56847583643,0
60130.56907063197,0
60140.56966542751,0
60150.570260223045,0
60160.57085501859,0
60170.571449814124,0
60180.57204460967,0
60190.5726394052,0
60200.57323420074,0
60210.57382899628,0
60220.57442379182,0
60230.57501858736,0
60240.5756133829,0
60250.576208178434,0
60260.57680297398,0
60270.57739776952,0
60280.57799256506,0
60290.57858736059,0
60300.57918215613,0
60310.57977695167,0
60320.580371747215,0
60330.58096654275,0
60340.58156133829,0
60350.58215613382,0
60360.58275092937,0
60370.58334572491,0
60380.583940520446,0
60390.58453531598,0
60400.58513011152,0
60410.58572490706,0
60420.586319702605,0
60430.58691449814,0
60440.58750929368,0
60450.58810408922,0
60460.588698884756,0
60470.5892936803,0
60480.589888475835,0
60490.59048327137,0
60500.591078066915,0
60510.59167286245,0
60520.592267657994,0
60530.59286245353,0
60540.593457249066,0
60550.59405204461,0
60560.59464684015,0
60570.59524163569,0
60580.595836431225,0
60590.59643122676,0
60600.597026022304,0
60610.59762081785,0
60620.59821561338,0
60630.59881040892,0
60640.599405204455,0
60650.6,0
60660.60059479554,0
60670.60118959108,0
60680.601784386614,0
60690.60237918216,0
60700.60297397769,0
60710.60356877324,0
60720.60416356877,0
60730.60475836431,0
60740.60535315985,0
60750.60594795539,0
60760.60654275093,0
60770.60713754647,0
60780.607732342,0
60790.60832713755,0
60800.60892193308,0
60810.609516728626,0
60820.61011152416,0
60830.6107063197,0
60840.61130111524,0
60850.611895910784,0
60860.61249070632,0
60870.61308550186,0
60880.61368029739,0
60890.614275092936,0
60900.61486988848,0
60910.615464684015,0
60920.61605947955,0
60930.61665427509,0
60940.61724907063,0
60950.617843866174,0
60960.61843866171,0
60970.619033457246,0
60980.61962825279,0
60990.620223048325,0
61000.62081784387,0
61010.621412639404,0
61020.62200743494,0
61030.62260223048,0
61040.62319702602,0
61050.62379182156,0
61060.6243866171,0
61070.624981412635,0
61080.62557620818,0
61090.62617100372,0
61100.62676579926,0
61110.62736059479,0
61120.62795539033,0
61130.62855018587,0
61140.629144981416,0
61150.62973977695,0
61160.63033457249,0
61170.630929368024,0
61180.63152416357,0
61190.63211895911,0
61200.63271375465,0
61210.63330855018,0
61220.63390334572,0
61230.63449814126,0
61240.635092936805,0
61250.63568773234,0
61260.63628252788,0
61270.63687732342,0
61280.63747211896,0
61290.6380669145,0
61300.638661710036,0
61310.63925650557,0
61320.639851301115,0
61330.64044609665,0
61340.641040892195,0
61350.64163568773,0
61360.64223048327,0
61370.64282527881,0
61380.64342007435,0
61390.64401486989,0
61400.644609665425,0
61410.64520446096,0
61420.645799256505,0
61430.64639405205,0
61440.646988847584,0
61450.64758364312,0
61460.648178438656,0
61470.6487732342,0
61480.64936802974,0
61490.64996282528,0
61500.650557620815,0
61510.65115241636,0
61520.651747211894,0
61530.65234200744,0
61540.65293680297,0
61550.65353159851,0
61560.65412639405,0
61570.65472118959,0
61580.65531598513,0
61590.65591078067,0
61600.656505576204,0
61610.65710037175,0
61620.65769516728,0
61630.65828996283,0
61640.65888475836,0
61650.6594795539,0
61660.66007434944,0
61670.660669144985,0
61680.66126394052,0
61690.66185873606,0
61700.66245353159,0
61710.66304832714,0
61720.66364312268,0
61730.664237918216,0
61740.66483271375,0
61750.66542750929,0
61760.66602230483,0
61770.666617100374,0
61780.66721189591,0
61790.66780669145,0
61800.66840148699,0
61810.668996282526,0
61820.66959107807,0
61830.670185873605,0
61840.67078066914,0
61850.671375464684,0
61860.67197026022,0
61870.672565055764,0
61880.6731598513,0
61890.673754646836,0
61900.67434944238,0
61910.67494423792,0
61920.67553903346,0
61930.676133828994,0
61940.67672862453,0
61950.677323420074,0
61960.67791821562,0
61970.67851301115,0
61980.67910780669,0
61990.679702602225,0
62000.68029739777,0
62010.68089219331,0
62020.68148698885,0
62030.68208178438,0
62040.68267657992,0
62050.68327137546,0
62060.683866171006,0
62070.68446096654,0
62080.68505576208,0
62090.68565055762,0
62100.68624535316,0
62110.6868401487,0
62120.68743494424,0
62130.68802973977,0
62140.688624535316,0
62150.68921933085,0
62160.689814126396,0
62170.69040892193,0
62180.69100371747,0
62190.69159851301,0
62200.692193308554,0
62210.69278810409,0
62220.693382899626,0
62230.69397769516,0
62240.694572490705,0
62250.69516728625,0
62260.695762081785,0
62270.69635687732,0
62280.69695167286,0
62290.6975464684,0
62300.69814126394,0
62310.69873605948,0
62320.699330855015,0
62330.69992565056,0
62340.700520446095,0
62350.70111524164,0
62360.701710037174,0
62370.70230483271,0
62380.70289962825,0
62390.70349442379,0
62400.70408921933,0
62410.70468401487,0
62420.705278810405,0
62430.70587360595,0
62440.706468401484,0
62450.70706319703,0
62460.70765799256,0
62470.7082527881,0
62480.70884758364,0
62490.709442379186,0
62500.71003717472,0
62510.71063197026,0
62520.711226765794,0
62530.71182156134,0
62540.71241635688,0
62550.71301115242,0
62560.71360594795,0
62570.71420074349,0
62580.71479553903,0
62590.715390334575,0
62600.71598513011,0
62610.71657992565,0
62620.71717472119,0
62630.71776951673,0
62640.71836431227,0
62650.718959107806,0
62660.71955390334,0
62670.720148698885,0
62680.72074349442,0
62690.721338289964,0
62700.7219330855,0
62710.72252788104,0
62720.72312267658,0
62730.72371747212,0
62740.72431226766,0
62750.724907063195,0
62760.72550185873,0
62770.726096654274,0
62780.72669144982,0
62790.727286245354,0
62800.72788104089,0
62810.728475836426,0
62820.72907063197,0
62830.72966542751,0
62840.73026022305,0
62850.730855018584,0
62860.73144981412,0
62870.732044609664,0
62880.73263940521,0
62890.73323420074,0
62900.73382899628,0
62910.73442379182,0
62920.73501858736,0
62930.7356133829,0
62940.73620817844,0
62950.736802973974,0
62960.73739776952,0
62970.73799256505,0
62980.738587360596,0
62990.73918215613,0
63000.73977695167,0
63010.74037174721,0
63020.740966542755,0
63030.74156133829,0
63040.74215613383,0
63050.74275092936,0
63060.743345724906,0
63070.74394052045,0
63080.744535315986,0
63090.74513011152,0
63100.74572490706,0
63110.7463197026,0
63120.746914498144,0
63130.74750929368,0
63140.748104089216,0
63150.74869888475,0
63160.749293680296,0
63170.74988847584,0
63180.750483271375,0
63190.75107806691,0
63200.751672862454,0
63210.75226765799,0
63220.75286245353,0
63230.75345724907,0
63240.754052044605,0
63250.75464684015,0
63260.755241635685,0
63270.75583643123,0
63280.756431226764,0
63290.7570260223,0
63300.75762081784,0
63310.75821561339,0
63320.75881040892,0
63330.75940520446,0
63340.759999999995,0
63350.76059479554,0
63360.76118959108,0
63370.76178438662,0
63380.76237918215,0
63390.76297397769,0
63400.76356877323,0
63410.764163568776,0
63420.76475836431,0
63430.76535315985,0
63440.76594795539,1
63450.76654275093,0
63460.76713754647,0
63470.76773234201,0
63480.76832713754,0
63490.768921933086,0
63500.76951672862,0
63510.770111524165,0
63520.7707063197,0
63530.77130111524,0
63540.77189591078,0
63550.77249070632,0
63560.77308550186,0
63570.773680297396,0
63580.77427509293,0
63590.774869888475,0
63600.77546468402,0
63610.776059479555,0
63620.77665427509,0
63630.77724907063,0
63640.77784386617,0
63650.77843866171,0
63660.77903345725,0
63670.779628252785,0
63680.78022304832,0
63690.780817843864,0
63700.78141263941,0
63710.782007434944,0
63720.78260223048,0
63730.78319702602,0
63740.78379182156,0
63750.7843866171,0
63760.78498141264,0
63770.785576208174,0
63780.78617100372,0
63790.786765799254,0
63800.7873605948,0
63810.78795539033,0
63820.78855018587,0
63830.78914498141,0
63840.789739776956,0
63850.79033457249,0
63860.79092936803,0
63870.791524163564,0
63880.79211895911,0
63890.79271375465,0
63900.793308550186,0
63910.79390334572,0
63920.79449814126,0
63930.7950929368,0
63940.795687732345,0
63950.79628252788,0
63960.79687732342,0
63970.79747211895,0
63980.798066914496,0
63990.79866171004,0
64000.799256505576,0
64010.79985130111,0
64020.800446096655,0
64030.80104089219,0
64040.801635687734,0
64050.80223048327,0
64060.802825278806,0
64070.80342007435,0
64080.804014869886,0
64090.80460966543,0
64100.805204460965,0
64110.8057992565,0
64120.806394052044,0
64130.80698884759,0
64140.80758364312,0
64150.80817843866,0
64160.808773234196,0
64170.80936802974,0
64180.80996282528,0
64190.81055762082,0
64200.811152416354,0
64210.81174721189,0
64220.81234200743,0
64230.81293680298,0
64240.81353159851,0
64250.81412639405,0
64260.81472118959,0
64270.81531598513,0
64280.81591078067,0
64290.81650557621,0
64300.81710037174,0
64310.81769516729,0
64320.81828996282,0
64330.818884758366,0
64340.8194795539,0
64350.82007434944,0
64360.82066914498,0
64370.82126394052,0
64380.82185873606,0
64390.8224535316,0
64400.82304832713,0
64410.823643122676,0
64420.82423791822,0
64430.824832713755,0
64440.82542750929,0
64450.82602230483,0
64460.82661710037,0
64470.827211895914,0
64480.82780669145,0
64490.828401486986,0
64500.82899628252,0
64510.829591078065,0
64520.83018587361,0
64530.830780669145,0
64540.83137546468,0
64550.831970260224,0
64560.83256505576,0
64570.8331598513,0
64580.83375464684,0
64590.834349442375,0
64600.83494423792,0
64610.835539033455,0
64620.836133829,0
64630.836728624534,0
64640.83732342007,0
64650.83791821561,0
64660.83851301116,0
64670.83910780669,0
64680.83970260223,0
64690.840297397765,0
64700.84089219331,0
64710.84148698885,0
64720.84208178439,0
64730.84267657992,0
64740.84327137546,0
64750.843866171,0
64760.844460966546,0
64770.84505576208,0
64780.84565055762,0
64790.846245353154,0
64800.8468401487,0
64810.84743494424,0
64820.84802973978,0
64830.84862453531,0
64840.849219330856,0
64850.84981412639,0
64860.850408921935,0
64870.85100371747,0
64880.85159851301,0
64890.85219330855,0
64900.852788104086,0
64910.85338289963,0
64920.853977695166,0
64930.8545724907,0
64940.855167286245,0
64950.85576208179,0
64960.856356877324,0
64970.85695167286,0
64980.857546468396,0
64990.85814126394,0
65000.85873605948,0
65010.85933085502,0
65020.859925650555,0
65030.86052044609,0
65040.861115241634,0
65050.86171003718,0
65060.86230483271,0
65070.86289962825,0
65080.86349442379,0
65090.86408921933,0
65100.86468401487,0
65110.86527881041,0
65120.865873605944,0
65130.86646840149,0
65140.86706319702,0
65150.86765799257,0
65160.8682527881,0
65170.86884758364,0
65180.86944237918,0
65190.87003717472,0
65200.87063197026,0
65210.8712267658,0
65220.87182156133,0
65230.87241635688,0
65240.87301115242,0
65250.873605947956,0
65260.87420074349,0
65270.87479553903,0
65280.87539033457,0
65290.875985130115,0
65300.87657992565,0
65310.87717472119,0
65320.87776951672,0
65330.878364312266,0
65340.87895910781,0
65350.879553903345,0
65360.88014869888,0
65370.880743494425,0
65380.88133828996,0
65390.881933085504,0
65400.88252788104,0
65410.883122676576,0
65420.88371747212,0
65430.884312267655,0
65440.8849070632,0
65450.885501858735,0
65460.88609665427,0
65470.886691449814,0
65480.88728624536,0
65490.88788104089,0
65500.88847583643,0
65510.889070631965,0
65520.88966542751,0
65530.89026022305,0
65540.89085501859,0
65550.89144981412,0
65560.89204460966,0
65570.8926394052,0
65580.89323420075,0
65590.89382899628,0
65600.89442379182,0
65610.89501858735,0
65620.8956133829,0
65630.89620817844,0
65640.89680297398,0
65650.89739776951,0
65660.89799256505,0
65670.8985873606,0
65680.89918215614,0
65690.89977695167,0
65700.90037174721,0
65710.90096654274,0
65720.9015613383,0
65730.90215613383,0
65740.90275092937,0
65750.9033457249,0
65760.90394052045,0
65770.90453531599,0
65780.90513011153,0
65790.90572490706,0
65800.9063197026,0
65810.90691449813,0
65820.90750929368,0
65830.90810408922,0
65840.90869888476,0
65850.90929368029,0
65860.90988847584,0
65870.91048327138,0
65880.91107806691,0
65890.91167286245,0
65900.91226765799,0
65910.91286245352,0
65920.91345724907,0
65930.91405204461,0
65940.91464684014,0
65950.91524163568,0
65960.91583643123,0
65970.91643122677,0
65980.9170260223,0
65990.91762081784,0
66000.91821561338,0
66010.91881040893,0
66020.91940520446,0
66030.92,0
66040.92059479553,0
66050.92118959108,0
66060.92178438662,0
66070.92237918216,0
66080.9229739777,0
66090.92356877323,0
66100.92416356876,0
66110.92475836432,0
66120.92535315985,0
66130.92594795539,0
66140.92654275092,0
66150.92713754647,0
66160.92773234201,0
66170.92832713755,0
66180.92892193308,0
66190.92951672862,0
66200.93011152415,0
66210.9307063197,0
66220.93130111524,0
66230.93189591078,0
66240.93249070633,0
66250.93308550186,0
66260.9336802974,0
66270.93427509294,0
66280.93486988847,0
66290.93546468401,0
66300.93605947956,0
66310.9366542751,0
66320.93724907063,0
66330.93784386617,0
66340.93843866172,0
66350.93903345725,0
66360.93962825279,0
66370.94022304832,0
66380.94081784386,0
66390.9414126394,0
66400.94200743495,0
66410.94260223048,0
66420.94319702602,0
66430.94379182156,0
66440.9443866171,0
66450.94498141264,0
66460.94557620818,0
66470.94617100371,0
66480.94676579925,0
66490.94736059479,0
66500.94795539034,0
66510.94855018587,0
66520.94914498141,0
66530.94973977696,0
66540.9503345725,0
66550.95092936803,0
66560.95152416357,0
66570.9521189591,0
66580.95271375464,0
66590.95330855019,0
66600.95390334573,0
66610.95449814126,0
66620.9550929368,0
66630.95568773235,0
66640.95628252788,0
66650.95687732342,0
66660.95747211896,0
66670.95806691449,0
66680.95866171003,0
66690.95925650558,0
66700.95985130112,0
66710.96044609665,0
66720.96104089219,0
66730.96163568774,0
66740.96223048327,0
66750.96282527881,0
66760.96342007435,0
66770.96401486988,0
66780.96460966542,0
66790.96520446097,0
66800.9657992565,0
66810.96639405204,0
66820.96698884759,0
66830.96758364313,0
66840.96817843866,0
66850.9687732342,0
66860.96936802974,0
66870.96996282527,0
66880.97055762082,0
66890.97115241636,0
66900.9717472119,0
66910.97234200743,0
66920.97293680298,0
66930.97353159852,0
66940.97412639405,0
66950.97472118959,0
66960.97531598512,0
66970.97591078066,0
66980.97650557621,0
66990.97710037175,0
67000.97769516728,0
67010.97828996282,0
67020.97888475837,0
67030.9794795539,0
67040.98007434944,0
67050.98066914498,0
67060.98126394051,0
67070.98185873606,0
67080.9824535316,0
67090.98304832714,0
67100.98364312267,0
67110.98423791822,0
67120.98483271376,0
67130.9854275093,0
67140.98602230483,0
67150.98661710037,0
67160.9872118959,0
67170.98780669145,0
67180.98840148699,0
67190.98899628253,0
67200.98959107806,0
67210.99018587361,0
67220.99078066915,0
67230.99137546468,0
67240.99197026022,0
67250.99256505576,0
67260.99315985129,0
67270.99375464684,0
67280.99434944238,0
67290.99494423791,0
67300.99553903345,0
67310.996133829,0
67320.99672862454,0
67330.99732342007,0
67340.99791821561,0
67350.99851301115,0
67360.9991078067,0
67370.99970260223,1
