bin_center,count
2.5000370452693192,57542
7.500111135807957,19516
12.500185226346595,27281
17.500259316885234,37850
22.500333407423874,45571
27.500407497962513,53449
32.500481588501145,54420
37.50055567903979,60143
42.500629769578424,57874
47.50070386011707,60529
52.5007779506557,56836
57.50085204119434,58156
62.50092613173298,53657
67.50100022227161,54641
72.50107431281026,48790
77.5011484033489,48838
82.50122249388752,43240
87.50129658442617,44256
92.50137067496482,37810
97.50144476550345,38352
102.50151885604208,32437
107.50159294658073,33240
112.50166703711938,27222
117.501741127658,28297
122.50181521819664,23086
127.50188930873529,24107
132.5019633992739,19232
137.50203748981255,20502
142.5021115803512,16482
147.50218567088984,17040
152.5022597614285,13238
157.5023338519671,14750
162.50240794250576,11410
167.50248203304437,12453
172.50255612358302,9501
177.50263021412167,10736
182.5027043046603,7841
187.50277839519896,9285
192.50285248573758,6638
197.50292657627622,7806
202.50300066681484,5778
207.5030747573535,6902
212.50314884789213,4790
217.50322293843078,6013
222.50329702896943,4251
227.50337111950805,5275
232.5034452100467,3757
237.5035193005853,4674
242.50359339112396,3242
247.5036674816626,4165
252.50374157220125,2986
257.5038156627399,3648
262.50388975327854,2631
267.50396384381713,3319
272.5040379343558,2328
277.5041120248944,2892
282.5041861154331,2144
287.5042602059717,2635
292.50433429651036,1854
297.504408387049,2353
302.50448247758766,1727
307.50455656812625,2046
312.5046306586649,1540
317.50470474920354,1965
322.5047788397422,1340
327.50485293028083,1766
332.5049270208195,1248
337.50500111135807,1560
342.5050752018967,1217
347.50514929243536,1459
352.505223382974,1094
357.50529747351266,1277
362.5053715640513,1060
367.50544565458995,1201
372.5055197451286,955
377.5055938356672,1128
382.50566792620583,864
387.5057420167445,1077
392.5058161072831,822
397.50589019782177,989
402.5059642883604,733
407.506038378899,902
412.50611246943765,691
417.5061865599763,902
422.50626065051495,760
427.5063347410536,825
432.50640883159224,688
437.5064829221309,789
442.50655701266953,637
447.5066311032081,766
452.50670519374677,661
457.5067792842854,717
462.50685337482406,646
467.5069274653627,646
472.50700155590135,564
477.50707564643994,686
482.5071497369786,570
487.50722382751724,651
492.5072979180559,550
497.50737200859453,571
502.5074460991332,564
507.5075201896718,587
512.5075942802105,534
517.5076683707491,566
522.5077424612878,538
527.5078165518264,551
532.507890642365,514
537.5079647329036,565
542.5080388234422,474
547.5081129139809,541
552.5081870045195,504
557.5082610950582,530
562.5083351855968,429
567.5084092761355,520
572.5084833666741,473
577.5085574572128,521
582.5086315477514,472
587.50870563829,551
592.5087797288287,436
597.5088538193673,527
602.5089279099059,452
607.5090020004445,438
612.5090760909832,451
617.5091501815218,444
622.5092242720605,392
627.5092983625991,477
632.5093724531378,394
637.5094465436764,461
642.509520634215,396
647.5095947247537,425
652.5096688152923,377
657.509742905831,416
662.5098169963696,380
667.5098910869083,439
672.5099651774469,416
677.5100392679856,429
682.5101133585241,363
687.5101874490628,404
692.5102615396014,374
697.51033563014,392
702.5104097206787,379
707.5104838112173,395
712.510557901756,365
717.5106319922946,417
722.5107060828333,352
727.5107801733719,348
732.5108542639106,325
737.5109283544492,361
742.5110024449879,321
747.5110765355264,391
752.511150626065,302
757.5112247166037,350
762.5112988071423,345
767.511372897681,356
772.5114469882196,297
777.5115210787583,339
782.5115951692969,297
787.5116692598356,316
792.5117433503742,322
797.5118174409129,338
802.5118915314515,275
807.5119656219902,339
812.5120397125288,313
817.5121138030675,305
822.512187893606,270
827.5122619841446,358
832.5123360746833,277
837.5124101652219,315
842.5124842557606,273
847.5125583462992,326
852.5126324368379,297
857.5127065273765,324
862.5127806179152,262
867.5128547084538,297
872.5129287989924,274
877.5130028895311,294
882.5130769800697,249
887.5131510706083,306
892.5132251611469,294
897.5132992516856,278
902.5133733422242,274
907.5134474327629,285
912.5135215233015,262
917.5135956138402,290
922.5136697043788,281
927.5137437949174,310
932.5138178854561,271
937.5138919759947,277
942.5139660665334,261
947.514040157072,271
952.5141142476107,243
957.5141883381493,269
962.5142624286879,263
967.5143365192265,291
972.5144106097652,231
977.5144847003038,272
982.5145587908424,243
987.5146328813811,281
992.5147069719197,245
997.5147810624584,255
1002.514855152997,226
1007.5149292435357,260
1012.5150033340743,240
1017.515077424613,284
1022.5151515151516,259
1027.5152256056904,259
1032.5152996962288,253
1037.5153737867677,259
1042.515447877306,233
1047.515521967845,227
1052.5155960583834,225
1057.5156701489223,256
1062.5157442394607,244
1067.5158183299993,242
1072.515892420538,254
1077.5159665110764,267
1082.5160406016153,212
1087.5161146921537,242
1092.5161887826926,223
1097.516262873231,244
1102.5163369637698,217
1107.5164110543083,222
1112.5164851448471,226
1117.5165592353856,218
1122.5166333259244,204
1127.5167074164629,216
1132.5167815070017,200
1137.5168555975401,206
1142.516929688079,201
1147.5170037786174,209
1152.5170778691563,179
1157.5171519596947,241
1162.5172260502336,190
1167.517300140772,227
1172.517374231311,195
1177.5174483218493,248
1182.5175224123882,194
1187.5175965029266,226
1192.5176705934655,181
1197.517744684004,218
1202.5178187745428,180
1207.5178928650812,204
1212.5179669556196,195
1217.5180410461585,214
1222.518115136697,164
1227.5181892272358,207
1232.5182633177742,193
1237.518337408313,221
1242.5184114988515,175
1247.5184855893904,190
1252.5185596799288,178
1257.5186337704677,182
1262.518707861006,196
1267.518781951545,210
1272.5188560420834,150
1277.5189301326222,194
1282.5190042231607,160
1287.5190783136995,189
1292.519152404238,180
1297.5192264947768,205
1302.5193005853152,163
1307.5193746758541,200
1312.5194487663925,178
1317.5195228569314,163
1322.5195969474698,164
1327.5196710380087,188
1332.5197451285471,146
1337.519819219086,180
1342.5198933096244,177
1347.5199674001633,176
1352.5200414907017,147
1357.5201155812401,194
1362.520189671779,146
1367.5202637623174,190
1372.5203378528563,159
1377.5204119433947,170
1382.5204860339336,161
1387.520560124472,198
1392.520634215011,142
1397.5207083055493,159
1402.5207823960882,175
1407.5208564866266,160
1412.5209305771655,139
1417.521004667704,176
1422.5210787582428,158
1427.5211528487812,165
1432.52122693932,173
1437.5213010298585,149
1442.5213751203974,139
1447.5214492109358,155
1452.5215233014746,140
1457.521597392013,149
1462.521671482552,153
1467.5217455730904,151
1472.5218196636292,152
1477.5218937541676,153
1482.5219678447065,130
1487.522041935245,157
1492.5221160257836,135
1497.5221901163222,162
1502.5222642068607,119
1507.5223382973995,159
1512.522412387938,157
1517.5224864784768,154
1522.5225605690152,132
1527.5226346595541,156
1532.5227087500925,141
1537.5227828406314,142
1542.5228569311698,127
1547.5229310217087,134
1552.5230051122471,132
1557.523079202786,140
1562.5231532933244,132
1567.5232273838633,153
1572.5233014744017,117
1577.5233755649406,145
1582.523449655479,127
1587.5235237460179,145
1592.5235978365563,105
1597.5236719270952,146
1602.5237460176336,131
1607.5238201081725,140
1612.5238941987109,110
1617.5239682892498,165
1622.5240423797882,127
1627.524116470327,153
1632.5241905608655,115
1637.524264651404,154
1642.5243387419428,114
1647.5244128324812,143
1652.52448692302,125
1657.5245610135585,138
1662.5246351040973,132
1667.5247091946358,119
1672.5247832851746,99
1677.524857375713,148
1682.524931466252,123
1687.5250055567903,109
1692.5250796473292,99
1697.5251537378676,136
1702.5252278284065,120
1707.525301918945,132
1712.5253760094838,87
1717.5254501000222,141
1722.525524190561,110
1727.5255982810995,141
1732.5256723716384,132
1737.5257464621768,132
1742.5258205527157,142
1747.525894643254,126
1752.525968733793,119
1757.5260428243314,121
1762.5261169148703,96
1767.5261910054087,120
1772.5262650959476,114
1777.526339186486,130
1782.5264132770244,116
1787.5264873675633,135
1792.5265614581017,90
1797.5266355486406,114
1802.526709639179,102
1807.5267837297179,129
1812.5268578202563,91
1817.5269319107952,124
1822.5270060013336,121
1827.5270800918724,88
1832.5271541824109,98
1837.5272282729497,139
1842.5273023634882,96
1847.527376454027,126
1852.5274505445655,84
1857.5275246351043,120
1862.5275987256427,126
1867.5276728161816,153
1872.52774690672,113
1877.527820997259,105
1882.5278950877973,98
1887.5279691783362,123
1892.5280432688746,113
1897.5281173594135,101
1902.528191449952,93
1907.5282655404908,104
1912.5283396310292,104
1917.5284137215679,116
1922.5284878121065,108
1927.528561902645,122
1932.5286359931838,99
1937.5287100837222,120
1942.528784174261,105
1947.5288582647995,118
1952.5289323553384,104
1957.5290064458768,119
1962.5290805364157,105
1967.529154626954,88
1972.529228717493,93
1977.5293028080314,119
1982.5293768985703,89
1987.5294509891087,132
1992.5295250796476,103
1997.529599170186,109
2002.5296732607248,96
2007.5297473512633,98
2012.5298214418021,92
2017.5298955323406,106
2022.5299696228794,107
2027.5300437134179,104
2032.5301178039567,97
2037.5301918944951,98
2042.530265985034,90
2047.5303400755724,96
2052.530414166111,104
2057.5304882566497,125
2062.5305623471886,89
2067.530636437727,120
2072.5307105282654,69
2077.5307846188043,82
2082.530858709343,105
2087.5309327998816,118
2092.53100689042,81
2097.531080980959,125
2102.531155071498,82
2107.531229162036,117
2112.5313032525746,94
2117.5313773431135,85
2122.5314514336524,87
2127.531525524191,104
2132.531599614729,96
2137.531673705268,99
2142.5317477958065,96
2147.531821886345,132
2152.531895976884,79
2157.5319700674227,102
2162.532044157961,102
2167.5321182484995,111
2172.5321923390384,77
2177.5322664295772,116
2182.5323405201157,95
2187.532414610654,113
2192.532488701193,99
2197.532562791732,89
2202.5326368822703,87
2207.5327109728087,108
2212.5327850633475,94
2217.5328591538864,101
2222.532933244425,96
2227.5330073349633,97
2232.533081425502,91
2237.533155516041,123
2242.5332296065794,113
2247.533303697118,111
2252.5333777876567,104
2257.5334518781956,111
2262.533525968734,91
2267.5336000592724,99
2272.5336741498113,94
2277.53374824035,88
2282.533822330888,100
2287.533896421427,103
2292.533970511966,81
2297.5340446025043,106
2302.5341186930427,78
2307.5341927835816,113
2312.5342668741205,89
2317.534340964659,111
2322.5344150551973,75
2327.534489145736,116
2332.534563236275,83
2337.5346373268135,84
2342.534711417352,91
2347.534785507891,118
2352.5348595984296,91
2357.534933688968,99
2362.5350077795065,81
2367.5350818700454,88
2372.5351559605842,105
2377.5352300511227,91
2382.535304141661,98
2387.5353782322,93
2392.535452322739,70
2397.5355264132772,103
2402.5356005038157,90
2407.5356745943545,129
2412.5357486848934,100
2417.5358227754314,105
2422.5358968659702,112
2427.535970956509,100
2432.5360450470475,93
2437.536119137586,86
2442.536193228125,83
2447.5362673186637,122
2452.536341409202,98
2457.5364154997405,96
2462.5364895902794,69
2467.5365636808183,94
2472.5366377713567,100
2477.536711861895,101
2482.536785952434,91
2487.536860042973,107
2492.5369341335113,79
2497.5370082240497,108
2502.5370823145886,89
2507.5371564051275,96
2512.537230495666,75
2517.5373045862043,120
2522.537378676743,99
2527.537452767282,99
2532.5375268578205,89
2537.537600948359,93
2542.5376750388978,78
2547.5377491294366,87
2552.537823219975,82
2557.5378973105135,83
2562.5379714010523,105
2567.5380454915908,87
2572.538119582129,91
2577.538193672668,98
2582.538267763207,95
2587.5383418537454,80
2592.5384159442838,70
2597.5384900348226,109
2602.5385641253615,88
2607.5386382159,98
2612.5387123064384,92
2617.5387863969772,95
2622.538860487516,61
2627.5389345780545,103
2632.539008668593,77
2637.539082759132,90
2642.5391568496707,97
2647.539230940209,83
2652.5393050307475,77
2657.5393791212864,79
2662.5394532118253,103
2667.5395273023637,79
2672.539601392902,101
2677.539675483441,91
2682.53974957398,93
2687.5398236645183,93
2692.5398977550567,92
2697.5399718455956,88
2702.5400459361344,87
2707.5401200266724,76
2712.5401941172113,83
2717.54026820775,107
2722.5403422982886,81
2727.540416388827,110
2732.540490479366,93
2737.5405645699047,94
2742.540638660443,66
2747.5407127509816,98
2752.5407868415205,94
2757.5408609320593,82
2762.5409350225978,66
2767.541009113136,102
2772.541083203675,68
2777.541157294214,92
2782.5412313847523,75
2787.5413054752908,88
2792.5413795658296,93
2797.5414536563685,89
2802.541527746907,81
2807.5416018374453,110
2812.541675927984,85
2817.541750018523,82
2822.5418241090615,86
2827.5418981996,81
2832.541972290139,67
2837.5420463806777,86
2842.5421204712156,94
2847.5421945617545,101
2852.5422686522934,80
2857.542342742832,105
2862.54241683337,86
2867.542490923909,102
2872.542565014448,91
2877.5426391049864,100
2882.542713195525,74
2887.5427872860637,92
2892.5428613766026,69
2897.542935467141,82
2902.5430095576794,84
2907.5430836482183,98
2912.543157738757,73
2917.5432318292956,92
2922.543305919834,86
2927.543380010373,102
2932.5434541009117,86
2937.54352819145,94
2942.5436022819886,79
2947.5436763725274,97
2952.5437504630663,82
2957.5438245536047,76
2962.543898644143,75
2967.543972734682,82
2972.544046825221,78
2977.5441209157593,93
2982.5441950062977,88
2987.5442690968366,89
2992.544343187375,86
2997.5444172779135,77
3002.5444913684523,56
3007.544565458991,107
3012.5446395495296,87
3017.544713640068,80
3022.544787730607,92
3027.544861821146,84
3032.544935911684,89
3037.5450100022226,111
3042.5450840927615,80
3047.5451581833004,89
3052.545232273839,83
3057.545306364377,73
3062.545380454916,82
3067.545454545455,80
3072.5455286359934,70
3077.545602726532,84
3082.5456768170707,74
3087.5457509076095,89
3092.545824998148,72
3097.5458990886864,96
3102.5459731792253,77
3107.546047269764,87
3112.5461213603025,76
3117.546195450841,87
3122.54626954138,88
3127.5463436319187,93
3132.5464177224567,73
3137.5464918129956,89
3142.5465659035344,69
3147.546639994073,88
3152.5467140846113,85
3157.54678817515,79
3162.546862265689,78
3167.5469363562274,76
3172.547010446766,79
3177.5470845373047,79
3182.5471586278436,71
3187.547232718382,66
3192.5473068089204,82
3197.5473808994593,76
3202.547454989998,68
3207.5475290805366,77
3212.547603171075,74
3217.547677261614,87
3222.5477513521528,69
3227.547825442691,83
3232.5478995332296,88
3237.5479736237685,85
3242.5480477143074,80
3247.548121804846,88
3252.548195895384,72
3257.548269985923,81
3262.548344076462,65
3267.5484181670004,71
3272.548492257539,80
3277.5485663480777,72
3282.548640438616,85
3287.5487145291545,77
3292.5487886196934,63
3297.5488627102322,82
3302.5489368007707,77
3307.549010891309,108
3312.549084981848,61
3317.549159072387,97
3322.5492331629252,67
3327.5493072534637,87
3332.5493813440025,70
3337.5494554345414,85
3342.54952952508,97
3347.5496036156183,58
3352.549677706157,85
3357.549751796696,84
3362.5498258872344,90
3367.549899977773,86
3372.5499740683117,67
3377.5500481588506,74
3382.550122249389,52
3387.5501963399274,90
3392.5502704304663,68
3397.550344521005,88
3402.5504186115436,87
3407.550492702082,96
3412.550566792621,53
3417.5506408831593,77
3422.5507149736977,85
3427.5507890642366,81
3432.5508631547755,73
3437.550937245314,83
3442.5510113358523,71
3447.551085426391,78
3452.55115951693,81
3457.5512336074685,80
3462.551307698007,81
3467.5513817885458,74
3472.5514558790846,82
3477.551529969623,74
3482.5516040601615,71
3487.5516781507004,63
3492.5517522412392,65
3497.5518263317776,74
3502.551900422316,73
3507.551974512855,69
3512.552048603394,47
3517.5521226939322,96
3522.5521967844707,68
3527.5522708750095,75
3532.5523449655484,86
3537.552419056087,79
3542.5524931466252,65
3547.552567237164,79
3552.552641327703,63
3557.552715418241,80
3562.55278950878,59
3567.5528635993187,85
3572.552937689857,73
3577.5530117803955,84
3582.5530858709344,87
3587.5531599614733,76
3592.5532340520117,66
3597.55330814255,81
3602.553382233089,77
3607.553456323628,73
3612.5535304141663,71
3617.5536045047047,71
3622.5536785952436,75
3627.5537526857825,76
3632.553826776321,70
3637.5539008668593,83
3642.553974957398,67
3647.554049047937,95
3652.5541231384755,80
3657.554197229014,77
3662.5542713195528,65
3667.5543454100916,66
3672.55441950063,57
3677.5544935911685,80
3682.5545676817073,78
3687.554641772246,77
3692.5547158627846,50
3697.554789953323,83
3702.554864043862,70
3707.5549381344003,74
3712.5550122249388,64
3717.5550863154776,78
3722.5551604060165,88
3727.555234496555,91
3732.5553085870934,68
3737.555382677632,84
3742.555456768171,66
3747.5555308587095,81
3752.555604949248,74
3757.555679039787,97
3762.5557531303257,69
3767.555827220864,88
3772.5559013114025,77
3777.5559754019414,77
3782.5560494924803,77
3787.5561235830187,75
3792.556197673557,72
3797.556271764096,83
3802.556345854635,67
3807.5564199451733,82
3812.5564940357117,59
3817.5565681262506,79
3822.5566422167894,70
3827.556716307328,82
3832.5567903978663,76
3837.556864488405,87
3842.5569385789436,82
3847.557012669482,85
3852.557086760021,73
3857.5571608505597,90
3862.557234941098,71
3867.5573090316366,82
3872.5573831221755,59
3877.5574572127143,74
3882.5575313032527,78
3887.557605393791,92
3892.55767948433,62
3897.557753574869,77
3902.5578276654073,52
3907.5579017559457,70
3912.5579758464846,90
3917.5580499370235,70
3922.558124027562,81
3927.5581981181003,102
3932.558272208639,69
3937.558346299178,60
3942.5584203897165,74
3947.558494480255,79
3952.558568570794,59
3957.5586426613327,68
3962.558716751871,69
3967.5587908424095,68
3972.5588649329484,70
3977.5589390234873,66
3982.559013114025,75
3987.559087204564,87
3992.559161295103,61
3997.5592353856414,91
4002.55930947618,68
4007.5593835667187,82
4012.5594576572576,51
4017.559531747796,67
4022.5596058383344,82
4027.5596799288733,82
4032.559754019412,71
4037.5598281099506,67
4042.559902200489,56
4047.559976291028,62
4052.5600503815667,77
4057.560124472105,84
4062.5601985626436,64
4067.5602726531824,77
4072.5603467437213,82
4077.5604208342597,75
4082.560494924798,58
4087.560569015337,86
4092.560643105876,79
4097.560717196415,77
4102.560791286953,67
4107.560865377492,77
4112.5609394680305,53
4117.561013558568,84
4122.561087649107,81
4127.561161739646,101
4132.561235830184,80
4137.561309920724,83
4142.561384011262,67
4147.5614581018,82
4152.56153219234,71
4157.561606282878,77
4162.5616803734165,86
4167.561754463955,99
4172.561828554493,71
4177.561902645033,90
4182.561976735571,72
4187.562050826109,89
4192.562124916649,91
4197.562199007187,83
4202.562273097726,78
4207.5623471882645,96
4212.5624212788025,70
4217.562495369342,86
4222.56256945988,79
4227.562643550418,97
4232.562717640958,83
4237.562791731496,88
4242.562865822035,68
4247.562939912574,90
4252.563014003112,78
4257.5630880936515,93
4262.563162184189,96
4267.563236274727,85
4272.563310365267,94
4277.563384455805,86
4282.563458546343,89
4287.563532636883,99
4292.563606727421,74
4297.56368081796,76
4302.563754908499,90
4307.563828999037,98
4312.563903089576,86
4317.563977180114,92
4322.564051270652,73
4327.564125361192,101
4332.56419945173,88
4337.564273542269,90
4342.564347632808,103
4347.564421723346,106
4352.5644958138855,93
4357.5645699044235,96
4362.564643994961,90
4367.564718085501,104
4372.564792176039,109
4377.564866266578,93
4382.564940357117,103
4387.565014447655,103
4392.565088538195,81
4397.565162628733,103
4402.565236719271,124
4407.56531080981,114
4412.565384900348,111
4417.565458990886,117
4422.565533081426,102
4427.565607171964,96
4432.565681262503,106
4437.565755353042,126
4442.56582944358,99
4447.56590353412,93
4452.5659776246575,103
4457.5660517151955,111
4462.566125805735,112
4467.566199896273,113
4472.566273986812,108
4477.566348077351,118
4482.566422167889,120
4487.566496258429,100
4492.566570348967,124
4497.566644439505,113
4502.566718530044,138
4507.566792620582,115
4512.566866711121,152
4517.56694080166,116
4522.567014892198,124
4527.567088982738,137
4532.567163073276,117
4537.567237163814,132
4542.567311254354,112
4547.567385344892,117
4552.5674594354305,130
4557.567533525969,130
4562.567607616507,146
4567.567681707046,130
4572.567755797585,138
4577.567829888123,149
4582.567903978663,130
4587.567978069201,143
4592.568052159739,134
4597.5681262502785,129
4602.5682003408165,120
4607.568274431355,143
4612.568348521894,128
4617.568422612432,120
4622.568496702972,139
4627.56857079351,131
4632.568644884048,134
4637.568718974588,148
4642.568793065126,147
4647.5688671556645,149
4652.568941246203,130
4657.569015336741,149
4662.569089427281,143
4667.569163517819,175
4672.569237608357,128
4677.569311698897,129
4682.569385789435,139
4687.569459879974,183
4692.569533970513,153
4697.5696080610505,150
4702.569682151589,155
4707.569756242128,165
4712.569830332666,140
4717.569904423206,161
4722.569978513744,146
4727.570052604282,165
4732.570126694822,165
4737.57020078536,165
4742.570274875899,163
4747.570348966437,178
4752.570423056975,169
4757.570497147515,158
4762.570571238053,181
4767.570645328591,174
4772.570719419131,148
4777.570793509669,161
4782.570867600208,161
4787.570941690747,168
4792.571015781285,146
4797.571089871824,181
4802.571163962362,152
4807.5712380529,176
4812.57131214344,170
4817.571386233978,161
4822.571460324517,181
4827.571534415056,183
4832.571608505594,183
4837.571682596133,186
4842.5717566866715,203
4847.5718307772095,208
4852.571904867749,186
4857.571978958287,186
4862.572053048825,190
4867.572127139365,165
4872.572201229903,167
4877.572275320442,176
4882.572349410981,212
4887.572423501519,188
4892.572497592058,176
4897.572571682596,207
4902.572645773134,188
4907.572719863674,172
4912.572793954212,221
4917.572868044751,189
4922.57294213529,204
4927.573016225828,215
4932.573090316368,193
4937.573164406906,186
4942.5732384974435,216
4947.573312587983,205
4952.573386678521,195
4957.57346076906,215
4962.573534859599,213
4967.573608950137,196
4972.573683040677,230
4977.573757131215,207
4982.573831221753,211
4987.5739053122925,214
4992.57397940283,229
4997.574053493368,220
5002.574127583908,226
5007.574201674446,224
5012.574275764985,193
5017.574349855524,204
5022.574423946062,227
5027.574498036602,213
5032.57457212714,220
5037.574646217678,245
5042.574720308217,224
5047.574794398755,233
5052.574868489294,226
5057.574942579833,240
5062.575016670371,270
5067.575090760911,244
5072.575164851449,231
5077.575238941987,250
5082.5753130325265,230
5087.5753871230645,244
5092.575461213603,219
5097.575535304142,241
5102.57560939468,255
5107.57568348522,241
5112.575757575758,250
5117.575831666296,242
5122.575905756836,218
5127.575979847374,237
5132.576053937912,233
5137.576128028451,250
5142.576202118989,256
5147.576276209528,255
5152.576350300067,237
5157.576424390605,267
5162.576498481145,245
5167.576572571683,242
5172.576646662221,224
5177.576720752761,238
5182.576794843299,225
5187.576868933837,249
5192.576943024376,223
5197.577017114914,254
5202.577091205454,241
5207.577165295992,259
5212.57723938653,256
5217.57731347707,254
5222.577387567608,240
5227.577461658147,288
5232.5775357486855,246
5237.577609839223,268
5242.577683929763,238
5247.577758020301,265
5252.577832110839,271
5257.577906201379,266
5262.577980291917,249
5267.578054382455,273
5272.578128472995,255
5277.578202563533,238
5282.5782766540715,256
5287.57835074461,269
5292.578424835148,290
5297.578498925688,278
5302.578573016226,288
5307.578647106764,288
5312.578721197304,273
5317.578795287842,274
5322.578869378381,255
5327.5789434689195,273
5332.5790175594575,272
5337.579091649997,283
5342.579165740535,298
5347.579239831073,280
5352.579313921613,277
5357.579388012151,257
5362.57946210269,237
5367.579536193229,268
5372.579610283767,270
5377.579684374306,246
5382.579758464844,300
5387.579832555382,280
5392.579906645922,274
5397.57998073646,289
5402.580054826999,281
5407.580128917538,274
5412.580203008076,276
5417.580277098615,269
5422.580351189154,281
5427.580425279692,259
5432.580499370231,276
5437.580573460769,252
5442.580647551307,292
5447.580721641847,258
5452.580795732385,268
5457.580869822924,286
5462.580943913463,289
5467.581018004001,292
5472.5810920945405,261
5477.5811661850785,307
5482.581240275616,284
5487.581314366156,299
5492.581388456694,292
5497.581462547233,285
5502.581536637772,270
5507.58161072831,300
5512.58168481885,262
5517.581758909388,267
5522.581832999926,276
5527.581907090465,268
5532.581981181003,295
5537.582055271542,262
5542.582129362081,245
5547.582203452619,272
5552.582277543158,264
5557.582351633697,307
5562.582425724235,275
5567.582499814775,265
5572.5825739053125,272
5577.5826479958505,291
5582.58272208639,291
5587.582796176928,296
5592.582870267467,305
5597.582944358006,276
5602.583018448544,266
5607.583092539084,275
5612.583166629622,262
5617.58324072016,263
5622.583314810699,252
5627.583388901237,279
5632.583462991776,254
5637.583537082315,293
5642.583611172853,287
5647.583685263393,321
5652.583759353931,253
5657.583833444469,295
5662.583907535009,288
5667.583981625547,285
5672.5840557160855,294
5677.584129806624,289
5682.584203897162,269
5687.584277987701,299
5692.58435207824,291
5697.584426168778,270
5702.584500259318,282
5707.584574349856,292
5712.584648440394,275
5717.5847225309335,300
5722.5847966214715,266
5727.58487071201,280
5732.584944802549,286
5737.585018893087,291
5742.585092983627,280
5747.585167074165,258
5752.585241164703,304
5757.585315255243,251
5762.585389345781,247
5767.5854634363195,242
5772.585537526858,274
5777.585611617396,248
5782.585685707936,278
5787.585759798474,261
5792.585833889012,263
5797.585907979552,267
5802.58598207009,253
5807.586056160629,263
5812.586130251168,222
5817.5862043417055,234
5822.586278432245,267
5827.586352522783,274
5832.586426613321,252
5837.586500703861,246
5842.586574794399,252
5847.586648884937,245
5852.586722975477,257
5857.586797066015,234
5862.586871156554,220
5867.586945247092,256
5872.58701933763,238
5877.58709342817,251
5882.587167518708,237
5887.587241609246,234
5892.587315699786,251
5897.587389790324,220
5902.587463880863,212
5907.587537971402,237
5912.58761206194,239
5917.587686152479,221
5922.587760243017,247
5927.587834333555,209
5932.587908424095,238
5937.587982514633,237
5942.588056605172,248
5947.588130695711,239
5952.588204786249,260
5957.5882788767885,221
5962.5883529673265,219
5967.5884270578645,214
5972.588501148404,236
5977.588575238942,207
5982.58864932948,243
5987.58872342002,214
5992.588797510558,251
5997.588871601097,239
6002.588945691636,216
6007.589019782174,232
6012.589093872713,221
6017.589167963251,226
6022.589242053789,241
6027.589316144329,235
6032.589390234867,215
6037.589464325406,229
6042.589538415945,229
6047.589612506483,205
6052.589686597023,185
6057.589760687561,216
6062.5898347780985,192
6067.589908868638,230
6072.589982959176,194
6077.590057049715,246
6082.590131140254,218
6087.590205230792,187
6092.590279321332,233
6097.59035341187,225
6102.590427502408,230
6107.5905015929475,222
6112.590575683485,201
6117.590649774024,196
6122.590723864563,208
6127.590797955101,225
6132.59087204564,179
6137.590946136179,229
6142.591020226717,220
6147.591094317257,200
6152.591168407795,201
6157.591242498333,222
6162.591316588872,193
6167.59139067941,211
6172.591464769949,213
6177.591538860488,203
6182.591612951026,211
6187.591687041566,196
6192.591761132104,200
6197.591835222642,172
6202.5919093131815,210
6207.5919834037195,173
6212.592057494258,221
6217.592131584797,192
6222.592205675335,205
6227.592279765875,185
6232.592353856413,165
6237.592427946951,165
6242.592502037491,180
6247.592576128029,204
6252.5926502185675,180
6257.592724309106,205
6262.592798399644,176
6267.592872490183,193
6272.592946580722,162
6277.59302067126,186
6282.5930947618,180
6287.593168852338,185
6292.593242942876,193
6297.593317033416,188
6302.593391123954,172
6307.593465214492,179
6312.593539305031,178
6317.593613395569,171
6322.593687486109,190
6327.593761576647,188
6332.593835667185,165
6337.593909757725,193
6342.593983848263,164
6347.594057938802,167
6352.5941320293405,157
6357.594206119878,173
6362.594280210418,154
6367.594354300956,172
6372.594428391494,156
6377.594502482034,155
6382.594576572572,174
6387.594650663111,150
6392.59472475365,179
6397.594798844188,164
6402.5948729347265,180
6407.594947025265,186
6412.595021115803,154
6417.595095206343,167
6422.595169296881,162
6427.595243387419,171
6432.595317477959,146
6437.595391568497,146
6442.595465659036,126
6447.5955397495745,154
6452.5956138401125,149
6457.595687930652,130
6462.59576202119,146
6467.595836111728,147
6472.595910202268,147
6477.595984292806,144
6482.596058383345,132
6487.596132473884,131
6492.596206564422,149
6497.596280654961,152
6502.596354745499,138
6507.596428836037,136
6512.596502926577,146
6517.596577017115,156
6522.596651107654,114
6527.596725198193,160
6532.596799288731,140
6537.596873379271,123
6542.596947469809,132
6547.597021560347,131
6552.597095650886,116
6557.597169741424,142
6562.597243831962,130
6567.597317922502,126
6572.59739201304,127
6577.597466103579,155
6582.597540194118,116
6587.597614284656,134
6592.5976883751955,117
6597.5977624657335,121
6602.597836556271,115
6607.597910646811,147
6612.597984737349,107
6617.598058827888,140
6622.598132918427,138
6627.598207008965,120
6632.598281099505,124
6637.598355190043,126
6642.598429280581,129
6647.59850337112,95
6652.598577461658,132
6657.598651552197,95
6662.598725642736,110
6667.598799733274,109
6672.598873823814,126
6677.598947914352,115
6682.59902200489,118
6687.59909609543,112
6692.5991701859675,122
6697.5992442765055,111
6702.599318367045,111
6707.599392457583,127
6712.599466548122,113
6717.599540638661,119
6722.599614729199,116
6727.599688819739,129
6732.599762910277,117
6737.599837000815,119
6742.599911091354,115
6747.599985181892,112
6752.600059272431,105
6757.60013336297,120
6762.600207453508,100
6767.600281544048,112
6772.600355634586,110
6777.600429725124,133
6782.600503815664,98
6787.600577906202,96
6792.60065199674,120
6797.600726087279,114
6802.600800177817,107
6807.600874268357,113
6812.600948358895,101
6817.601022449433,113
6822.601096539973,115
6827.601170630511,98
6832.601244721049,98
6837.6013188115885,119
6842.6013929021265,97
6847.601466992665,106
6852.601541083204,111
6857.601615173742,103
6862.601689264282,98
6867.60176335482,98
6872.601837445358,114
6877.601911535898,90
6882.601985626436,103
6887.6020597169745,97
6892.602133807513,87
6897.602207898051,96
6902.602281988591,104
6907.602356079129,89
6912.602430169667,80
6917.602504260207,96
6922.602578350745,88
6927.602652441284,104
6932.602726531823,94
6937.6028006223605,86
6942.6028747129,85
6947.602948803438,108
6952.603022893976,88
6957.603096984516,108
6962.603171075054,91
6967.603245165593,96
6972.603319256132,90
6977.60339334667,110
6982.603467437209,90
6987.603541527747,105
6992.603615618285,108
6997.603689708825,88
7002.603763799363,87
7007.603837889901,90
7012.603911980441,89
7017.603986070979,74
7022.604060161518,95
7027.604134252057,95
7032.604208342595,99
7037.604282433134,99
7042.604356523672,95
7047.60443061421,95
7052.60450470475,106
7057.604578795288,92
7062.604652885827,81
7067.604726976366,90
7072.604801066904,88
7077.6048751574435,91
7082.6049492479815,98
7087.6050233385195,94
7092.605097429059,81
7097.605171519597,102
7102.605245610136,85
7107.605319700675,77
7112.605393791213,87
7117.605467881752,86
7122.605541972291,81
7127.605616062829,102
7132.605690153368,81
7137.605764243906,88
7142.605838334444,83
7147.605912424984,94
7152.605986515522,87
7157.606060606061,92
7162.6061346966,70
7167.606208787138,64
7172.606282877678,81
7177.606356968216,79
7182.6064310587535,69
7187.606505149293,96
7192.606579239831,68
7197.60665333037,87
7202.606727420909,86
7207.606801511447,91
7212.606875601987,95
7217.606949692525,96
7222.607023783063,87
7227.6070978736025,83
7232.60717196414,90
7237.607246054679,91
7242.607320145218,87
7247.607394235756,75
7252.607468326295,81
7257.607542416834,82
7262.607616507372,85
7267.607690597912,84
7272.60776468845,67
7277.607838778988,88
7282.607912869527,89
7287.607986960065,98
7292.608061050604,81
7297.608135141143,104
7302.608209231681,89
7307.608283322221,77
7312.608357412759,87
7317.608431503297,83
7322.6085055938365,83
7327.6085796843745,80
7332.608653774913,94
7337.608727865452,81
7342.60880195599,75
7347.60887604653,77
7352.608950137068,73
7357.609024227606,77
7362.609098318146,75
7367.609172408684,81
7372.6092464992225,72
7377.609320589761,88
7382.609394680299,78
7387.609468770839,68
7392.609542861377,100
7397.609616951915,73
7402.609691042455,69
7407.609765132993,73
7412.609839223531,67
7417.609913314071,73
7422.609987404609,59
7427.610061495147,75
7432.610135585686,76
7437.610209676224,92
7442.610283766764,69
7447.610357857302,84
7452.61043194784,85
7457.61050603838,78
7462.610580128918,85
7467.610654219457,90
7472.6107283099955,73
7477.610802400533,90
7482.610876491073,68
7487.610950581611,77
7492.611024672149,75
7497.611098762689,74
7502.611172853227,61
7507.611246943766,74
7512.611321034305,73
7517.611395124843,77
7522.611469215382,69
7527.61154330592,71
7532.611617396458,73
7537.611691486998,63
7542.611765577536,81
7547.611839668074,83
7552.611913758614,59
7557.611987849152,66
7562.612061939691,85
7567.6121360302295,67
7572.6122101207675,74
7577.612284211307,80
7582.612358301845,79
7587.612432392383,74
7592.612506482923,72
7597.612580573461,69
7602.612654664,78
7607.612728754539,68
7612.612802845077,80
7617.612876935616,82
7622.612951026154,77
7627.613025116692,79
7632.613099207232,60
7637.61317329777,76
7642.613247388309,59
7647.613321478848,56
7652.613395569386,79
7657.613469659926,87
7662.613543750464,79
7667.6136178410015,76
7672.613691931541,70
7677.613766022079,94
7682.613840112617,65
7687.613914203157,85
7692.613988293695,69
7697.614062384234,97
7702.614136474773,66
7707.614210565311,58
7712.6142846558505,68
7717.6143587463885,79
7722.614432836926,65
7727.614506927466,77
7732.614581018004,77
7737.614655108543,81
7742.614729199082,79
7747.61480328962,84
7752.61487738016,82
7757.614951470698,67
7762.615025561236,65
7767.615099651775,77
7772.615173742313,82
7777.615247832852,79
7782.615321923391,71
7787.615396013929,63
7792.615470104469,74
7797.615544195007,85
7802.615618285545,85
7807.615692376085,80
7812.6157664666225,79
7817.615840557161,67
7822.6159146477,81
7827.615988738238,68
7832.616062828777,71
7837.616136919316,94
7842.616211009854,68
7847.616285100394,84
7852.616359190932,59
7857.61643328147,70
7862.616507372009,67
7867.616581462547,81
7872.616655553086,76
7877.616729643625,84
7882.616803734163,61
7887.616877824703,75
7892.616951915241,74
7897.617026005779,79
7902.617100096319,87
7907.617174186857,71
7912.617248277395,92
7917.617322367934,84
7922.617396458472,80
7927.617470549012,77
7932.61754463955,81
7937.617618730088,64
7942.617692820628,81
7947.617766911166,91
7952.617841001705,91
7957.6179150922435,81
7962.6179891827815,89
7967.61806327332,73
7972.618137363859,73
7977.618211454397,86
7982.618285544937,63
7987.618359635475,85
7992.618433726013,78
7997.618507816553,87
8002.618581907091,87
8007.6186559976295,102
8012.618730088168,75
8017.618804178706,83
8022.618878269246,87
8027.618952359784,89
8032.619026450322,81
8037.619100540862,104
8042.6191746314,76
8047.619248721939,80
8052.619322812478,75
8057.6193969030155,98
8062.619470993555,87
8067.619545084093,77
8072.619619174631,87
8077.619693265171,83
8082.619767355709,80
8087.619841446248,77
8092.619915536787,90
8097.619989627325,73
8102.6200637178645,88
8107.620137808402,100
8112.62021189894,100
8117.62028598948,75
8122.620360080018,84
8127.620434170556,87
8132.620508261096,68
8137.620582351634,74
8142.620656442173,81
8147.620730532712,98
8152.62080462325,85
8157.620878713789,130
8162.620952804327,70
8167.621026894865,84
8172.621100985405,80
8177.621175075943,97
8182.621249166482,77
8187.621323257021,84
8192.621397347559,79
8197.621471438099,87
8202.621545528636,71
8207.621619619174,98
8212.621693709714,89
8217.621767800252,98
8222.621841890792,85
8227.62191598133,91
8232.621990071868,91
8237.622064162406,75
8242.622138252946,87
8247.622212343484,93
8252.622286434023,88
8257.622360524561,97
8262.6224346151,93
8267.62250870564,78
8272.622582796177,74
8277.622656886717,87
8282.622730977255,85
8287.622805067793,102
8292.62287915833,93
8297.62295324887,102
8302.62302733941,83
8307.623101429948,88
8312.623175520486,84
8317.623249611024,85
8322.623323701564,78
8327.623397792102,93
8332.623471882642,107
8337.62354597318,83
8342.623620063718,79
8347.623694154257,89
8352.623768244795,71
8357.623842335335,102
8362.623916425873,86
8367.623990516411,79
8372.62406460695,87
8377.624138697489,106
8382.624212788029,94
8387.624286878567,115
8392.624360969105,91
8397.624435059643,113
8402.624509150182,80
8407.62458324072,108
8412.62465733126,101
8417.624731421798,99
8422.624805512336,104
8427.624879602874,97
8432.624953693414,98
8437.625027783954,89
8442.625101874492,103
8447.62517596503,100
8452.625250055567,106
8457.625324146107,115
8462.625398236645,88
8467.625472327185,127
8472.625546417723,110
8477.62562050826,101
8482.6256945988,120
8487.625768689339,99
8492.625842779878,118
8497.625916870416,133
8502.625990960954,89
8507.626065051492,103
8512.626139142032,120
8517.626213232572,97
8522.62628732311,110
8527.626361413648,114
8532.626435504186,129
8537.626509594726,118
8542.626583685264,93
8547.626657775803,114
8552.626731866341,104
8557.62680595688,124
8562.626880047417,109
8567.626954137957,125
8572.627028228497,114
8577.627102319035,105
8582.627176409573,119
8587.62725050011,139
8592.62732459065,131
8597.627398681188,110
8602.627472771728,117
8607.627546862266,120
8612.627620952804,125
8617.627695043344,117
8622.627769133882,127
8627.627843224422,124
8632.62791731496,112
8637.627991405498,140
8642.628065496036,149
8647.628139586575,133
8652.628213677115,128
8657.628287767653,136
8662.628361858191,127
8667.628435948729,105
8672.628510039269,135
8677.628584129807,135
8682.628658220347,125
8687.628732310885,124
8692.628806401422,123
8697.62888049196,136
8702.6289545825,149
8707.62902867304,145
8712.629102763578,123
8717.629176854116,125
8722.629250944654,137
8727.629325035194,154
8732.629399125732,151
8737.629473216271,144
8742.62954730681,155
8747.629621397347,159
8752.629695487887,126
8757.629769578425,144
8762.629843668965,136
8767.629917759503,149
8772.62999185004,148
8777.630065940579,149
8782.630140031119,148
8787.630214121658,158
8792.630288212196,134
8797.630362302734,145
8802.630436393272,150
8807.630510483812,159
8812.63058457435,175
8817.63065866489,158
8822.630732755428,153
8827.630806845966,164
8832.630880936504,140
8837.630955027043,176
8842.631029117583,138
8847.631103208121,173
8852.63117729866,162
8857.631251389197,173
8862.631325479737,189
8867.631399570275,198
8872.631473660815,164
8877.631547751353,161
8882.63162184189,176
8887.63169593243,191
8892.631770022968,161
8897.631844113508,183
8902.631918204046,189
8907.631992294584,180
8912.632066385122,173
8917.632140475662,215
8922.632214566202,191
8927.63228865674,204
8932.632362747278,176
8937.632436837815,191
8942.632510928355,191
8947.632585018893,182
8952.632659109433,184
8957.632733199971,197
8962.632807290509,180
8967.632881381047,212
8972.632955471587,180
8977.633029562126,211
8982.633103652664,202
8987.633177743202,223
8992.63325183374,207
8997.63332592428,219
9002.633400014818,221
9007.633474105358,199
9012.633548195896,202
9017.633622286434,214
9022.633696376974,191
9027.633770467512,238
9032.633844558051,191
9037.63391864859,250
9042.633992739127,211
9047.634066829665,236
9052.634140920205,223
9057.634215010745,224
9062.634289101283,225
9067.63436319182,253
9072.634437282359,227
9077.634511372898,235
9082.634585463436,211
9087.634659553976,243
9092.634733644514,252
9097.634807735052,219
9102.634881825592,232
9107.63495591613,263
9112.63503000667,266
9117.635104097208,261
9122.635178187746,247
9127.635252278284,235
9132.635326368823,259
9137.635400459361,279
9142.635474549901,247
9147.635548640439,249
9152.635622730977,246
9157.635696821517,268
9162.635770912055,264
9167.635845002595,307
9172.635919093133,268
9177.63599318367,275
9182.636067274208,269
9187.636141364748,299
9192.636215455288,305
9197.636289545826,316
9202.636363636364,277
9207.636437726902,274
9212.636511817442,280
9217.63658590798,282
9222.63665999852,321
9227.636734089057,286
9232.636808179595,279
9237.636882270135,315
9242.636956360673,311
9247.637030451213,321
9252.63710454175,293
9257.637178632289,299
9262.637252722827,307
9267.637326813367,351
9272.637400903905,309
9277.637474994444,336
9282.637549084982,312
9287.63762317552,311
9292.63769726606,363
9297.637771356598,349
9302.637845447138,320
9307.637919537676,355
9312.637993628214,334
9317.638067718752,354
9322.638141809291,350
9327.638215899831,374
9332.63828999037,343
9337.638364080907,373
9342.638438171445,360
9347.638512261985,379
9352.638586352523,380
9357.638660443063,408
9362.6387345336,411
9367.638808624139,367
9372.638882714678,391
9377.638956805216,410
9382.639030895756,356
9387.639104986294,407
9392.639179076832,359
9397.63925316737,358
9402.63932725791,361
9407.639401348448,401
9412.639475438988,413
9417.639549529526,368
9422.639623620064,405
9427.639697710603,386
9432.639771801141,370
9437.639845891681,412
9442.639919982219,412
9447.639994072757,405
9452.640068163295,420
9457.640142253835,413
9462.640216344374,413
9467.640290434912,433
9472.64036452545,458
9477.640438615988,466
9482.640512706528,423
9487.640586797066,440
9492.640660887606,434
9497.640734978144,427
9502.640809068682,418
9507.640883159222,433
9512.64095724976,455
9517.6410313403,458
9522.641105430837,441
9527.641179521375,463
9532.641253611913,451
9537.641327702453,482
9542.641401792991,448
9547.64147588353,466
9552.641549974069,473
9557.641624064607,487
9562.641698155147,485
9567.641772245684,429
9572.641846336224,441
9577.641920426762,496
9582.6419945173,497
9587.642068607838,497
9592.642142698378,531
9597.642216788918,535
9602.642290879456,479
9607.642364969994,489
9612.642439060532,469
9617.642513151071,492
9622.64258724161,507
9627.64266133215,522
9632.642735422687,528
9637.642809513225,536
9642.642883603765,518
9647.642957694303,487
9652.643031784843,503
9657.64310587538,552
9662.643179965919,501
9667.643254056456,514
9672.643328146996,539
9677.643402237534,555
9682.643476328074,553
9687.643550418612,554
9692.64362450915,528
9697.64369859969,577
9702.643772690228,515
9707.643846780767,557
9712.643920871305,553
9717.643994961843,582
9722.644069052381,602
9727.644143142921,607
9732.644217233461,601
9737.644291323999,553
9742.644365414537,556
9747.644439505075,572
9752.644513595615,563
9757.644587686153,609
9762.644661776692,582
9767.64473586723,602
9772.644809957768,589
9777.644884048308,589
9782.644958138846,601
9787.645032229386,627
9792.645106319924,605
9797.645180410462,608
9802.645254501,581
9807.64532859154,673
9812.645402682077,626
9817.645476772617,644
9822.645550863155,627
9827.645624953693,660
9832.645699044233,653
9837.645773134771,624
9842.64584722531,627
9847.645921315849,676
9852.645995406387,642
9857.646069496925,671
9862.646143587464,627
9867.646217678004,676
9872.646291768542,624
9877.64636585908,646
9882.646439949618,619
9887.646514040158,642
9892.646588130696,727
9897.646662221236,664
9902.646736311774,676
9907.646810402312,719
9912.646884492851,697
9917.64695858339,667
9922.647032673929,679
9927.647106764467,731
9932.647180855005,672
9937.647254945543,679
9942.647329036083,726
9947.647403126623,688
9952.64747721716,727
9957.647551307698,689
9962.647625398236,720
9967.647699488776,721
9972.647773579314,748
9977.647847669854,780
9982.647921760392,790
9987.64799585093,790
9992.648069941468,715
9997.648144032008,727
10002.648218122547,659
10007.648292213085,734
10012.648366303623,751
10017.648440394161,728
10022.648514484701,729
10027.648588575239,733
10032.648662665779,748
10037.648736756317,755
10042.648810846855,749
10047.648884937395,765
10052.648959027933,705
10057.649033118472,752
10062.64910720901,739
10067.649181299548,769
10072.649255390086,766
10077.649329480626,740
10082.649403571166,787
10087.649477661704,754
10092.649551752242,759
10097.64962584278,835
10102.64969993332,771
10107.649774023857,788
10112.649848114397,818
10117.649922204935,816
10122.649996295473,742
10127.650070386011,793
10132.65014447655,807
10137.65021856709,800
10142.650292657629,801
10147.650366748167,848
10152.650440838705,858
10157.650514929244,799
10162.650589019782,770
10167.650663110322,779
10172.65073720086,778
10177.650811291398,792
10182.650885381938,792
10187.650959472476,826
10192.651033563016,817
10197.651107653553,811
10202.651181744091,860
10207.65125583463,893
10212.65132992517,823
10217.651404015709,833
10222.651478106247,830
10227.651552196785,866
10232.651626287323,833
10237.651700377863,885
10242.6517744684,824
10247.65184855894,852
10252.651922649478,872
10257.651996740016,872
10262.652070830554,852
10267.652144921094,868
10272.652219011634,817
10277.652293102172,894
10282.65236719271,890
10287.652441283248,853
10292.652515373788,844
10297.652589464326,875
10302.652663554865,824
10307.652737645403,877
10312.652811735941,903
10317.652885826481,904
10322.652959917019,862
10327.653034007559,860
10332.653108098097,861
10337.653182188635,848
10342.653256279173,852
10347.653330369712,852
10352.653404460252,866
10357.65347855079,937
10362.653552641328,928
10367.653626731866,926
10372.653700822406,932
10377.653774912944,895
10382.653849003484,891
10387.653923094022,948
10392.65399718456,924
10397.654071275098,965
10402.654145365637,868
10407.654219456177,966
10412.654293546715,906
10417.654367637253,879
10422.654441727791,922
10427.65451581833,918
10432.654589908869,937
10437.654663999409,935
10442.654738089946,910
10447.654812180484,900
10452.654886271024,942
10457.654960361562,916
10462.655034452102,964
10467.65510854264,929
10472.655182633178,968
10477.655256723716,997
10482.655330814256,934
10487.655404904795,955
10492.655478995333,900
10497.655553085871,965
10502.65562717641,899
10507.65570126695,1003
10512.655775357487,1010
10517.655849448027,988
10522.655923538565,928
10527.655997629103,932
10532.65607171964,1001
10537.65614581018,935
10542.65621990072,999
10547.656293991258,1009
10552.656368081796,932
10557.656442172334,986
10562.656516262874,961
10567.656590353412,958
10572.656664443952,1008
10577.65673853449,1005
10582.656812625028,989
10587.656886715567,971
10592.656960806105,1017
10597.657034896645,996
10602.657108987183,980
10607.657183077721,1054
10612.65725716826,960
10617.657331258799,996
10622.657405349339,976
10627.657479439877,963
10632.657553530415,972
10637.657627620953,1021
10642.657701711492,1000
10647.65777580203,1071
10652.65784989257,960
10657.657923983108,1017
10662.657998073646,1039
10667.658072164186,995
10672.658146254724,1018
10677.658220345264,1048
10682.658294435802,977
10687.65836852634,1003
10692.658442616877,973
10697.658516707417,987
10702.658590797955,1048
10707.658664888495,1011
10712.658738979033,971
10717.65881306957,1061
10722.65888716011,1040
10727.658961250649,1025
10732.659035341188,984
10737.659109431726,1060
10742.659183522264,1043
10747.659257612802,1072
10752.659331703342,1030
10757.659405793882,1018
10762.65947988442,992
10767.659553974958,1003
10772.659628065496,1010
10777.659702156036,1033
10782.659776246574,1020
10787.659850337113,1076
10792.659924427651,1051
10797.65999851819,1090
10802.660072608729,1019
10807.660146699267,1093
10812.660220789807,1078
10817.660294880345,1042
10822.660368970883,1034
10827.66044306142,1086
10832.66051715196,978
10837.660591242498,1073
10842.660665333038,1043
10847.660739423576,1028
10852.660813514114,996
10857.660887604654,1000
10862.660961695192,1065
10867.661035785732,1085
10872.66110987627,999
10877.661183966808,1067
10882.661258057346,1052
10887.661332147885,1025
10892.661406238425,1087
10897.661480328963,1157
10902.661554419501,964
10907.661628510039,1058
10912.661702600579,1040
10917.661776691117,1045
10922.661850781657,1031
10927.661924872195,1106
10932.661998962732,965
10937.662073053272,1053
10942.66214714381,1020
10947.66222123435,1062
10952.662295324888,1019
10957.662369415426,1072
10962.662443505964,1008
10967.662517596504,1027
10972.662591687042,1022
10977.662665777581,1057
10982.66273986812,1040
10987.662813958657,1063
10992.662888049197,1068
10997.662962139735,1072
11002.663036230275,1086
11007.663110320813,1064
11012.66318441135,1074
11017.663258501889,1033
11022.663332592429,1033
11027.663406682968,1093
11032.663480773506,1014
11037.663554864044,1041
11042.663628954582,1033
11047.663703045122,1082
11052.66377713566,1061
11057.6638512262,1085
11062.663925316738,1037
11067.663999407276,1105
11072.664073497815,1045
11077.664147588353,1149
11082.664221678893,1043
11087.664295769431,1102
11092.66436985997,1018
11097.664443950507,1143
11102.664518041047,1043
11107.664592131585,1093
11112.664666222125,996
11117.664740312663,1086
11122.6648144032,1038
11127.66488849374,1106
11132.664962584278,1075
11137.665036674818,1074
11142.665110765356,1000
11147.665184855894,1021
11152.665258946432,1023
11157.665333036972,1092
11162.665407127512,1035
11167.66548121805,1123
11172.665555308587,1036
11177.665629399125,1065
11182.665703489665,1070
11187.665777580203,1070
11192.665851670743,1049
11197.665925761281,1061
11202.665999851819,1021
11207.666073942359,1067
11212.666148032897,1089
11217.666222123436,1013
11222.666296213974,1028
11227.666370304512,1078
11232.66644439505,1032
11237.66651848559,1046
11242.666592576128,1015
11247.666666666668,1062
11252.666740757206,1039
11257.666814847744,1015
11262.666888938284,1016
11267.666963028822,1097
11272.667037119361,1046
11277.6671112099,1040
11282.667185300437,1010
11287.667259390975,1027
11292.667333481515,1015
11297.667407572055,1046
11302.667481662593,1063
11307.66755575313,1020
11312.667629843669,1003
11317.667703934208,1056
11322.667778024746,1006
11327.667852115286,1007
11332.667926205824,999
11337.668000296362,991
11342.668074386902,1011
11347.66814847744,975
11352.66822256798,1037
11357.668296658518,992
11362.668370749056,996
11367.668444839594,1015
11372.668518930133,947
11377.668593020671,1081
11382.668667111211,1015
11387.668741201749,1014
11392.668815292287,990
11397.668889382827,1015
11402.668963473365,1032
11407.669037563905,1041
11412.669111654443,986
11417.66918574498,985
11422.669259835518,958
11427.669333926058,1028
11432.669408016598,953
11437.669482107136,1047
11442.669556197674,982
11447.669630288212,1022
11452.669704378752,999
11457.66977846929,988
11462.66985255983,971
11467.669926650367,988
11472.670000740905,959
11477.670074831445,1014
11482.670148921983,1017
11487.670223012523,1002
11492.67029710306,957
11497.670371193599,958
11502.670445284137,932
11507.670519374677,1016
11512.670593465216,971
11517.670667555754,996
11522.670741646292,990
11527.67081573683,997
11532.67088982737,963
11537.670963917908,987
11542.671038008448,957
11547.671112098986,988
11552.671186189524,950
11557.671260280062,954
11562.671334370601,993
11567.671408461141,986
11572.67148255168,907
11577.671556642217,1026
11582.671630732755,934
11587.671704823295,974
11592.671778913833,884
11597.671853004373,956
11602.67192709491,876
11607.672001185449,954
11612.672075275988,956
11617.672149366526,974
11622.672223457066,943
11627.672297547604,933
11632.672371638142,930
11637.67244572868,933
11642.67251981922,882
11647.67259390976,894
11652.672668000298,913
11657.672742090836,951
11662.672816181373,891
11667.672890271913,879
11672.672964362451,894
11677.673038452991,954
11682.673112543529,905
11687.673186634067,895
11692.673260724605,848
11697.673334815145,924
11702.673408905684,883
11707.673482996222,921
11712.67355708676,917
11717.673631177298,871
11722.673705267838,910
11727.673779358376,892
11732.673853448916,822
11737.673927539454,887
11742.674001629992,874
11747.674075720532,899
11752.67414981107,851
11757.67422390161,861
11762.674297992147,853
11767.674372082685,839
11772.674446173223,878
11777.674520263763,891
11782.674594354303,869
11787.67466844484,830
11792.674742535379,867
11797.674816625917,843
11802.674890716457,810
11807.674964806994,886
11812.675038897534,793
11817.675112988072,849
11822.67518707861,841
11827.675261169148,825
11832.675335259688,874
11837.675409350228,815
11842.675483440766,794
11847.675557531304,839
11852.675631621842,746
11857.675705712381,845
11862.67577980292,805
11867.67585389346,828
11872.675927983997,774
11877.676002074535,799
11882.676076165075,786
11887.676150255613,779
11892.676224346153,806
11897.67629843669,868
11902.676372527229,802
11907.676446617766,809
11912.676520708306,761
11917.676594798846,821
11922.676668889384,741
11927.676742979922,803
11932.67681707046,773
11937.676891161,791
11942.676965251538,742
11947.677039342077,805
11952.677113432615,774
11957.677187523153,798
11962.677261613691,764
11967.677335704231,738
11972.677409794771,751
11977.677483885309,754
11982.677557975847,727
11987.677632066385,774
11992.677706156925,744
11997.677780247463,751
12002.677854338002,738
12007.67792842854,763
12012.678002519078,703
12017.678076609618,739
12022.678150700156,736
12027.678224790696,721
12032.678298881234,748
12037.678372971772,704
12042.67844706231,696
12047.67852115285,735
12052.67859524339,696
12057.678669333927,714
12062.678743424465,737
12067.678817515003,712
12072.678891605543,718
12077.678965696081,677
12082.67903978662,714
12087.679113877159,706
12092.679187967697,663
12097.679262058235,717
12102.679336148774,684
12107.679410239314,697
12112.679484329852,703
12117.67955842039,716
12122.679632510928,663
12127.679706601468,749
12132.679780692006,696
12137.679854782546,672
12142.679928873084,637
12147.680002963622,684
12152.680077054161,652
12157.6801511447,687
12162.680225235239,641
12167.680299325777,618
12172.680373416315,606
12177.680447506853,646
12182.680521597393,650
12187.680595687933,674
12192.68066977847,643
12197.680743869008,625
12202.680817959546,646
12207.680892050086,645
12212.680966140624,586
12217.681040231164,598
12222.681114321702,609
12227.68118841224,681
12232.68126250278,581
12237.681336593318,639
12242.681410683857,601
12247.681484774395,614
12252.681558864933,629
12257.681632955471,619
12262.681707046011,613
12267.681781136549,626
12272.681855227089,563
12277.681929317627,572
12282.682003408165,553
12287.682077498705,570
12292.682151589242,563
12297.682225679782,609
12302.68229977032,553
12307.682373860858,597
12312.682447951396,527
12317.682522041936,606
12322.682596132476,503
12327.682670223014,561
12332.682744313552,566
12337.68281840409,547
12342.68289249463,523
12347.682966585167,563
12352.683040675707,538
12357.683114766245,573
12362.683188856783,504
12367.683262947323,571
12372.68333703786,507
12377.6834111284,563
12382.683485218939,465
12387.683559309477,536
12392.683633400015,536
12397.683707490554,557
12402.683781581092,486
12407.683855671632,496
12412.68392976217,476
12417.684003852708,547
12422.684077943248,532
12427.684152033786,511
12432.684226124326,502
12437.684300214863,504
12442.684374305401,515
12447.68444839594,474
12452.68452248648,500
12457.684596577019,531
12462.684670667557,455
12467.684744758095,553
12472.684818848633,438
12477.684892939173,516
12482.68496702971,448
12487.68504112025,463
12492.685115210788,438
12497.685189301326,480
12502.685263391866,486
12507.685337482404,506
12512.685411572944,433
12517.685485663482,438
12522.68555975402,459
12527.685633844558,462
12532.685707935098,439
12537.685782025635,463
12542.685856116175,427
12547.685930206713,421
12552.686004297251,421
12557.686078387791,410
12562.686152478329,423
12567.686226568869,405
12572.686300659407,412
12577.686374749945,431
12582.686448840483,396
12587.686522931022,423
12592.686597021562,389
12597.6866711121,433
12602.686745202638,392
12607.686819293176,416
12612.686893383716,384
12617.686967474254,376
12622.687041564794,412
12627.687115655332,452
12632.68718974587,390
12637.68726383641,386
12642.687337926947,396
12647.687412017487,365
12652.687486108025,376
12657.687560198563,399
12662.687634289101,370
12667.68770837964,368
12672.687782470179,337
12677.687856560719,402
12682.687930651256,335
12687.688004741794,358
12692.688078832334,377
12697.688152922872,371
12702.688227013412,369
12707.68830110395,354
12712.688375194488,337
12717.688449285026,324
12722.688523375566,368
12727.688597466105,374
12732.688671556643,366
12737.688745647181,377
12742.68881973772,369
12747.68889382826,353
12752.688967918797,310
12757.689042009337,372
12762.689116099875,324
12767.689190190413,334
12772.689264280953,308
12777.68933837149,329
12782.68941246203,320
12787.689486552568,328
12792.689560643106,319
12797.689634733644,303
12802.689708824184,285
12807.689782914722,368
12812.689857005262,336
12817.6899310958,319
12822.690005186338,280
12827.690079276877,306
12832.690153367415,282
12837.690227457955,317
12842.690301548493,308
12847.690375639031,298
12852.690449729569,309
12857.690523820109,285
12862.690597910649,247
12867.690672001187,317
12872.690746091725,277
12877.690820182263,255
12882.690894272802,276
12887.69096836334,276
12892.69104245388,267
12897.691116544418,286
12902.691190634956,256
12907.691264725496,279
12912.691338816034,230
12917.691412906574,248
12922.691486997111,269
12927.69156108765,237
12932.691635178187,214
12937.691709268727,277
12942.691783359265,276
12947.691857449805,228
12952.691931540343,253
12957.69200563088,246
12962.69207972142,231
12967.692153811959,230
12972.692227902498,231
12977.692301993036,255
12982.692376083574,246
12987.692450174112,248
12992.692524264652,245
12997.692598355192,241
13002.69267244573,248
13007.692746536268,250
13012.692820626806,201
13017.692894717346,264
13022.692968807884,237
13027.693042898423,235
13032.693116988961,212
13037.6931910795,237
13042.693265170039,231
13047.693339260577,228
13052.693413351117,199
13057.693487441655,216
13062.693561532193,190
13067.69363562273,212
13072.69370971327,201
13077.69378380381,210
13082.693857894348,206
13087.693931984886,232
13092.694006075424,237
13097.694080165964,187
13102.694154256502,209
13107.694228347042,208
13112.69430243758,186
13117.694376528118,206
13122.694450618656,204
13127.694524709195,198
13132.694598799735,210
13137.694672890273,206
13142.694746980811,164
13147.694821071349,195
13152.694895161889,170
13157.694969252427,190
13162.695043342967,179
13167.695117433504,202
13172.695191524042,176
13177.695265614582,176
13182.69533970512,154
13187.69541379566,177
13192.695487886198,167
13197.695561976736,149
13202.695636067274,181
13207.695710157814,156
13212.695784248353,168
13217.695858338891,184
13222.69593242943,163
13227.696006519967,174
13232.696080610507,163
13237.696154701045,157
13242.696228791585,172
13247.696302882123,170
13252.69637697266,126
13257.696451063199,165
13262.696525153739,172
13267.696599244278,175
13272.696673334816,154
13277.696747425354,162
13282.696821515892,143
13287.696895606432,153
13292.69696969697,129
13297.69704378751,167
13302.697117878048,116
13307.697191968586,156
13312.697266059125,126
13317.697340149663,142
13322.697414240203,123
13327.697488330741,147
13332.69756242128,137
13337.697636511817,126
13342.697710602357,142
13347.697784692897,128
13352.697858783435,127
13357.697932873973,137
13362.69800696451,150
13367.69808105505,134
13372.698155145588,116
13377.698229236128,131
13382.698303326666,130
13387.698377417204,110
13392.698451507742,106
13397.698525598282,133
13402.698599688822,110
13407.69867377936,127
13412.698747869897,130
13417.698821960435,129
13422.698896050975,113
13427.698970141513,132
13432.699044232053,120
13437.699118322591,140
13442.699192413129,141
13447.699266503669,115
13452.699340594207,109
13457.699414684746,112
13462.699488775284,108
13467.699562865822,116
13472.69963695636,132
13477.6997110469,119
13482.69978513744,107
13487.699859227978,109
13492.699933318516,97
13497.700007409054,116
13502.700081499594,103
13507.700155590132,91
13512.700229680671,109
13517.70030377121,95
13522.700377861747,96
13527.700451952285,103
13532.700526042825,103
13537.700600133365,107
13542.700674223903,97
13547.70074831444,103
13552.700822404979,110
13557.700896495518,98
13562.700970586056,90
13567.701044676596,104
13572.701118767134,96
13577.701192857672,97
13582.701266948212,86
13587.70134103875,88
13592.70141512929,102
13597.701489219828,104
13602.701563310366,91
13607.701637400904,98
13612.701711491443,66
13617.701785581983,90
13622.701859672521,76
13627.701933763059,101
13632.702007853597,75
13637.702081944137,99
13642.702156034675,82
13647.702230125215,91
13652.702304215753,68
13657.70237830629,87
13662.702452396828,89
13667.702526487368,87
13672.702600577908,68
13677.702674668446,77
13682.702748758984,82
13687.702822849522,91
13692.702896940062,70
13697.7029710306,64
13702.70304512114,61
13707.703119211677,89
13712.703193302215,88
13717.703267392755,62
13722.703341483293,74
13727.703415573833,73
13732.70348966437,65
13737.703563754909,72
13742.703637845447,70
13747.703711935987,71
13752.703786026526,67
13757.703860117064,99
13762.703934207602,79
13767.70400829814,75
13772.70408238868,53
13777.704156479218,60
13782.704230569758,64
13787.704304660296,70
13792.704378750834,64
13797.704452841373,56
13802.704526931911,65
13807.704601022451,72
13812.70467511299,61
13817.704749203527,85
13822.704823294065,68
13827.704897384605,66
13832.704971475143,58
13837.705045565683,72
13842.70511965622,62
13847.705193746759,72
13852.705267837298,68
13857.705341927836,68
13862.705416018376,54
13867.705490108914,59
13872.705564199452,50
13877.70563828999,66
13882.70571238053,53
13887.70578647107,65
13892.705860561608,53
13897.705934652146,55
13902.706008742683,49
13907.706082833223,50
13912.706156923761,44
13917.706231014301,65
13922.706305104839,56
13927.706379195377,62
13932.706453285917,47
13937.706527376455,55
13942.706601466994,51
13947.706675557532,63
13952.70674964807,48
13957.706823738608,55
13962.706897829148,38
13967.706971919686,56
13972.707046010226,47
13977.707120100764,55
13982.707194191302,45
13987.707268281842,50
13992.70734237238,43
13997.70741646292,53
14002.707490553457,54
14007.707564643995,64
14012.707638734533,46
14017.707712825073,44
14022.707786915613,47
14027.70786100615,57
14032.707935096689,39
14037.708009187227,46
14042.708083277766,41
14047.708157368304,45
14052.708231458844,45
14057.708305549382,59
14062.70837963992,49
14067.70845373046,63
14072.708527820998,52
14077.708601911538,47
14082.708676002076,33
14087.708750092614,45
14092.708824183152,39
14097.708898273691,53
14102.70897236423,31
14107.70904645477,46
14112.709120545307,29
14117.709194635845,48
14122.709268726385,39
14127.709342816923,62
14132.709416907463,36
14137.709490998,32
14142.709565088539,38
14147.709639179076,41
14152.709713269616,35
14157.709787360156,42
14162.709861450694,42
14167.709935541232,38
14172.71000963177,35
14177.71008372231,44
14182.710157812848,37
14187.710231903387,45
14192.710305993925,35
14197.710380084463,38
14202.710454175003,31
14207.710528265541,43
14212.710602356081,34
14217.710676446619,33
14222.710750537157,29
14227.710824627695,39
14232.710898718235,30
14237.710972808773,51
14242.711046899312,30
14247.71112098985,33
14252.711195080388,26
14257.711269170928,48
14262.711343261466,33
14267.711417352006,42
14272.711491442544,26
14277.711565533082,36
14282.71163962362,31
14287.71171371416,45
14292.7117878047,26
14297.711861895237,39
14302.711935985775,32
14307.712010076313,39
14312.712084166853,30
14317.712158257391,38
14322.71223234793,33
14327.712306438469,42
14332.712380529007,34
14337.712454619546,35
14342.712528710084,37
14347.712602800624,36
14352.712676891162,32
14357.7127509817,34
14362.712825072238,29
14367.712899162778,39
14372.712973253316,13
14377.713047343856,32
14382.713121434394,20
14387.713195524932,39
14392.713269615471,26
14397.71334370601,39
14402.713417796549,22
14407.713491887087,29
14412.713565977625,25
14417.713640068163,33
14422.713714158703,22
14427.713788249242,38
14432.71386233978,23
14437.713936430318,44
14442.714010520856,22
14447.714084611396,26
14452.714158701934,13
14457.714232792474,33
14462.714306883012,26
14467.71438097355,35
14472.71445506409,13
14477.714529154628,31
14482.714603245167,29
14487.714677335705,23
14492.714751426243,20
14497.714825516781,33
14502.714899607321,18
14507.714973697859,28
14512.715047788399,26
14517.715121878937,19
14522.715195969475,24
14527.715270060015,38
14532.715344150552,22
14537.715418241092,39
14542.71549233163,24
14547.715566422168,25
14552.715640512706,20
14557.715714603246,37
14562.715788693786,23
14567.715862784324,31
14572.715936874862,18
14577.7160109654,25
14582.71608505594,20
14587.716159146477,21
14592.716233237017,24
14597.716307327555,30
14602.716381418093,21
14607.716455508633,29
14612.71652959917,25
14617.71660368971,32
14622.716677780249,24
14627.716751870787,25
14632.716825961325,26
14637.716900051864,24
14642.716974142404,17
14647.717048232942,19
14652.71712232348,27
14657.717196414018,24
14662.717270504558,24
14667.717344595096,32
14672.717418685635,20
14677.717492776173,17
14682.717566866711,23
14687.71764095725,28
14692.71771504779,19
14697.717789138329,27
14702.717863228867,13
14707.717937319405,29
14712.718011409943,19
14717.718085500483,27
14722.71815959102,17
14727.71823368156,17
14732.718307772098,20
14737.718381862636,21
14742.718455953176,16
14747.718530043714,18
14752.718604134254,18
14757.718678224792,19
14762.71875231533,12
14767.718826405868,20
14772.718900496408,16
14777.718974586947,30
14782.719048677485,16
14787.719122768023,17
14792.719196858561,11
14797.719270949101,23
14802.719345039639,22
14807.719419130179,19
14812.719493220717,16
14817.719567311255,19
14822.719641401793,7
14827.719715492332,19
14832.719789582872,14
14837.71986367341,16
14842.719937763948,9
14847.720011854486,17
14852.720085945026,19
14857.720160035564,19
14862.720234126104,12
14867.720308216642,15
14872.72038230718,12
14877.72045639772,15
14882.720530488257,12
14887.720604578797,16
14892.720678669335,22
14897.720752759873,26
14902.720826850411,9
14907.72090094095,21
14912.72097503149,19
14917.721049122028,13
14922.721123212566,23
14927.721197303104,23
14932.721271393644,15
14937.721345484182,20
14942.721419574722,16
14947.72149366526,27
14952.721567755798,16
14957.721641846336,16
14962.721715936876,17
14967.721790027415,22
14972.721864117953,11
14977.721938208491,21
14982.72201229903,18
14987.722086389569,21
14992.722160480107,11
14997.722234570647,28
15002.722308661185,17
15007.722382751723,20
15012.722456842263,11
15017.7225309328,21
15022.72260502334,14
15027.722679113878,19
15032.722753204416,18
15037.722827294954,26
15042.722901385494,17
15047.722975476034,20
15052.723049566572,17
15057.72312365711,20
15062.723197747648,24
15067.723271838187,22
15072.723345928725,14
15077.723420019265,18
15082.723494109803,12
15087.723568200341,24
15092.723642290879,17
15097.723716381419,21
15102.723790471959,19
15107.723864562497,13
15112.723938653035,12
15117.724012743573,19
15122.724086834112,10
15127.72416092465,22
15132.72423501519,18
15137.724309105728,22
15142.724383196266,12
15147.724457286806,21
15152.724531377344,12
15157.724605467884,20
15162.724679558421,13
15167.72475364896,18
15172.724827739497,12
15177.724901830037,19
15182.724975920577,5
15187.725050011115,15
15192.725124101653,12
15197.72519819219,19
15202.72527228273,10
15207.725346373269,18
15212.725420463808,8
15217.725494554346,21
15222.725568644884,9
15227.725642735422,22
15232.725716825962,13
15237.725790916502,13
15242.72586500704,14
15247.725939097578,16
15252.726013188116,13
15257.726087278656,8
15262.726161369194,20
15267.726235459733,17
15272.726309550271,11
15277.72638364081,21
15282.726457731349,16
15287.726531821887,16
15292.726605912427,11
15297.726680002965,19
15302.726754093503,19
15307.72682818404,16
15312.72690227458,11
15317.72697636512,26
15322.727050455658,9
15327.727124546196,21
15332.727198636734,18
15337.727272727274,17
15342.727346817812,12
15347.727420908352,25
15352.72749499889,19
15357.727569089428,18
15362.727643179966,15
15367.727717270505,16
15372.727791361045,6
15377.727865451583,17
15382.727939542121,14
15387.728013632659,27
15392.728087723199,7
15397.728161813737,17
15402.728235904277,18
15407.728309994814,13
15412.728384085352,14
15417.728458175892,17
15422.72853226643,19
15427.72860635697,25
15432.728680447508,8
15437.728754538046,21
15442.728828628584,11
15447.728902719124,22
15452.728976809663,14
15457.729050900201,22
15462.72912499074,8
15467.729199081277,15
15472.729273171817,10
15477.729347262355,15
15482.729421352895,14
15487.729495443433,14
15492.72956953397,13
15497.72964362451,24
15502.729717715049,18
15507.729791805588,21
15512.729865896126,13
15517.729939986664,15
15522.730014077202,11
15527.730088167742,15
15532.73016225828,11
15537.73023634882,15
15542.730310439358,11
15547.730384529896,12
15552.730458620435,7
15557.730532710973,16
15562.730606801513,11
15567.730680892051,18
15572.73075498259,10
15577.730829073127,25
15582.730903163667,13
15587.730977254207,10
15592.731051344745,14
15597.731125435283,23
15602.73119952582,11
15607.73127361636,16
15612.731347706898,11
15617.731421797438,20
15622.731495887976,15
15627.731569978514,22
15632.731644069054,15
15637.731718159592,22
15642.731792250132,9
15647.73186634067,21
15652.731940431207,12
15657.732014521745,18
15662.732088612285,10
15667.732162702823,13
15672.732236793363,10
15677.732310883901,20
15682.732384974439,21
15687.732459064979,27
15692.732533155517,8
15697.732607246056,14
15702.732681336594,10
15707.732755427132,7
15712.73282951767,12
15717.73290360821,10
15722.73297769875,15
15727.733051789288,20
15732.733125879826,13
15737.733199970364,21
15742.733274060904,22
15747.733348151442,21
15752.733422241981,15
15757.73349633252,13
15762.733570423057,11
15767.733644513597,14
15772.733718604135,6
15777.733792694675,7
15782.733866785213,17
15787.73394087575,18
15792.734014966289,10
15797.734089056828,21
15802.734163147366,14
15807.734237237906,22
15812.734311328444,9
15817.734385418982,16
15822.734459509522,14
15827.73453360006,25
15832.7346076906,15
15837.734681781138,21
15842.734755871676,15
15847.734829962214,17
15852.734904052753,16
15857.734978143293,17
15862.735052233831,14
15867.735126324369,11
15872.735200414907,16
15877.735274505447,17
15882.735348595985,11
15887.735422686525,16
15892.735496777063,12
15897.7355708676,20
15902.73564495814,14
15907.735719048678,18
15912.735793139218,11
15917.735867229756,18
15922.735941320294,8
15927.736015410832,18
15932.736089501372,11
15937.73616359191,13
15942.73623768245,8
15947.736311772987,20
15952.736385863525,10
15957.736459954065,27
15962.736534044603,11
15967.736608135143,21
15972.73668222568,16
15977.736756316219,21
15982.736830406757,17
15987.736904497297,11
15992.736978587836,11
15997.737052678374,21
16002.737126768912,12
16007.73720085945,11
16012.73727494999,11
16017.737349040528,16
16022.737423131068,13
16027.737497221606,22
16032.737571312144,13
16037.737645402683,12
16042.737719493221,13
16047.737793583761,16
16052.7378676743,8
16057.737941764837,18
16062.738015855375,12
16067.738089945915,12
16072.738164036453,11
16077.738238126993,26
16082.73831221753,12
16087.738386308069,17
16092.738460398608,15
16097.738534489146,21
16102.738608579686,10
16107.738682670224,9
16112.738756760762,18
16117.7388308513,24
16122.73890494184,15
16127.73897903238,24
16132.739053122918,9
16137.739127213456,21
16142.739201303993,11
16147.739275394533,23
16152.739349485071,10
16157.739423575611,13
16162.739497666149,10
16167.739571756687,20
16172.739645847227,8
16177.739719937765,18
16182.739794028304,12
16187.739868118842,23
16192.73994220938,13
16197.740016299918,22
16202.740090390458,11
16207.740164480998,19
16212.740238571536,11
16217.740312662074,22
16222.740386752612,8
16227.740460843152,16
16232.74053493369,13
16237.74060902423,31
16242.740683114767,13
16247.740757205305,19
16252.740831295843,10
16257.740905386383,10
16262.740979476923,16
16267.74105356746,22
16272.741127657999,13
16277.741201748537,20
16282.741275839076,11
16287.741349929614,23
16292.741424020154,16
16297.741498110692,20
16302.74157220123,18
16307.74164629177,24
16312.741720382308,9
16317.741794472848,23
16322.741868563386,8
16327.741942653924,15
16332.742016744462,11
16337.742090835001,19
16342.742164925541,13
16347.74223901608,10
16352.742313106617,14
16357.742387197155,13
16362.742461287695,8
16367.742535378233,15
16372.742609468773,16
16377.74268355931,14
16382.742757649848,13
16387.742831740386,17
16392.742905830928,19
16397.742979921466,14
16402.743054012004,12
16407.743128102542,20
16412.74320219308,16
16417.743276283618,18
16422.74335037416,11
16427.743424464697,22
16432.743498555235,13
16437.743572645773,16
16442.74364673631,9
16447.743720826853,33
16452.74379491739,18
16457.74386900793,16
16462.743943098467,25
16467.744017189005,18
16472.744091279543,9
16477.744165370084,16
16482.744239460622,9
16487.74431355116,18
16492.7443876417,16
16497.744461732236,19
16502.744535822778,10
16507.744609913316,14
16512.744684003854,10
16517.74475809439,20
16522.74483218493,16
16527.744906275468,20
16532.74498036601,11
16537.745054456547,13
16542.745128547085,7
16547.745202637623,17
16552.745276728165,22
16557.745350818703,17
16562.74542490924,20
16567.74549899978,24
16572.745573090317,10
16577.745647180855,17
16582.745721271393,8
16587.745795361934,26
16592.745869452472,17
16597.74594354301,16
16602.746017633548,10
16607.74609172409,15
16612.746165814628,10
16617.746239905166,17
16622.746313995704,13
16627.74638808624,35
16632.74646217678,21
16637.74653626732,18
16642.74661035786,9
16647.746684448397,21
16652.746758538935,15
16657.746832629473,17
16662.746906720015,30
16667.746980810552,14
16672.74705490109,10
16677.74712899163,20
16682.747203082166,15
16687.747277172704,24
16692.747351263246,15
16697.747425353784,27
16702.747499444322,17
16707.74757353486,25
16712.747647625398,17
16717.74772171594,20
16722.747795806477,16
16727.747869897015,20
16732.747943987553,12
16737.74801807809,22
16742.74809216863,12
16747.74816625917,29
16752.74824034971,21
16757.748314440247,27
16762.748388530785,12
16767.748462621326,27
16772.748536711864,12
16777.748610802402,14
16782.74868489294,16
16787.74875898348,14
16792.748833074016,16
16797.748907164554,14
16802.748981255096,12
16807.749055345634,18
16812.74912943617,17
16817.74920352671,17
16822.74927761725,17
16827.74935170779,26
16832.749425798327,15
16837.749499888865,27
16842.749573979403,21
16847.74964806994,23
16852.74972216048,18
16857.74979625102,18
16862.74987034156,11
16867.749944432097,15
16872.750018522634,11
16877.750092613176,35
16882.750166703714,16
16887.750240794252,19
16892.75031488479,12
16897.750388975328,22
16902.750463065866,13
16907.750537156408,19
16912.750611246945,15
16917.750685337483,23
16922.75075942802,11
16927.75083351856,22
16932.7509076091,7
16937.75098169964,14
16942.751055790177,17
16947.751129880715,22
16952.751203971253,20
16957.75127806179,20
16962.751352152332,11
16967.75142624287,22
16972.75150033341,13
16977.751574423946,28
16982.751648514484,18
16987.751722605026,25
16992.751796695564,8
16997.7518707861,29
17002.75194487664,15
17007.752018967178,26
17012.752093057716,15
17017.752167148257,24
17022.752241238795,18
17027.752315329333,24
17032.75238941987,17
17037.752463510413,19
17042.75253760095,14
17047.75261169149,22
17052.752685782027,13
17057.752759872565,25
17062.752833963103,20
17067.75290805364,26
17072.752982144182,16
17077.75305623472,27
17082.753130325258,14
17087.753204415796,31
17092.753278506338,18
17097.753352596876,40
17102.753426687414,18
17107.75350077795,21
17112.75357486849,21
17117.753648959027,29
17122.753723049565,15
17127.753797140107,23
17132.753871230645,17
17137.753945321183,24
17142.75401941172,15
17147.754093502263,25
17152.7541675928,18
17157.75424168334,21
17162.754315773876,13
17167.754389864414,22
17172.754463954952,14
17177.754538045494,28
17182.754612136032,20
17187.75468622657,25
17192.754760317108,17
17197.754834407646,28
17202.754908498187,11
17207.754982588725,28
17212.755056679263,17
17217.7551307698,18
17222.75520486034,22
17227.755278950877,36
17232.75535304142,16
17237.755427131957,24
17242.755501222495,20
17247.755575313033,17
17252.75564940357,18
17257.755723494112,24
17262.75579758465,18
17267.75587167519,32
17272.755945765726,18
17277.756019856264,26
17282.756093946802,19
17287.756168037344,25
17292.75624212788,14
17297.75631621842,30
17302.756390308958,24
17307.7564643995,28
17312.756538490037,15
17317.756612580575,34
17322.756686671113,23
17327.75676076165,26
17332.75683485219,13
17337.756908942727,25
17342.75698303327,19
17347.757057123807,31
17352.757131214345,29
17357.757205304883,41
17362.757279395424,15
17367.757353485962,23
17372.7574275765,20
17377.757501667038,22
17382.757575757576,14
17387.757649848114,26
17392.757723938652,16
17397.757798029194,30
17402.75787211973,18
17407.75794621027,28
17412.758020300807,14
17417.75809439135,20
17422.758168481887,18
17427.758242572425,31
17432.758316662963,25
17437.7583907535,25
17442.75846484404,20
17447.75853893458,28
17452.75861302512,18
17457.758687115656,31
17462.758761206194,13
17467.758835296732,31
17472.758909387274,21
17477.758983477812,23
17482.75905756835,18
17487.759131658888,34
17492.759205749426,16
17497.759279839964,38
17502.759353930505,18
17507.759428021043,26
17512.75950211158,24
17517.75957620212,31
17522.759650292657,19
17527.7597243832,31
17532.759798473737,25
17537.759872564275,25
17542.759946654813,24
17547.76002074535,26
17552.76009483589,23
17557.76016892643,32
17562.760243016968,15
17567.760317107506,30
17572.760391198044,26
17577.760465288586,27
17582.760539379124,19
17587.76061346966,25
17592.7606875602,20
17597.760761650738,32
17602.760835741276,22
17607.760909831813,35
17612.760983922355,25
17617.761058012893,39
17622.76113210343,26
17627.76120619397,34
17632.76128028451,28
17637.76135437505,36
17642.761428465587,21
17647.761502556124,35
17652.761576646662,31
17657.7616507372,30
17662.76172482774,16
17667.76179891828,30
17672.761873008818,35
17677.761947099356,38
17682.762021189894,21
17687.762095280435,31
17692.762169370973,14
17697.76224346151,32
17702.76231755205,28
17707.762391642587,34
17712.762465733125,18
17717.762539823667,31
17722.762613914205,15
17727.762688004743,36
17732.76276209528,23
17737.76283618582,37
17742.76291027636,24
17747.7629843669,36
17752.763058457436,26
17757.763132547974,33
17762.763206638512,26
17767.76328072905,29
17772.76335481959,23
17777.76342891013,36
17782.763503000668,21
17787.763577091206,29
17792.763651181744,23
17797.763725272285,37
17802.763799362823,23
17807.76387345336,29
17812.7639475439,30
17817.764021634437,40
17822.764095724975,25
17827.764169815517,33
17832.764243906055,20
17837.764317996593,38
17842.76439208713,21
17847.764466177672,38
17852.76454026821,31
17857.764614358748,48
17862.764688449286,26
17867.764762539824,47
17872.764836630362,29
17877.7649107209,31
17882.76498481144,23
17887.76505890198,41
17892.765132992517,27
17897.765207083055,45
17902.765281173597,31
17907.765355264135,36
17912.765429354673,34
17917.76550344521,33
17922.76557753575,29
17927.765651626287,45
17932.765725716825,26
17937.765799807366,42
17942.765873897904,23
17947.765947988442,45
17952.76602207898,23
17957.766096169522,48
17962.76617026006,31
17967.766244350598,42
17972.766318441136,31
17977.766392531674,43
17982.76646662221,32
17987.766540712753,47
17992.76661480329,35
17997.76668889383,41
18002.766762984367,28
18007.766837074905,59
18012.766911165447,27
18017.766985255985,52
18022.767059346523,26
18027.76713343706,43
18032.7672075276,30
18037.767281618137,45
18042.76735570868,34
18047.767429799216,37
18052.767503889754,26
18057.767577980292,44
18062.76765207083,33
18067.76772616137,49
18072.76780025191,23
18077.767874342448,42
18082.767948432986,27
18087.768022523524,47
18092.76809661406,44
18097.768170704603,39
18102.76824479514,27
18107.76831888568,45
18112.768392976217,27
18117.76846706676,42
18122.768541157297,34
18127.768615247835,36
18132.768689338372,38
18137.76876342891,49
18142.76883751945,36
18147.768911609986,54
18152.768985700528,29
18157.769059791066,52
18162.769133881604,26
18167.769207972142,48
18172.769282062683,25
18177.76935615322,46
18182.76943024376,35
18187.769504334297,49
18192.769578424835,32
18197.769652515373,63
18202.769726605915,31
18207.769800696453,39
18212.76987478699,30
18217.76994887753,41
18222.770022968067,30
18227.77009705861,51
18232.770171149146,48
18237.770245239684,54
18242.770319330222,35
18247.77039342076,59
18252.7704675113,39
18257.77054160184,58
18262.770615692378,30
18267.770689782916,57
18272.770763873454,28
18277.77083796399,48
18282.770912054533,32
18287.77098614507,50
18292.77106023561,34
18297.771134326147,54
18302.771208416685,43
18307.771282507223,70
18312.771356597765,34
18317.771430688303,64
18322.77150477884,27
18327.77157886938,61
18332.77165295992,51
18337.771727050458,40
18342.771801140996,36
18347.771875231534,49
18352.771949322072,43
18357.77202341261,63
18362.772097503148,28
18367.77217159369,54
18372.772245684228,29
18377.772319774765,51
18382.772393865303,41
18387.772467955845,66
18392.772542046383,42
18397.77261613692,52
18402.77269022746,43
18407.772764317997,63
18412.772838408535,40
18417.772912499073,60
18422.772986589614,39
18427.773060680152,51
18432.77313477069,52
18437.77320886123,59
18442.77328295177,40
18447.773357042308,75
18452.773431132846,39
18457.773505223384,54
18462.77357931392,28
18467.77365340446,68
18472.773727495,50
18477.77380158554,54
18482.773875676077,44
18487.773949766615,75
18492.774023857153,33
18497.774097947695,53
18502.774172038233,41
18507.77424612877,62
18512.77432021931,41
18517.774394309847,62
18522.774468400385,40
18527.774542490926,64
18532.774616581464,38
18537.774690672002,69
18542.77476476254,33
18547.774838853078,65
18552.77491294362,46
18557.774987034158,72
18562.775061124696,63
18567.775135215234,67
18572.77520930577,53
18577.77528339631,70
18582.77535748685,43
18587.77543157739,72
18592.775505667927,49
18597.775579758465,72
18602.775653849007,45
18607.775727939545,62
18612.775802030083,47
18617.77587612062,86
18622.77595021116,55
18627.776024301696,67
18632.776098392234,50
18637.776172482776,68
18642.776246573314,53
18647.776320663852,80
18652.77639475439,57
18657.77646884493,76
18662.77654293547,46
18667.776617026007,75
18672.776691116545,47
18677.776765207083,67
18682.77683929762,40
18687.77691338816,78
18692.7769874787,59
18697.77706156924,71
18702.777135659777,64
18707.777209750315,66
18712.777283840856,51
18717.777357931394,82
18722.777432021932,47
18727.77750611247,79
18732.77758020301,48
18737.777654293546,87
18742.777728384088,55
18747.777802474626,72
18752.777876565164,67
18757.7779506557,85
18762.77802474624,65
18767.77809883678,91
18772.77817292732,49
18777.778247017857,65
18782.778321108395,51
18787.778395198933,88
18792.77846928947,53
18797.778543380013,95
18802.77861747055,54
18807.77869156109,77
18812.778765651627,52
18817.778839742165,76
18822.778913832706,51
18827.778987923244,79
18832.779062013782,57
18837.77913610432,83
18842.779210194858,65
18847.779284285396,84
18852.779358375938,57
18857.779432466476,82
18862.779506557014,47
18867.77958064755,87
18872.779654738093,54
18877.77972882863,87
18882.77980291917,88
18887.779877009707,63
18892.779951100245,45
18897.780025190783,90
18902.78009928132,54
18907.780173371862,90
18912.7802474624,76
18917.78032155294,88
18922.780395643476,67
18927.780469734018,95
18932.780543824556,67
18937.780617915094,85
18942.780692005632,62
18947.78076609617,80
18952.780840186708,63
18957.780914277246,92
18962.780988367787,50
18967.781062458325,93
18972.781136548863,69
18977.7812106394,97
18982.781284729943,60
18987.78135882048,91
18992.78143291102,70
18997.781507001557,88
19002.781581092095,65
19007.781655182633,89
19012.781729273174,70
19017.781803363712,85
19022.78187745425,64
19027.781951544788,106
19032.782025635326,53
19037.782099725868,99
19042.782173816406,62
19047.782247906944,95
19052.78232199748,75
19057.78239608802,99
19062.782470178558,69
19067.7825442691,100
19072.782618359637,67
19077.782692450175,103
19082.782766540713,44
19087.78284063125,104
19092.782914721793,82
19097.78298881233,105
19102.78306290287,59
19107.783136993407,103
19112.783211083944,69
19117.783285174482,104
19122.783359265024,73
19127.783433355562,113
19132.7835074461,71
19137.783581536638,103
19142.78365562718,56
19147.783729717718,98
19152.783803808255,57
19157.783877898793,102
19162.78395198933,65
19167.78402607987,104
19172.784100170407,77
19177.78417426095,121
19182.784248351487,61
19187.784322442025,100
19192.784396532563,95
19197.784470623104,97
19202.784544713642,74
19207.78461880418,103
19212.78469289472,69
19217.784766985256,111
19222.784841075794,63
19227.784915166332,110
19232.784989256874,92
19237.78506334741,121
19242.78513743795,93
19247.785211528488,116
19252.78528561903,74
19257.785359709567,118
19262.785433800105,73
19267.785507890643,107
19272.78558198118,92
19277.78565607172,122
19282.78573016226,71
19287.7858042528,119
19292.785878343337,77
19297.785952433875,136
19302.786026524413,87
19307.786100614954,110
19312.786174705492,77
19317.78624879603,124
19322.786322886568,76
19327.786396977106,111
19332.786471067644,82
19337.786545158186,127
19342.786619248724,89
19347.78669333926,139
19352.7867674298,74
19357.786841520337,119
19362.78691561088,79
19367.786989701417,123
19372.787063791955,81
19377.787137882493,121
19382.78721197303,75
19387.78728606357,156
19392.78736015411,71
19397.78743424465,135
19402.787508335186,80
19407.787582425724,137
19412.787656516266,84
19417.787730606804,119
19422.787804697342,92
19427.78787878788,130
19432.787952878418,86
19437.788026968956,117
19442.788101059494,87
19447.788175150035,106
19452.788249240573,90
19457.78832333111,130
19462.78839742165,101
19467.78847151219,131
19472.78854560273,81
19477.788619693267,141
19482.788693783805,84
19487.788767874343,123
19492.78884196488,86
19497.78891605542,127
19502.78899014596,63
19507.7890642365,146
19512.789138327036,86
19517.789212417574,132
19522.789286508116,80
19527.789360598654,122
19532.78943468919,79
19537.78950877973,135
19542.789582870268,92
19547.789656960806,121
19552.789731051347,86
19557.789805141885,143
19562.789879232423,80
19567.78995332296,127
19572.7900274135,92
19577.79010150404,129
19582.79017559458,94
19587.790249685117,120
19592.790323775655,104
19597.790397866193,134
19602.79047195673,102
19607.790546047272,141
19612.79062013781,110
19617.790694228348,125
19622.790768318886,102
19627.790842409424,112
19632.790916499966,83
19637.790990590503,131
19642.79106468104,78
19647.79113877158,147
19652.791212862117,103
19657.791286952655,136
19662.791361043197,100
19667.791435133735,146
19672.791509224273,89
19677.79158331481,138
19682.791657405352,85
19687.79173149589,128
19692.79180558643,85
19697.791879676966,124
19702.791953767504,93
19707.792027858042,146
19712.79210194858,96
19717.792176039122,131
19722.79225012966,84
19727.792324220198,154
19732.792398310736,108
19737.792472401277,154
19742.792546491815,92
19747.792620582353,145
19752.79269467289,113
19757.79276876343,137
19762.792842853967,111
19767.79291694451,135
19772.792991035047,79
19777.793065125585,149
19782.793139216123,95
19787.79321330666,153
19792.793287397202,108
19797.79336148774,163
19802.793435578278,95
19807.793509668816,146
19812.793583759354,90
19817.793657849892,132
19822.793731940434,98
19827.79380603097,155
19832.79388012151,103
19837.793954212048,169
19842.794028302586,99
19847.794102393127,161
19852.794176483665,102
19857.794250574203,137
19862.79432466474,105
19867.79439875528,157
19872.794472845817,87
19877.79454693636,166
19882.794621026896,125
19887.794695117434,171
19892.794769207972,108
19897.794843298514,155
19902.794917389052,95
19907.79499147959,148
19912.795065570128,106
19917.795139660666,180
19922.795213751204,105
19927.79528784174,156
19932.795361932283,95
19937.79543602282,148
19942.79551011336,96
19947.795584203897,155
19952.79565829444,114
19957.795732384977,148
19962.795806475515,119
19967.795880566053,181
19972.79595465659,114
19977.79602874713,158
19982.796102837667,107
19987.79617692821,153
19992.796251018746,124
19997.796325109284,161
20002.796399199822,132
20007.796473290364,164
20012.7965473809,119
20017.79662147144,172
20022.796695561978,111
20027.796769652516,163
20032.796843743054,97
20037.796917833595,163
20042.796991924133,103
20047.79706601467,165
20052.79714010521,99
20057.797214195747,162
20062.79728828629,133
20067.797362376827,175
20072.797436467365,128
20077.797510557903,189
20082.79758464844,112
20087.79765873898,194
20092.79773282952,104
20097.797806920058,178
20102.797881010596,106
20107.797955101134,160
20112.798029191672,111
20117.798103282214,183
20122.79817737275,113
20127.79825146329,182
20132.798325553827,124
20137.798399644365,169
20142.798473734903,113
20147.798547825445,184
20152.798621915983,116
20157.79869600652,186
20162.79877009706,120
20167.7988441876,183
20172.79891827814,121
20177.798992368676,179
20182.799066459214,139
20187.799140549752,166
20192.79921464029,116
20197.79928873083,181
20202.79936282137,142
20207.799436911908,183
20212.799511002446,124
20217.799585092984,181
20222.799659183525,129
20227.799733274063,171
20232.7998073646,114
20237.79988145514,184
20242.799955545677,127
20247.800029636215,154
20252.800103726753,104
20257.800177817295,180
20262.800251907833,131
20267.80032599837,199
20272.80040008891,125
20277.80047417945,142
20282.80054826999,120
20287.800622360526,172
20292.800696451064,116
20297.800770541602,165
20302.80084463214,121
20307.80091872268,205
20312.80099281322,134
20317.801066903758,197
20322.801140994296,142
20327.801215084834,159
20332.801289175375,125
20337.801363265913,189
20342.80143735645,132
20347.80151144699,196
20352.801585537527,119
20357.801659628065,179
20362.801733718607,124
20367.801807809145,197
20372.801881899682,133
20377.80195599022,184
20382.80203008076,140
20387.8021041713,191
20392.802178261838,115
20397.802252352376,178
20402.802326442914,125
20407.802400533452,168
20412.80247462399,118
20417.80254871453,198
20422.80262280507,115
20427.802696895607,214
20432.802770986145,131
20437.802845076687,218
20442.802919167225,133
20447.802993257763,203
20452.8030673483,118
20457.80314143884,206
20462.803215529377,136
20467.803289619915,178
20472.803363710456,146
20477.803437800994,193
20482.803511891532,93
20487.80358598207,180
20492.803660072612,128
20497.80373416315,204
20502.803808253688,110
20507.803882344226,207
20512.803956434764,131
20517.8040305253,212
20522.80410461584,122
20527.80417870638,223
20532.80425279692,157
20537.804326887457,214
20542.804400977995,138
20547.804475068537,223
20552.804549159075,131
20557.804623249613,206
20562.80469734015,142
20567.80477143069,201
20572.804845521227,124
20577.804919611768,205
20582.804993702306,147
20587.805067792844,210
20592.805141883382,144
20597.80521597392,213
20602.80529006446,138
20607.805364155,205
20612.805438245538,138
20617.805512336075,213
20622.805586426613,153
20627.80566051715,214
20632.805734607693,133
20637.80580869823,220
20642.80588278877,142
20647.805956879307,220
20652.806030969845,148
20657.806105060386,220
20662.806179150924,128
20667.806253241462,216
20672.806327332,142
20677.80640142254,212
20682.806475513076,143
20687.806549603618,234
20692.806623694156,132
20697.806697784694,233
20702.80677187523,143
20707.806845965773,207
20712.80692005631,158
20717.80699414685,215
20722.807068237387,151
20727.807142327925,212
20732.807216418463,147
20737.807290509,188
20742.807364599543,158
20747.80743869008,233
20752.80751278062,144
20757.807586871157,232
20762.8076609617,143
20767.807735052236,215
20772.807809142774,145
20777.807883233312,203
20782.80795732385,145
20787.808031414388,217
20792.808105504926,140
20797.808179595468,226
20802.808253686006,148
20807.808327776544,207
20812.80840186708,161
20817.808475957623,229
20822.80855004816,148
20827.8086241387,232
20832.808698229237,123
20837.808772319775,216
20842.808846410313,154
20847.808920500855,192
20852.808994591393,149
20857.80906868193,219
20862.80914277247,170
20867.809216863006,248
20872.809290953548,163
20877.809365044086,209
20882.809439134624,144
20887.809513225162,199
20892.8095873157,141
20897.809661406238,228
20902.80973549678,138
20907.809809587317,253
20912.809883677855,161
20917.809957768393,223
20922.81003185893,148
20927.810105949473,229
20932.81018004001,158
20937.81025413055,226
20942.810328221087,155
20947.810402311625,200
20952.810476402163,145
20957.810550492704,216
20962.810624583242,161
20967.81069867378,247
20972.81077276432,137
20977.81084685486,244
20982.810920945398,143
20987.810995035936,220
20992.811069126474,169
20997.81114321701,204
21002.81121730755,155
21007.811291398088,237
21012.81136548863,159
21017.811439579167,224
21022.811513669705,166
21027.811587760243,223
21032.811661850785,150
21037.811735941323,256
21042.81181003186,145
21047.8118841224,229
21052.811958212937,162
21057.812032303475,213
21062.812106394013,163
21067.812180484554,234
21072.812254575092,171
21077.81232866563,210
21082.812402756168,170
21087.81247684671,222
21092.812550937248,154
21097.812625027786,228
21102.812699118324,159
21107.81277320886,236
21112.8128472994,165
21117.81292138994,222
21122.81299548048,151
21127.813069571017,236
21132.813143661555,157
21137.813217752093,246
21142.813291842634,131
21147.813365933172,236
21152.81344002371,144
21157.81351411425,215
21162.813588204786,137
21167.813662295324,244
21172.813736385866,162
21177.813810476404,253
21182.813884566942,166
21187.81395865748,243
21192.814032748018,165
21197.81410683856,234
21202.814180929097,173
21207.814255019635,243
21212.814329110173,147
21217.81440320071,230
21222.81447729125,170
21227.81455138179,246
21232.81462547233,145
21237.814699562867,228
21242.814773653405,165
21247.814847743946,228
21252.814921834484,163
21257.814995925022,254
21262.81507001556,127
21267.815144106098,259
21272.815218196636,161
21277.815292287174,236
21282.815366377716,185
21287.815440468254,255
21292.81551455879,144
21297.81558864933,261
21302.81566273987,157
21307.81573683041,242
21312.815810920947,171
21317.815885011485,221
21322.815959102023,153
21327.81603319256,234
21332.816107283103,150
21337.81618137364,229
21342.81625546418,183
21347.816329554717,249
21352.816403645254,165
21357.816477735796,238
21362.816551826334,177
21367.816625916872,252
21372.81670000741,151
21377.816774097948,219
21382.816848188486,143
21387.816922279027,233
21392.816996369565,153
21397.817070460103,238
21402.81714455064,164
21407.81721864118,251
21412.81729273172,166
21417.81736682226,264
21422.817440912797,159
21427.817515003335,244
21432.817589093873,174
21437.81766318441,272
21442.817737274952,162
21447.81781136549,247
21452.81788545603,158
21457.817959546566,243
21462.818033637108,151
21467.818107727646,243
21472.818181818184,165
21477.81825590872,289
21482.81832999926,169
21487.818404089798,231
21492.818478180336,170
21497.818552270877,228
21502.818626361415,170
21507.818700451953,229
21512.81877454249,179
21517.818848633033,267
21522.81892272357,185
21527.81899681411,259
21532.819070904647,166
21537.819144995185,240
21542.819219085723,183
21547.81929317626,263
21552.819367266802,176
21557.81944135734,245
21562.819515447878,185
21567.819589538416,263
21572.819663628958,163
21577.819737719496,249
21582.819811810034,158
21587.81988590057,251
21592.81995999111,164
21597.820034081647,255
21602.82010817219,167
21607.820182262727,247
21612.820256353265,181
21617.820330443803,272
21622.82040453434,175
21627.820478624883,260
21632.82055271542,175
21637.82062680596,268
21642.820700896496,163
21647.820774987034,241
21652.820849077572,181
21657.820923168114,281
21662.820997258652,197
21667.82107134919,239
21672.821145439728,165
21677.821219530266,253
21682.821293620807,151
21687.821367711345,259
21692.821441801883,192
21697.82151589242,256
21702.82158998296,197
21707.821664073497,258
21712.82173816404,152
21717.821812254577,271
21722.821886345115,167
21727.821960435653,279
21732.822034526194,182
21737.822108616732,283
21742.82218270727,173
21747.82225679781,287
21752.822330888346,172
21757.822404978884,256
21762.822479069422,185
21767.822553159964,250
21772.8226272505,182
21777.82270134104,251
21782.822775431578,165
21787.82284952212,266
21792.822923612657,172
21797.822997703195,259
21802.823071793733,184
21807.82314588427,278
21812.82321997481,184
21817.823294065347,254
21822.82336815589,173
21827.823442246427,283
21832.823516336965,168
21837.823590427502,272
21842.823664518044,184
21847.823738608582,241
21852.82381269912,183
21857.823886789658,249
21862.823960880196,194
21867.824034970734,276
21872.824109061276,183
21877.824183151813,269
21882.82425724235,178
21887.82433133289,264
21892.824405423427,173
21897.82447951397,265
21902.824553604507,186
21907.824627695045,251
21912.824701785583,164
21917.82477587612,270
21922.82484996666,174
21927.8249240572,238
21932.82499814774,168
21937.825072238276,280
21942.825146328814,180
21947.825220419352,265
21952.825294509894,165
21957.825368600432,277
21962.82544269097,177
21967.825516781508,269
21972.825590872046,175
21977.825664962584,300
21982.825739053125,161
21987.825813143663,279
21992.8258872342,191
21997.82596132474,281
22002.82603541528,190
22007.82610950582,262
22012.826183596357,173
22017.826257686895,229
22022.826331777433,163
22027.82640586797,243
22032.82647995851,166
22037.82655404905,239
22042.826628139588,184
22047.826702230126,273
22052.826776320664,181
22057.826850411206,262
22062.826924501744,184
22067.82699859228,273
22072.82707268282,165
22077.827146773358,276
22082.827220863895,178
22087.827294954433,260
22092.827369044975,183
22097.827443135513,272
22102.82751722605,191
22107.82759131659,241
22112.82766540713,164
22117.82773949767,251
22122.827813588206,183
22127.827887678744,248
22132.827961769282,178
22137.82803585982,256
22142.828109950362,166
22147.8281840409,321
22152.828258131438,197
22157.828332221976,256
22162.828406312514,178
22167.828480403055,268
22172.828554493593,185
22177.82862858413,252
22182.82870267467,181
22187.828776765207,276
22192.828850855745,194
22197.828924946287,234
22202.828999036825,165
22207.829073127363,273
22212.8291472179,164
22217.82922130844,278
22222.82929539898,174
22227.82936948952,262
22232.829443580056,201
22237.829517670594,277
22242.829591761132,150
22247.82966585167,238
22252.82973994221,189
22257.82981403275,266
22262.829888123288,165
22267.829962213826,289
22272.830036304367,176
22277.830110394905,272
22282.830184485443,165
22287.83025857598,268
22292.83033266652,186
22297.830406757057,276
22302.830480847595,171
22307.830554938137,261
22312.830629028675,169
22317.830703119213,266
22322.83077720975,189
22327.830851300292,273
22332.83092539083,160
22337.830999481368,291
22342.831073571906,200
22347.831147662444,295
22352.831221752982,209
22357.83129584352,275
22362.83136993406,169
22367.8314440246,280
22372.831518115137,190
22377.831592205675,250
22382.831666296217,155
22387.831740386755,255
22392.831814477293,193
22397.83188856783,261
22402.83196265837,176
22407.832036748907,316
22412.83211083945,172
22417.832184929986,276
22422.832259020524,182
22427.832333111062,270
22432.8324072016,180
22437.832481292142,278
22442.83255538268,156
22447.832629473218,267
22452.832703563756,171
22457.832777654294,258
22462.83285174483,188
22467.832925835373,250
22472.83299992591,204
22477.83307401645,276
22482.833148106987,177
22487.833222197525,270
22492.833296288067,165
22497.833370378605,231
22502.833444469143,182
22507.83351855968,285
22512.83359265022,182
22517.833666740757,283
22522.8337408313,171
22527.833814921836,279
22532.833889012374,178
22537.833963102912,245
22542.834037193454,185
22547.83411128399,251
22552.83418537453,181
22557.834259465068,265
22562.834333555606,172
22567.834407646144,266
22572.83448173668,167
22577.834555827223,244
22582.83462991776,159
22587.8347040083,275
22592.834778098837,179
22597.83485218938,262
22602.834926279917,189
22607.835000370455,256
22612.835074460992,175
22617.83514855153,265
22622.83522264207,176
22627.835296732606,246
22632.835370823148,179
22637.835444913686,292
22642.835519004224,187
22647.835593094762,284
22652.835667185303,171
22657.83574127584,268
22662.83581536638,154
22667.835889456917,268
22672.835963547455,175
22677.836037637993,257
22682.836111728535,184
22687.836185819073,263
22692.83625990961,191
22697.83633400015,248
22702.836408090687,191
22707.83648218123,250
22712.836556271766,198
22717.836630362304,243
22722.836704452842,198
22727.83677854338,252
22732.836852633918,170
22737.83692672446,279
22742.837000814998,174
22747.837074905536,271
22752.837148996074,201
22757.83722308661,259
22762.837297177153,193
22767.83737126769,250
22772.83744535823,193
22777.837519448767,234
22782.837593539305,182
22787.837667629843,249
22792.837741720385,157
22797.837815810923,247
22802.83788990146,208
22807.837963992,270
22812.83803808254,192
22817.838112173078,249
22822.838186263616,177
22827.838260354154,247
22832.838334444692,159
22837.83840853523,256
22842.838482625768,190
22847.83855671631,277
22852.838630806848,176
22857.838704897385,268
22862.838778987923,168
22867.838853078465,263
22872.838927169003,166
22877.83900125954,276
22882.83907535008,156
22887.839149440617,286
22892.839223531155,192
22897.839297621696,283
22902.839371712234,177
22907.839445802772,254
22912.83951989331,181
22917.83959398385,279
22922.83966807439,172
22927.839742164928,284
22932.839816255466,160
22937.839890346004,269
22942.83996443654,175
22947.84003852708,254
22952.84011261762,180
22957.84018670816,258
22962.840260798697,184
22967.840334889235,266
22972.840408979773,180
22977.840483070315,273
22982.840557160853,167
22987.84063125139,269
22992.84070534193,193
22997.840779432467,285
23002.840853523005,204
23007.840927613546,246
23012.841001704084,175
23017.841075794622,259
23022.84114988516,174
23027.8412239757,246
23032.84129806624,158
23037.841372156778,258
23042.841446247316,179
23047.841520337854,253
23052.84159442839,145
23057.84166851893,274
23062.84174260947,172
23067.84181670001,238
23072.841890790547,175
23077.841964881085,266
23082.842038971627,172
23087.842113062165,277
23092.842187152703,177
23097.84226124324,277
23102.84233533378,167
23107.842409424316,247
23112.842483514854,140
23117.842557605396,243
23122.842631695934,152
23127.842705786472,266
23132.84277987701,185
23137.84285396755,248
23142.84292805809,185
23147.843002148627,275
23152.843076239165,162
23157.843150329703,266
23162.84322442024,182
23167.843298510783,239
23172.84337260132,190
23177.84344669186,260
23182.843520782397,184
23187.843594872935,270
23192.843668963476,158
23197.843743054014,274
23202.843817144552,188
23207.84389123509,230
23212.84396532563,176
23217.844039416166,269
23222.844113506708,168
23227.844187597246,226
23232.844261687784,169
23237.84433577832,292
23242.84440986886,157
23247.8444839594,277
23252.84455804994,187
23257.844632140477,291
23262.844706231015,172
23267.844780321553,240
23272.84485441209,174
23277.844928502633,237
23282.84500259317,161
23287.84507668371,236
23292.845150774247,190
23297.845224864788,256
23302.845298955326,177
23307.845373045864,243
23312.845447136402,167
23317.84552122694,255
23322.845595317478,147
23327.845669408016,230
23332.845743498558,179
23337.845817589096,247
23342.845891679633,157
23347.84596577017,260
23352.846039860713,168
23357.84611395125,235
23362.84618804179,170
23367.846262132327,247
23372.846336222865,143
23377.846410313403,228
23382.84648440394,129
23387.846558494482,231
23392.84663258502,155
23397.84670667556,227
23402.846780766096,155
23407.846854856638,250
23412.846928947176,177
23417.847003037714,222
23422.847077128252,135
23427.84715121879,259
23432.847225309328,186
23437.84729939987,243
23442.847373490407,135
23447.847447580945,229
23452.847521671483,161
23457.84759576202,227
23462.847669852563,151
23467.8477439431,291
23472.84781803364,161
23477.847892124177,230
23482.847966214715,149
23487.848040305253,239
23492.848114395794,157
23497.848188486332,242
23502.84826257687,152
23507.848336667408,245
23512.848410757946,154
23517.848484848488,226
23522.848558939026,183
23527.848633029564,240
23532.8487071201,176
23537.84878121064,244
23542.848855301178,184
23547.84892939172,254
23552.849003482257,179
23557.849077572795,248
23562.849151663333,167
23567.849225753875,218
23572.849299844413,155
23577.84937393495,226
23582.84944802549,132
23587.849522116026,239
23592.849596206564,141
23597.849670297102,231
23602.849744387644,151
23607.849818478182,247
23612.84989256872,135
23617.849966659258,231
23622.8500407498,171
23627.850114840337,274
23632.850188930875,162
23637.850263021413,264
23642.85033711195,174
23647.85041120249,236
23652.850485293027,156
23657.85055938357,242
23662.850633474107,151
23667.850707564645,215
23672.850781655183,163
23677.850855745724,231
23682.850929836262,132
23687.8510039268,219
23692.85107801734,150
23697.851152107876,247
23702.851226198414,167
23707.851300288956,223
23712.851374379494,150
23717.85144847003,239
23722.85152256057,161
23727.851596651108,216
23732.85167074165,173
23737.851744832187,239
23742.851818922725,174
23747.851893013263,224
23752.8519671038,141
23757.85204119434,239
23762.85211528488,125
23767.85218937542,198
23772.852263465957,148
23777.852337556495,223
23782.852411647033,151
23787.852485737574,178
23792.852559828112,158
23797.85263391865,228
23802.852708009188,148
23807.852782099726,214
23812.852856190264,150
23817.852930280806,201
23822.853004371344,150
23827.85307846188,215
23832.85315255242,130
23837.85322664296,216
23842.8533007335,145
23847.853374824037,235
23852.853448914575,147
23857.853523005113,237
23862.85359709565,156
23867.85367118619,240
23872.85374527673,167
23877.85381936727,225
23882.853893457806,148
23887.853967548344,218
23892.854041638886,131
23897.854115729424,214
23902.854189819962,150
23907.8542639105,229
23912.854338001038,141
23917.854412091576,216
23922.854486182114,153
23927.854560272655,204
23932.854634363193,140
23937.85470845373,198
23942.85478254427,138
23947.85485663481,221
23952.85493072535,155
23957.855004815887,223
23962.855078906425,156
23967.855152996963,206
23972.8552270875,143
23977.855301178042,225
23982.85537526858,120
23987.85544935912,244
23992.855523449656,138
23997.855597540194,238
24002.855671630736,148
24007.855745721274,217
24012.85581981181,120
24017.85589390235,198
24022.855967992888,147
24027.856042083426,211
24032.856116173967,143
24037.856190264505,201
24042.856264355043,141
24047.85633844558,188
24052.85641253612,122
24057.85648662666,195
24062.8565607172,131
24067.856634807737,212
24072.856708898275,112
24077.856782988812,205
24082.85685707935,124
24087.856931169892,211
24092.85700526043,136
24097.857079350968,210
24102.857153441506,125
24107.857227532048,253
24112.857301622586,137
24117.857375713123,199
24122.85744980366,143
24127.8575238942,215
24132.857597984737,149
24137.857672075275,221
24142.857746165817,131
24147.857820256355,199
24152.857894346893,115
24157.85796843743,190
24162.858042527972,138
24167.85811661851,203
24172.85819070905,128
24177.858264799586,195
24182.858338890124,124
24187.858412980662,181
24192.8584870712,124
24197.85856116174,217
24202.85863525228,123
24207.858709342818,198
24212.858783433356,138
24217.858857523897,168
24222.858931614435,134
24227.859005704973,185
24232.85907979551,128
24237.85915388605,192
24242.859227976587,115
24247.85930206713,197
24252.859376157667,139
24257.859450248205,205
24262.859524338743,124
24267.85959842928,191
24272.859672519822,129
24277.85974661036,187
24282.859820700898,123
24287.859894791436,184
24292.859968881974,125
24297.860042972512,176
24302.860117063054,127
24307.86019115359,199
24312.86026524413,128
24317.860339334668,179
24322.860413425205,121
24327.860487515747,184
24332.860561606285,117
24337.860635696823,202
24342.86070978736,125
24347.8607838779,177
24352.860857968437,121
24357.86093205898,183
24362.861006149516,138
24367.861080240054,200
24372.861154330592,129
24377.861228421134,191
24382.861302511672,134
24387.86137660221,200
24392.861450692748,123
24397.861524783286,202
24402.861598873824,110
24407.86167296436,191
24412.861747054903,119
24417.86182114544,172
24422.86189523598,137
24427.861969326517,160
24432.86204341706,114
24437.862117507597,166
24442.862191598135,116
24447.862265688673,184
24452.86233977921,115
24457.86241386975,167
24462.86248796029,112
24467.86256205083,177
24472.862636141366,133
24477.862710231904,179
24482.862784322442,120
24487.862858412984,170
24492.86293250352,102
24497.86300659406,167
24502.863080684598,119
24507.863154775136,199
24512.863228865674,115
24517.863302956215,173
24522.863377046753,102
24527.86345113729,191
24532.86352522783,114
24537.863599318367,149
24542.86367340891,109
24547.863747499447,175
24552.863821589985,106
24557.863895680523,184
24562.86396977106,106
24567.8640438616,180
24572.86411795214,102
24577.864192042678,176
24582.864266133216,136
24587.864340223754,154
24592.864414314296,97
24597.864488404834,168
24602.86456249537,95
24607.86463658591,153
24612.864710676447,124
24617.864784766985,172
24622.864858857523,113
24627.864932948065,133
24632.865007038603,115
24637.86508112914,154
24642.86515521968,101
24647.86522931022,150
24652.86530340076,114
24657.865377491296,148
24662.865451581834,112
24667.865525672372,142
24672.86559976291,107
24677.86567385345,174
24682.86574794399,110
24687.865822034528,152
24692.865896125066,104
24697.865970215604,161
24702.866044306145,121
24707.866118396683,164
24712.86619248722,101
24717.86626657776,183
24722.866340668297,104
24727.866414758835,191
24732.866488849377,119
24737.866562939915,172
24742.866637030453,107
24747.86671112099,157
24752.86678521153,113
24757.86685930207,177
24762.86693339261,78
24767.867007483146,162
24772.867081573684,92
24777.867155664222,151
24782.86722975476,98
24787.8673038453,137
24792.86737793584,108
24797.867452026378,158
24802.867526116916,106
24807.867600207454,167
24812.867674297995,90
24817.867748388533,149
24822.86782247907,101
24827.86789656961,139
24832.867970660147,90
24837.868044750685,134
24842.868118841227,97
24847.868192931764,137
24852.868267022302,95
24857.86834111284,131
24862.868415203382,110
24867.86848929392,159
24872.868563384458,114
24877.868637474996,154
24882.868711565534,87
24887.868785656072,149
24892.86885974661,103
24897.86893383715,152
24902.86900792769,83
24907.869082018227,147
24912.869156108765,102
24917.869230199307,141
24922.869304289845,111
24927.869378380383,148
24932.86945247092,116
24937.86952656146,144
24942.869600651997,99
24947.869674742535,149
24952.869748833076,84
24957.869822923614,161
24962.869897014152,112
24967.86997110469,128
24972.87004519523,94
24977.87011928577,143
24982.870193376308,95
24987.870267466846,139
24992.870341557384,101
24997.87041564792,145
25002.870489738463,105
25007.870563829,153
25012.87063791954,92
25017.870712010077,130
25022.870786100615,80
25027.870860191157,133
25032.870934281695,93
25037.871008372233,145
25042.87108246277,92
25047.87115655331,124
25052.871230643847,83
25057.871304734388,152
25062.871378824926,95
25067.871452915464,131
25072.871527006002,79
25077.87160109654,111
25082.87167518708,87
25087.87174927762,115
25092.871823368157,82
25097.871897458695,122
25102.871971549233,87
25107.87204563977,140
25112.872119730313,83
25117.87219382085,118
25122.87226791139,95
25127.872342001927,123
25132.87241609247,87
25137.872490183006,138
25142.872564273544,85
25147.872638364082,120
25152.87271245462,80
25157.87278654516,109
25162.872860635696,77
25167.872934726238,134
25172.873008816776,80
25177.873082907314,124
25182.87315699785,62
25187.873231088393,124
25192.87330517893,90
25197.87337926947,120
25202.873453360007,66
25207.873527450545,123
25212.873601541083,84
25217.87367563162,125
25222.873749722163,80
25227.8738238127,103
25232.87389790324,84
25237.873971993777,116
25242.87404608432,88
25247.874120174856,125
25252.874194265394,70
25257.874268355932,132
25262.87434244647,82
25267.874416537008,109
25272.87449062755,70
25277.874564718088,119
25282.874638808626,92
25287.874712899164,112
25292.8747869897,85
25297.874861080243,99
25302.87493517078,79
25307.87500926132,114
25312.875083351857,74
25317.875157442395,104
25322.875231532933,75
25327.875305623475,98
25332.875379714013,67
25337.87545380455,112
25342.87552789509,70
25347.875601985626,117
25352.875676076168,82
25357.875750166706,112
25362.875824257244,67
25367.875898347782,118
25372.87597243832,75
25377.876046528858,109
25382.8761206194,70
25387.876194709937,120
25392.876268800475,75
25397.876342891013,119
25402.876416981555,65
25407.876491072093,106
25412.87656516263,61
25417.87663925317,100
25422.876713343707,64
25427.876787434245,89
25432.876861524783,95
25437.876935615324,112
25442.877009705862,67
25447.8770837964,89
25452.87715788694,76
25457.87723197748,98
25462.877306068018,72
25467.877380158556,89
25472.877454249094,68
25477.87752833963,89
25482.87760243017,73
25487.877676520708,95
25492.87775061125,79
25497.877824701787,105
25502.877898792325,73
25507.877972882863,112
25512.878046973405,80
25517.878121063943,107
25522.87819515448,72
25527.87826924502,113
25532.878343335557,64
25537.878417426095,89
25542.878491516636,70
25547.878565607174,108
25552.878639697712,61
25557.87871378825,119
25562.878787878788,74
25567.87886196933,93
25572.878936059868,61
25577.879010150406,85
25582.879084240943,74
25587.87915833148,93
25592.87923242202,59
25597.87930651256,104
25602.8793806031,71
25607.879454693637,92
25612.879528784175,69
25617.879602874713,82
25622.879676965254,66
25627.879751055792,84
25632.87982514633,71
25637.87989923687,111
25642.879973327406,63
25647.880047417944,80
25652.880121508486,63
25657.880195599024,92
25662.880269689562,66
25667.8803437801,92
25672.88041787064,66
25677.88049196118,86
25682.880566051717,56
25687.880640142255,97
25692.880714232793,64
25697.88078832333,104
25702.88086241387,59
25707.88093650441,77
25712.88101059495,78
25717.881084685487,78
25722.881158776025,63
25727.881232866566,86
25732.881306957104,45
25737.881381047642,84
25742.88145513818,64
25747.881529228718,81
25752.881603319256,65
25757.881677409794,75
25762.881751500336,57
25767.881825590874,85
25772.88189968141,49
25777.88197377195,76
25782.88204786249,57
25787.88212195303,90
25792.882196043567,45
25797.882270134105,72
25802.882344224643,57
25807.88241831518,100
25812.882492405723,50
25817.88256649626,82
25822.8826405868,64
25827.882714677336,83
25832.882788767874,53
25837.882862858416,77
25842.882936948954,48
25847.883011039492,72
25852.88308513003,59
25857.883159220568,83
25862.883233311106,72
25867.883307401647,90
25872.883381492185,51
25877.883455582723,77
25882.88352967326,52
25887.8836037638,76
25892.88367785434,52
25897.88375194488,90
25902.883826035417,59
25907.883900125955,66
25912.883974216493,58
25917.88404830703,85
25922.884122397572,36
25927.88419648811,77
25932.88427057865,48
25937.884344669186,80
25942.884418759728,44
25947.884492850266,77
25952.884566940804,52
25957.88464103134,67
25962.88471512188,45
25967.884789212418,81
25972.884863302956,48
25977.884937393497,74
25982.885011484035,45
25987.885085574573,56
25992.88515966511,47
25997.885233755653,56
26002.88530784619,50
26007.88538193673,78
26012.885456027267,46
26017.885530117805,64
26022.885604208343,50
26027.885678298884,86
26032.885752389422,50
26037.88582647996,66
26042.885900570498,49
26047.885974661036,65
26052.886048751578,42
26057.886122842116,80
26062.886196932654,47
26067.88627102319,57
26072.88634511373,42
26077.886419204267,66
26082.88649329481,45
26087.886567385347,62
26092.886641475885,56
26097.886715566423,66
26102.88678965696,47
26107.886863747503,55
26112.88693783804,46
26117.88701192858,64
26122.887086019116,44
26127.887160109654,56
26132.887234200192,39
26137.887308290734,61
26142.887382381272,54
26147.88745647181,67
26152.887530562348,37
26157.88760465289,62
26162.887678743427,48
26167.887752833965,66
26172.887826924503,50
26177.88790101504,61
26182.88797510558,43
26187.888049196117,52
26192.88812328666,33
26197.888197377197,59
26202.888271467735,31
26207.888345558273,73
26212.888419648814,40
26217.888493739352,65
26222.88856782989,43
26227.88864192043,73
26232.888716010966,45
26237.888790101504,63
26242.888864192042,35
26247.888938282584,63
26252.88901237312,34
26257.88908646366,60
26262.889160554198,34
26267.88923464474,53
26272.889308735277,44
26277.889382825815,65
26282.889456916353,41
26287.88953100689,49
26292.88960509743,36
26297.88967918797,63
26302.88975327851,43
26307.889827369047,49
26312.889901459585,44
26317.889975550122,60
26322.890049640664,34
26327.890123731202,41
26332.89019782174,46
26337.890271912278,50
26342.890346002816,32
26347.890420093354,57
26352.890494183895,35
26357.890568274433,55
26362.89064236497,49
26367.89071645551,60
26372.890790546047,34
26377.89086463659,47
26382.890938727127,33
26387.891012817665,47
26392.891086908203,46
26397.89116099874,49
26402.89123508928,31
26407.89130917982,55
26412.89138327036,36
26417.891457360896,55
26422.891531451434,38
26427.891605541976,48
26432.891679632514,21
26437.89175372305,60
26442.89182781359,28
26447.891901904128,49
26452.891975994666,45
26457.892050085204,37
26462.892124175745,33
26467.892198266283,42
26472.89227235682,35
26477.89234644736,43
26482.8924205379,36
26487.89249462844,53
26492.892568718977,28
26497.892642809515,53
26502.892716900053,36
26507.89279099059,57
26512.89286508113,39
26517.89293917167,47
26522.893013262208,25
26527.893087352746,43
26532.893161443284,32
26537.893235533826,35
26542.893309624364,40
26547.8933837149,43
26552.89345780544,34
26557.893531895978,51
26562.893605986515,37
26567.893680077057,35
26572.893754167595,27
26577.893828258133,44
26582.89390234867,22
26587.89397643921,41
26592.89405052975,30
26597.89412462029,50
26602.894198710826,13
26607.894272801364,44
26612.894346891902,20
26617.89442098244,47
26622.894495072982,32
26627.89456916352,48
26632.894643254058,24
26637.894717344596,31
26642.894791435134,30
26647.894865525675,50
26652.894939616213,21
26657.89501370675,43
26662.89508779729,30
26667.895161887827,36
26672.895235978365,32
26677.895310068907,44
26682.895384159445,22
26687.895458249983,45
26692.89553234052,26
26697.895606431062,39
26702.8956805216,27
26707.89575461214,32
26712.895828702676,28
26717.895902793214,30
26722.895976883752,24
26727.89605097429,54
26732.89612506483,24
26737.89619915537,43
26742.896273245908,31
26747.896347336446,42
26752.896421426987,32
26757.896495517525,42
26762.896569608063,18
26767.8966436986,42
26772.89671778914,27
26777.896791879677,36
26782.896865970215,18
26787.896940060757,52
26792.897014151295,27
26797.897088241833,37
26802.89716233237,28
26807.897236422912,26
26812.89731051345,23
26817.897384603988,33
26822.897458694526,32
26827.897532785064,35
26832.897606875602,22
26837.897680966144,39
26842.89775505668,25
26847.89782914722,38
26852.897903237757,22
26857.897977328295,34
26862.898051418837,24
26867.898125509375,44
26872.898199599913,28
26877.89827369045,35
26882.89834778099,15
26887.898421871527,32
26892.89849596207,18
26897.898570052606,39
26902.898644143144,19
26907.898718233682,44
26912.89879232422,21
26917.898866414762,37
26922.8989405053,22
26927.899014595838,28
26932.899088686376,25
26937.899162776914,22
26942.89923686745,23
26947.899310957993,42
26952.89938504853,20
26957.89945913907,21
26962.899533229607,20
26967.89960732015,21
26972.899681410687,23
26977.899755501225,38
26982.899829591763,21
26987.8999036823,27
26992.89997777284,9
26997.900051863377,41
27002.900125953918,24
27007.900200044456,34
27012.900274134994,18
27017.900348225532,24
27022.900422316074,22
27027.90049640661,25
27032.90057049715,27
27037.900644587688,26
27042.900718678226,24
27047.900792768763,31
27052.9008668593,18
27057.900940949843,30
27062.90101504038,15
27067.90108913092,33
27072.901163221457,18
27077.901237312,33
27082.901311402537,17
27087.901385493074,28
27092.901459583612,12
27097.90153367415,22
27102.90160776469,17
27107.90168185523,28
27112.901755945768,15
27117.901830036306,21
27122.901904126844,17
27127.901978217382,29
27132.902052307923,10
27137.90212639846,25
27142.902200489,16
27147.902274579537,28
27152.902348670075,18
27157.902422760613,36
27162.902496851155,14
27167.902570941693,24
27172.90264503223,19
27177.90271912277,27
27182.902793213307,12
27187.90286730385,28
27192.902941394386,25
27197.903015484924,30
27202.903089575462,16
27207.903163666,20
27212.903237756538,21
27217.90331184708,28
27222.903385937618,14
27227.903460028156,31
27232.903534118694,15
27237.903608209235,22
27242.903682299773,11
27247.90375639031,27
27252.90383048085,16
27257.903904571387,20
27262.903978661925,18
27267.904052752463,28
27272.904126843005,19
27277.904200933543,26
27282.90427502408,16
27287.90434911462,19
27292.90442320516,13
27297.904497295698,29
27302.904571386236,20
27307.904645476774,21
27312.904719567312,13
27317.90479365785,26
27322.904867748388,20
27327.90494183893,21
27332.905015929467,19
27337.905090020005,23
27342.905164110543,14
27347.905238201085,20
27352.905312291623,17
27357.90538638216,27
27362.9054604727,20
27367.905534563237,24
27372.905608653775,14
27377.905682744316,32
27382.905756834854,9
27387.905830925392,27
27392.90590501593,21
27397.90597910647,20
27402.90605319701,17
27407.906127287548,19
27412.906201378086,14
27417.906275468624,14
27422.90634955916,12
27427.9064236497,25
27432.90649774024,9
27437.90657183078,22
27442.906645921317,14
27447.906720011855,17
27452.906794102393,18
27457.906868192935,25
27462.906942283473,15
27467.90701637401,21
27472.90709046455,12
27477.907164555087,18
27482.907238645625,7
27487.907312736166,21
27492.907386826704,20
27497.907460917242,18
27502.90753500778,13
27507.90760909832,26
27512.90768318886,16
27517.907757279398,23
27522.907831369936,18
27527.907905460474,22
27532.90797955101,19
27537.90805364155,13
27542.90812773209,10
27547.90820182263,24
27552.908275913167,15
27557.908350003705,19
27562.908424094247,13
27567.908498184785,19
27572.908572275323,17
27577.90864636586,27
27582.9087204564,2
27587.908794546936,17
27592.908868637478,14
27597.908942728016,24
27602.909016818554,11
27607.909090909092,23
27612.90916499963,11
27617.90923909017,20
27622.90931318071,14
27627.909387271247,7
27632.909461361785,15
27637.909535452323,18
27642.90960954286,19
27647.909683633403,24
27652.90975772394,14
27657.90983181448,13
27662.909905905017,7
27667.909979995555,12
27672.910054086096,8
27677.910128176634,23
27682.910202267172,12
27687.91027635771,16
27692.91035044825,13
27697.910424538786,17
27702.910498629328,11
27707.910572719866,15
27712.910646810404,11
27717.91072090094,22
27722.910794991483,10
27727.91086908202,18
27732.91094317256,16
27737.911017263097,25
27742.911091353635,9
27747.911165444173,15
27752.91123953471,9
27757.911313625253,17
27762.91138771579,8
27767.91146180633,17
27772.911535896867,11
27777.911609987408,7
27782.911684077946,10
27787.911758168484,18
27792.911832259022,9
27797.91190634956,12
27802.911980440098,15
27807.912054530636,14
27812.912128621178,7
27817.912202711716,11
27822.912276802253,10
27827.91235089279,12
27832.912424983333,15
27837.91249907387,12
27842.91257316441,8
27847.912647254947,11
27852.912721345485,14
27857.912795436023,16
27862.912869526564,8
27867.912943617102,13
27872.91301770764,7
27877.91309179818,11
27882.913165888716,5
27887.913239979258,11
27892.913314069796,7
27897.913388160334,10
27902.91346225087,10
27907.91353634141,7
27912.913610431948,10
27917.91368452249,15
27922.913758613027,12
27927.913832703565,9
27932.913906794103,9
27937.91398088464,7
27942.914054975183,11
27947.91412906572,14
27952.91420315626,9
27957.914277246797,11
27962.914351337335,5
27967.914425427873,16
27972.914499518414,9
27977.914573608952,19
27982.91464769949,4
27987.914721790028,11
27992.91479588057,14
27997.914869971108,12
28002.914944061646,4
28007.915018152184,16
28012.91509224272,5
28017.91516633326,11
28022.915240423798,10
28027.91531451434,11
28032.915388604877,6
28037.915462695415,17
28042.915536785953,4
28047.915610876495,10
28052.915684967033,11
28057.91575905757,12
28062.91583314811,8
28067.915907238646,10
28072.915981329184,4
28077.916055419722,10
28082.916129510264,6
28087.916203600802,10
28092.91627769134,7
28097.916351781878,11
28102.91642587242,6
28107.916499962957,11
28112.916574053495,6
28117.916648144033,12
28122.91672223457,12
28127.91679632511,18
28132.91687041565,5
28137.91694450619,10
28142.917018596727,6
28147.917092687265,9
28152.917166777803,8
28157.917240868344,13
28162.917314958882,7
28167.91738904942,14
28172.91746313996,4
28177.917537230496,6
28182.917611321034,5
28187.917685411576,10
28192.917759502114,13
28197.91783359265,12
28202.91790768319,7
28207.917981773728,9
28212.91805586427,7
28217.918129954807,9
28222.918204045345,5
28227.918278135883,7
28232.91835222642,10
28237.91842631696,11
28242.9185004075,8
28247.91857449804,11
28252.918648588577,5
28257.918722679115,11
28262.918796769656,10
28267.918870860194,7
28272.918944950732,8
28277.91901904127,9
28282.919093131808,9
28287.919167222346,5
28292.919241312884,5
28297.919315403426,1
28302.919389493964,6
28307.9194635845,12
28312.91953767504,3
28317.91961176558,9
28322.91968585612,4
28327.919759946657,4
28332.919834037195,2
28337.919908127733,10
28342.91998221827,8
28347.92005630881,10
28352.92013039935,2
28357.92020448989,9
28362.920278580426,8
28367.920352670964,12
28372.920426761506,4
28377.920500852044,12
28382.920574942582,6
28387.92064903312,9
28392.920723123658,7
28397.920797214196,6
28402.920871304737,3
28407.920945395275,4
28412.921019485813,11
28417.92109357635,11
28422.92116766689,7
28427.92124175743,7
28432.92131584797,9
28437.921389938507,7
28442.921464029045,5
28447.921538119583,7
28452.92161221012,3
28457.921686300662,4
28462.9217603912,2
28467.92183448174,8
28472.921908572276,2
28477.921982662814,7
28482.922056753356,6
28487.922130843894,4
28492.92220493443,5
28497.92227902497,2
28502.922353115508,1
28507.922427206046,3
28512.922501296587,2
28517.922575387125,2
28522.922649477663,3
28527.9227235682,5
28532.922797658743,5
28537.92287174928,9
28542.92294583982,1
28547.923019930357,7
28552.923094020894,2
28557.923168111432,4
28562.92324220197,5
28567.923316292512,12
28572.92339038305,2
28577.923464473588,6
28582.923538564126,6
28587.923612654668,6
28592.923686745205,3
28597.923760835743,6
28602.92383492628,3
28607.92390901682,8
28612.923983107357,2
28617.924057197895,8
28622.924131288437,5
28627.924205378975,11
28632.924279469513,3
28637.92435356005,3
28642.924427650592,4
28647.92450174113,11
28652.92457583167,5
28657.924649922206,7
28662.924724012744,2
28667.924798103282,4
28672.924872193824,5
28677.92494628436,4
28682.9250203749,4
28687.925094465438,6
28692.925168555976,4
28697.925242646517,10
28702.925316737055,2
28707.925390827593,4
28712.92546491813,6
28717.92553900867,10
28722.925613099207,4
28727.92568718975,2
28732.925761280287,2
28737.925835370825,8
28742.925909461363,6
28747.9259835519,3
28752.926057642442,4
28757.92613173298,2
28762.926205823518,6
28767.926279914056,5
28772.926354004594,1
28777.926428095132,3
28782.926502185674,5
28787.92657627621,5
28792.92665036675,2
28797.926724457287,6
28802.92679854783,4
28807.926872638367,2
28812.926946728905,2
28817.927020819443,4
28822.92709490998,0
28827.92716900052,7
28832.927243091057,7
28837.9273171816,4
28842.927391272136,3
28847.927465362674,5
28852.927539453212,1
28857.927613543754,5
28862.927687634292,1
28867.92776172483,1
28872.927835815368,3
28877.927909905906,7
28882.927983996444,2
28887.92805808698,7
28892.928132177523,3
28897.92820626806,4
28902.9282803586,1
28907.928354449137,6
28912.92842853968,4
28917.928502630217,6
28922.928576720755,3
28927.928650811293,2
28932.92872490183,3
28937.92879899237,4
28942.92887308291,3
28947.92894717345,2
28952.929021263986,5
28957.929095354524,2
28962.929169445062,3
28967.929243535604,4
28972.92931762614,5
28977.92939171668,3
28982.929465807218,4
28987.929539897756,5
28992.929613988294,2
28997.929688078835,5
29002.929762169373,4
29007.92983625991,4
29012.92991035045,0
29017.929984440987,5
29022.93005853153,2
29027.930132622067,2
29032.930206712605,3
29037.930280803143,3
29042.93035489368,2
29047.93042898422,3
29052.93050307476,3
29057.930577165298,1
29062.930651255836,0
29067.930725346374,3
29072.930799436916,0
29077.930873527454,7
29082.93094761799,4
29087.93102170853,4
29092.931095799067,3
29097.931169889605,8
29102.931243980143,3
29107.931318070685,3
29112.931392161223,2
29117.93146625176,3
29122.9315403423,2
29127.93161443284,1
29132.93168852338,2
29137.931762613916,3
29142.931836704454,2
29147.931910794992,2
29152.93198488553,1
29157.932058976072,3
29162.93213306661,0
29167.932207157148,5
29172.932281247686,1
29177.932355338224,2
29182.932429428765,1
29187.932503519303,3
29192.93257760984,1
29197.93265170038,2
29202.932725790917,5
29207.932799881455,3
29212.932873971997,3
29217.932948062535,3
29222.933022153073,2
29227.93309624361,3
29232.93317033415,2
29237.93324442469,1
29242.933318515228,0
29247.933392605766,5
29252.933466696304,6
29257.933540786842,1
29262.93361487738,0
29267.93368896792,1
29272.93376305846,0
29277.933837148998,3
29282.933911239536,1
29287.933985330077,2
29292.934059420615,1
29297.934133511153,4
29302.93420760169,1
29307.93428169223,1
29312.934355782767,3
29317.934429873305,2
29322.934503963847,2
29327.934578054384,3
29332.934652144922,4
29337.93472623546,3
29342.934800326002,4
29347.93487441654,1
29352.934948507078,3
29357.935022597616,3
29362.935096688154,2
29367.935170778692,1
29372.93524486923,0
29377.93531895977,2
29382.93539305031,1
29387.935467140847,2
29392.935541231385,1
29397.935615321927,2
29402.935689412465,2
29407.935763503003,1
29412.93583759354,1
29417.93591168408,4
29422.935985774617,0
29427.93605986516,1
29432.936133955696,2
29437.936208046234,3
29442.936282136772,1
29447.93635622731,3
29452.93643031785,0
29457.93650440839,5
29462.936578498928,1
29467.936652589466,4
29472.936726680004,4
29477.93680077054,0
29482.936874861083,1
29487.93694895162,3
29492.93702304216,0
29497.937097132697,2
29502.937171223235,3
29507.937245313777,3
29512.937319404315,4
29517.937393494853,3
29522.93746758539,3
29527.93754167593,1
29532.937615766466,0
29537.937689857008,1
29542.937763947546,1
29547.937838038084,2
29552.937912128622,2
29557.937986219164,4
29562.9380603097,1
29567.93813440024,2
29572.938208490777,4
29577.938282581315,2
29582.938356671853,3
29587.93843076239,0
29592.938504852933,1
29597.93857894347,4
29602.93865303401,3
29607.938727124547,1
29612.93880121509,1
29617.938875305626,4
29622.938949396164,4
29627.939023486702,3
29632.93909757724,3
29637.93917166778,0
29642.939245758316,2
29647.939319848858,4
29652.939393939396,3
29657.939468029934,2
29662.93954212047,0
29667.939616211013,2
29672.93969030155,0
29677.93976439209,0
29682.939838482627,2
29687.939912573165,1
29692.939986663703,0
29697.940060754245,2
29702.940134844783,1
29707.94020893532,1
29712.94028302586,1
29717.940357116397,5
29722.94043120694,2
29727.940505297476,3
29732.940579388014,1
29737.940653478552,2
29742.94072756909,1
29747.940801659628,1
29752.94087575017,3
29757.940949840708,2
29762.941023931246,1
29767.941098021784,1
29772.94117211232,1
29777.941246202863,1
29782.9413202934,2
29787.94139438394,2
29792.941468474477,2
29797.941542565015,4
29802.941616655553,0
29807.941690746095,3
29812.941764836633,4
29817.94183892717,0
29822.94191301771,1
29827.94198710825,2
29832.942061198788,1
29837.942135289326,0
29842.942209379864,1
29847.942283470402,0
29852.94235756094,0
29857.942431651478,1
29862.94250574202,1
29867.942579832557,1
29872.942653923095,0
29877.942728013633,3
29882.942802104175,2
29887.942876194713,2
29892.94295028525,0
29897.94302437579,1
29902.943098466327,1
29907.943172556865,1
29912.943246647403,2
29917.943320737944,4
29922.943394828482,0
29927.94346891902,2
29932.94354300956,3
29937.9436171001,0
29942.943691190638,0
29947.943765281176,1
29952.943839371714,1
29957.94391346225,2
29962.94398755279,1
29967.94406164333,4
29972.94413573387,0
29977.944209824407,0
29982.944283914945,2
29987.944358005483,1
29992.944432096025,0
29997.944506186563,2
30002.9445802771,0
30007.94465436764,1
30012.944728458177,1
30017.944802548715,3
30022.944876639256,0
30027.944950729794,1
30032.945024820332,0
30037.94509891087,0
30042.945173001408,1
30047.94524709195,1
30052.945321182488,1
30057.945395273025,0
30062.945469363563,1
30067.9455434541,0
30072.94561754464,0
30077.94569163518,2
30082.94576572572,0
30087.945839816257,2
30092.945913906795,1
30097.945987997336,0
30102.946062087874,0
30107.946136178412,2
30112.94621026895,0
30117.94628435949,1
30122.946358450026,1
30127.946432540564,1
30132.946506631106,0
30137.946580721644,3
30142.94665481218,1
30147.94672890272,0
30152.94680299326,1
30157.9468770838,1
30162.946951174337,0
30167.947025264875,1
30172.947099355413,1
30177.94717344595,0
30182.94724753649,2
30187.94732162703,1
30192.94739571757,1
30197.947469808107,0
30202.947543898645,0
30207.947617989186,1
30212.947692079724,0
30217.947766170262,0
30222.9478402608,2
30227.947914351338,0
30232.947988441876,1
30237.948062532418,2
30242.948136622956,0
30247.948210713494,0
30252.94828480403,1
30257.94835889457,1
30262.94843298511,1
30267.94850707565,0
30272.948581166187,1
30277.948655256725,0
30282.948729347263,2
30287.9488034378,1
30292.948877528343,0
30297.94895161888,1
30302.94902570942,0
30307.949099799956,0
30312.949173890494,0
30317.949247981036,1
30322.949322071574,0
30327.949396162112,0
30332.94947025265,0
30337.949544343188,0
30342.949618433726,0
30347.949692524267,0
30352.949766614805,1
30357.949840705343,0
30362.94991479588,1
30367.949988886423,1
30372.95006297696,0
30377.9501370675,1
30382.950211158037,1
30387.950285248575,1
30392.950359339113,0
30397.95043342965,1
30402.950507520192,1
30407.95058161073,0
30412.95065570127,1
30417.950729791806,0
30422.950803882348,1
30427.950877972886,0
30432.950952063424,0
30437.95102615396,2
30442.9511002445,1
30447.951174335038,0
30452.951248425576,2
30457.951322516117,1
30462.951396606655,1
30467.951470697193,2
30472.95154478773,0
30477.951618878273,0
30482.95169296881,1
30487.95176705935,2
30492.951841149887,0
30497.951915240425,2
30502.951989330963,0
30507.952063421504,1
30512.952137512042,0
30517.95221160258,1
30522.952285693118,0
30527.952359783656,0
30532.952433874198,0
30537.952507964736,2
30542.952582055274,1
30547.95265614581,1
30552.95273023635,0
30557.952804326887,2
30562.95287841743,0
30567.952952507967,1
30572.953026598505,2
30577.953100689043,0
30582.95317477958,0
30587.953248870122,1
30592.95332296066,1
30597.9533970512,2
30602.953471141736,1
30607.953545232274,0
30612.953619322812,1
30617.953693413354,2
30622.953767503892,1
30627.95384159443,1
30632.953915684968,1
30637.95398977551,0
30642.954063866047,2
30647.954137956585,0
30652.954212047123,0
30657.95428613766,0
30662.9543602282,0
30667.954434318737,0
30672.95450840928,0
30677.954582499817,1
30682.954656590355,0
30687.954730680893,0
30692.954804771434,1
30697.954878861972,0
30702.95495295251,2
30707.955027043048,0
30712.955101133586,0
30717.955175224124,1
30722.955249314662,0
30727.955323405204,0
30732.95539749574,2
30737.95547158628,0
30742.955545676818,0
30747.95561976736,0
30752.955693857897,0
30757.955767948435,0
30762.955842038973,0
30767.95591612951,1
30772.95599022005,1
30777.95606431059,0
30782.95613840113,0
30787.956212491667,1
30792.956286582204,1
30797.956360672742,0
30802.956434763284,0
30807.956508853822,1
30812.95658294436,0
30817.956657034898,1
30822.956731125436,1
30827.956805215974,0
30832.956879306515,0
30837.956953397053,0
30842.95702748759,1
30847.95710157813,1
30852.95717566867,1
30857.95724975921,0
30862.957323849747,0
30867.957397940285,0
30872.957472030823,0
30877.95754612136,0
30882.9576202119,0
30887.95769430244,1
30892.95776839298,1
30897.957842483516,0
30902.957916574054,0
30907.957990664596,0
30912.958064755134,1
30917.95813884567,1
30922.95821293621,0
30927.958287026748,0
30932.958361117286,1
30937.958435207824,0
30942.958509298365,0
30947.958583388903,0
30952.95865747944,0
30957.95873156998,0
30962.95880566052,0
30967.95887975106,0
30972.958953841597,0
30977.959027932135,1
30982.959102022673,1
30987.95917611321,0
30992.959250203752,0
30997.95932429429,1
31002.959398384828,0
31007.959472475366,1
31012.959546565904,0
31017.959620656446,0
31022.959694746984,0
31027.95976883752,0
31032.95984292806,0
31037.959917018597,0
31042.959991109135,0
31047.960065199677,0
31052.960139290215,1
31057.960213380753,0
31062.96028747129,1
31067.96036156183,1
31072.96043565237,0
31077.96050974291,0
31082.960583833446,2
31087.960657923984,0
31092.960732014522,1
31097.96080610506,3
31102.960880195602,0
31107.96095428614,0
31112.961028376678,1
31117.961102467216,0
31122.961176557757,0
31127.961250648295,0
31132.961324738833,0
31137.96139882937,0
31142.96147291991,1
31147.961547010447,0
31152.961621100985,0
31157.961695191527,0
31162.961769282065,0
31167.961843372603,0
31172.96191746314,1
31177.961991553682,0
31182.96206564422,0
31187.96213973476,0
31192.962213825296,0
31197.962287915834,0
31202.962362006372,1
31207.96243609691,2
31212.96251018745,0
31217.96258427799,0
31222.962658368528,0
31227.962732459066,1
31232.962806549607,0
31237.962880640145,0
31242.962954730683,0
31247.96302882122,0
31252.96310291176,1
31257.963177002297,1
31262.96325109284,0
31267.963325183377,0
31272.963399273915,0
31277.963473364453,1
31282.96354745499,0
31287.963621545532,0
31292.96369563607,0
31297.963769726608,0
31302.963843817146,0
31307.963917907684,0
31312.963991998222,0
31317.964066088764,1
31322.9641401793,0
31327.96421426984,0
31332.964288360377,0
31337.964362450915,0
31342.964436541457,0
31347.964510631995,0
31352.964584722533,0
31357.96465881307,0
31362.96473290361,0
31367.964806994147,0
31372.96488108469,0
31377.964955175226,0
31382.965029265764,0
31387.965103356302,0
31392.965177446844,0
31397.965251537382,0
31402.96532562792,1
31407.965399718458,0
31412.965473808996,0
31417.965547899534,0
31422.96562199007,0
31427.965696080613,1
31432.96577017115,0
31437.96584426169,0
31442.965918352227,1
31447.96599244277,0
31452.966066533307,0
31457.966140623845,0
31462.966214714383,0
31467.96628880492,0
31472.96636289546,0
31477.966436985997,0
31482.966511076538,0
31487.966585167076,0
31492.966659257614,0
31497.966733348152,0
31502.966807438694,0
31507.96688152923,0
31512.96695561977,0
31517.967029710308,0
31522.967103800846,0
31527.967177891383,0
31532.967251981925,0
31537.967326072463,0
31542.967400163,0
31547.96747425354,1
31552.967548344077,0
31557.96762243462,0
31562.967696525156,1
31567.967770615694,0
31572.967844706232,0
31577.96791879677,1
31582.96799288731,0
31587.96806697785,0
31592.968141068388,0
31597.968215158926,1
31602.968289249464,0
31607.96836334,0
31612.968437430543,0
31617.96851152108,1
31622.96858561162,0
31627.968659702157,0
31632.968733792695,0
31637.968807883233,1
31642.968881973775,0
31647.968956064313,1
31652.96903015485,0
31657.96910424539,1
31662.96917833593,0
31667.96925242647,2
31672.969326517006,1
31677.969400607544,0
31682.969474698082,0
31687.96954878862,0
31692.969622879158,1
31697.9696969697,0
31702.969771060238,0
31707.969845150776,0
31712.969919241314,0
31717.969993331855,1
31722.970067422393,0
31727.97014151293,0
31732.97021560347,0
31737.970289694007,0
31742.970363784545,0
31747.970437875083,0
31752.970511965625,0
31757.970586056163,1
31762.9706601467,0
31767.97073423724,0
31772.97080832778,0
31777.970882418318,0
31782.970956508856,0
31787.971030599394,0
31792.971104689932,0
31797.97117878047,0
31802.97125287101,0
31807.97132696155,0
31812.971401052087,0
31817.971475142625,0
31822.971549233163,0
31827.971623323705,1
31832.971697414243,0
31837.97177150478,0
31842.97184559532,1
31847.971919685857,1
31852.971993776395,0
31857.972067866936,1
31862.972141957474,0
31867.972216048012,1
31872.97229013855,0
31877.97236422909,0
31882.97243831963,0
31887.972512410168,0
31892.972586500706,0
31897.972660591244,0
31902.97273468178,0
31907.97280877232,0
31912.97288286286,0
31917.9729569534,0
31922.973031043937,1
31927.973105134475,0
31932.973179225017,0
31937.973253315555,0
31942.973327406093,0
31947.97340149663,1
31952.97347558717,0
31957.973549677707,0
31962.973623768245,0
31967.973697858786,0
31972.973771949324,0
31977.973846039862,1
31982.9739201304,0
31987.97399422094,0
31992.97406831148,0
31997.974142402018,1
32002.974216492556,0
32007.974290583094,0
32012.97436467363,0
32017.97443876417,0
32022.97451285471,0
32027.97458694525,0
32032.974661035787,0
32037.974735126325,0
32042.974809216867,0
32047.974883307405,1
32052.974957397942,0
32057.97503148848,0
32062.97510557902,0
32067.975179669556,0
32072.975253760098,0
32077.975327850636,0
32082.975401941174,0
32087.975476031712,0
32092.97555012225,0
32097.97562421279,0
32102.97569830333,0
32107.975772393867,1
32112.975846484405,0
32117.975920574943,0
32122.97599466548,0
32127.976068756023,0
32132.97614284656,0
32137.9762169371,0
32142.976291027637,0
32147.976365118175,0
32152.976439208716,1
32157.976513299254,0
32162.976587389792,0
32167.97666148033,0
32172.97673557087,0
32177.976809661406,0
32182.976883751948,0
32187.976957842486,0
32192.977031933024,0
32197.97710602356,0
32202.977180114103,0
32207.97725420464,0
32212.97732829518,0
32217.977402385717,0
32222.977476476255,0
32227.977550566793,0
32232.97762465733,0
32237.977698747873,0
32242.97777283841,0
32247.97784692895,0
32252.977921019487,0
32257.977995110028,0
32262.978069200566,0
32267.978143291104,0
32272.978217381642,0
32277.97829147218,0
32282.978365562718,0
32287.978439653256,1
32292.978513743798,0
32297.978587834335,0
32302.978661924873,0
32307.97873601541,1
32312.978810105953,0
32317.97888419649,0
32322.97895828703,0
32327.979032377567,0
32332.979106468105,0
32337.979180558643,1
32342.979254649184,0
32347.979328739722,0
32352.97940283026,0
32357.9794769208,1
32362.979551011336,0
32367.979625101878,1
32372.979699192416,0
32377.979773282954,0
32382.97984737349,0
32387.97992146403,0
32392.979995554568,0
32397.98006964511,0
32402.980143735647,0
32407.980217826185,1
32412.980291916723,0
32417.980366007265,0
32422.980440097803,0
32427.98051418834,0
32432.98058827888,0
32437.980662369417,1
32442.980736459955,0
32447.980810550493,0
32452.980884641034,1
32457.980958731572,0
32462.98103282211,0
32467.981106912648,0
32472.98118100319,0
32477.981255093728,1
32482.981329184266,0
32487.981403274804,0
32492.98147736534,0
32497.98155145588,0
32502.981625546417,0
32507.98169963696,0
32512.981773727497,0
32517.981847818035,0
32522.981921908573,0
32527.981995999115,0
32532.982070089653,0
32537.98214418019,0
32542.98221827073,0
32547.982292361266,1
32552.982366451804,0
32557.982440542346,0
32562.982514632884,1
32567.982588723422,0
32572.98266281396,0
32577.982736904498,0
32582.98281099504,0
32587.982885085577,0
32592.982959176115,0
32597.983033266653,0
32602.98310735719,0
32607.98318144773,1
32612.98325553827,0
32617.98332962881,0
32622.983403719347,0
32627.983477809885,0
32632.983551900423,1
32637.983625990964,0
32642.983700081502,1
32647.98377417204,1
32652.98384826258,0
32657.983922353116,0
32662.983996443654,0
32667.984070534196,0
32672.984144624734,0
32677.98421871527,0
32682.98429280581,0
32687.98436689635,0
32692.98444098689,1
32697.984515077427,0
32702.984589167965,0
32707.984663258503,1
32712.98473734904,0
32717.98481143958,0
32722.98488553012,0
32727.98495962066,0
32732.985033711197,0
32737.985107801735,0
32742.985181892276,1
32747.985255982814,0
32752.985330073352,0
32757.98540416389,0
32762.985478254428,0
32767.985552344966,0
32772.985626435504,0
32777.98570052604,0
32782.98577461658,0
32787.985848707125,0
32792.98592279766,0
32797.9859968882,0
32802.98607097874,0
32807.98614506928,0
32812.986219159815,0
32817.98629325035,1
32822.98636734089,0
32827.98644143143,0
32832.98651552197,0
32837.98658961251,0
32842.98666370305,0
32847.98673779359,0
32852.986811884126,0
32857.986885974664,0
32862.9869600652,0
32867.98703415574,0
32872.98710824628,1
32877.987182336816,0
32882.987256427354,0
32887.98733051789,1
32892.98740460843,0
32897.987478698975,0
32902.98755278951,0
32907.98762688005,1
32912.98770097059,0
32917.98777506113,0
32922.987849151665,1
32927.9879232422,0
32932.98799733274,0
32937.98807142328,0
32942.98814551382,1
32947.98821960436,0
32952.9882936949,0
32957.98836778544,0
32962.988441875976,0
32967.988515966514,0
32972.98859005705,0
32977.98866414759,0
32982.98873823813,0
32987.988812328666,1
32992.9888864192,0
32997.98896050974,0
33002.98903460028,0
33007.989108690825,0
33012.98918278136,0
33017.9892568719,1
33022.98933096244,0
33027.98940505298,0
33032.989479143514,0
33037.98955323405,2
33042.98962732459,0
33047.98970141513,0
33052.98977550567,1
33057.98984959621,0
33062.98992368675,0
33067.98999777729,0
33072.990071867825,0
33077.99014595836,1
33082.9902200489,0
33087.99029413944,0
33092.99036822998,0
33097.990442320515,0
33102.99051641105,0
33107.99059050159,0
33112.99066459214,0
33117.990738682674,0
33122.99081277321,0
33127.99088686375,0
33132.99096095429,0
33137.991035044826,0
33142.991109135364,0
33147.9911832259,0
33152.99125731644,0
33157.99133140698,0
33162.99140549752,0
33167.99147958806,0
33172.9915536786,0
33177.99162776914,0
33182.991701859675,0
33187.99177595021,0
33192.99185004075,0
33197.99192413129,0
33202.99199822183,0
33207.992072312365,0
33212.9921464029,0
33217.99222049344,1
33222.992294583986,0
33227.992368674524,1
33232.99244276506,0
33237.9925168556,0
33242.99259094614,0
33247.992665036676,0
33252.992739127214,1
33257.99281321775,0
33262.99288730829,1
33267.992961398835,0
33272.99303548937,0
33277.99310957991,0
33282.99318367045,0
33287.99325776099,0
33292.993331851525,0
33297.99340594206,0
33302.9934800326,0
33307.99355412314,0
33312.99362821368,0
33317.993702304215,1
33322.99377639475,0
33327.9938504853,0
33332.993924575836,2
33337.993998666374,0
33342.99407275691,0
33347.99414684745,0
33352.99422093799,0
33357.994295028526,0
33362.994369119064,0
33367.9944432096,0
33372.99451730014,0
33377.994591390685,0
33382.99466548122,1
33387.99473957176,0
33392.9948136623,0
33397.99488775284,0
33402.994961843375,0
33407.99503593391,1
33412.99511002445,0
33417.99518411499,0
33422.99525820553,0
33427.995332296065,0
33432.9954063866,0
33437.99548047715,1
33442.995554567686,0
33447.995628658224,0
33452.99570274876,1
33457.9957768393,0
33462.99585092984,0
33467.995925020376,0
33472.99599911091,0
33477.99607320145,1
33482.99614729199,0
33487.996221382535,0
33492.99629547307,0
33497.99636956361,0
33502.99644365415,0
33507.99651774469,0
33512.996591835225,0
33517.99666592576,0
33522.9967400163,0
33527.99681410684,0
33532.99688819738,0
33537.996962287914,0
33542.99703637846,0
33547.997110469,0
33552.997184559536,0
33557.99725865007,0
33562.99733274061,0
33567.99740683115,0
33572.99748092169,0
33577.997555012225,0
33582.99762910276,1
33587.9977031933,0
33592.99777728385,1
33597.997851374384,0
33602.99792546492,0
33607.99799955546,0
33612.998073646,0
33617.998147736536,0
33622.998221827074,0
33627.99829591761,2
33632.99837000815,0
33637.99844409869,1
33642.998518189226,0
33647.998592279764,0
33652.99866637031,0
33657.99874046085,0
33662.998814551385,1
33667.99888864192,1
33672.99896273246,0
33677.999036823,0
33682.99911091354,0
33687.999185004075,0
33692.99925909461,1
33697.99933318515,0
33702.999407275696,0
33707.999481366234,1
33712.99955545677,0
33717.99962954731,0
33722.99970363785,0
33727.999777728386,0
33732.999851818924,0
33737.99992590946,2
33743.0,0
33748.00007409054,2
33753.000148181076,0
33758.000222271614,0
33763.00029636216,0
33768.0003704527,0
33773.000444543235,0
33778.00051863377,0
33783.00059272431,0
33788.00066681485,0
33793.00074090539,0
33798.000814995925,0
33803.00088908646,0
33808.00096317701,0
33813.001037267546,0
33818.001111358084,0
33823.00118544862,0
33828.00125953916,0
33833.0013336297,0
33838.001407720236,0
33843.001481810774,2
33848.00155590131,1
33853.00162999185,0
33858.00170408239,0
33863.001778172926,0
33868.00185226347,0
33873.00192635401,0
33878.00200044455,1
33883.002074535085,0
33888.00214862562,1
33893.00222271616,0
33898.0022968067,0
33903.00237089724,1
33908.002444987775,0
33913.00251907831,0
33918.00259316886,0
33923.002667259396,0
33928.002741349934,0
33933.00281544047,0
33938.00288953101,0
33943.00296362155,0
33948.003037712086,0
33953.00311180262,0
33958.00318589316,2
33963.0032599837,0
33968.00333407424,0
33973.003408164775,0
33978.00348225532,0
33983.00355634586,0
33988.0036304364,2
33993.003704526935,0
33998.00377861747,0
34003.00385270801,0
34008.00392679855,0
34013.00400088909,0
34018.004074979624,0
34023.00414907016,0
34028.00422316071,1
34033.004297251246,0
34038.00437134178,0
34043.00444543232,0
34048.00451952286,0
34053.0045936134,0
34058.004667703935,0
34063.00474179447,0
34068.00481588501,0
34073.00488997555,0
34078.00496406609,0
34083.00503815663,0
34088.00511224717,0
34093.00518633771,0
34098.00526042825,0
34103.005334518784,0
34108.00540860932,0
34113.00548269986,0
34118.0055567904,0
34123.005630880936,0
34128.005704971474,1
34133.00577906202,0
34138.00585315256,0
34143.005927243095,0
34148.00600133363,0
34153.00607542417,1
34158.00614951471,0
34163.00622360525,0
34168.006297695785,0
34173.00637178632,1
34178.00644587686,1
34183.0065199674,0
34188.00659405794,0
34193.00666814848,0
34198.00674223902,1
34203.00681632956,0
34208.006890420096,1
34213.006964510634,1
34218.00703860117,0
34223.00711269171,0
34228.00718678225,0
34233.007260872786,0
34238.007334963324,0
34243.00740905387,0
34248.00748314441,0
34253.007557234945,0
34258.00763132548,1
34263.00770541602,0
34268.00777950656,0
34273.0078535971,0
34278.007927687635,0
34283.00800177817,0
34288.00807586871,0
34293.00814995925,1
34298.00822404979,0
34303.00829814033,0
34308.00837223087,0
34313.00844632141,0
34318.008520411946,0
34323.008594502484,0
34328.00866859302,1
34333.00874268356,0
34338.0088167741,0
34343.008890864636,0
34348.00896495518,0
34353.00903904572,0
34358.00911313626,0
34363.009187226795,0
34368.00926131733,1
34373.00933540787,0
34378.00940949841,0
34383.00948358895,0
34388.009557679485,0
34393.00963177002,0
34398.00970586056,0
34403.0097799511,0
34408.009854041644,1
34413.00992813218,1
34418.01000222272,0
34423.01007631326,1
34428.010150403796,0
34433.010224494334,0
34438.01029858487,0
34443.01037267541,0
34448.01044676595,1
34453.010520856486,0
34458.01059494703,0
34463.01066903757,0
34468.01074312811,0
34473.010817218645,0
34478.01089130918,0
34483.01096539972,0
34488.01103949026,1
34493.0111135808,0
34498.011187671334,0
34503.01126176187,0
34508.01133585241,0
34513.01140994295,0
34518.01148403349,0
34523.01155812403,0
34528.01163221457,0
34533.01170630511,0
34538.011780395645,0
34543.01185448618,1
34548.01192857672,0
34553.01200266726,0
34558.0120767578,1
34563.012150848335,0
34568.01222493888,0
34573.01229902942,0
34578.01237311996,0
34583.012447210494,0
34588.01252130103,0
34593.01259539157,0
34598.01266948211,0
34603.012743572646,0
34608.012817663184,0
34613.01289175372,0
34618.01296584426,0
34623.013039934805,0
34628.01311402534,1
34633.01318811588,0
34638.01326220642,0
34643.01333629696,0
34648.013410387495,0
34653.01348447803,0
34658.01355856857,1
34663.01363265911,0
34668.01370674965,0
34673.01378084019,0
34678.01385493073,0
34683.01392902127,0
34688.014003111806,0
34693.014077202344,0
34698.01415129288,1
34703.01422538342,0
34708.01429947396,0
34713.014373564496,0
34718.014447655034,0
34723.01452174557,1
34728.01459583611,0
34733.014669926655,0
34738.01474401719,0
34743.01481810773,0
34748.01489219827,0
34753.01496628881,0
34758.015040379345,0
34763.01511446988,0
34768.01518856042,0
34773.01526265096,0
34778.0153367415,0
34783.01541083204,0
34788.01548492258,0
34793.01555901312,0
34798.015633103656,0
34803.015707194194,0
34808.01578128473,0
34813.01585537527,0
34818.01592946581,0
34823.016003556346,1
34828.016077646884,0
34833.01615173742,0
34838.01622582797,1
34843.016299918505,0
34848.01637400904,1
34853.01644809958,0
34858.01652219012,0
34863.01659628066,0
34868.016670371195,0
34873.01674446173,0
34878.01681855227,1
34883.01689264281,1
34888.016966733354,0
34893.01704082389,0
34898.01711491443,0
34903.01718900497,0
34908.017263095506,0
34913.017337186044,1
34918.01741127658,0
34923.01748536712,2
34928.01755945766,1
34933.017633548196,0
34938.01770763873,0
34943.01778172927,0
34948.01785581982,0
34953.017929910355,0
34958.01800400089,0
34963.01807809143,0
34968.01815218197,0
34973.01822627251,0
34978.018300363045,1
34983.01837445358,0
34988.01844854412,0
34993.01852263466,0
34998.018596725204,1
35003.01867081574,1
35008.01874490628,0
35013.01881899682,0
35018.018893087356,0
35023.01896717789,0
35028.01904126843,0
35033.01911535897,0
35038.01918944951,0
35043.019263540045,0
35048.01933763058,0
35053.01941172112,0
35058.01948581167,0
35063.019559902204,0
35068.01963399274,0
35073.01970808328,0
35078.01978217382,0
35083.019856264356,0
35088.019930354894,0
35093.02000444543,0
35098.02007853597,0
35103.020152626515,0
35108.02022671705,0
35113.02030080759,0
35118.02037489813,0
35123.02044898867,1
35128.020523079205,0
35133.02059716974,0
35138.02067126028,0
35143.02074535082,0
35148.02081944136,0
35153.020893531895,1
35158.02096762243,0
35163.02104171298,0
35168.021115803516,0
35173.021189894054,2
35178.02126398459,0
35183.02133807513,0
35188.02141216567,0
35193.021486256206,1
35198.021560346744,0
35203.02163443728,0
35208.02170852782,0
35213.021782618365,0
35218.0218567089,0
35223.02193079944,0
35228.02200488998,0
35233.02207898052,0
35238.022153071055,0
35243.02222716159,0
35248.02230125213,1
35253.02237534267,0
35258.02244943321,0
35263.022523523745,0
35268.02259761428,0
35273.02267170483,0
35278.022745795366,0
35283.022819885904,0
35288.02289397644,0
35293.02296806698,0
35298.02304215752,0
35303.023116248056,0
35308.023190338594,0
35313.02326442913,0
35318.02333851967,0
35323.023412610215,0
35328.02348670075,0
35333.02356079129,0
35338.02363488183,1
35343.02370897237,0
35348.023783062905,0
35353.02385715344,1
35358.02393124398,0
35363.02400533452,1
35368.02407942506,0
35373.024153515595,0
35378.02422760614,0
35383.02430169668,0
35388.024375787216,0
35393.024449877754,0
35398.02452396829,0
35403.02459805883,0
35408.02467214937,0
35413.024746239906,1
35418.02482033044,0
35423.02489442098,0
35428.02496851153,0
35433.025042602065,0
35438.0251166926,1
35443.02519078314,1
35448.02526487368,0
35453.02533896422,0
35458.025413054755,1
35463.02548714529,0
35468.02556123583,0
35473.02563532637,0
35478.02570941691,0
35483.025783507444,0
35488.02585759799,0
35493.02593168853,1
35498.026005779066,0
35503.0260798696,0
35508.02615396014,0
35513.02622805068,0
35518.02630214122,1
35523.026376231755,0
35528.02645032229,0
35533.02652441283,1
35538.02659850338,0
35543.026672593915,1
35548.02674668445,0
35553.02682077499,0
35558.02689486553,1
35563.02696895607,0
35568.027043046604,1
35573.02711713714,0
35578.02719122768,0
35583.02726531822,1
35588.027339408756,0
35593.027413499294,0
35598.02748758984,0
35603.02756168038,0
35608.027635770915,0
35613.02770986145,0
35618.02778395199,0
35623.02785804253,0
35628.02793213307,0
35633.028006223605,0
35638.02808031414,0
35643.02815440469,0
35648.028228495226,0
35653.028302585764,1
35658.0283766763,0
35663.02845076684,0
35668.02852485738,0
35673.028598947916,0
35678.028673038454,0
35683.02874712899,0
35688.02882121953,0
35693.02889531007,0
35698.028969400606,1
35703.02904349115,1
35708.02911758169,1
35713.02919167223,0
35718.029265762765,0
35723.0293398533,0
35728.02941394384,0
35733.02948803438,0
35738.02956212492,0
35743.029636215455,0
35748.02971030599,0
35753.02978439654,0
35758.029858487076,0
35763.029932577614,0
35768.03000666815,0
35773.03008075869,1
35778.03015484923,0
35783.030228939766,0
35788.030303030304,0
35793.03037712084,1
35798.03045121138,0
35803.03052530192,0
35808.030599392456,0
35813.030673483,0
35818.03074757354,0
35823.03082166408,0
35828.030895754615,0
35833.03096984515,1
35838.03104393569,1
35843.03111802623,0
35848.03119211677,0
35853.031266207305,1
35858.03134029784,0
35863.03141438839,2
35868.031488478926,0
35873.031562569464,0
35878.03163666,0
35883.03171075054,0
35888.03178484108,0
35893.031858931616,0
35898.031933022154,0
35903.03200711269,0
35908.03208120323,0
35913.03215529377,0
35918.03222938431,1
35923.03230347485,0
35928.03237756539,1
35933.03245165593,0
35938.032525746465,0
35943.032599837,1
35948.03267392754,0
35953.03274801808,0
35958.03282210862,0
35963.032896199154,0
35968.0329702897,0
35973.03304438024,0
35978.033118470776,0
35983.03319256131,0
35988.03326665185,0
35993.03334074239,1
35998.03341483293,0
36003.033488923465,0
36008.033563014,0
36013.03363710454,0
36018.03371119508,0
36023.03378528562,0
36028.03385937616,0
36033.0339334667,0
36038.03400755724,0
36043.03408164778,0
36048.034155738314,0
36053.03422982885,0
36058.03430391939,0
36063.03437800993,0
36068.034452100466,0
36073.034526191004,0
36078.03460028155,0
36083.03467437209,0
36088.034748462625,0
36093.03482255316,0
36098.0348966437,0
36103.03497073424,0
36108.03504482478,0
36113.035118915315,0
36118.03519300585,0
36123.03526709639,0
36128.03534118693,0
36133.03541527747,0
36138.03548936801,0
36143.03556345855,0
36148.03563754909,1
36153.035711639626,0
36158.035785730164,0
36163.0358598207,0
36168.03593391124,0
36173.03600800178,0
36178.036082092316,0
36183.03615618286,0
36188.0362302734,0
36193.03630436394,0
36198.036378454475,0
36203.03645254501,0
36208.03652663555,0
36213.03660072609,0
36218.03667481663,0
36223.036748907165,0
36228.0368229977,1
36233.03689708824,0
36238.03697117878,0
36243.037045269324,0
36248.03711935986,0
36253.0371934504,0
36258.03726754094,0
36263.037341631476,0
36268.037415722014,0
36273.03748981255,0
36278.03756390309,0
36283.03763799363,0
36288.037712084166,0
36293.03778617471,0
36298.03786026525,1
36303.03793435579,0
36308.038008446325,1
36313.03808253686,0
36318.0381566274,0
36323.03823071794,0
36328.03830480848,0
36333.038378899015,0
36338.03845298955,0
36343.03852708009,1
36348.03860117063,0
36353.038675261174,0
36358.03874935171,0
36363.03882344225,0
36368.03889753279,0
36373.038971623326,0
36378.039045713864,0
36383.0391198044,0
36388.03919389494,0
36393.03926798548,0
36398.03934207602,0
36403.03941616656,0
36408.0394902571,0
36413.03956434764,0
36418.039638438175,0
36423.03971252871,0
36428.03978661925,0
36433.03986070979,0
36438.03993480033,0
36443.040008890865,0
36448.0400829814,0
36453.04015707194,0
36458.040231162486,1
36463.040305253024,0
36468.04037934356,0
36473.0404534341,1
36478.04052752464,0
36483.040601615176,0
36488.04067570571,0
36493.04074979625,0
36498.04082388679,0
36503.04089797733,0
36508.04097206787,0
36513.04104615841,0
36518.04112024895,0
36523.04119433949,0
36528.041268430025,0
36533.04134252056,0
36538.0414166111,0
36543.04149070164,0
36548.041564792176,0
36553.041638882714,0
36558.04171297325,0
36563.04178706379,1
36568.041861154335,0
36573.04193524487,0
36578.04200933541,0
36583.04208342595,0
36588.04215751649,0
36593.042231607025,0
36598.04230569756,1
36603.0423797881,0
36608.04245387864,0
36613.04252796918,0
36618.04260205972,0
36623.04267615026,0
36628.0427502408,0
36633.042824331336,0
36638.042898421874,1
36643.04297251241,0
36648.04304660295,0
36653.04312069349,0
36658.043194784026,0
36663.043268874564,0
36668.0433429651,1
36673.04341705565,0
36678.043491146185,0
36683.04356523672,0
36688.04363932726,0
36693.0437134178,0
36698.04378750834,0
36703.043861598875,0
36708.04393568941,0
36713.04400977995,0
36718.04408387049,1
36723.044157961034,0
36728.04423205157,0
36733.04430614211,0
36738.04438023265,0
36743.044454323186,0
36748.044528413724,0
36753.04460250426,0
36758.0446765948,0
36763.04475068534,0
36768.044824775876,0
36773.044898866414,0
36778.04497295695,0
36783.0450470475,0
36788.045121138035,0
36793.04519522857,0
36798.04526931911,0
36803.04534340965,0
36808.04541750019,0
36813.045491590725,0
36818.04556568126,1
36823.0456397718,0
36828.04571386234,0
36833.045787952884,0
36838.04586204342,0
36843.04593613396,0
36848.0460102245,0
36853.046084315036,0
36858.046158405574,0
36863.04623249611,0
36868.04630658665,0
36873.04638067719,0
36878.046454767726,0
36883.04652885826,0
36888.0466029488,0
36893.04667703935,0
36898.046751129885,0
36903.04682522042,0
36908.04689931096,0
36913.0469734015,1
36918.04704749204,0
36923.047121582575,0
36928.04719567311,0
36933.04726976365,0
36938.047343854196,0
36943.047417944734,0
36948.04749203527,0
36953.04756612581,0
36958.04764021635,0
36963.047714306886,0
36968.04778839742,0
36973.04786248796,0
36978.0479365785,0
36983.04801066904,0
36988.048084759575,0
36993.04815885011,0
36998.04823294066,0
37003.0483070312,0
37008.048381121735,0
37013.04845521227,0
37018.04852930281,0
37023.04860339335,0
37028.04867748389,0
37033.048751574424,0
37038.04882566496,0
37043.0488997555,1
37048.048973846046,0
37053.04904793658,0
37058.04912202712,0
37063.04919611766,0
37068.0492702082,0
37073.049344298735,0
37078.04941838927,0
37083.04949247981,0
37088.04956657035,0
37093.04964066089,0
37098.049714751425,1
37103.04978884196,1
37108.04986293251,0
37113.04993702305,0
37118.050011113584,0
37123.05008520412,0
37128.05015929466,0
37133.0502333852,1
37138.050307475736,0
37143.050381566274,0
37148.05045565681,0
37153.05052974735,0
37158.050603837895,0
37163.05067792843,2
37168.05075201897,0
37173.05082610951,1
37178.05090020005,0
37183.050974290585,0
37188.05104838112,0
37193.05112247166,0
37198.0511965622,0
37203.05127065274,0
37208.051344743275,0
37213.05141883382,0
37218.05149292436,0
37223.051567014896,0
37228.051641105434,0
37233.05171519597,0
37238.05178928651,0
37243.05186337705,1
37248.051937467586,0
37253.052011558124,0
37258.05208564866,0
37263.05215973921,0
37268.052233829745,0
37273.05230792028,0
37278.05238201082,0
37283.05245610136,0
37288.0525301919,0
37293.052604282435,0
37298.05267837297,0
37303.05275246351,0
37308.05282655405,0
37313.05290064459,0
37318.052974735125,0
37323.05304882567,0
37328.05312291621,0
37333.053197006746,0
37338.053271097284,0
37343.05334518782,0
37348.05341927836,0
37353.0534933689,1
37358.053567459436,1
37363.053641549974,0
37368.05371564051,0
37373.05378973106,1
37378.053863821595,0
37383.05393791213,0
37388.05401200267,1
37393.05408609321,0
37398.05416018375,0
37403.054234274285,0
37408.05430836482,0
37413.05438245536,0
37418.0544565459,0
37423.05453063644,0
37428.054604726975,0
37433.05467881752,0
37438.05475290806,0
37443.054826998596,0
37448.05490108913,0
37453.05497517967,0
37458.05504927021,0
37463.05512336075,0
37468.055197451285,0
37473.05527154182,0
37478.05534563237,1
37483.05541972291,0
37488.055493813445,0
37493.05556790398,0
37498.05564199452,0
37503.05571608506,0
37508.0557901756,1
37513.055864266134,1
37518.05593835667,0
37523.05601244721,0
37528.05608653775,1
37533.056160628286,0
37538.05623471883,1
37543.05630880937,1
37548.05638289991,0
37553.056456990445,0
37558.05653108098,0
37563.05660517152,0
37568.05667926206,0
37573.0567533526,0
37578.056827443135,0
37583.05690153367,0
37588.05697562422,0
37593.05704971476,0
37598.057123805294,0
37603.05719789583,0
37608.05727198637,0
37613.05734607691,0
37618.057420167446,0
37623.057494257984,0
37628.05756834852,0
37633.05764243906,0
37638.0577165296,0
37643.057790620136,0
37648.05786471068,0
37653.05793880122,0
37658.05801289176,1
37663.058086982295,0
37668.05816107283,0
37673.05823516337,0
37678.05830925391,0
37683.05838334445,1
37688.058457434985,1
37693.05853152552,0
37698.05860561607,0
37703.058679706606,0
37708.058753797144,0
37713.05882788768,0
37718.05890197822,0
37723.05897606876,1
37728.059050159296,0
37733.059124249834,0
37738.05919834037,0
37743.05927243091,0
37748.05934652145,0
37753.05942061199,0
37758.05949470253,0
37763.05956879307,0
37768.05964288361,0
37773.059716974145,0
37778.05979106468,0
37783.05986515522,0
37788.05993924576,0
37793.0600133363,0
37798.060087426835,0
37803.06016151738,0
37808.06023560792,0
37813.060309698456,0
37818.060383788994,0
37823.06045787953,0
37828.06053197007,1
37833.06060606061,0
37838.060680151146,0
37843.060754241684,0
37848.06082833222,1
37853.06090242276,0
37858.0609765133,0
37863.06105060384,0
37868.06112469438,0
37873.06119878492,0
37878.06127287546,0
37883.061346965995,0
37888.06142105653,0
37893.06149514707,0
37898.06156923761,0
37903.06164332815,0
37908.061717418685,0
37913.06179150923,0
37918.06186559977,0
37923.061939690306,1
37928.062013780844,0
37933.06208787138,0
37938.06216196192,0
37943.06223605246,0
37948.062310142996,0
37953.06238423353,0
37958.06245832407,0
37963.06253241461,0
37968.062606505155,0
37973.06268059569,0
37978.06275468623,0
37983.06282877677,1
37988.06290286731,2
37993.062976957845,0
37998.06305104838,0
38003.06312513892,1
38008.06319922946,0
38013.06327332,0
38018.06334741054,0
38023.06342150108,0
38028.06349559162,0
38033.063569682156,0
38038.06364377269,0
38043.06371786323,0
38048.06379195377,0
38053.06386604431,0
38058.063940134845,1
38063.06401422538,1
38068.06408831592,0
38073.06416240646,0
38078.064236497004,0
38083.06431058754,0
38088.06438467808,0
38093.06445876862,0
38098.064532859156,0
38103.064606949694,0
38108.06468104023,0
38113.06475513077,0
38118.06482922131,0
38123.064903311846,0
38128.06497740239,0
38133.06505149293,0
38138.06512558347,0
38143.065199674005,0
38148.06527376454,0
38153.06534785508,0
38158.06542194562,0
38163.06549603616,0
38168.065570126695,0
38173.06564421723,0
38178.06571830777,0
38183.06579239831,0
38188.065866488854,0
38193.06594057939,1
38198.06601466993,0
38203.06608876047,0
38208.066162851006,0
38213.066236941544,0
38218.06631103208,0
38223.06638512262,0
38228.06645921316,0
38233.0665333037,0
38238.06660739424,0
38243.06668148478,0
38248.06675557532,0
38253.066829665855,0
38258.06690375639,0
38263.06697784693,0
38268.06705193747,0
38273.06712602801,0
38278.067200118545,0
38283.06727420908,0
38288.06734829962,0
38293.067422390166,0
38298.067496480704,0
38303.06757057124,0
38308.06764466178,0
38313.06771875232,0
38318.067792842856,0
38323.067866933394,0
38328.06794102393,0
38333.06801511447,0
38338.06808920501,0
38343.06816329555,0
38348.06823738609,0
38353.06831147663,0
38358.06838556717,0
38363.068459657705,0
38368.06853374824,0
38373.06860783878,0
38378.06868192932,0
38383.06875601986,0
38388.068830110395,0
38393.06890420093,0
38398.06897829147,0
38403.069052382016,0
38408.069126472554,0
38413.06920056309,0
38418.06927465363,0
38423.06934874417,0
38428.069422834706,0
38433.06949692524,0
38438.06957101578,0
38443.06964510632,0
38448.06971919686,0
38453.0697932874,1
38458.06986737794,0
38463.06994146848,0
38468.07001555902,0
38473.070089649555,0
38478.07016374009,0
38483.07023783063,0
38488.07031192117,0
38493.07038601171,0
38498.070460102244,0
38503.07053419278,0
38508.07060828333,0
38513.070682373866,0
38518.0707564644,0
38523.07083055494,0
38528.07090464548,1
38533.07097873602,0
38538.071052826555,0
38543.07112691709,0
38548.07120100763,0
38553.07127509817,0
38558.071349188715,0
38563.07142327925,0
38568.07149736979,1
38573.07157146033,0
38578.07164555087,1
38583.071719641404,0
38588.07179373194,0
38593.07186782248,0
38598.07194191302,0
38603.072016003556,0
38608.072090094094,0
38613.07216418463,0
38618.07223827518,0
38623.072312365715,0
38628.07238645625,0
38633.07246054679,0
38638.07253463733,2
38643.07260872787,0
38648.072682818405,0
38653.07275690894,0
38658.07283099948,0
38663.07290509002,0
38668.072979180564,0
38673.0730532711,0
38678.07312736164,0
38683.07320145218,0
38688.073275542716,0
38693.073349633254,0
38698.07342372379,0
38703.07349781433,0
38708.07357190487,0
38713.073645995406,0
38718.073720085944,0
38723.07379417648,1
38728.07386826703,0
38733.073942357565,0
38738.0740164481,0
38743.07409053864,0
38748.07416462918,0
38753.07423871972,0
38758.074312810255,0
38763.07438690079,0
38768.07446099133,0
38773.074535081876,0
38778.074609172414,0
38783.07468326295,0
38788.07475735349,0
38793.07483144403,0
38798.074905534566,0
38803.074979625104,0
38808.07505371564,0
38813.07512780618,1
38818.07520189672,0
38823.075275987256,0
38828.075350077794,1
38833.07542416834,0
38838.07549825888,0
38843.075572349415,0
38848.07564643995,0
38853.07572053049,0
38858.07579462103,0
38863.07586871157,0
38868.075942802105,0
38873.07601689264,0
38878.07609098318,0
38883.076165073726,0
38888.076239164264,1
38893.0763132548,1
38898.07638734534,0
38903.07646143588,0
38908.076535526416,0
38913.076609616954,0
38918.07668370749,0
38923.07675779803,0
38928.07683188857,0
38933.076905979106,0
38938.07698006964,1
38943.07705416019,0
38948.07712825073,0
38953.077202341265,0
38958.0772764318,0
38963.07735052234,0
38968.07742461288,0
38973.07749870342,0
38978.077572793954,1
38983.07764688449,0
38988.07772097503,0
38993.077795065576,0
38998.07786915611,0
39003.07794324665,0
39008.07801733719,0
39013.07809142773,0
39018.078165518265,0
39023.0782396088,0
39028.07831369934,0
39033.07838778988,0
39038.07846188042,1
39043.078535970955,0
39048.0786100615,1
39053.07868415204,0
39058.07875824258,0
39063.078832333114,0
39068.07890642365,0
39073.07898051419,0
39078.07905460473,1
39083.079128695266,0
39088.079202785804,0
39093.07927687634,0
39098.07935096689,0
39103.079425057425,0
39108.07949914796,0
39113.0795732385,0
39118.07964732904,0
39123.07972141958,1
39128.079795510115,0
39133.07986960065,0
39138.07994369119,0
39143.08001778173,0
39148.08009187227,1
39153.080165962805,0
39158.08024005335,0
39163.08031414389,0
39168.080388234426,0
39173.080462324964,0
39178.0805364155,0
39183.08061050604,0
39188.08068459658,0
39193.080758687116,0
39198.080832777654,1
39203.08090686819,0
39208.08098095874,0
39213.081055049275,0
39218.08112913981,0
39223.08120323035,0
39228.08127732089,0
39233.08135141143,0
39238.081425501965,0
39243.0814995925,0
39248.08157368304,0
39253.08164777358,0
39258.08172186412,0
39263.081795954655,1
39268.0818700452,0
39273.08194413574,0
39278.082018226276,0
39283.082092316814,0
39288.08216640735,0
39293.08224049789,0
39298.08231458843,0
39303.082388678966,0
39308.082462769504,0
39313.08253686005,0
39318.08261095059,0
39323.082685041125,0
39328.08275913166,0
39333.0828332222,0
39338.08290731274,0
39343.08298140328,0
39348.083055493815,1
39353.08312958435,0
39358.08320367489,0
39363.08327776543,0
39368.08335185597,0
39373.08342594651,0
39378.08350003705,0
39383.08357412759,0
39388.083648218126,0
39393.083722308664,0
39398.0837963992,0
39403.08387048974,0
39408.08394458028,0
39413.084018670816,0
39418.08409276135,0
39423.0841668519,0
39428.08424094244,0
39433.084315032975,0
39438.08438912351,0
39443.08446321405,0
39448.08453730459,0
39453.08461139513,1
39458.084685485665,0
39463.0847595762,0
39468.08483366674,2
39473.08490775728,0
39478.08498184782,0
39483.08505593836,0
39488.0851300289,0
39493.08520411944,0
39498.085278209976,0
39503.08535230051,0
39508.08542639105,0
39513.08550048159,0
39518.08557457213,0
39523.085648662665,0
39528.08572275321,0
39533.08579684375,0
39538.08587093429,0
39543.085945024824,0
39548.08601911536,0
39553.0860932059,0
39558.08616729644,0
39563.086241386976,0
39568.086315477514,1
39573.08638956805,0
39578.08646365859,1
39583.08653774913,0
39588.08661183967,0
39593.08668593021,0
39598.08676002075,1
39603.08683411129,0
39608.086908201825,0
39613.08698229236,1
39618.0870563829,1
39623.08713047344,0
39628.08720456398,0
39633.087278654515,0
39638.08735274506,1
39643.0874268356,0
39648.087500926136,0
39653.087575016674,0
39658.08764910721,1
39663.08772319775,1
39668.08779728829,0
39673.087871378826,0
39678.087945469364,0
39683.0880195599,0
39688.08809365044,0
39693.08816774098,0
39698.08824183152,0
39703.08831592206,0
39708.0883900126,1
39713.08846410314,0
39718.088538193675,0
39723.08861228421,0
39728.08868637475,1
39733.08876046529,0
39738.08883455583,0
39743.088908646365,0
39748.08898273691,0
39753.08905682745,0
39758.089130917986,0
39763.089205008524,0
39768.08927909906,0
39773.0893531896,0
39778.08942728014,0
39783.089501370676,0
39788.089575461214,0
39793.08964955175,0
39798.08972364229,0
39803.089797732835,1
39808.08987182337,0
39813.08994591391,0
39818.09002000445,0
39823.09009409499,1
39828.090168185525,0
39833.09024227606,0
39838.0903163666,0
39843.09039045714,0
39848.09046454768,0
39853.09053863822,0
39858.09061272876,0
39863.0906868193,0
39868.090760909836,0
39873.090835000374,0
39878.09090909091,0
39883.09098318145,0
39888.09105727199,0
39893.091131362526,0
39898.09120545306,0
39903.0912795436,0
39908.09135363414,0
39913.091427724685,0
39918.09150181522,0
39923.09157590576,0
39928.0916499963,0
39933.09172408684,0
39938.091798177375,0
39943.09187226791,0
39948.09194635845,0
39953.09202044899,0
39958.09209453953,0
39963.09216863007,1
39968.09224272061,0
39973.09231681115,0
39978.092390901686,0
39983.09246499222,0
39988.09253908276,0
39993.0926131733,0
39998.09268726384,0
40003.092761354375,0
40008.09283544491,0
40013.09290953545,0
40018.09298362599,0
40023.093057716535,1
40028.09313180707,0
40033.09320589761,0
40038.09327998815,0
40043.09335407869,0
40048.093428169224,0
40053.09350225976,0
40058.0935763503,0
40063.09365044084,0
40068.09372453138,0
40073.09379862192,0
40078.09387271246,0
40083.093946803,0
40088.094020893535,0
40093.09409498407,0
40098.09416907461,0
40103.09424316515,0
40108.09431725569,1
40113.094391346225,0
40118.09446543676,0
40123.0945395273,0
40128.094613617846,0
40133.094687708384,0
40138.09476179892,0
40143.09483588946,0
40148.09490998,1
40153.094984070536,0
40158.095058161074,0
40163.09513225161,0
40168.09520634215,0
40173.09528043269,0
40178.09535452323,0
40183.09542861377,0
40188.09550270431,0
40193.09557679485,0
40198.095650885385,1
40203.09572497592,0
40208.09579906646,0
40213.095873157,0
40218.09594724754,0
40223.096021338075,0
40228.09609542861,0
40233.09616951915,0
40238.096243609696,0
40243.096317700234,1
40248.09639179077,0
40253.09646588131,0
40258.09653997185,1
40263.096614062386,0
40268.096688152924,0
40273.09676224346,0
40278.096836334,0
40283.09691042454,0
40288.09698451508,1
40293.09705860562,0
40298.09713269616,0
40303.0972067867,1
40308.097280877235,0
40313.09735496777,0
40318.09742905831,0
40323.09750314885,1
40328.09757723939,0
40333.097651329925,0
40338.09772542046,0
40343.09779951101,0
40348.097873601546,0
40353.097947692084,0
40358.09802178262,1
40363.09809587316,0
40368.0981699637,0
40373.098244054236,0
40378.098318144774,0
40383.09839223531,0
40388.09846632585,0
40393.098540416395,0
40398.09861450693,0
40403.09868859747,0
40408.09876268801,0
40413.09883677855,0
40418.098910869085,0
40423.09898495962,0
40428.09905905016,0
40433.0991331407,0
40438.09920723124,0
40443.099281321774,0
40448.09935541231,0
40453.09942950286,0
40458.099503593396,0
40463.09957768393,0
40468.09965177447,0
40473.09972586501,0
40478.09979995555,0
40483.099874046085,0
40488.09994813662,0
40493.10002222716,0
40498.1000963177,0
40503.100170408245,0
40508.10024449878,1
40513.10031858932,0
40518.10039267986,0
40523.1004667704,0
40528.100540860934,0
40533.10061495147,0
40538.10068904201,0
40543.10076313255,1
40548.100837223086,0
40553.100911313624,0
40558.10098540416,0
40563.10105949471,0
40568.101133585245,0
40573.10120767578,0
40578.10128176632,1
40583.10135585686,0
40588.1014299474,0
40593.101504037935,0
40598.10157812847,0
40603.10165221901,0
40608.10172630956,0
40613.101800400094,0
40618.10187449063,0
40623.10194858117,0
40628.10202267171,1
40633.102096762246,1
40638.102170852784,1
40643.10224494332,0
40648.10231903386,0
40653.1023931244,1
40658.102467214936,0
40663.102541305474,0
40668.10261539602,1
40673.10268948656,0
40678.102763577095,0
40683.10283766763,0
40688.10291175817,1
40693.10298584871,1
40698.10305993925,1
40703.103134029785,0
40708.10320812032,0
40713.10328221086,0
40718.103356301406,0
40723.103430391944,0
40728.10350448248,0
40733.10357857302,0
40738.10365266356,0
40743.103726754096,0
40748.103800844634,0
40753.10387493517,0
40758.10394902571,0
40763.10402311625,1
40768.104097206786,0
40773.104171297324,0
40778.10424538787,0
40783.10431947841,0
40788.104393568945,0
40793.10446765948,0
40798.10454175002,0
40803.10461584056,0
40808.1046899311,1
40813.104764021635,0
40818.10483811217,0
40823.10491220271,0
40828.104986293256,1
40833.105060383794,0
40838.10513447433,1
40843.10520856487,1
40848.10528265541,1
40853.105356745946,0
40858.105430836484,0
40863.10550492702,0
40868.10557901756,0
40873.1056531081,0
40878.105727198636,0
40883.10580128918,1
40888.10587537972,0
40893.10594947026,0
40898.106023560795,0
40903.10609765133,0
40908.10617174187,0
40913.10624583241,0
40918.10631992295,0
40923.106394013485,0
40928.10646810402,0
40933.10654219457,0
40938.106616285106,0
40943.106690375644,0
40948.10676446618,1
40953.10683855672,0
40958.10691264726,0
40963.106986737796,0
40968.10706082833,0
40973.10713491887,0
40978.10720900941,1
40983.10728309995,0
40988.107357190485,0
40993.10743128103,0
40998.10750537157,0
41003.10757946211,0
41008.107653552644,0
41013.10772764318,0
41018.10780173372,0
41023.10787582426,0
41028.107949914796,0
41033.108024005334,1
41038.10809809587,1
41043.10817218642,0
41048.108246276955,0
41053.10832036749,0
41058.10839445803,1
41063.10846854857,0
41068.10854263911,0
41073.108616729645,0
41078.10869082018,0
41083.10876491072,0
41088.10883900126,0
41093.1089130918,0
41098.10898718234,0
41103.10906127288,0
41108.10913536342,0
41113.109209453956,0
41118.109283544494,0
41123.10935763503,0
41128.10943172557,1
41133.10950581611,0
41138.109579906646,0
41143.109653997184,0
41148.10972808773,0
41153.10980217827,0
41158.109876268805,1
41163.10995035934,0
41168.11002444988,1
41173.11009854042,0
41178.11017263096,0
41183.110246721495,0
41188.11032081203,0
41193.11039490257,1
41198.11046899311,1
41203.11054308365,0
41208.11061717419,0
41213.11069126473,0
41218.11076535527,0
41223.110839445806,0
41228.110913536344,0
41233.11098762688,1
41238.11106171742,0
41243.11113580796,0
41248.111209898496,0
41253.111283989034,0
41258.11135807958,1
41263.11143217012,0
41268.111506260655,0
41273.11158035119,0
41278.11165444173,0
41283.11172853227,0
41288.11180262281,1
41293.111876713345,0
41298.11195080388,0
41303.11202489442,0
41308.11209898496,3
41313.1121730755,0
41318.11224716604,0
41323.11232125658,0
41328.11239534712,1
41333.112469437656,0
41338.112543528194,0
41343.11261761873,1
41348.11269170927,0
41353.11276579981,0
41358.112839890346,0
41363.11291398089,0
41368.11298807143,0
41373.11306216197,0
41378.113136252505,1
41383.11321034304,1
41388.11328443358,0
41393.11335852412,0
41398.11343261466,0
41403.113506705195,0
41408.11358079573,0
41413.11365488627,0
41418.11372897681,0
41423.113803067354,0
41428.11387715789,0
41433.11395124843,1
41438.11402533897,0
41443.114099429506,0
41448.11417352004,1
41453.11424761058,0
41458.11432170112,0
41463.11439579166,0
41468.114469882195,0
41473.11454397274,1
41478.11461806328,0
41483.11469215382,0
41488.114766244355,0
41493.11484033489,0
41498.11491442543,1
41503.11498851597,0
41508.11506260651,0
41513.115136697044,0
41518.11521078758,0
41523.11528487812,0
41528.11535896866,0
41533.1154330592,0
41538.11550714974,0
41543.11558124028,0
41548.11565533082,1
41553.115729421355,0
41558.11580351189,0
41563.11587760243,1
41568.11595169297,0
41573.11602578351,0
41578.116099874045,0
41583.11617396459,0
41588.11624805513,0
41593.116322145666,0
41598.116396236204,1
41603.11647032674,0
41608.11654441728,0
41613.11661850782,0
41618.116692598356,0
41623.116766688894,0
41628.11684077943,0
41633.11691486997,0
41638.116988960515,0
41643.11706305105,0
41648.11713714159,0
41653.11721123213,0
41658.11728532267,0
41663.117359413205,0
41668.11743350374,1
41673.11750759428,0
41678.11758168482,0
41683.11765577536,0
41688.1177298659,0
41693.11780395644,0
41698.11787804698,0
41703.117952137516,0
41708.118026228054,0
41713.11810031859,0
41718.11817440913,0
41723.11824849967,0
41728.118322590206,0
41733.118396680744,0
41738.11847077128,0
41743.11854486182,0
41748.118618952365,0
41753.1186930429,0
41758.11876713344,0
41763.11884122398,0
41768.11891531452,0
41773.118989405055,0
41778.11906349559,1
41783.11913758613,0
41788.11921167667,1
41793.11928576721,0
41798.11935985775,0
41803.11943394829,0
41808.11950803883,1
41813.119582129366,0
41818.119656219904,0
41823.11973031044,0
41828.11980440098,0
41833.11987849152,0
41838.119952582056,0
41843.120026672594,1
41848.12010076313,0
41853.12017485367,0
41858.120248944215,1
41863.12032303475,0
41868.12039712529,0
41873.12047121583,0
41878.12054530637,0
41883.120619396905,0
41888.12069348744,0
41893.12076757798,0
41898.12084166852,1
41903.120915759064,0
41908.1209898496,0
41913.12106394014,0
41918.12113803068,1
41923.121212121216,0
41928.12128621175,0
41933.12136030229,1
41938.12143439283,1
41943.12150848337,0
41948.121582573905,0
41953.12165666444,0
41958.12173075498,0
41963.12180484553,0
41968.121878936065,0
41973.1219530266,0
41978.12202711714,0
41983.12210120768,0
41988.12217529822,0
41993.122249388754,0
41998.12232347929,1
42003.12239756983,0
42008.12247166037,0
42013.12254575091,0
42018.12261984145,0
42023.12269393199,2
42028.12276802253,0
42033.122842113065,0
42038.1229162036,0
42043.12299029414,0
42048.12306438468,0
42053.12313847522,0
42058.123212565755,2
42063.12328665629,0
42068.12336074683,1
42073.12343483738,0
42078.123508927914,1
42083.12358301845,0
42088.12365710899,1
42093.12373119953,0
42098.123805290066,0
42103.123879380604,1
42108.12395347114,0
42113.12402756168,0
42118.12410165222,0
42123.12417574276,0
42128.1242498333,1
42133.12432392384,0
42138.12439801438,0
42143.124472104915,0
42148.12454619545,0
42153.12462028599,0
42158.12469437653,0
42163.12476846707,1
42168.124842557605,0
42173.12491664814,0
42178.12499073869,0
42183.125064829226,0
42188.125138919764,0
42193.1252130103,0
42198.12528710084,0
42203.12536119138,0
42208.125435281916,0
42213.125509372454,0
42218.12558346299,1
42223.12565755353,0
42228.125731644075,1
42233.12580573461,0
42238.12587982515,0
42243.12595391569,0
42248.12602800623,0
42253.126102096765,0
42258.1261761873,0
42263.12625027784,1
42268.12632436838,0
42273.12639845892,0
42278.126472549455,1
42283.12654663999,0
42288.12662073054,0
42293.126694821076,0
42298.126768911614,0
42303.12684300215,0
42308.12691709269,0
42313.12699118323,0
42318.127065273766,0
42323.127139364304,0
42328.12721345484,0
42333.12728754538,1
42338.127361635925,1
42343.12743572646,0
42348.127509817,0
42353.12758390754,0
42358.12765799808,0
42363.127732088615,1
42368.12780617915,0
42373.12788026969,0
42378.12795436023,0
42383.12802845077,0
42388.128102541305,0
42393.12817663184,0
42398.12825072239,3
42403.128324812926,0
42408.128398903464,0
42413.128472994,0
42418.12854708454,0
42423.12862117508,0
42428.128695265616,0
42433.12876935615,0
42438.12884344669,0
42443.12891753724,0
42448.128991627775,0
42453.12906571831,0
42458.12913980885,0
42463.12921389939,0
42468.12928798993,0
42473.129362080464,0
42478.129436171,1
42483.12951026154,0
42488.12958435208,0
42493.129658442616,0
42498.129732533154,0
42503.1298066237,0
42508.12988071424,0
42513.129954804775,0
42518.13002889531,1
42523.13010298585,0
42528.13017707639,0
42533.13025116693,0
42538.130325257465,0
42543.130399348,1
42548.13047343854,1
42553.13054752909,0
42558.130621619624,0
42563.13069571016,0
42568.1307698007,0
42573.13084389124,0
42578.130917981776,0
42583.130992072314,1
42588.13106616285,0
42593.13114025339,0
42598.13121434393,0
42603.131288434466,1
42608.131362525004,0
42613.13143661555,1
42618.13151070609,3
42623.131584796625,0
42628.13165888716,2
42633.1317329777,0
42638.13180706824,0
42643.13188115878,0
42648.131955249315,0
42653.13202933985,0
42658.1321034304,0
42663.132177520936,0
42668.132251611474,0
42673.13232570201,0
42678.13239979255,0
42683.13247388309,0
42688.132547973626,1
42693.132622064164,0
42698.1326961547,0
42703.13277024524,0
42708.13284433578,2
42713.132918426316,1
42718.13299251686,0
42723.1330666074,0
42728.13314069794,0
42733.133214788475,0
42738.13328887901,0
42743.13336296955,0
42748.13343706009,0
42753.13351115063,0
42758.133585241165,0
42763.1336593317,0
42768.13373342225,3
42773.133807512786,0
42778.133881603324,0
42783.13395569386,1
42788.1340297844,0
42793.13410387494,0
42798.134177965476,0
42803.134252056014,0
42808.13432614655,1
42813.13440023709,0
42818.13447432763,0
42823.134548418166,0
42828.13462250871,0
42833.13469659925,0
42838.13477068979,1
42843.134844780325,0
42848.13491887086,0
42853.1349929614,0
42858.13506705194,2
42863.13514114248,0
42868.135215233015,0
42873.13528932355,1
42878.1353634141,0
42883.135437504636,0
42888.135511595174,0
42893.13558568571,0
42898.13565977625,0
42903.13573386679,0
42908.135807957326,0
42913.13588204786,0
42918.1359561384,0
42923.13603022894,0
42928.13610431948,0
42933.13617841002,0
42938.13625250056,0
42943.1363265911,0
42948.13640068164,0
42953.136474772175,2
42958.13654886271,1
42963.13662295325,1
42968.13669704379,1
42973.13677113433,0
42978.136845224864,1
42983.13691931541,0
42988.13699340595,0
42993.137067496486,0
42998.13714158702,0
43003.13721567756,0
43008.1372897681,0
43013.13736385864,0
43018.137437949175,1
43023.13751203971,0
43028.13758613025,0
43033.13766022079,1
43038.13773431133,0
43043.13780840187,0
43048.13788249241,0
43053.13795658295,2
43058.138030673486,0
43063.138104764024,1
43068.13817885456,0
43073.1382529451,0
43078.13832703564,0
43083.138401126176,0
43088.138475216714,0
43093.13854930726,0
43098.1386233978,0
43103.138697488335,0
43108.13877157887,1
43113.13884566941,0
43118.13891975995,0
43123.13899385049,0
43128.139067941025,0
43133.13914203156,0
43138.1392161221,0
43143.13929021264,1
43148.13936430318,0
43153.13943839372,0
43158.13951248426,0
43163.1395865748,1
43168.139660665336,0
43173.139734755874,0
43178.13980884641,0
43183.13988293695,0
43188.13995702749,0
43193.140031118026,1
43198.14010520857,0
43203.14017929911,0
43208.14025338965,0
43213.140327480185,0
43218.14040157072,0
43223.14047566126,0
43228.1405497518,0
43233.14062384234,0
43238.140697932875,3
43243.14077202341,0
43248.14084611395,1
43253.14092020449,0
43258.140994295034,1
43263.14106838557,0
43268.14114247611,0
43273.14121656665,0
43278.141290657186,0
43283.141364747724,0
43288.14143883826,0
43293.1415129288,1
43298.14158701934,0
43303.141661109876,0
43308.14173520042,0
43313.14180929096,0
43318.1418833815,0
43323.141957472035,0
43328.14203156257,0
43333.14210565311,1
43338.14217974365,0
43343.14225383419,0
43348.142327924725,0
43353.14240201526,0
43358.1424761058,0
43363.14255019634,0
43368.142624286884,1
43373.14269837742,0
43378.14277246796,0
43383.1428465585,0
43388.142920649036,1
43393.14299473957,0
43398.14306883011,0
43403.14314292065,1
43408.14321701119,2
43413.143291101725,0
43418.14336519227,0
43423.14343928281,0
43428.14351337335,0
43433.143587463885,0
43438.14366155442,0
43443.14373564496,1
43448.1438097355,0
43453.14388382604,0
43458.143957916574,1
43463.14403200711,0
43468.14410609765,0
43473.144180188196,0
43478.14425427873,0
43483.14432836927,0
43488.14440245981,0
43493.14447655035,0
43498.144550640885,0
43503.14462473142,0
43508.14469882196,1
43513.1447729125,2
43518.14484700304,0
43523.14492109358,0
43528.14499518412,1
43533.14506927466,0
43538.1451433652,0
43543.145217455734,0
43548.14529154627,1
43553.14536563681,0
43558.14543972735,1
43563.145513817886,0
43568.145587908424,0
43573.14566199896,0
43578.1457360895,0
43583.145810180045,1
43588.14588427058,0
43593.14595836112,0
43598.14603245166,0
43603.1461065422,0
43608.146180632735,1
43613.14625472327,0
43618.14632881381,0
43623.14640290435,0
43628.14647699489,1
43633.14655108543,1
43638.14662517597,2
43643.14669926651,1
43648.146773357046,0
43653.146847447584,0
43658.14692153812,0
43663.14699562866,0
43668.1470697192,0
43673.147143809736,0
43678.147217900274,1
43683.14729199081,0
43688.14736608135,2
43693.147440171895,0
43698.14751426243,0
43703.14758835297,0
43708.14766244351,0
43713.14773653405,0
43718.147810624585,0
43723.14788471512,0
43728.14795880566,1
43733.1480328962,0
43738.148106986744,0
43743.14818107728,0
43748.14825516782,0
43753.14832925836,1
43758.148403348896,0
43763.148477439434,3
43768.14855152997,0
43773.14862562051,1
43778.14869971105,0
43783.148773801586,0
43788.148847892124,1
43793.14892198266,0
43798.14899607321,2
43803.149070163745,0
43808.14914425428,0
43813.14921834482,0
43818.14929243536,1
43823.1493665259,0
43828.149440616435,0
43833.14951470697,0
43838.14958879751,1
43843.14966288805,0
43848.149736978594,1
43853.14981106913,0
43858.14988515967,0
43863.14995925021,1
43868.150033340746,0
43873.150107431284,0
43878.15018152182,0
43883.15025561236,1
43888.1503297029,0
43893.150403793436,1
43898.15047788397,0
43903.15055197451,0
43908.15062606506,0
43913.150700155595,0
43918.15077424613,0
43923.15084833667,0
43928.15092242721,0
43933.15099651775,0
43938.151070608284,0
43943.15114469882,0
43948.15121878936,0
43953.1512928799,0
43958.15136697044,0
43963.15144106098,0
43968.15151515152,0
43973.15158924206,0
43978.151663332595,2
43983.15173742313,0
43988.15181151367,0
43993.15188560421,0
43998.15195969475,1
44003.152033785285,0
44008.15210787582,0
44013.15218196637,0
44018.15225605691,0
44023.152330147444,2
44028.15240423798,0
44033.15247832852,0
44038.15255241906,0
44043.152626509596,0
44048.152700600134,0
44053.15277469067,0
44058.15284878121,0
44063.152922871755,0
44068.15299696229,1
44073.15307105283,0
44078.15314514337,1
44083.15321923391,0
44088.153293324445,0
44093.15336741498,0
44098.15344150552,0
44103.15351559606,1
44108.1535896866,1
44113.153663777135,0
44118.15373786767,0
44123.15381195822,1
44128.153886048756,2
44133.153960139294,1
44138.15403422983,2
44143.15410832037,0
44148.15418241091,0
44153.154256501446,0
44158.154330591984,0
44163.15440468252,0
44168.15447877306,0
44173.154552863605,0
44178.15462695414,0
44183.15470104468,0
44188.15477513522,0
44193.15484922576,1
44198.154923316295,0
44203.15499740683,0
44208.15507149737,1
44213.15514558791,1
44218.15521967845,2
44223.155293768985,2
44228.15536785953,0
44233.15544195007,0
44238.155516040606,0
44243.155590131144,0
44248.15566422168,2
44253.15573831222,0
44258.15581240276,0
44263.155886493296,0
44268.155960583834,0
44273.15603467437,1
44278.15610876492,0
44283.156182855455,0
44288.15625694599,0
44293.15633103653,1
44298.15640512707,1
44303.15647921761,1
44308.156553308145,0
44313.15662739868,0
44318.15670148922,0
44323.15677557976,1
44328.1568496703,0
44333.156923760835,1
44338.15699785138,0
44343.15707194192,0
44348.157146032456,1
44353.157220122994,0
44358.15729421353,0
44363.15736830407,0
44368.15744239461,1
44373.157516485146,0
44378.15759057568,0
44383.15766466622,0
44388.15773875677,0
44393.157812847305,0
44398.15788693784,0
44403.15796102838,0
44408.15803511892,0
44413.15810920946,0
44418.158183299995,0
44423.15825739053,0
44428.15833148107,0
44433.15840557161,1
44438.15847966215,0
44443.158553752684,0
44448.15862784323,0
44453.15870193377,0
44458.158776024306,0
44463.15885011484,3
44468.15892420538,1
44473.15899829592,0
44478.15907238646,1
44483.159146476995,1
44488.15922056753,1
44493.15929465808,0
44498.15936874862,1
44503.159442839155,1
44508.15951692969,1
44513.15959102023,1
44518.15966511077,0
44523.15973920131,1
44528.159813291844,0
44533.15988738238,1
44538.15996147292,0
44543.16003556346,1
44548.160109653996,0
44553.16018374454,1
44558.16025783508,0
44563.16033192562,0
44568.160406016155,1
44573.16048010669,0
44578.16055419723,0
44583.16062828777,1
44588.16070237831,0
44593.160776468845,2
44598.16085055938,0
44603.16092464993,0
44608.160998740466,0
44613.161072831004,0
44618.16114692154,0
44623.16122101208,0
44628.16129510262,0
44633.161369193156,0
44638.161443283694,0
44643.16151737423,1
44648.16159146477,0
44653.16166555531,0
44658.161739645846,0
44663.16181373639,0
44668.16188782693,0
44673.16196191747,1
44678.162036008005,1
44683.16211009854,0
44688.16218418908,0
44693.16225827962,0
44698.16233237016,0
44703.162406460695,0
44708.16248055123,1
44713.16255464178,1
44718.162628732316,0
44723.162702822854,0
44728.16277691339,0
44733.16285100393,0
44738.16292509447,0
44743.162999185006,0
44748.163073275544,0
44753.16314736608,1
44758.16322145662,0
44763.16329554716,0
44768.1633696377,1
44773.16344372824,0
44778.16351781878,0
44783.16359190932,0
44788.163665999855,0
44793.16374009039,1
44798.16381418093,0
44803.16388827147,0
44808.16396236201,0
44813.164036452545,0
44818.16411054309,0
44823.16418463363,0
44828.164258724166,0
44833.164332814704,0
44838.16440690524,0
44843.16448099578,0
44848.16455508632,0
44853.164629176856,0
44858.16470326739,0
44863.16477735793,0
44868.16485144847,2
44873.16492553901,0
44878.16499962955,0
44883.16507372009,0
44888.16514781063,1
44893.16522190117,0
44898.165295991705,0
44903.16537008224,1
44908.16544417278,2
44913.16551826332,0
44918.16559235386,0
44923.165666444394,0
44928.16574053494,0
44933.16581462548,0
44938.165888716016,0
44943.16596280655,0
44948.16603689709,0
44953.16611098763,1
44958.16618507817,0
44963.166259168705,0
44968.16633325924,0
44973.16640734978,0
44978.16648144032,1
44983.16655553086,0
44988.1666296214,0
44993.16670371194,0
44998.16677780248,0
45003.16685189302,0
45008.166925983554,1
45013.16700007409,0
45018.16707416463,0
45023.16714825517,0
45028.167222345706,1
45033.16729643625,1
45038.16737052679,0
45043.16744461733,0
45048.167518707865,0
45053.1675927984,1
45058.16766688894,0
45063.16774097948,0
45068.16781507002,1
45073.167889160555,1
45078.16796325109,0
45083.16803734163,0
45088.16811143217,0
45093.168185522714,0
45098.16825961325,0
45103.16833370379,0
45108.16840779433,0
45113.168481884866,0
45118.168555975404,1
45123.16863006594,0
45128.16870415648,0
45133.16877824702,0
45138.168852337556,1
45143.1689264281,1
45148.16900051864,0
45153.16907460918,1
45158.169148699715,1
45163.16922279025,0
45168.16929688079,1
45173.16937097133,0
45178.16944506187,3
45183.169519152405,0
45188.16959324294,0
45193.16966733348,0
45198.16974142402,1
45203.169815514564,1
45208.1698896051,1
45213.16996369564,0
45218.17003778618,1
45223.170111876716,0
45228.170185967254,0
45233.17026005779,1
45238.17033414833,0
45243.17040823887,0
45248.170482329406,0
45253.17055641995,0
45258.17063051049,0
45263.17070460103,0
45268.170778691565,0
45273.1708527821,0
45278.17092687264,1
45283.17100096318,0
45288.17107505372,0
45293.171149144255,0
45298.17122323479,1
45303.17129732533,1
45308.171371415876,1
45313.171445506414,0
45318.17151959695,1
45323.17159368749,0
45328.17166777803,1
45333.171741868566,1
45338.171815959104,0
45343.17189004964,0
45348.17196414018,0
45353.17203823072,0
45358.17211232126,0
45363.1721864118,1
45368.17226050234,1
45373.17233459288,1
45378.172408683415,1
45383.17248277395,0
45388.17255686449,2
45393.17263095503,0
45398.17270504557,0
45403.172779136105,0
45408.17285322664,1
45413.17292731718,0
45418.173001407726,1
45423.173075498264,1
45428.1731495888,0
45433.17322367934,0
45438.17329776988,0
45443.173371860416,0
45448.17344595095,0
45453.17352004149,0
45458.17359413203,0
45463.17366822257,0
45468.17374231311,0
45473.17381640365,0
45478.17389049419,0
45483.17396458473,0
45488.174038675264,0
45493.1741127658,0
45498.17418685634,0
45503.17426094688,0
45508.174335037416,0
45513.174409127954,0
45518.17448321849,0
45523.17455730903,0
45528.174631399575,1
45533.17470549011,0
45538.17477958065,0
45543.17485367119,0
45548.17492776173,0
45553.175001852265,0
45558.1750759428,0
45563.17515003334,0
45568.17522412388,0
45573.175298214424,1
45578.17537230496,0
45583.1754463955,1
45588.17552048604,0
45593.175594576576,0
45598.175668667114,0
45603.17574275765,0
45608.17581684819,0
45613.17589093873,0
45618.175965029266,0
45623.176039119804,1
45628.17611321034,0
45633.17618730089,0
45638.176261391425,1
45643.17633548196,0
45648.1764095725,0
45653.17648366304,0
45658.17655775358,0
45663.176631844115,0
45668.17670593465,0
45673.17678002519,0
45678.17685411573,0
45683.176928206274,0
45688.17700229681,0
45693.17707638735,0
45698.17715047789,0
45703.177224568426,0
45708.177298658964,0
45713.1773727495,0
45718.17744684004,0
45723.17752093058,0
45728.177595021116,0
45733.177669111654,0
45738.17774320219,1
45743.17781729274,0
45748.177891383275,0
45753.17796547381,1
45758.17803956435,0
45763.17811365489,0
45768.17818774543,0
45773.178261835965,0
45778.1783359265,0
45783.17841001704,0
45788.178484107586,0
45793.178558198124,0
45798.17863228866,0
45803.1787063792,0
45808.17878046974,0
45813.178854560276,0
45818.178928650814,2
45823.17900274135,1
45828.17907683189,0
45833.17915092243,0
45838.179225012966,1
45843.1792991035,0
45848.17937319405,0
45853.17944728459,0
45858.179521375125,0
45863.17959546566,0
45868.1796695562,0
45873.17974364674,0
45878.17981773728,0
45883.179891827815,2
45888.17996591835,0
45893.18004000889,0
45898.180114099436,0
45903.180188189974,0
45908.18026228051,0
45913.18033637105,0
45918.18041046159,0
45923.180484552126,0
45928.18055864266,1
45933.1806327332,0
45938.18070682374,0
45943.18078091428,0
45948.180855004815,0
45953.18092909535,0
45958.1810031859,0
45963.18107727644,0
45968.181151366975,0
45973.18122545751,0
45978.18129954805,0
45983.18137363859,0
45988.18144772913,1
45993.181521819664,1
45998.1815959102,0
46003.18167000074,0
46008.181744091286,0
46013.18181818182,0
46018.18189227236,0
46023.1819663629,1
46028.18204045344,1
46033.182114543975,1
46038.18218863451,3
46043.18226272505,1
46048.18233681559,1
46053.18241090613,1
46058.182484996665,0
46063.18255908721,0
46068.18263317775,1
46073.182707268286,0
46078.182781358824,0
46083.18285544936,0
46088.1829295399,0
46093.18300363044,0
46098.183077720976,1
46103.183151811514,1
46108.18322590205,1
46113.1832999926,0
46118.183374083135,0
46123.18344817367,0
46128.18352226421,0
46133.18359635475,0
46138.18367044529,0
46143.183744535825,0
46148.18381862636,0
46153.1838927169,0
46158.18396680744,0
46163.18404089798,0
46168.184114988515,0
46173.18418907906,0
46178.1842631696,0
46183.184337260136,0
46188.184411350674,0
46193.18448544121,0
46198.18455953175,1
46203.18463362229,0
46208.184707712826,3
46213.184781803364,0
46218.1848558939,0
46223.18492998445,0
46228.185004074985,0
46233.18507816552,0
46238.18515225606,0
46243.1852263466,1
46248.18530043714,0
46253.185374527675,1
46258.18544861821,0
46263.18552270875,0
46268.18559679929,1
46273.18567088983,1
46278.185744980365,0
46283.18581907091,0
46288.18589316145,2
46293.185967251986,0
46298.186041342524,0
46303.18611543306,0
46308.1861895236,0
46313.18626361414,0
46318.186337704676,0
46323.186411795214,0
46328.18648588576,0
46333.1865599763,0
46338.186634066835,0
46343.18670815737,0
46348.18678224791,0
46353.18685633845,1
46358.18693042899,1
46363.187004519525,0
46368.18707861006,1
46373.1871527006,0
46378.18722679114,0
46383.18730088168,0
46388.18737497222,0
46393.18744906276,0
46398.1875231533,1
46403.187597243836,0
46408.18767133437,0
46413.18774542491,0
46418.18781951545,0
46423.18789360599,2
46428.187967696525,1
46433.18804178706,0
46438.18811587761,0
46443.18818996815,0
46448.188264058685,0
46453.18833814922,1
46458.18841223976,0
46463.1884863303,0
46468.18856042084,0
46473.188634511374,0
46478.18870860191,0
46483.18878269245,0
46488.18885678299,1
46493.188930873526,0
46498.18900496407,0
46503.18907905461,0
46508.18915314515,0
46513.189227235685,0
46518.18930132622,0
46523.18937541676,1
46528.1894495073,0
46533.18952359784,0
46538.189597688375,0
46543.18967177891,0
46548.18974586946,0
46553.18981996,0
46558.189894050534,0
46563.18996814107,0
46568.19004223161,1
46573.19011632215,0
46578.190190412686,1
46583.190264503224,0
46588.19033859376,1
46593.1904126843,1
46598.19048677484,0
46603.19056086538,0
46608.19063495592,1
46613.19070904646,0
46618.190783137,1
46623.190857227535,0
46628.19093131807,1
46633.19100540861,0
46638.19107949915,0
46643.19115358969,0
46648.191227680225,1
46653.19130177077,0
46658.19137586131,0
46663.191449951846,0
46668.191524042384,0
46673.19159813292,0
46678.19167222346,0
46683.191746314,0
46688.191820404536,1
46693.191894495074,0
46698.19196858561,0
46703.19204267615,0
46708.19211676669,1
46713.19219085723,0
46718.19226494777,0
46723.19233903831,0
46728.19241312885,1
46733.192487219385,0
46738.19256130992,0
46743.19263540046,1
46748.192709491,0
46753.19278358154,0
46758.192857672075,0
46763.19293176262,0
46768.19300585316,0
46773.193079943696,0
46778.193154034234,0
46783.19322812477,0
46788.19330221531,1
46793.19337630585,0
46798.193450396386,1
46803.193524486924,0
46808.19359857746,0
46813.193672668,0
46818.19374675854,0
46823.19382084908,0
46828.19389493962,0
46833.19396903016,0
46838.1940431207,1
46843.194117211235,0
46848.19419130177,0
46853.19426539231,0
46858.19433948285,1
46863.19441357339,0
46868.19448766393,0
46873.19456175447,0
46878.19463584501,0
46883.194709935546,0
46888.194784026084,0
46893.19485811662,1
46898.19493220716,1
46903.1950062977,0
46908.195080388236,0
46913.19515447877,0
46918.19522856931,0
46923.19530265985,0
46928.195376750395,0
46933.19545084093,0
46938.19552493147,0
46943.19559902201,0
46948.19567311255,0
46953.195747203084,0
46958.19582129362,0
46963.19589538416,0
46968.1959694747,0
46973.196043565236,0
46978.19611765578,0
46983.19619174632,1
46988.19626583686,1
46993.196339927395,0
46998.19641401793,0
47003.19648810847,1
47008.19656219901,0
47013.19663628955,1
47018.196710380085,1
47023.19678447062,0
47028.19685856116,0
47033.1969326517,0
47038.197006742244,1
47043.19708083278,0
47048.19715492332,1
47053.19722901386,0
47058.197303104396,0
47063.197377194934,0
47068.19745128547,0
47073.19752537601,1
47078.19759946655,0
47083.197673557086,0
47088.19774764763,0
47093.19782173817,1
47098.19789582871,0
47103.197969919245,0
47108.19804400978,0
47113.19811810032,1
47118.19819219086,0
47123.1982662814,0
47128.198340371935,0
47133.19841446247,0
47138.19848855301,0
47143.198562643556,0
47148.198636734094,1
47153.19871082463,0
47158.19878491517,1
47163.19885900571,0
47168.198933096246,0
47173.199007186784,1
47178.19908127732,0
47183.19915536786,0
47188.1992294584,1
47193.19930354894,0
47198.19937763948,0
47203.19945173002,0
47208.19952582056,0
47213.199599911095,0
47218.19967400163,0
47223.19974809217,0
47228.19982218271,0
47233.19989627325,0
47238.199970363785,2
47243.20004445432,0
47248.20011854486,1
47253.200192635406,1
47258.200266725944,0
47263.20034081648,0
47268.20041490702,1
47273.20048899756,0
47278.200563088096,0
47283.200637178634,0
47288.20071126917,0
47293.20078535971,1
47298.20085945025,0
47303.20093354079,1
47308.20100763133,1
47313.20108172187,0
47318.20115581241,1
47323.201229902945,0
47328.20130399348,0
47333.20137808402,0
47338.20145217456,0
47343.2015262651,0
47348.201600355635,0
47353.20167444617,1
47358.20174853672,1
47363.201822627256,0
47368.201896717794,0
47373.20197080833,0
47378.20204489887,1
47383.20211898941,0
47388.202193079946,1
47393.20226717048,1
47398.20234126102,0
47403.20241535156,0
47408.202489442105,0
47413.20256353264,0
47418.20263762318,0
47423.20271171372,0
47428.20278580426,0
47433.202859894795,2
47438.20293398533,0
47443.20300807587,0
47448.20308216641,0
47453.20315625695,0
47458.203230347484,0
47463.20330443802,0
47468.20337852857,1
47473.203452619106,0
47478.20352670964,0
47483.20360080018,0
47488.20367489072,0
47493.20374898126,0
47498.203823071795,0
47503.20389716233,0
47508.20397125287,0
47513.20404534341,0
47518.204119433954,0
47523.20419352449,0
47528.20426761503,0
47533.20434170557,0
47538.204415796106,0
47543.204489886644,0
47548.20456397718,0
47553.20463806772,0
47558.20471215826,0
47563.204786248796,0
47568.204860339334,0
47573.20493442987,1
47578.20500852042,0
47583.205082610955,1
47588.20515670149,0
47593.20523079203,1
47598.20530488257,0
47603.20537897311,0
47608.205453063645,1
47613.20552715418,0
47618.20560124472,0
47623.205675335266,0
47628.205749425804,1
47633.20582351634,0
47638.20589760688,1
47643.20597169742,0
47648.206045787956,0
47653.206119878494,0
47658.20619396903,1
47663.20626805957,0
47668.20634215011,0
47673.206416240646,0
47678.206490331184,0
47683.20656442173,0
47688.20663851227,0
47693.206712602805,0
47698.20678669334,1
47703.20686078388,1
47708.20693487442,0
47713.20700896496,1
47718.207083055495,0
47723.20715714603,0
47728.20723123657,0
47733.207305327116,0
47738.207379417654,1
47743.20745350819,0
47748.20752759873,0
47753.20760168927,0
47758.207675779806,0
47763.207749870344,0
47768.20782396088,0
47773.20789805142,0
47778.20797214196,0
47783.208046232496,1
47788.208120323034,0
47793.20819441358,1
47798.20826850412,2
47803.208342594655,0
47808.20841668519,0
47813.20849077573,0
47818.20856486627,0
47823.20863895681,0
47828.208713047345,0
47833.20878713788,0
47838.20886122842,0
47843.208935318966,0
47848.209009409504,0
47853.20908350004,0
47858.20915759058,0
47863.20923168112,0
47868.209305771656,0
47873.20937986219,0
47878.20945395273,0
47883.20952804327,0
47888.20960213381,0
47893.209676224345,0
47898.20975031489,0
47903.20982440543,0
47908.20989849597,0
47913.209972586505,0
47918.21004667704,0
47923.21012076758,0
47928.21019485812,0
47933.21026894866,0
47938.210343039194,0
47943.21041712973,0
47948.21049122028,0
47953.210565310816,1
47958.21063940135,0
47963.21071349189,0
47968.21078758243,0
47973.21086167297,1
47978.210935763505,0
47983.21100985404,0
47988.21108394458,0
47993.21115803512,1
47998.21123212566,0
48003.211306216195,0
48008.21138030674,0
48013.21145439728,0
48018.21152848782,0
48023.211602578354,0
48028.21167666889,0
48033.21175075943,0
48038.21182484997,1
48043.211898940506,0
48048.211973031044,1
48053.21204712158,0
48058.21212121213,0
48063.212195302665,0
48068.2122693932,0
48073.21234348374,0
48078.21241757428,0
48083.21249166482,0
48088.212565755355,0
48093.21263984589,1
48098.21271393643,2
48103.21278802697,0
48108.21286211751,0
48113.212936208045,0
48118.21301029859,1
48123.21308438913,0
48128.213158479666,1
48133.213232570204,0
48138.21330666074,0
48143.21338075128,0
48148.21345484182,0
48153.213528932356,0
48158.213603022894,0
48163.21367711344,0
48168.21375120398,0
48173.213825294515,0
48178.21389938505,0
48183.21397347559,0
48188.21404756613,0
48193.21412165667,0
48198.214195747205,0
48203.21426983774,0
48208.21434392828,1
48213.21441801882,0
48218.21449210936,0
48223.2145661999,0
48228.21464029044,0
48233.21471438098,0
48238.214788471516,0
48243.214862562054,0
48248.21493665259,0
48253.21501074313,0
48258.21508483367,1
48263.215158924206,0
48268.215233014744,0
48273.21530710529,0
48278.21538119583,0
48283.215455286365,0
48288.2155293769,0
48293.21560346744,1
48298.21567755798,0
48303.21575164852,0
48308.215825739055,0
48313.21589982959,0
48318.21597392013,0
48323.21604801067,0
48328.21612210121,0
48333.21619619175,1
48338.21627028229,0
48343.21634437283,0
48348.216418463366,0
48353.216492553904,0
48358.21656664444,1
48363.21664073498,0
48368.21671482552,0
48373.216788916056,0
48378.21686300659,0
48383.21693709714,0
48388.21701118768,0
48393.217085278215,0
48398.21715936875,0
48403.21723345929,0
48408.21730754983,0
48413.21738164037,0
48418.217455730904,0
48423.21752982144,0
48428.21760391198,0
48433.21767800252,0
48438.21775209306,1
48443.2178261836,1
48448.21790027414,0
48453.21797436468,1
48458.218048455215,0
48463.21812254575,0
48468.21819663629,0
48473.21827072683,0
48478.21834481737,2
48483.218418907905,0
48488.21849299845,0
48493.21856708899,1
48498.21864117953,1
48503.218715270064,0
48508.2187893606,0
48513.21886345114,1
48518.21893754168,0
48523.219011632216,0
48528.219085722754,0
48533.21915981329,0
48538.21923390383,1
48543.21930799437,0
48548.21938208491,0
48553.21945617545,1
48558.21953026599,0
48563.21960435653,0
48568.219678447065,0
48573.2197525376,0
48578.21982662814,0
48583.21990071868,0
48588.21997480922,0
48593.220048899755,0
48598.2201229903,0
48603.22019708084,0
48608.220271171376,0
48613.220345261914,0
48618.22041935245,0
48623.22049344299,0
48628.22056753353,1
48633.220641624066,0
48638.220715714604,1
48643.22078980514,0
48648.22086389568,0
48653.22093798622,0
48658.22101207676,0
48663.2210861673,0
48668.22116025784,0
48673.22123434838,1
48678.221308438915,1
48683.22138252945,0
48688.22145661999,0
48693.22153071053,0
48698.22160480107,0
48703.22167889161,1
48708.22175298215,0
48713.22182707269,0
48718.221901163226,0
48723.221975253764,0
48728.2220493443,0
48733.22212343484,0
48738.22219752538,0
48743.222271615916,0
48748.222345706454,1
48753.22241979699,0
48758.22249388753,1
48763.222567978075,0
48768.22264206861,1
48773.22271615915,0
48778.22279024969,1
48783.22286434023,0
48788.222938430765,0
48793.2230125213,0
48798.22308661184,0
48803.22316070238,0
48808.22323479292,0
48813.22330888346,0
48818.223382974,0
48823.22345706454,0
48828.223531155076,0
48833.223605245614,0
48838.22367933615,1
48843.22375342669,0
48848.22382751723,0
48853.223901607766,0
48858.2239756983,0
48863.22404978884,0
48868.22412387938,0
48873.224197969925,0
48878.22427206046,1
48883.224346151,0
48888.22442024154,0
48893.22449433208,0
48898.224568422615,0
48903.22464251315,0
48908.22471660369,0
48913.22479069423,0
48918.224864784774,1
48923.22493887531,0
48928.22501296585,0
48933.22508705639,0
48938.225161146926,0
48943.22523523746,0
48948.225309328,1
48953.22538341854,0
48958.22545750908,0
48963.225531599615,0
48968.22560569015,0
48973.22567978069,0
48978.22575387124,0
48983.225827961774,0
48988.22590205231,1
48993.22597614285,0
48998.22605023339,1
49003.226124323926,0
49008.226198414464,0
49013.226272505,0
49018.22634659554,0
49023.22642068608,0
49028.22649477662,0
49033.22656886716,0
49038.2266429577,0
49043.22671704824,0
49048.226791138775,0
49053.22686522931,0
49058.22693931985,0
49063.22701341039,0
49068.22708750093,0
49073.227161591465,0
49078.227235682,0
49083.22730977254,0
49088.227383863086,0
49093.227457953624,1
49098.22753204416,2
49103.2276061347,0
49108.22768022524,0
49113.227754315776,0
49118.227828406314,0
49123.22790249685,0
49128.22797658739,0
49133.22805067793,0
49138.22812476847,1
49143.22819885901,0
49148.22827294955,0
49153.22834704009,0
49158.228421130625,0
49163.22849522116,0
49168.2285693117,0
49173.22864340224,0
49178.22871749278,0
49183.228791583315,1
49188.22886567385,1
49193.2289397644,0
49198.229013854936,0
49203.229087945474,0
49208.22916203601,0
49213.22923612655,0
49218.22931021709,0
49223.229384307626,0
49228.229458398164,1
49233.2295324887,0
49238.22960657924,0
49243.229680669785,0
49248.22975476032,0
49253.22982885086,0
49258.2299029414,0
49263.22997703194,0
49268.230051122475,0
49273.23012521301,0
49278.23019930355,0
49283.23027339409,0
49288.23034748463,0
49293.230421575165,0
49298.2304956657,0
49303.23056975625,0
49308.230643846786,0
49313.230717937324,0
49318.23079202786,0
49323.2308661184,0
49328.23094020894,0
49333.231014299476,0
49338.23108839001,0
49343.23116248055,0
49348.23123657109,0
49353.231310661635,0
49358.23138475217,0
49363.23145884271,1
49368.23153293325,0
49373.23160702379,0
49378.231681114325,0
49383.23175520486,0
49388.2318292954,0
49393.23190338594,0
49398.23197747648,1
49403.232051567014,0
49408.23212565755,0
49413.2321997481,0
49418.232273838636,0
49423.23234792917,0
49428.23242201971,0
49433.23249611025,0
49438.23257020079,0
49443.232644291325,0
49448.23271838186,0
49453.2327924724,0
49458.23286656295,0
49463.232940653485,0
49468.23301474402,0
49473.23308883456,1
49478.2331629251,0
49483.23323701564,0
49488.233311106174,0
49493.23338519671,0
49498.23345928725,0
49503.23353337779,0
49508.233607468326,1
49513.233681558864,0
49518.23375564941,0
49523.23382973995,0
49528.233903830485,0
49533.23397792102,0
49538.23405201156,0
49543.2341261021,0
49548.23420019264,1
49553.234274283175,0
49558.23434837371,1
49563.23442246425,0
49568.234496554796,1
49573.234570645334,0
49578.23464473587,0
49583.23471882641,0
49588.23479291695,0
49593.234867007486,0
49598.234941098024,1
49603.23501518856,0
49608.2350892791,0
49613.23516336964,0
49618.235237460176,0
49623.235311550714,0
49628.23538564126,0
49633.2354597318,0
49638.235533822335,0
49643.23560791287,0
49648.23568200341,0
49653.23575609395,0
49658.23583018449,0
49663.235904275025,0
49668.23597836556,1
49673.2360524561,0
49678.236126546646,0
49683.236200637184,0
49688.23627472772,0
49693.23634881826,0
49698.2364229088,0
49703.236496999336,0
49708.236571089874,1
49713.23664518041,0
49718.23671927095,0
49723.23679336149,0
49728.236867452026,0
49733.23694154257,0
49738.23701563311,0
49743.23708972365,0
49748.237163814185,1
49753.23723790472,0
49758.23731199526,0
49763.2373860858,0
49768.23746017634,0
49773.237534266875,0
49778.23760835741,0
49783.23768244796,0
49788.237756538496,0
49793.237830629034,0
49798.23790471957,0
49803.23797881011,0
49808.23805290065,0
49813.238126991186,0
49818.238201081724,0
49823.23827517226,0
49828.2383492628,0
49833.23842335334,0
49838.238497443876,0
49843.23857153442,0
49848.23864562496,0
49853.2387197155,0
49858.238793806035,1
49863.23886789657,0
49868.23894198711,0
49873.23901607765,0
49878.23909016819,0
49883.239164258724,0
49888.23923834926,0
49893.23931243981,0
49898.239386530346,0
49903.23946062088,0
49908.23953471142,0
49913.23960880196,0
49918.2396828925,1
49923.239756983035,0
49928.23983107357,0
49933.23990516411,0
49938.23997925465,0
49943.24005334519,0
49948.240127435725,0
49953.24020152627,0
49958.24027561681,0
49963.24034970735,0
49968.240423797884,0
49973.24049788842,0
49978.24057197896,0
49983.2406460695,0
49988.240720160036,0
49993.240794250574,0
49998.24086834112,0
50003.24094243166,0
50008.241016522195,0
50013.24109061273,0
50018.24116470327,0
50023.24123879381,0
50028.24131288435,0
50033.241386974885,0
50038.24146106542,0
50043.24153515596,0
50048.2416092465,0
50053.24168333704,0
50058.24175742758,0
50063.24183151812,0
50068.24190560866,0
50073.241979699196,0
50078.242053789734,0
50083.24212788027,0
50088.24220197081,1
50093.24227606135,0
50098.242350151886,1
50103.242424242424,0
50108.24249833297,0
50113.24257242351,0
50118.242646514045,0
50123.24272060458,1
50128.24279469512,0
50133.24286878566,0
50138.2429428762,0
50143.243016966735,0
50148.24309105727,1
50153.24316514781,0
50158.24323923835,0
50163.24331332889,0
50168.24338741943,1
50173.24346150997,0
50178.24353560051,0
50183.243609691046,0
50188.243683781584,0
50193.24375787212,0
50198.24383196266,0
50203.2439060532,1
50208.243980143736,0
50213.244054234274,0
50218.24412832482,0
50223.24420241536,0
50228.244276505895,0
50233.24435059643,1
50238.24442468697,0
50243.24449877751,0
50248.24457286805,0
50253.244646958585,0
50258.24472104912,0
50263.24479513966,0
50268.2448692302,0
50273.244943320744,0
50278.24501741128,0
50283.24509150182,0
50288.24516559236,0
50293.245239682896,0
50298.245313773434,0
50303.24538786397,0
50308.24546195451,0
50313.24553604505,0
50318.245610135586,0
50323.24568422613,0
50328.24575831667,0
50333.24583240721,0
50338.245906497745,0
50343.24598058828,0
50348.24605467882,0
50353.24612876936,0
50358.2462028599,0
50363.246276950435,0
50368.24635104097,0
50373.24642513151,0
50378.24649922205,0
50383.246573312594,0
50388.24664740313,0
50393.24672149367,1
50398.24679558421,0
50403.246869674746,0
50408.24694376528,0
50413.24701785582,0
50418.24709194636,0
50423.2471660369,0
50428.247240127435,0
50433.24731421798,0
50438.24738830852,0
50443.24746239906,0
50448.247536489594,0
50453.24761058013,0
50458.24768467067,0
50463.24775876121,0
50468.247832851746,0
50473.247906942284,0
50478.24798103282,0
50483.24805512336,0
50488.248129213905,0
50493.24820330444,0
50498.24827739498,0
50503.24835148552,0
50508.24842557606,0
50513.248499666595,0
50518.24857375713,0
50523.24864784767,0
50528.24872193821,1
50533.24879602875,0
50538.24887011929,0
50543.24894420983,0
50548.24901830037,0
50553.249092390906,0
50558.249166481444,0
50563.24924057198,0
50568.24931466252,0
50573.24938875306,0
50578.249462843596,0
50583.249536934134,0
50588.24961102467,0
50593.24968511521,0
50598.249759205755,0
50603.24983329629,0
50608.24990738683,0
50613.24998147737,0
50618.25005556791,0
50623.250129658445,0
50628.25020374898,0
50633.25027783952,0
50638.25035193006,0
50643.2504260206,0
50648.25050011114,1
50653.25057420168,1
50658.25064829222,0
50663.250722382756,0
50668.250796473294,0
50673.25087056383,0
50678.25094465437,0
50683.25101874491,0
50688.251092835446,0
50693.251166925984,0
50698.25124101652,0
50703.25131510706,0
50708.251389197605,0
50713.25146328814,0
50718.25153737868,0
50723.25161146922,0
50728.25168555976,0
50733.251759650295,0
50738.25183374083,0
50743.25190783137,0
50748.25198192191,0
50753.252056012454,0
50758.25213010299,0
50763.25220419353,0
50768.25227828407,0
50773.252352374606,0
50778.252426465144,0
50783.25250055568,0
50788.25257464622,0
50793.25264873676,0
50798.252722827296,0
50803.25279691783,0
50808.25287100837,0
50813.25294509892,0
50818.253019189455,0
50823.25309327999,1
50828.25316737053,0
50833.25324146107,0
50838.25331555161,0
50843.253389642145,0
50848.25346373268,0
50853.25353782322,1
50858.25361191376,0
50863.253686004304,0
50868.25376009484,0
50873.25383418538,0
50878.25390827592,0
50883.253982366456,0
50888.25405645699,0
50893.25413054753,0
50898.25420463807,0
50903.25427872861,0
50908.254352819145,0
50913.25442690968,0
50918.25450100022,0
50923.25457509077,0
50928.254649181305,0
50933.25472327184,0
50938.25479736238,0
50943.25487145292,0
50948.25494554346,1
50953.255019633994,0
50958.25509372453,0
50963.25516781507,0
50968.25524190561,0
50973.25531599615,0
50978.25539008669,0
50983.25546417723,0
50988.25553826777,0
50993.255612358305,0
50998.25568644884,1
51003.25576053938,0
51008.25583462992,0
51013.25590872046,0
51018.255982810995,0
51023.25605690153,0
51028.25613099208,0
51033.256205082616,0
51038.256279173154,1
51043.25635326369,0
51048.25642735423,1
51053.25650144477,0
51058.256575535306,0
51063.256649625844,0
51068.25672371638,1
51073.25679780692,0
51078.256871897465,0
51083.256945988,0
51088.25702007854,0
51093.25709416908,0
51098.25716825962,0
51103.257242350155,0
51108.25731644069,0
51113.25739053123,0
51118.25746462177,0
51123.25753871231,0
51128.257612802845,0
51133.25768689338,1
51138.25776098393,0
51143.257835074466,0
51148.257909165004,0
51153.25798325554,0
51158.25805734608,0
51163.25813143662,0
51168.258205527156,0
51173.258279617694,0
51178.25835370823,2
51183.25842779877,0
51188.258501889315,0
51193.25857597985,0
51198.25865007039,0
51203.25872416093,0
51208.25879825147,0
51213.258872342005,0
51218.25894643254,0
51223.25902052308,0
51228.25909461362,0
51233.25916870416,0
51238.259242794695,0
51243.25931688523,0
51248.25939097578,0
51253.259465066316,0
51258.259539156854,0
51263.25961324739,0
51268.25968733793,0
51273.25976142847,0
51278.259835519006,0
51283.259909609544,0
51288.25998370008,0
51293.26005779063,0
51298.260131881165,0
51303.2602059717,0
51308.26028006224,0
51313.26035415278,0
51318.26042824332,0
51323.260502333855,0
51328.26057642439,0
51333.26065051493,0
51338.26072460547,0
51343.26079869601,0
51348.260872786544,0
51353.26094687709,0
51358.26102096763,0
51363.261095058166,0
51368.2611691487,1
51373.26124323924,0
51378.26131732978,0
51383.26139142032,0
51388.261465510855,0
51393.26153960139,0
51398.26161369193,0
51403.26168778248,0
51408.261761873015,0
51413.26183596355,0
51418.26191005409,0
51423.26198414463,0
51428.26205823517,0
51433.262132325704,0
51438.26220641624,0
51443.26228050678,0
51448.26235459732,0
51453.262428687856,0
51458.262502778394,0
51463.26257686894,0
51468.26265095948,0
51473.262725050015,0
51478.26279914055,0
51483.26287323109,0
51488.26294732163,0
51493.26302141217,0
51498.263095502705,0
51503.26316959324,0
51508.26324368378,0
51513.26331777433,0
51518.263391864864,0
51523.2634659554,0
51528.26354004594,0
51533.26361413648,0
51538.263688227016,0
51543.263762317554,0
51548.26383640809,0
51553.26391049863,0
51558.26398458917,0
51563.264058679706,0
51568.26413277025,0
51573.26420686079,0
51578.26428095133,0
51583.264355041865,0
51588.2644291324,0
51593.26450322294,0
51598.26457731348,0
51603.26465140402,0
51608.264725494555,0
51613.26479958509,0
51618.26487367564,0
51623.264947766176,0
51628.265021856714,0
51633.26509594725,0
51638.26517003779,0
51643.26524412833,0
51648.265318218866,0
51653.265392309404,0
51658.26546639994,0
51663.26554049048,0
51668.26561458102,0
51673.265688671556,0
51678.2657627621,0
51683.26583685264,0
51688.26591094318,0
51693.265985033715,0
51698.26605912425,0
51703.26613321479,0
51708.26620730533,0
51713.26628139587,0
51718.266355486405,0
51723.26642957694,0
51728.26650366749,0
51733.266577758026,0
51738.266651848564,0
51743.2667259391,0
51748.26680002964,0
51753.26687412018,0
51758.266948210716,0
51763.267022301254,0
51768.26709639179,0
51773.26717048233,0
51778.26724457287,0
51783.267318663406,0
51788.26739275395,0
51793.26746684449,0
51798.26754093503,0
51803.267615025565,0
51808.2676891161,0
51813.26776320664,0
51818.26783729718,0
51823.26791138772,0
51828.267985478255,1
51833.2680595688,0
51838.26813365934,0
51843.268207749876,0
51848.268281840414,0
51853.26835593095,0
51858.26843002149,0
51863.26850411203,0
51868.268578202566,0
51873.2686522931,0
51878.26872638364,0
51883.26880047418,0
51888.26887456472,0
51893.26894865526,0
51898.2690227458,0
51903.26909683634,0
51908.26917092688,0
51913.269245017415,0
51918.26931910795,0
51923.26939319849,0
51928.26946728903,0
51933.26954137957,0
51938.269615470104,0
51943.26968956065,0
51948.26976365119,0
51953.269837741725,0
51958.26991183226,0
51963.2699859228,0
51968.27006001334,0
51973.27013410388,0
51978.270208194415,0
51983.27028228495,0
51988.27035637549,0
51993.27043046603,0
51998.27050455657,0
52003.27057864711,0
52008.27065273765,0
52013.27072682819,0
52018.270800918726,0
52023.270875009264,0
52028.2709490998,0
52033.27102319034,0
52038.27109728088,0
52043.271171371416,0
52048.27124546196,0
52053.2713195525,0
52058.27139364304,0
52063.271467733575,0
52068.27154182411,0
52073.27161591465,0
52078.27169000519,0
52083.27176409573,0
52088.271838186265,0
52093.2719122768,0
52098.27198636734,0
52103.27206045788,0
52108.272134548424,0
52113.27220863896,0
52118.2722827295,0
52123.27235682004,0
52128.272430910576,0
52133.272505001114,0
52138.27257909165,0
52143.27265318219,0
52148.27272727273,0
52153.272801363266,0
52158.27287545381,0
52163.27294954435,0
52168.27302363489,0
52173.273097725425,0
52178.27317181596,0
52183.2732459065,0
52188.27331999704,0
52193.27339408758,0
52198.273468178115,0
52203.27354226865,0
52208.27361635919,0
52213.27369044973,0
52218.273764540274,0
52223.27383863081,0
52228.27391272135,0
52233.27398681189,0
52238.274060902426,0
52243.274134992964,0
52248.2742090835,0
52253.27428317404,0
52258.27435726458,0
52263.274431355116,0
52268.27450544566,2
52273.2745795362,0
52278.27465362674,0
52283.274727717275,0
52288.27480180781,0
52293.27487589835,0
52298.27494998889,0
52303.27502407943,0
52308.275098169965,0
52313.2751722605,0
52318.27524635104,0
52323.275320441586,0
52328.275394532124,0
52333.27546862266,0
52338.2755427132,0
52343.27561680374,0
52348.275690894276,0
52353.27576498481,0
52358.27583907535,0
52363.27591316589,0
52368.27598725643,0
52373.27606134697,0
52378.27613543751,0
52383.27620952805,0
52388.27628361859,0
52393.276357709125,0
52398.27643179966,0
52403.2765058902,0
52408.27657998074,0
52413.27665407128,0
52418.276728161814,0
52423.27680225235,0
52428.27687634289,0
52433.276950433436,0
52438.27702452397,0
52443.27709861451,0
52448.27717270505,0
52453.27724679559,0
52458.277320886125,0
52463.27739497666,0
52468.2774690672,0
52473.27754315774,0
52478.27761724828,0
52483.27769133882,0
52488.27776542936,0
52493.2778395199,0
52498.27791361044,0
52503.277987700974,0
52508.27806179151,1
52513.27813588205,0
52518.27820997259,0
52523.278284063126,0
52528.278358153664,0
52533.2784322442,0
52538.27850633474,0
52543.278580425285,0
52548.27865451582,0
52553.27872860636,0
52558.2788026969,0
52563.27887678744,0
52568.278950877975,0
52573.27902496851,0
52578.27909905905,0
52583.27917314959,0
52588.279247240134,0
52593.27932133067,0
52598.27939542121,0
52603.27946951175,0
52608.279543602286,0
52613.279617692824,0
52618.27969178336,0
52623.2797658739,0
52628.27983996444,0
52633.279914054976,0
52638.279988145514,0
52643.28006223605,0
52648.2801363266,0
52653.280210417135,0
52658.28028450767,0
52663.28035859821,0
52668.28043268875,0
52673.28050677929,0
52678.280580869825,0
52683.28065496036,0
52688.2807290509,0
52693.28080314144,0
52698.280877231984,0
52703.28095132252,0
52708.28102541306,0
52713.2810995036,0
52718.281173594136,0
52723.281247684674,0
52728.28132177521,0
52733.28139586575,0
52738.28146995629,0
52743.281544046826,0
52748.281618137364,0
52753.2816922279,0
52758.28176631845,0
52763.281840408985,0
52768.28191449952,0
52773.28198859006,0
52778.2820626806,1
52783.28213677114,0
52788.282210861675,0
52793.28228495221,0
52798.28235904275,0
52803.28243313329,0
52808.282507223834,0
52813.28258131437,0
52818.28265540491,0
52823.28272949545,0
52828.282803585986,0
52833.282877676524,0
52838.28295176706,0
52843.2830258576,0
52848.28309994814,0
52853.283174038675,0
52858.28324812921,0
52863.28332221976,0
52868.2833963103,0
52873.283470400835,0
52878.28354449137,0
52883.28361858191,0
52888.28369267245,0
52893.28376676299,1
52898.283840853524,0
52903.28391494406,0
52908.2839890346,0
52913.284063125146,0
52918.28413721568,0
52923.28421130622,0
52928.28428539676,0
52933.2843594873,0
52938.284433577835,1
52943.28450766837,0
52948.28458175891,0
52953.28465584945,0
52958.28472993999,0
52963.284804030525,0
52968.28487812106,0
52973.28495221161,0
52978.28502630215,0
52983.285100392684,0
52988.28517448322,0
52993.28524857376,0
52998.2853226643,1
53003.285396754836,0
53008.285470845374,0
53013.28554493591,0
53018.28561902645,0
53023.285693116995,0
53028.28576720753,0
53033.28584129807,0
53038.28591538861,0
53043.28598947915,0
53048.286063569685,0
53053.28613766022,0
53058.28621175076,0
53063.2862858413,0
53068.28635993184,0
53073.286434022375,0
53078.28650811291,0
53083.28658220346,0
53088.286656293996,0
53093.286730384534,0
53098.28680447507,0
53103.28687856561,0
53108.28695265615,0
53113.287026746686,0
53118.287100837224,0
53123.28717492776,0
53128.28724901831,0
53133.287323108845,0
53138.28739719938,0
53143.28747128992,0
53148.28754538046,0
53153.287619471,0
53158.287693561535,0
53163.28776765207,0
53168.28784174261,0
53173.28791583315,0
53178.28798992369,0
53183.288064014225,0
53188.28813810477,0
53193.28821219531,0
53198.288286285846,0
53203.288360376384,0
53208.28843446692,0
53213.28850855746,0
53218.288582648,0
53223.288656738536,0
53228.288730829074,0
53233.28880491961,0
53238.28887901016,0
53243.288953100695,0
53248.28902719123,0
53253.28910128177,0
53258.28917537231,0
53263.28924946285,0
53268.289323553385,0
53273.28939764392,0
53278.28947173446,0
53283.289545825,0
53288.28961991554,0
53293.289694006075,0
53298.28976809662,0
53303.28984218716,0
53308.289916277696,0
53313.289990368234,0
53318.29006445877,0
53323.29013854931,0
53328.29021263985,0
53333.290286730386,0
53338.29036082092,0
53343.29043491146,0
53348.29050900201,0
53353.290583092545,0
53358.29065718308,0
53363.29073127362,0
53368.29080536416,0
53373.2908794547,0
53378.290953545235,0
53383.29102763577,0
53388.29110172631,0
53393.29117581685,0
53398.29124990739,0
53403.29132399793,0
53408.29139808847,0
53413.29147217901,0
53418.291546269546,0
53423.29162036008,0
53428.29169445062,0
53433.29176854116,0
53438.2918426317,0
53443.291916722235,0
53448.29199081277,0
53453.29206490332,0
53458.29213899386,0
53463.292213084394,0
53468.29228717493,0
53473.29236126547,0
53478.29243535601,0
53483.292509446546,0
53488.292583537084,0
53493.29265762762,0
53498.29273171816,0
53503.2928058087,0
53508.292879899236,0
53513.29295398978,0
53518.29302808032,0
53523.29310217086,0
53528.293176261395,0
53533.29325035193,0
53538.29332444247,0
53543.29339853301,0
53548.29347262355,0
53553.293546714085,0
53558.29362080462,0
53563.29369489517,0
53568.293768985706,0
53573.293843076244,0
53578.29391716678,0
53583.29399125732,0
53588.29406534786,0
53593.294139438396,0
53598.294213528934,0
53603.29428761947,0
53608.29436171001,0
53613.29443580055,0
53618.29450989109,0
53623.29458398163,0
53628.29465807217,0
53633.29473216271,0
53638.294806253245,0
53643.29488034378,0
53648.29495443432,0
53653.29502852486,0
53658.2951026154,0
53663.295176705935,0
53668.29525079648,0
53673.29532488702,0
53678.295398977556,0
53683.295473068094,1
53688.29554715863,0
53693.29562124917,0
53698.29569533971,0
53703.295769430246,0
53708.295843520784,0
53713.29591761132,0
53718.29599170186,0
53723.2960657924,0
53728.29613988294,0
53733.29621397348,0
53738.29628806402,0
53743.29636215456,0
53748.296436245095,0
53753.29651033563,0
53758.29658442617,0
53763.29665851671,0
53768.29673260725,0
53773.296806697785,0
53778.29688078833,0
53783.29695487887,0
53788.297028969406,0
53793.297103059944,0
53798.29717715048,0
53803.29725124102,0
53808.29732533156,0
53813.297399422096,0
53818.29747351263,0
53823.29754760317,0
53828.29762169371,0
53833.29769578425,0
53838.29776987479,0
53843.29784396533,0
53848.29791805587,0
53853.29799214641,0
53858.298066236945,0
53863.29814032748,0
53868.29821441802,0
53873.29828850856,0
53878.2983625991,0
53883.29843668964,0
53888.29851078018,0
53893.29858487072,0
53898.298658961256,0
53903.29873305179,0
53908.29880714233,0
53913.29888123287,0
53918.29895532341,0
53923.299029413945,0
53928.29910350448,0
53933.29917759502,0
53938.29925168556,0
53943.299325776105,0
53948.29939986664,0
53953.29947395718,0
53958.29954804772,0
53963.29962213826,0
53968.299696228794,0
53973.29977031933,0
53978.29984440987,0
53983.29991850041,0
53988.299992590946,0
53993.30006668149,0
53998.30014077203,0
54003.30021486257,0
54008.300288953105,0
54013.30036304364,0
54018.30043713418,0
54023.30051122472,0
54028.30058531526,0
54033.300659405795,0
54038.30073349633,0
54043.30080758687,0
54048.30088167741,0
54053.300955767954,0
54058.30102985849,0
54063.30110394903,0
54068.30117803957,0
54073.301252130106,0
54078.301326220644,0
54083.30140031118,0
54088.30147440172,1
54093.30154849226,0
54098.301622582796,0
54103.30169667334,0
54108.30177076388,0
54113.30184485442,0
54118.301918944955,0
54123.30199303549,0
54128.30206712603,0
54133.30214121657,0
54138.30221530711,0
54143.302289397645,0
54148.30236348818,0
54153.30243757872,0
54158.302511669266,0
54163.302585759804,0
54168.30265985034,0
54173.30273394088,0
54178.30280803142,0
54183.302882121956,0
54188.302956212494,0
54193.30303030303,0
54198.30310439357,0
54203.30317848411,0
54208.30325257465,0
54213.30332666519,0
54218.30340075573,0
54223.30347484627,0
54228.303548936805,0
54233.30362302734,0
54238.30369711788,0
54243.30377120842,0
54248.30384529896,0
54253.303919389495,0
54258.30399348003,0
54263.30406757057,0
54268.304141661116,0
54273.304215751654,0
54278.30428984219,0
54283.30436393273,0
54288.30443802327,0
54293.304512113806,0
54298.304586204344,0
54303.30466029488,0
54308.30473438542,0
54313.30480847596,0
54318.3048825665,0
54323.30495665704,0
54328.30503074758,0
54333.30510483812,0
54338.305178928655,0
54343.30525301919,0
54348.30532710973,0
54353.30540120027,0
54358.30547529081,0
54363.305549381344,0
54368.30562347188,0
54373.30569756242,0
54378.305771652966,0
54383.3058457435,0
54388.30591983404,0
54393.30599392458,0
54398.30606801512,0
54403.306142105655,0
54408.30621619619,0
54413.30629028673,0
54418.30636437727,0
54423.306438467815,0
54428.30651255835,0
54433.30658664889,0
54438.30666073943,0
54443.30673482997,0
54448.306808920504,0
54453.30688301104,0
54458.30695710158,0
54463.30703119212,0
54468.307105282656,0
54473.307179373194,0
54478.30725346373,0
54483.30732755428,0
54488.307401644815,0
54493.30747573535,0
54498.30754982589,0
54503.30762391643,0
54508.30769800697,0
54513.307772097505,0
54518.30784618804,0
54523.30792027858,0
54528.30799436912,0
54533.308068459664,0
54538.3081425502,0
54543.30821664074,0
54548.30829073128,0
54553.308364821816,0
54558.308438912354,0
54563.30851300289,0
54568.30858709343,0
54573.30866118397,0
54578.308735274506,0
54583.308809365044,0
54588.30888345558,0
54593.30895754613,0
54598.309031636665,0
54603.3091057272,0
54608.30917981774,0
54613.30925390828,0
54618.30932799882,0
54623.309402089355,0
54628.30947617989,0
54633.30955027043,0
54638.30962436097,0
54643.309698451514,0
54648.30977254205,0
54653.30984663259,0
54658.30992072313,0
54663.309994813666,0
54668.310068904204,0
54673.31014299474,0
54678.31021708528,0
54683.31029117582,0
54688.310365266356,0
54693.310439356894,0
54698.31051344744,0
54703.31058753798,0
54708.310661628515,0
54713.31073571905,0
54718.31080980959,0
54723.31088390013,0
54728.31095799067,0
54733.311032081205,0
54738.31110617174,0
54743.31118026228,0
54748.311254352826,0
54753.311328443364,0
54758.3114025339,0
54763.31147662444,0
54768.31155071498,0
54773.311624805516,0
54778.311698896054,0
54783.31177298659,0
54788.31184707713,0
54793.31192116767,0
54798.311995258206,0
54803.31206934874,0
54808.31214343929,0
54813.31221752983,0
54818.312291620365,0
54823.3123657109,0
54828.31243980144,0
54833.31251389198,0
54838.31258798252,0
54843.312662073055,0
54848.31273616359,0
54853.31281025413,0
54858.312884344676,0
54863.312958435214,0
54868.31303252575,0
54873.31310661629,0
54878.31318070683,0
54883.313254797366,0
54888.3133288879,0
54893.31340297844,0
54898.31347706898,0
54903.31355115952,0
54908.313625250055,0
54913.31369934059,0
54918.31377343114,0
54923.31384752168,0
54928.313921612214,0
54933.31399570275,0
54938.31406979329,0
54943.31414388383,0
54948.314217974366,0
54953.314292064904,0
54958.31436615544,0
54963.31444024599,0
54968.314514336525,0
54973.31458842706,1
54978.3146625176,0
54983.31473660814,0
54988.31481069868,0
54993.314884789215,0
54998.31495887975,0
55003.31503297029,0
55008.31510706083,0
55013.31518115137,0
55018.315255241905,0
55023.31532933245,0
55028.31540342299,0
55033.315477513526,0
55038.315551604064,0
55043.3156256946,0
55048.31569978514,0
55053.31577387568,0
55058.315847966216,0
55063.315922056754,0
55068.31599614729,0
55073.31607023784,0
55078.316144328375,0
55083.31621841891,0
55088.31629250945,0
55093.31636659999,0
55098.31644069053,0
55103.316514781065,0
55108.3165888716,0
55113.31666296214,0
55118.31673705268,0
55123.31681114322,0
55128.316885233755,0
55133.3169593243,0
55138.31703341484,0
55143.317107505376,0
55148.317181595914,0
55153.31725568645,0
55158.31732977699,0
55163.31740386753,0
55168.317477958066,0
55173.317552048604,0
55178.31762613915,0
55183.31770022969,0
55188.317774320225,0
55193.31784841076,0
55198.3179225013,0
55203.31799659184,0
55208.31807068238,0
55213.318144772915,0
55218.31821886345,0
55223.31829295399,0
55228.31836704453,0
55233.31844113507,0
55238.31851522561,0
55243.31858931615,0
55248.31866340669,0
55253.318737497226,0
55258.318811587764,0
55263.3188856783,0
55268.31895976884,0
55273.31903385938,0
55278.319107949916,0
55283.31918204045,0
55288.319256131,0
55293.31933022154,0
55298.319404312075,0
55303.31947840261,0
55308.31955249315,0
55313.31962658369,0
55318.31970067423,0
55323.319774764765,0
55328.3198488553,0
55333.31992294584,0
55338.31999703638,0
55343.32007112692,0
55348.32014521746,0
55353.320219308,0
55358.32029339854,0
55363.320367489076,0
55368.32044157961,0
55373.32051567015,0
55378.32058976069,0
55383.32066385123,0
55388.320737941765,0
55393.3208120323,0
55398.32088612285,0
55403.32096021339,0
55408.321034303925,0
55413.32110839446,0
55418.321182485,0
55423.32125657554,0
55428.32133066608,0
55433.321404756614,0
55438.32147884715,0
55443.32155293769,0
55448.32162702823,0
55453.32170111877,0
55458.32177520931,0
55463.32184929985,0
55468.32192339039,0
55473.321997480925,0
55478.32207157146,0
55483.322145662,0
55488.32221975254,0
55493.32229384308,0
55498.322367933615,0
55503.32244202416,0
55508.3225161147,0
55513.322590205236,0
55518.322664295774,0
55523.32273838631,0
55528.32281247685,0
55533.32288656739,0
55538.322960657926,0
55543.323034748464,0
55548.323108839,0
55553.32318292954,0
55558.32325702008,0
55563.32333111062,0
55568.32340520116,0
55573.3234792917,0
55578.32355338224,0
55583.323627472775,0
55588.32370156331,0
55593.32377565385,0
55598.32384974439,0
55603.32392383493,0
55608.323997925465,0
55613.32407201601,0
55618.32414610655,0
55623.324220197086,0
55628.324294287624,0
55633.32436837816,0
55638.3244424687,0
55643.32451655924,0
55648.324590649776,0
55653.324664740314,0
55658.32473883085,0
55663.32481292139,0
55668.32488701193,0
55673.32496110247,0
55678.32503519301,0
55683.32510928355,0
55688.32518337409,0
55693.325257464625,0
55698.32533155516,0
55703.3254056457,0
55708.32547973624,0
55713.32555382678,0
55718.32562791732,0
55723.32570200786,0
55728.3257760984,0
55733.325850188936,0
55738.325924279474,0
55743.32599837001,0
55748.32607246055,0
55753.32614655109,0
55758.326220641626,0
55763.326294732164,0
55768.3263688227,0
55773.32644291324,0
55778.326517003785,0
55783.32659109432,0
55788.32666518486,0
55793.3267392754,0
55798.32681336594,0
55803.326887456475,0
55808.32696154701,0
55813.32703563755,0
55818.32710972809,0
55823.32718381863,0
55828.32725790917,0
55833.32733199971,0
55838.32740609025,0
55843.327480180786,0
55848.32755427132,0
55853.32762836186,0
55858.3277024524,0
55863.32777654294,0
55868.327850633475,0
55873.32792472401,0
55878.32799881455,0
55883.32807290509,0
55888.328146995635,0
55893.32822108617,0
55898.32829517671,0
55903.32836926725,0
55908.32844335779,0
55913.328517448324,0
55918.32859153886,0
55923.3286656294,0
55928.32873971994,0
55933.328813810476,0
55938.32888790102,0
55943.32896199156,0
55948.3290360821,0
55953.329110172635,0
55958.32918426317,0
55963.32925835371,0
55968.32933244425,0
55973.32940653479,0
55978.329480625325,0
55983.32955471586,0
55988.3296288064,0
55993.32970289695,0
55998.329776987484,0
56003.32985107802,0
56008.32992516856,0
56013.3299992591,0
56018.330073349636,0
56023.330147440174,0
56028.33022153071,1
56033.33029562125,0
56038.33036971179,0
56043.33044380233,0
56048.33051789287,0
56053.33059198341,0
56058.33066607395,0
56063.330740164485,0
56068.33081425502,0
56073.33088834556,0
56078.3309624361,0
56083.33103652664,0
56088.331110617175,0
56093.33118470771,0
56098.33125879825,0
56103.331332888796,0
56108.331406979334,0
56113.33148106987,0
56118.33155516041,0
56123.33162925095,0
56128.331703341486,0
56133.331777432024,0
56138.33185152256,0
56143.3319256131,0
56148.33199970364,0
56153.33207379418,0
56158.33214788472,0
56163.33222197526,0
56168.3322960658,0
56173.332370156335,0
56178.33244424687,0
56183.33251833741,0
56188.33259242795,0
56193.33266651849,0
56198.332740609025,0
56203.33281469956,0
56208.3328887901,0
56213.332962880646,0
56218.333036971184,0
56223.33311106172,0
56228.33318515226,0
56233.3332592428,0
56238.333333333336,0
56243.333407423874,0
56248.33348151441,0
56253.33355560495,0
56258.333629695495,0
56263.33370378603,0
56268.33377787657,0
56273.33385196711,0
56278.33392605765,0
56283.334000148185,0
56288.33407423872,0
56293.33414832926,0
56298.3342224198,0
56303.33429651034,0
56308.334370600875,0
56313.33444469141,0
56318.33451878196,0
56323.334592872496,0
56328.334666963034,0
56333.33474105357,0
56338.33481514411,0
56343.33488923465,0
56348.334963325186,0
56353.33503741572,0
56358.33511150626,0
56363.3351855968,0
56368.335259687345,0
56373.33533377788,0
56378.33540786842,0
56383.33548195896,0
56388.3355560495,0
56393.335630140034,0
56398.33570423057,0
56403.33577832111,0
56408.33585241165,0
56413.335926502186,0
56418.336000592724,0
56423.33607468326,0
56428.33614877381,0
56433.336222864345,0
56438.33629695488,0
56443.33637104542,0
56448.33644513596,0
56453.3365192265,0
56458.336593317035,0
56463.33666740757,0
56468.33674149811,0
56473.33681558865,0
56478.336889679194,0
56483.33696376973,0
56488.33703786027,0
56493.33711195081,0
56498.337186041346,0
56503.337260131884,0
56508.33733422242,0
56513.33740831296,0
56518.3374824035,0
56523.337556494036,0
56528.337630584574,0
56533.33770467512,0
56538.33777876566,0
56543.337852856195,0
56548.33792694673,0
56553.33800103727,0
56558.33807512781,0
56563.33814921835,0
56568.338223308885,0
56573.33829739942,0
56578.33837148996,0
56583.338445580506,0
56588.338519671044,0
56593.33859376158,0
56598.33866785212,0
56603.33874194266,0
56608.338816033196,0
56613.338890123734,0
56618.33896421427,0
56623.33903830481,0
56628.33911239535,0
56633.339186485886,0
56638.339260576424,0
56643.33933466697,0
56648.33940875751,0
56653.339482848045,0
56658.33955693858,0
56663.33963102912,0
56668.33970511966,0
56673.3397792102,0
56678.339853300735,0
56683.33992739127,0
56688.34000148181,0
56693.340075572356,0
56698.340149662894,0
56703.34022375343,0
56708.34029784397,0
56713.34037193451,0
56718.340446025046,0
56723.340520115584,0
56728.34059420612,0
56733.34066829666,0
56738.3407423872,0
56743.340816477736,0
56748.34089056828,0
56753.34096465882,0
56758.34103874936,0
56763.341112839895,0
56768.34118693043,0
56773.34126102097,0
56778.34133511151,0
56783.34140920205,0
56788.341483292585,0
56793.34155738312,0
56798.34163147367,0
56803.341705564206,0
56808.341779654744,0
56813.34185374528,0
56818.34192783582,0
56823.34200192636,0
56828.342076016896,0
56833.34215010743,0
56838.34222419797,0
56843.34229828851,0
56848.34237237905,0
56853.342446469585,0
56858.34252056013,0
56863.34259465067,0
56868.34266874121,0
56873.342742831745,0
56878.34281692228,0
56883.34289101282,0
56888.34296510336,0
56893.3430391939,0
56898.343113284434,0
56903.34318737497,0
56908.34326146552,0
56913.343335556056,0
56918.34340964659,0
56923.34348373713,0
56928.34355782767,0
56933.34363191821,0
56938.343706008745,0
56943.34378009928,0
56948.34385418982,0
56953.34392828036,0
56958.3440023709,0
56963.344076461435,0
56968.34415055198,0
56973.34422464252,0
56978.344298733056,0
56983.344372823594,0
56988.34444691413,0
56993.34452100467,0
56998.34459509521,0
57003.344669185746,0
57008.344743276284,0
57013.34481736683,0
57018.34489145737,0
57023.344965547905,0
57028.34503963844,0
57033.34511372898,0
57038.34518781952,0
57043.34526191006,0
57048.345336000595,0
57053.34541009113,0
57058.34548418167,0
57063.34555827221,0
57068.34563236275,0
57073.34570645329,0
57078.34578054383,0
57083.34585463437,0
57088.345928724906,0
57093.346002815444,0
57098.34607690598,0
57103.34615099652,0
57108.34622508706,0
57113.346299177596,0
57118.346373268134,0
57123.34644735868,0
57128.34652144922,0
57133.346595539755,0
57138.34666963029,0
57143.34674372083,0
57148.34681781137,0
57153.34689190191,0
57158.346965992445,0
57163.34704008298,0
57168.34711417352,0
57173.34718826406,0
57178.3472623546,0
57183.34733644514,0
57188.34741053568,0
57193.34748462622,0
57198.347558716756,0
57203.347632807294,0
57208.34770689783,0
57213.34778098837,0
57218.34785507891,0
57223.347929169446,0
57228.348003259984,0
57233.34807735053,0
57238.34815144107,0
57243.348225531605,0
57248.34829962214,0
57253.34837371268,0
57258.34844780322,0
57263.34852189376,0
57268.348595984295,0
57273.34867007483,0
57278.34874416537,0
57283.34881825591,0
57288.348892346454,0
57293.34896643699,0
57298.34904052753,0
57303.34911461807,0
57308.349188708606,0
57313.34926279914,0
57318.34933688968,0
57323.34941098022,0
57328.34948507076,0
57333.349559161295,0
57338.34963325184,1
57343.34970734238,0
57348.34978143292,0
57353.349855523455,0
57358.34992961399,0
57363.35000370453,0
57368.35007779507,0
57373.35015188561,0
57378.350225976144,0
57383.35030006668,0
57388.35037415722,0
57393.35044824776,0
57398.3505223383,0
57403.35059642884,0
57408.35067051938,0
57413.35074460992,0
57418.350818700455,0
57423.35089279099,0
57428.35096688153,0
57433.35104097207,0
57438.35111506261,0
57443.351189153145,0
57448.35126324369,0
57453.35133733423,0
57458.35141142477,0
57463.351485515304,0
57468.35155960584,0
57473.35163369638,0
57478.35170778692,0
57483.351781877456,0
57488.351855967994,0
57493.35193005853,0
57498.35200414907,0
57503.35207823961,0
57508.35215233015,0
57513.35222642069,0
57518.35230051123,0
57523.35237460177,0
57528.352448692305,0
57533.35252278284,0
57538.35259687338,0
57543.35267096392,0
57548.35274505446,0
57553.352819145,0
57558.35289323554,0
57563.35296732608,0
57568.353041416616,0
57573.353115507154,0
57578.35318959769,0
57583.35326368823,0
57588.35333777877,0
57593.353411869306,0
57598.353485959844,0
57603.35356005038,0
57608.35363414092,0
57613.353708231465,0
57618.353782322,0
57623.35385641254,0
57628.35393050308,0
57633.35400459362,0
57638.354078684155,0
57643.35415277469,0
57648.35422686523,0
57653.35430095577,0
57658.35437504631,0
57663.35444913685,0
57668.35452322739,0
57673.35459731793,0
57678.354671408466,0
57683.354745499004,0
57688.35481958954,0
57693.35489368008,0
57698.35496777062,0
57703.355041861156,0
57708.355115951694,0
57713.35519004223,0
57718.35526413277,0
57723.355338223315,0
57728.35541231385,0
57733.35548640439,0
57738.35556049493,0
57743.35563458547,0
57748.355708676005,0
57753.35578276654,0
57758.35585685708,0
57763.35593094762,0
57768.35600503816,0
57773.3560791287,0
57778.35615321924,0
57783.35622730978,0
57788.356301400316,0
57793.356375490854,0
57798.35644958139,0
57803.35652367193,0
57808.35659776247,0
57813.356671853006,0
57818.35674594354,0
57823.35682003408,0
57828.35689412463,0
57833.356968215165,0
57838.3570423057,0
57843.35711639624,0
57848.35719048678,0
57853.35726457732,0
57858.357338667854,0
57863.35741275839,0
57868.35748684893,0
57873.35756093947,0
57878.35763503001,0
57883.35770912055,0
57888.35778321109,0
57893.35785730163,0
57898.357931392165,0
57903.3580054827,0
57908.35807957324,0
57913.35815366378,0
57918.35822775432,0
57923.358301844855,0
57928.35837593539,0
57933.35845002593,0
57938.35852411648,0
57943.358598207014,0
57948.35867229755,0
57953.35874638809,0
57958.35882047863,0
57963.358894569166,0
57968.358968659704,0
57973.35904275024,0
57978.35911684078,0
57983.35919093132,0
57988.35926502186,0
57993.3593391124,0
57998.35941320294,0
58003.35948729348,0
58008.359561384015,0
58013.35963547455,0
58018.35970956509,0
58023.35978365563,0
58028.35985774617,0
58033.359931836705,0
58038.36000592724,0
58043.36008001778,0
58048.360154108326,0
58053.360228198864,0
58058.3603022894,0
58063.36037637994,0
58068.36045047048,0
58073.360524561016,0
58078.360598651554,0
58083.36067274209,0
58088.36074683263,0
58093.360820923175,0
58098.36089501371,0
58103.36096910425,0
58108.36104319479,0
58113.36111728533,0
58118.361191375865,0
58123.3612654664,0
58128.36133955694,0
58133.36141364748,0
58138.36148773802,0
58143.361561828555,0
58148.36163591909,0
58153.36171000964,0
58158.361784100176,0
58163.361858190714,0
58168.36193228125,0
58173.36200637179,0
58178.36208046233,0
58183.362154552866,0
58188.362228643404,0
58193.36230273394,0
58198.36237682448,0
58203.362450915025,0
58208.36252500556,0
58213.3625990961,0
58218.36267318664,0
58223.36274727718,0
58228.362821367715,0
58233.36289545825,0
58238.36296954879,0
58243.36304363933,0
58248.36311772987,0
58253.363191820405,0
58258.36326591094,0
58263.36334000149,0
58268.363414092026,0
58273.363488182564,0
58278.3635622731,0
58283.36363636364,0
58288.36371045418,0
58293.363784544716,0
58298.36385863525,0
58303.36393272579,0
58308.36400681634,0
58313.364080906875,0
58318.36415499741,0
58323.36422908795,0
58328.36430317849,0
58333.36437726903,0
58338.364451359565,0
58343.3645254501,0
58348.36459954064,0
58353.36467363118,0
58358.36474772172,0
58363.364821812254,0
58368.3648959028,0
58373.36496999334,0
58378.365044083876,0
58383.36511817441,0
58388.36519226495,0
58393.36526635549,0
58398.36534044603,0
58403.365414536565,0
58408.3654886271,0
58413.36556271764,0
58418.36563680819,0
58423.365710898725,0
58428.36578498926,0
58433.3658590798,0
58438.36593317034,0
58443.366007260876,0
58448.366081351414,0
58453.36615544195,0
58458.36622953249,0
58463.36630362303,0
58468.366377713566,0
58473.366451804104,0
58478.36652589465,0
58483.36659998519,0
58488.366674075725,0
58493.36674816626,0
58498.3668222568,0
58503.36689634734,0
58508.36697043788,0
58513.367044528415,0
58518.36711861895,0
58523.36719270949,0
58528.367266800036,0
58533.367340890574,0
58538.36741498111,0
58543.36748907165,0
58548.36756316219,0
58553.367637252726,0
58558.367711343264,0
58563.3677854338,0
58568.36785952434,0
58573.36793361488,0
58578.368007705416,0
58583.36808179596,0
58588.3681558865,0
58593.36822997704,0
58598.368304067575,0
58603.36837815811,0
58608.36845224865,0
58613.36852633919,0
58618.36860042973,0
58623.368674520265,0
58628.3687486108,0
58633.36882270135,0
58638.368896791886,0
58643.368970882424,0
58648.36904497296,0
58653.3691190635,0
58658.36919315404,0
58663.369267244576,0
58668.369341335114,0
58673.36941542565,0
58678.36948951619,1
58683.36956360673,0
58688.369637697266,0
58693.36971178781,0
58698.36978587835,0
58703.36985996889,0
58708.369934059425,0
58713.37000814996,0
58718.3700822405,0
58723.37015633104,0
58728.37023042158,0
58733.370304512115,0
58738.37037860265,0
58743.3704526932,0
58748.370526783736,0
58753.370600874274,0
58758.37067496481,0
58763.37074905535,0
58768.37082314589,0
58773.370897236426,0
58778.37097132696,0
58783.3710454175,0
58788.37111950804,0
58793.37119359858,0
58798.371267689115,0
58803.37134177966,0
58808.3714158702,0
58813.37148996074,0
58818.371564051275,0
58823.37163814181,0
58828.37171223235,0
58833.37178632289,0
58838.37186041343,0
58843.371934503964,0
58848.37200859451,0
58853.37208268505,0
58858.372156775586,0
58863.37223086612,0
58868.37230495666,0
58873.3723790472,0
58878.37245313774,0
58883.372527228275,0
58888.37260131881,0
58893.37267540935,0
58898.37274949989,0
58903.37282359043,0
58908.37289768097,0
58913.37297177151,0
58918.37304586205,0
58923.37311995259,0
58928.373194043124,0
58933.37326813366,0
58938.3733422242,0
58943.37341631474,0
58948.373490405276,0
58953.373564495814,0
58958.37363858636,0
58963.3737126769,0
58968.373786767435,0
58973.37386085797,0
58978.37393494851,0
58983.37400903905,0
58988.37408312959,0
58993.374157220125,0
58998.37423131066,0
59003.3743054012,0
59008.37437949174,0
59013.37445358228,0
59018.37452767282,0
59023.37460176336,0
59028.3746758539,0
59033.374749944436,0
59038.374824034974,0
59043.37489812551,0
59048.37497221605,0
59053.37504630659,0
59058.375120397126,0
59063.375194487664,0
59068.37526857821,0
59073.37534266875,0
59078.375416759285,0
59083.37549084982,0
59088.37556494036,0
59093.3756390309,0
59098.37571312144,0
59103.375787211975,0
59108.37586130251,0
59113.37593539305,0
59118.37600948359,0
59123.376083574134,0
59128.37615766467,0
59133.37623175521,0
59138.37630584575,0
59143.376379936286,0
59148.376454026824,0
59153.37652811736,0
59158.3766022079,0
59163.37667629844,0
59168.376750388976,0
59173.37682447952,0
59178.37689857006,0
59183.3769726606,0
59188.377046751135,0
59193.37712084167,0
59198.37719493221,0
59203.37726902275,0
59208.37734311329,0
59213.377417203825,0
59218.37749129436,0
59223.3775653849,0
59228.37763947544,0
59233.377713565984,0
59238.37778765652,0
59243.37786174706,0
59248.3779358376,0
59253.378009928136,0
59258.378084018674,0
59263.37815810921,0
59268.37823219975,0
59273.37830629029,0
59278.378380380826,0
59283.37845447137,0
59288.37852856191,0
59293.37860265245,0
59298.378676742985,0
59303.37875083352,0
59308.37882492406,0
59313.3788990146,0
59318.37897310514,0
59323.379047195675,0
59328.37912128621,0
59333.37919537675,0
59338.37926946729,0
59343.37934355783,0
59348.37941764837,0
59353.37949173891,0
59358.37956582945,0
59363.379639919985,0
59368.37971401052,0
59373.37978810106,0
59378.3798621916,0
59383.37993628214,0
59388.38001037268,0
59393.38008446322,0
59398.38015855376,0
59403.3802326443,0
59408.380306734834,0
59413.38038082537,0
59418.38045491591,0
59423.38052900645,0
59428.380603096986,0
59433.380677187524,0
59438.38075127806,0
59443.3808253686,0
59448.380899459145,0
59453.38097354968,0
59458.38104764022,0
59463.38112173076,0
59468.3811958213,0
59473.381269911835,0
59478.38134400237,0
59483.38141809291,0
59488.38149218345,0
59493.38156627399,0
59498.38164036453,0
59503.38171445507,0
59508.38178854561,0
59513.381862636146,0
59518.381936726684,0
59523.38201081722,0
59528.38208490776,0
59533.3821589983,0
59538.382233088836,0
59543.382307179374,0
59548.38238126991,0
59553.38245536045,0
59558.382529450995,0
59563.38260354153,0
59568.38267763207,0
59573.38275172261,0
59578.38282581315,0
59583.382899903685,0
59588.38297399422,0
59593.38304808476,0
59598.3831221753,0
59603.38319626584,0
59608.38327035638,0
59613.38334444692,0
59618.38341853746,0
59623.383492627996,0
59628.383566718534,0
59633.38364080907,0
59638.38371489961,0
59643.38378899015,0
59648.383863080686,0
59653.383937171224,0
59658.38401126176,0
59663.38408535231,0
59668.384159442845,0
59673.38423353338,0
59678.38430762392,0
59683.38438171446,0
59688.384455805,0
59693.384529895535,0
59698.38460398607,0
59703.38467807661,0
59708.38475216715,0
59713.384826257694,0
59718.38490034823,0
59723.38497443877,0
59728.38504852931,0
59733.385122619846,0
59738.385196710384,0
59743.38527080092,0
59748.38534489146,0
59753.385418982,0
59758.385493072536,0
59763.38556716307,0
59768.38564125361,0
59773.38571534416,0
59778.385789434695,0
59783.38586352523,0
59788.38593761577,0
59793.38601170631,0
59798.38608579685,0
59803.386159887385,0
59808.38623397792,0
59813.38630806846,0
59818.386382159,0
59823.386456249544,0
59828.38653034008,0
59833.38660443062,0
59838.38667852116,0
59843.386752611696,0
59848.38682670223,0
59853.38690079277,0
59858.38697488331,0
59863.38704897385,0
59868.387123064385,0
59873.38719715492,0
59878.38727124547,0
59883.38734533601,0
59888.387419426545,0
59893.38749351708,0
59898.38756760762,0
59903.38764169816,0
59908.3877157887,0
59913.387789879234,0
59918.38786396977,0
59923.38793806031,0
59928.388012150856,0
59933.38808624139,0
59938.38816033193,0
59943.38823442247,0
59948.38830851301,0
59953.388382603545,0
59958.38845669408,0
59963.38853078462,0
59968.38860487516,0
59973.3886789657,0
59978.388753056235,0
59983.38882714677,0
59988.38890123732,0
59993.388975327856,0
59998.389049418394,0
60003.38912350893,0
60008.38919759947,0
60013.38927169001,0
60018.389345780546,0
60023.389419871084,0
60028.38949396162,0
60033.38956805216,0
60038.389642142705,0
60043.38971623324,0
60048.38979032378,0
60053.38986441432,0
60058.38993850486,0
60063.390012595395,0
60068.39008668593,0
60073.39016077647,0
60078.39023486701,0
60083.39030895755,0
60088.390383048085,0
60093.39045713862,0
60098.39053122917,0
60103.390605319706,0
60108.390679410244,0
60113.39075350078,0
60118.39082759132,0
60123.39090168186,0
60128.390975772396,0
60133.391049862934,0
60138.39112395347,0
60143.39119804402,0
60148.391272134555,0
60153.39134622509,0
60158.39142031563,0
60163.39149440617,0
60168.39156849671,0
60173.391642587245,0
60178.39171667778,0
60183.39179076832,0
60188.39186485886,0
60193.3919389494,0
60198.392013039935,0
60203.39208713048,0
60208.39216122102,0
60213.392235311556,0
60218.392309402094,0
60223.39238349263,0
60228.39245758317,0
60233.39253167371,0
60238.392605764246,0
60243.39267985478,0
60248.39275394532,0
60253.39282803587,0
60258.392902126405,0
60263.39297621694,0
60268.39305030748,0
60273.39312439802,0
60278.39319848856,0
60283.393272579095,0
60288.39334666963,0
60293.39342076017,0
60298.39349485071,0
60303.39356894125,0
60308.393643031784,0
60313.39371712233,0
60318.39379121287,0
60323.393865303406,0
60328.39393939394,0
60333.39401348448,0
60338.39408757502,0
60343.39416166556,0
60348.394235756095,0
60353.39430984663,0
60358.39438393717,0
60363.39445802772,0
60368.394532118255,0
60373.39460620879,0
60378.39468029933,0
60383.39475438987,0
60388.39482848041,0
60393.394902570944,0
60398.39497666148,0
60403.39505075202,0
60408.39512484256,0
60413.395198933096,0
60418.39527302364,0
60423.39534711418,0
60428.39542120472,0
60433.395495295255,0
60438.39556938579,0
60443.39564347633,0
60448.39571756687,0
60453.39579165741,0
60458.395865747945,0
60463.39593983848,0
60468.39601392903,0
60473.39608801957,0
60478.396162110104,0
60483.39623620064,0
60488.39631029118,0
60493.39638438172,0
60498.396458472256,0
60503.396532562794,0
60508.39660665333,0
60513.39668074387,0
60518.39675483441,0
60523.396828924946,0
60528.39690301549,0
60533.39697710603,0
60538.39705119657,0
60543.397125287105,0
60548.39719937764,0
60553.39727346818,0
60558.39734755872,0
60563.39742164926,0
60568.397495739795,0
60573.39756983033,0
60578.39764392088,0
60583.397718011416,0
60588.397792101954,0
60593.39786619249,0
60598.39794028303,0
60603.39801437357,0
60608.398088464106,0
60613.398162554644,0
60618.39823664518,0
60623.39831073572,0
60628.39838482626,0
60633.398458916796,0
60638.39853300734,0
60643.39860709788,0
60648.39868118842,0
60653.398755278955,0
60658.39882936949,0
60663.39890346003,0
60668.39897755057,0
60673.39905164111,0
60678.399125731645,0
60683.39919982219,0
60688.39927391273,0
60693.399348003266,0
60698.399422093804,0
60703.39949618434,0
60708.39957027488,0
60713.39964436542,0
60718.399718455956,0
60723.399792546494,0
60728.39986663703,0
60733.39994072757,0
60738.40001481811,0
60743.40008890865,0
60748.40016299919,0
60753.40023708973,0
60758.40031118027,0
60763.400385270805,0
60768.40045936134,0
60773.40053345188,0
60778.40060754242,0
60783.40068163296,0
60788.400755723495,0
60793.40082981404,0
60798.40090390458,0
60803.400977995116,0
60808.401052085654,0
60813.40112617619,0
60818.40120026673,0
60823.40127435727,0
60828.401348447806,0
60833.40142253834,0
60838.40149662888,0
60843.40157071942,0
60848.40164480996,0
60853.4017189005,0
60858.40179299104,0
60863.40186708158,0
60868.40194117212,0
60873.402015262654,0
60878.40208935319,0
60883.40216344373,0
60888.40223753427,0
60893.402311624806,0
60898.402385715344,0
60903.40245980589,0
60908.40253389643,0
60913.402607986965,0
60918.4026820775,0
60923.40275616804,0
60928.40283025858,0
60933.40290434912,0
60938.402978439655,0
60943.40305253019,0
60948.40312662073,0
60953.40320071127,0
60958.403274801814,0
60963.40334889235,0
60968.40342298289,0
60973.40349707343,0
60978.403571163966,0
60983.403645254504,0
60988.40371934504,0
60993.40379343558,0
60998.40386752612,0
61003.403941616656,0
61008.4040157072,0
61013.40408979774,0
61018.40416388828,0
61023.404237978815,0
61028.40431206935,0
61033.40438615989,0
61038.40446025043,0
61043.40453434097,0
61048.404608431505,0
61053.40468252204,0
61058.40475661258,0
61063.40483070312,0
61068.404904793664,0
61073.4049788842,0
61078.40505297474,0
61083.40512706528,0
61088.405201155816,0
61093.405275246354,0
61098.40534933689,0
61103.40542342743,0
61108.40549751797,0
61113.405571608506,0
61118.40564569905,0
61123.40571978959,0
61128.40579388013,0
61133.405867970665,0
61138.4059420612,0
61143.40601615174,0
61148.40609024228,0
61153.40616433282,0
61158.406238423355,0
61163.40631251389,0
61168.40638660443,0
61173.40646069497,0
61178.406534785514,0
61183.40660887605,0
61188.40668296659,0
61193.40675705713,0
61198.406831147666,0
61203.406905238204,0
61208.40697932874,0
61213.40705341928,0
61218.40712750982,0
61223.40720160036,0
61228.4072756909,0
61233.40734978144,0
61238.40742387198,0
61243.407497962515,0
61248.40757205305,0
61253.40764614359,0
61258.40772023413,0
61263.40779432467,0
61268.407868415205,0
61273.40794250574,0
61278.40801659628,0
61283.408090686826,0
61288.408164777364,0
61293.4082388679,0
61298.40831295844,0
61303.40838704898,0
61308.408461139516,0
61313.40853523005,0
61318.40860932059,0
61323.40868341113,0
61328.40875750167,0
61333.40883159221,0
61338.40890568275,0
61343.40897977329,0
61348.40905386383,0
61353.409127954365,0
61358.4092020449,0
61363.40927613544,0
61368.40935022598,0
61373.40942431652,0
61378.409498407054,0
61383.40957249759,0
61388.40964658813,0
61393.409720678676,0
61398.40979476921,0
61403.40986885975,0
61408.40994295029,0
61413.41001704083,0
61418.410091131365,0
61423.4101652219,0
61428.41023931244,0
61433.41031340298,0
61438.41038749352,0
61443.41046158406,0
61448.4105356746,0
61453.41060976514,0
61458.410683855676,0
61463.410757946214,0
61468.41083203675,0
61473.41090612729,0
61478.41098021783,0
61483.411054308366,0
61488.411128398904,0
61493.41120248944,0
61498.41127657999,0
61503.411350670525,0
61508.41142476106,0
61513.4114988516,0
61518.41157294214,0
61523.41164703268,0
61528.411721123215,0
61533.41179521375,0
61538.41186930429,0
61543.41194339483,0
61548.412017485374,0
61553.41209157591,0
61558.41216566645,0
61563.41223975699,0
61568.412313847526,0
61573.412387938064,0
61578.4124620286,0
61583.41253611914,0
61588.41261020968,0
61593.412684300216,0
61598.412758390754,0
61603.41283248129,0
61608.41290657184,0
61613.412980662375,0
61618.41305475291,0
61623.41312884345,0
61628.41320293399,0
61633.41327702453,0
61638.413351115065,0
61643.4134252056,0
61648.41349929614,0
61653.41357338668,0
61658.413647477224,0
61663.41372156776,0
61668.4137956583,0
61673.41386974884,0
61678.413943839376,0
61683.414017929914,0
61688.41409202045,0
61693.41416611099,0
61698.41424020153,0
61703.414314292066,0
61708.414388382604,0
61713.41446247315,0
61718.41453656369,0
61723.414610654225,0
61728.41468474476,0
61733.4147588353,0
61738.41483292584,0
61743.41490701638,0
61748.414981106915,0
61753.41505519745,0
61758.41512928799,0
61763.415203378536,0
61768.415277469074,0
61773.41535155961,0
61778.41542565015,0
61783.41549974069,0
61788.415573831226,0
61793.41564792176,0
61798.4157220123,0
61803.41579610284,0
61808.41587019338,0
61813.415944283915,0
61818.41601837445,0
61823.416092465,0
61828.41616655554,0
61833.416240646075,0
61838.41631473661,0
61843.41638882715,0
61848.41646291769,0
61853.41653700823,0
61858.416611098764,0
61863.4166851893,0
61868.41675927984,0
61873.416833370386,0
61878.41690746092,0
61883.41698155146,0
61888.417055642,0
61893.41712973254,0
61898.417203823075,0
61903.41727791361,0
61908.41735200415,0
61913.41742609469,0
61918.41750018523,0
61923.417574275765,0
61928.4176483663,0
61933.41772245685,0
61938.41779654739,0
61943.417870637924,0
61948.41794472846,0
61953.418018819,0
61958.41809290954,0
61963.418167000076,0
61968.418241090614,0
61973.41831518115,0
61978.4183892717,0
61983.418463362235,0
61988.41853745277,0
61993.41861154331,0
61998.41868563385,0
62003.41875972439,0
62008.418833814925,0
62013.41890790546,0
62018.418981996,0
62023.41905608654,0
62028.41913017708,0
62033.419204267615,0
62038.41927835816,0
62043.4193524487,0
62048.419426539236,0
62053.419500629774,0
62058.41957472031,0
62063.41964881085,0
62068.41972290139,0
62073.419796991926,0
62078.419871082464,0
62083.419945173,0
62088.42001926355,0
62093.420093354085,0
62098.42016744462,0
62103.42024153516,0
62108.4203156257,0
62113.42038971624,0
62118.420463806775,0
62123.42053789731,0
62128.42061198785,0
62133.42068607839,0
62138.42076016893,0
62143.420834259465,0
62148.42090835001,0
62153.42098244055,0
62158.421056531086,0
62163.421130621624,0
62168.42120471216,0
62173.4212788027,0
62178.42135289324,0
62183.421426983776,0
62188.421501074314,0
62193.42157516485,0
62198.4216492554,0
62203.421723345935,0
62208.42179743647,0
62213.42187152701,0
62218.42194561755,0
62223.42201970809,0
62228.422093798625,0
62233.42216788916,0
62238.4222419797,0
62243.42231607024,0
62248.42239016078,0
62253.42246425132,0
62258.42253834186,0
62263.4226124324,0
62268.422686522936,0
62273.422760613474,0
62278.42283470401,0
62283.42290879455,0
62288.42298288509,0
62293.423056975626,0
62298.42313106616,0
62303.42320515671,0
62308.42327924725,0
62313.423353337785,0
62318.42342742832,0
62323.42350151886,0
62328.4235756094,0
62333.42364969994,0
62338.423723790474,0
62343.42379788101,0
62348.42387197155,0
62353.42394606209,0
62358.424020152626,0
62363.42409424317,0
62368.42416833371,0
62373.42424242425,0
62378.424316514785,0
62383.42439060532,0
62388.42446469586,0
62393.4245387864,0
62398.42461287694,0
62403.424686967475,0
62408.42476105801,0
62413.42483514856,0
62418.4249092391,0
62423.424983329634,0
62428.42505742017,0
62433.42513151071,0
62438.42520560125,0
62443.425279691786,0
62448.425353782324,0
62453.42542787286,0
62458.4255019634,0
62463.42557605394,0
62468.425650144476,0
62473.42572423502,0
62478.42579832556,0
62483.4258724161,0
62488.425946506635,0
62493.42602059717,0
62498.42609468771,0
62503.42616877825,0
62508.42624286879,0
62513.426316959325,0
62518.42639104987,0
62523.42646514041,0
62528.426539230946,0
62533.426613321484,0
62538.42668741202,0
62543.42676150256,0
62548.4268355931,0
62553.426909683636,0
62558.426983774174,0
62563.42705786471,0
62568.42713195525,0
62573.42720604579,0
62578.42728013633,0
62583.42735422687,0
62588.42742831741,0
62593.42750240795,0
62598.427576498485,0
62603.42765058902,0
62608.42772467956,0
62613.4277987701,0
62618.42787286064,0
62623.427946951175,0
62628.42802104172,0
62633.42809513226,0
62638.428169222796,0
62643.428243313334,0
62648.42831740387,0
62653.42839149441,0
62658.42846558495,0
62663.428539675486,0
62668.428613766024,0
62673.42868785656,0
62678.4287619471,0
62683.42883603764,0
62688.42891012818,0
62693.42898421872,0
62698.42905830926,0
62703.4291323998,0
62708.429206490335,0
62713.42928058087,0
62718.42935467141,0
62723.42942876195,0
62728.42950285249,0
62733.429576943025,0
62738.42965103357,0
62743.42972512411,0
62748.429799214646,0
62753.429873305184,0
62758.42994739572,0
62763.43002148626,0
62768.4300955768,0
62773.430169667336,0
62778.43024375787,0
62783.43031784841,0
62788.43039193895,0
62793.430466029495,0
62798.43054012003,0
62803.43061421057,0
62808.43068830111,0
62813.43076239165,0
62818.430836482185,0
62823.43091057272,0
62828.43098466326,0
62833.4310587538,0
62838.43113284434,0
62843.43120693488,0
62848.43128102542,0
62853.43135511596,0
62858.431429206496,0
62863.43150329703,0
62868.43157738757,0
62873.43165147811,0
62878.43172556865,0
62883.431799659185,0
62888.43187374972,0
62893.43194784026,0
62898.4320219308,0
62903.432096021344,0
62908.43217011188,0
62913.43224420242,0
62918.43231829296,0
62923.432392383496,0
62928.432466474034,0
62933.43254056457,0
62938.43261465511,0
62943.43268874565,0
62948.432762836186,0
62953.43283692673,0
62958.43291101727,0
62963.43298510781,0
62968.433059198345,0
62973.43313328888,0
62978.43320737942,0
62983.43328146996,0
62988.4333555605,0
62993.433429651035,0
62998.43350374157,0
63003.43357783211,0
63008.43365192265,0
63013.433726013194,0
63018.43380010373,0
63023.43387419427,0
63028.43394828481,0
63033.434022375346,0
63038.434096465884,0
63043.43417055642,0
63048.43424464696,0
63053.4343187375,0
63058.43439282804,0
63063.43446691858,0
63068.43454100912,0
63073.43461509966,0
63078.434689190195,0
63083.43476328073,0
63088.43483737127,0
63093.43491146181,0
63098.43498555235,0
63103.435059642885,0
63108.43513373342,0
63113.43520782396,0
63118.435281914506,0
63123.435356005044,0
63128.43543009558,0
63133.43550418612,0
63138.43557827666,0
63143.435652367196,0
63148.435726457734,0
63153.43580054827,0
63158.43587463881,0
63163.43594872935,0
63168.43602281989,0
63173.43609691043,0
63178.43617100097,0
63183.43624509151,0
63188.436319182045,0
63193.43639327258,0
63198.43646736312,0
63203.43654145366,0
63208.4366155442,0
63213.436689634735,0
63218.43676372527,0
63223.43683781581,0
63228.436911906356,0
63233.436985996894,0
63238.43706008743,0
63243.43713417797,0
63248.43720826851,0
63253.437282359046,0
63258.43735644958,0
63263.43743054012,0
63268.43750463066,0
63273.437578721205,0
63278.43765281174,0
63283.43772690228,0
63288.43780099282,0
63293.43787508336,0
63298.437949173895,0
63303.43802326443,0
63308.43809735497,0
63313.43817144551,0
63318.43824553605,0
63323.438319626584,0
63328.43839371712,0
63333.43846780767,0
63338.438541898206,0
63343.43861598874,0
63348.43869007928,0
63353.43876416982,0
63358.43883826036,0
63363.438912350895,0
63368.43898644143,0
63373.43906053197,0
63378.43913462251,0
63383.439208713055,0
63388.43928280359,0
63393.43935689413,0
63398.43943098467,0
63403.43950507521,0
63408.439579165744,0
63413.43965325628,0
63418.43972734682,0
63423.43980143736,0
63428.439875527896,0
63433.439949618434,0
63438.44002370897,0
63443.44009779952,1
63448.440171890055,0
63453.44024598059,0
63458.44032007113,0
63463.44039416167,0
63468.44046825221,0
63473.440542342745,0
63478.44061643328,0
63483.44069052382,0
63488.44076461436,0
63493.440838704904,0
63498.44091279544,0
63503.44098688598,0
63508.44106097652,0
63513.441135067056,0
63518.441209157594,0
63523.44128324813,0
63528.44135733867,0
63533.44143142921,0
63538.441505519746,0
63543.441579610284,0
63548.44165370083,0
63553.44172779137,0
63558.441801881905,0
63563.44187597244,0
63568.44195006298,0
63573.44202415352,0
63578.44209824406,0
63583.442172334595,0
63588.44224642513,0
63593.44232051567,0
63598.442394606216,0
63603.442468696754,0
63608.44254278729,0
63613.44261687783,0
63618.44269096837,0
63623.442765058906,0
63628.442839149444,0
63633.44291323998,0
63638.44298733052,0
63643.44306142106,0
63648.443135511596,0
63653.443209602134,0
63658.44328369268,0
63663.44335778322,0
63668.443431873755,0
63673.44350596429,0
63678.44358005483,0
63683.44365414537,0
63688.44372823591,0
63693.443802326445,0
63698.44387641698,0
63703.44395050752,0
63708.444024598066,0
63713.444098688604,0
63718.44417277914,0
63723.44424686968,0
63728.44432096022,0
63733.444395050756,0
63738.444469141294,0
63743.44454323183,0
63748.44461732237,0
63753.44469141291,0
63758.444765503446,0
63763.44483959398,0
63768.44491368453,0
63773.44498777507,0
63778.445061865605,0
63783.44513595614,0
63788.44521004668,0
63793.44528413722,0
63798.44535822776,0
63803.445432318294,0
63808.44550640883,0
63813.44558049938,0
63818.445654589916,0
63823.44572868045,0
63828.44580277099,0
63833.44587686153,0
63838.44595095207,0
63843.446025042605,0
63848.44609913314,0
63853.44617322368,0
63858.44624731422,0
63863.44632140476,0
63868.446395495295,0
63873.44646958584,0
63878.44654367638,0
63883.44661776692,0
63888.446691857454,0
63893.44676594799,0
63898.44684003853,0
63903.44691412907,0
63908.446988219606,0
63913.447062310144,0
63918.44713640068,0
63923.44721049123,0
63928.447284581765,0
63933.4473586723,0
63938.44743276284,0
63943.44750685338,0
63948.44758094392,0
63953.447655034455,0
63958.44772912499,0
63963.44780321553,0
63968.44787730607,0
63973.44795139661,0
63978.448025487145,0
63983.44809957769,0
63988.44817366823,0
63993.448247758766,0
63998.448321849304,0
64003.44839593984,0
64008.44847003038,0
64013.44854412092,0
64018.448618211456,0
64023.448692301994,0
64028.44876639253,0
64033.44884048308,0
64038.448914573615,0
64043.44898866415,0
64048.44906275469,0
64053.44913684523,0
64058.44921093577,0
64063.449285026305,0
64068.44935911684,0
64073.44943320738,0
64078.44950729792,0
64083.44958138846,0
64088.449655479,0
64093.44972956954,0
64098.44980366008,0
64103.449877750616,0
64108.449951841154,0
64113.45002593169,0
64118.45010002223,0
64123.45017411277,0
64128.450248203306,0
64133.450322293844,0
64138.45039638439,0
64143.45047047493,0
64148.450544565465,0
64153.450618656,0
64158.45069274654,0
64163.45076683708,0
64168.45084092762,0
64173.450915018155,0
64178.45098910869,0
64183.45106319923,0
64188.45113728977,0
64193.45121138031,0
64198.45128547085,0
64203.45135956139,0
64208.45143365193,0
64213.451507742466,0
64218.451581833004,0
64223.45165592354,0
64228.45173001408,0
64233.45180410462,0
64238.451878195156,0
64243.45195228569,0
64248.45202637624,0
64253.45210046678,0
64258.452174557315,0
64263.45224864785,0
64268.45232273839,0
64273.45239682893,0
64278.45247091947,0
64283.452545010005,0
64288.45261910054,0
64293.45269319108,0
64298.45276728162,0
64303.45284137216,0
64308.4529154627,0
64313.45298955324,0
64318.45306364378,0
64323.453137734316,0
64328.45321182485,0
64333.45328591539,0
64338.45336000593,0
64343.45343409647,0
64348.453508187005,0
64353.45358227755,0
64358.45365636809,0
64363.45373045863,0
64368.453804549164,0
64373.4538786397,0
64378.45395273024,0
64383.45402682078,0
64388.454100911316,0
64393.454175001854,0
64398.45424909239,0
64403.45432318293,0
64408.45439727347,0
64413.45447136401,0
64418.45454545455,0
64423.45461954509,0
64428.45469363563,0
64433.454767726165,0
64438.4548418167,0
64443.45491590724,0
64448.45498999778,0
64453.45506408832,0
64458.455138178855,0
64463.4552122694,0
64468.45528635994,0
64473.455360450476,0
64478.455434541014,0
64483.45550863155,0
64488.45558272209,0
64493.45565681263,0
64498.455730903166,0
64503.455804993704,0
64508.45587908424,0
64513.45595317478,0
64518.45602726532,0
64523.45610135586,0
64528.4561754464,0
64533.45624953694,0
64538.45632362748,0
64543.456397718015,0
64548.45647180855,0
64553.45654589909,0
64558.45661998963,0
64563.45669408017,0
64568.456768170705,0
64573.45684226125,0
64578.45691635179,0
64583.456990442326,0
64588.457064532864,0
64593.4571386234,0
64598.45721271394,0
64603.45728680448,0
64608.457360895016,0
64613.457434985554,0
64618.45750907609,0
64623.45758316663,0
64628.457657257175,0
64633.45773134771,0
64638.45780543825,0
64643.45787952879,0
64648.45795361933,0
64653.458027709865,0
64658.4581018004,0
64663.45817589094,0
64668.45824998148,0
64673.45832407202,0
64678.45839816256,0
64683.4584722531,0
64688.45854634364,0
64693.458620434176,0
64698.458694524714,0
64703.45876861525,0
64708.45884270579,0
64713.45891679633,0
64718.458990886866,0
64723.4590649774,0
64728.45913906794,0
64733.45921315848,0
64738.459287249025,0
64743.45936133956,0
64748.4594354301,0
64753.45950952064,0
64758.45958361118,0
64763.459657701715,0
64768.45973179225,0
64773.45980588279,0
64778.45987997333,0
64783.45995406387,0
64788.46002815441,0
64793.46010224495,0
64798.46017633549,0
64803.460250426026,0
64808.46032451656,0
64813.4603986071,0
64818.46047269764,0
64823.46054678818,0
64828.460620878715,0
64833.46069496925,0
64838.46076905979,0
64843.46084315034,0
64848.460917240875,0
64853.46099133141,0
64858.46106542195,0
64863.46113951249,0
64868.46121360303,0
64873.461287693564,0
64878.4613617841,0
64883.46143587464,0
64888.46150996518,0
64893.46158405572,0
64898.46165814626,0
64903.4617322368,0
64908.46180632734,0
64913.461880417875,0
64918.46195450841,0
64923.46202859895,0
64928.46210268949,0
64933.46217678003,0
64938.462250870565,0
64943.4623249611,0
64948.46239905164,0
64953.462473142186,0
64958.462547232724,0
64963.46262132326,0
64968.4626954138,0
64973.46276950434,0
64978.462843594876,0
64983.462917685414,0
64988.46299177595,0
64993.46306586649,0
64998.46313995703,0
65003.46321404757,0
65008.46328813811,0
65013.46336222865,0
65018.46343631919,0
65023.463510409725,0
65028.46358450026,0
65033.4636585908,0
65038.46373268134,0
65043.46380677188,0
65048.463880862415,0
65053.46395495295,0
65058.46402904349,0
65063.464103134036,0
65068.464177224574,0
65073.46425131511,0
65078.46432540565,0
65083.46439949619,0
65088.464473586726,0
65093.464547677264,0
65098.4646217678,0
65103.46469585834,0
65108.464769948885,0
65113.46484403942,0
65118.46491812996,0
65123.4649922205,0
65128.46506631104,0
65133.465140401575,0
65138.46521449211,0
65143.46528858265,0
65148.46536267319,0
65153.46543676373,0
65158.465510854265,0
65163.4655849448,0
65168.46565903535,0
65173.465733125886,0
65178.465807216424,0
65183.46588130696,0
65188.4659553975,0
65193.46602948804,0
65198.466103578576,0
65203.466177669114,0
65208.46625175965,0
65213.46632585019,0
65218.466399940735,0
65223.46647403127,0
65228.46654812181,0
65233.46662221235,0
65238.46669630289,0
65243.466770393425,0
65248.46684448396,0
65253.4669185745,0
65258.46699266504,0
65263.46706675558,0
65268.467140846114,0
65273.46721493665,0
65278.4672890272,0
65283.467363117736,0
65288.46743720827,0
65293.46751129881,0
65298.46758538935,0
65303.46765947989,0
65308.467733570425,0
65313.46780766096,0
65318.4678817515,0
65323.46795584204,0
65328.468029932585,0
65333.46810402312,0
65338.46817811366,0
65343.4682522042,0
65348.46832629474,0
65353.468400385274,0
65358.46847447581,0
65363.46854856635,0
65368.46862265689,0
65373.468696747426,0
65378.468770837964,0
65383.46884492851,0
65388.46891901905,0
65393.468993109585,0
65398.46906720012,0
65403.46914129066,0
65408.4692153812,0
65413.46928947174,0
65418.469363562275,0
65423.46943765281,0
65428.46951174335,0
65433.4695858339,0
65438.469659924434,0
65443.46973401497,0
65448.46980810551,0
65453.46988219605,0
65458.469956286586,0
65463.470030377124,0
65468.47010446766,0
65473.4701785582,0
65478.47025264874,0
65483.470326739276,0
65488.470400829814,0
65493.47047492036,0
65498.4705490109,0
65503.470623101435,0
65508.47069719197,0
65513.47077128251,0
65518.47084537305,0
65523.47091946359,0
65528.470993554125,0
65533.47106764466,0
65538.47114173521,0
65543.47121582573,0
65548.47128991628,0
65553.47136400681,0
65558.47143809736,0
65563.47151218788,0
65568.47158627844,0
65573.47166036899,0
65578.47173445951,0
65583.47180855006,0
65588.47188264059,0
65593.47195673114,0
65598.47203082166,0
65603.47210491222,0
65608.47217900274,0
65613.47225309329,0
65618.47232718382,0
65623.47240127437,0
65628.47247536489,0
65633.47254945544,0
65638.47262354597,0
65643.47269763652,0
65648.47277172704,0
65653.4728458176,0
65658.47291990812,0
65663.47299399867,0
65668.4730680892,0
65673.47314217975,0
65678.47321627029,0
65683.47329036082,0
65688.47336445138,0
65693.4734385419,0
65698.47351263245,0
65703.47358672298,0
65708.47366081353,0
65713.47373490405,0
65718.4738089946,0
65723.47388308513,0
65728.47395717568,0
65733.4740312662,0
65738.47410535676,0
65743.47417944728,0
65748.47425353783,0
65753.47432762836,0
65758.47440171891,0
65763.47447580943,0
65768.47454989998,0
65773.4746239905,0
65778.47469808106,0
65783.4747721716,0
65788.47484626214,0
65793.47492035269,0
65798.47499444321,0
65803.47506853376,0
65808.47514262429,0
65813.47521671484,0
65818.47529080536,0
65823.47536489592,0
65828.47543898644,0
65833.47551307699,0
65838.47558716752,0
65843.47566125807,0
65848.47573534859,0
65853.47580943914,0
65858.47588352967,0
65863.47595762022,0
65868.47603171074,0
65873.4761058013,0
65878.47617989182,0
65883.47625398237,0
65888.4763280729,0
65893.47640216345,0
65898.476476254,0
65903.47655034452,0
65908.47662443508,0
65913.4766985256,0
65918.47677261615,0
65923.47684670668,0
65928.47692079723,0
65933.47699488775,0
65938.4770689783,0
65943.47714306883,0
65948.47721715938,0
65953.4772912499,0
65958.47736534046,0
65963.47743943098,0
65968.47751352153,0
65973.47758761205,0
65978.47766170261,0
65983.47773579313,0
65988.47780988368,0
65993.4778839742,0
65998.47795806476,0
66003.4780321553,0
66008.47810624584,0
66013.47818033639,0
66018.47825442691,0
66023.47832851746,0
66028.47840260799,0
66033.47847669854,0
66038.47855078906,0
66043.47862487962,0
66048.47869897014,0
66053.47877306069,0
66058.47884715121,0
66063.47892124177,0
66068.47899533229,0
66073.47906942284,0
66078.47914351337,0
66083.47921760392,0
66088.47929169444,0
66093.479365785,0
66098.47943987552,0
66103.47951396607,0
66108.47958805661,0
66113.47966214715,0
66118.4797362377,0
66123.47981032822,0
66128.47988441878,0
66133.4799585093,0
66138.48003259985,0
66143.48010669037,0
66148.48018078093,0
66153.48025487145,0
66158.480328962,0
66163.48040305253,0
66168.48047714308,0
66173.4805512336,0
66178.48062532415,0
66183.48069941468,0
66188.48077350523,0
66193.48084759575,0
66198.4809216863,0
66203.48099577683,0
66208.48106986738,0
66213.4811439579,0
66218.48121804846,0
66223.48129213901,0
66228.48136622953,0
66233.48144032009,0
66238.48151441061,0
66243.48158850116,0
66248.48166259169,0
66253.48173668224,0
66258.48181077276,0
66263.48188486331,0
66268.48195895384,0
66273.48203304439,0
66278.48210713491,0
66283.48218122547,0
66288.48225531599,0
66293.48232940654,0
66298.48240349707,0
66303.48247758762,0
66308.48255167814,0
66313.4826257687,0
66318.48269985922,0
66323.48277394977,0
66328.48284804032,0
66333.48292213085,0
66338.4829962214,0
66343.48307031192,0
66348.48314440247,0
66353.483218493,0
66358.48329258355,0
66363.48336667407,0
66368.48344076463,0
66373.48351485515,0
66378.4835889457,0
66383.48366303623,0
66388.48373712678,0
66393.4838112173,0
66398.48388530785,0
66403.48395939838,0
66408.48403348893,0
66413.48410757945,0
66418.48418167,0
66423.48425576053,0
66428.48432985108,0
66433.48440394162,0
66438.48447803216,0
66443.48455212271,0
66448.48462621323,0
66453.48470030379,0
66458.48477439431,0
66463.48484848486,0
66468.48492257539,0
66473.48499666594,0
66478.48507075646,0
66483.48514484701,0
66488.48521893754,0
66493.48529302809,0
66498.48536711861,0
66503.48544120917,0
66508.48551529969,0
66513.48558939024,0
66518.48566348077,0
66523.48573757132,0
66528.48581166184,0
66533.4858857524,0
66538.48595984293,0
66543.48603393347,0
66548.48610802402,0
66553.48618211455,0
66558.4862562051,0
66563.48633029562,0
66568.48640438617,0
66573.4864784767,0
66578.48655256725,0
66583.48662665777,0
66588.48670074833,0
66593.48677483885,0
66598.4868489294,0
66603.48692301993,0
66608.48699711048,0
66613.487071201,0
66618.48714529155,0
66623.48721938208,0
66628.48729347263,0
66633.48736756315,0
66638.4874416537,0
66643.48751574423,0
66648.48758983478,0
66653.48766392533,0
66658.48773801586,0
66663.48781210641,0
66668.48788619693,0
66673.48796028749,0
66678.48803437801,0
66683.48810846856,0
66688.48818255909,0
66693.48825664964,0
66698.48833074016,0
66703.48840483071,0
66708.48847892124,0
66713.48855301179,0
66718.48862710231,0
66723.48870119287,0
66728.48877528339,0
66733.48884937394,0
66738.48892346447,0
66743.48899755502,0
66748.48907164554,0
66753.4891457361,0
66758.48921982663,0
66763.48929391717,0
66768.48936800772,0
66773.48944209825,0
66778.4895161888,0
66783.48959027932,0
66788.48966436987,0
66793.4897384604,0
66798.48981255095,0
66803.48988664147,0
66808.48996073203,0
66813.49003482255,0
66818.4901089131,0
66823.49018300363,0
66828.49025709418,0
66833.4903311847,0
66838.49040527525,0
66843.49047936578,0
66848.49055345633,0
66853.49062754685,0
66858.4907016374,0
66863.49077572794,0
66868.49084981848,0
66873.49092390903,0
66878.49099799956,0
66883.49107209011,0
66888.49114618063,0
66893.49122027119,0
66898.49129436171,0
66903.49136845226,0
66908.49144254279,0
66913.49151663334,0
66918.49159072386,0
66923.49166481441,0
66928.49173890494,0
66933.49181299549,0
66938.49188708601,0
66943.49196117657,0
66948.49203526709,0
66953.49210935764,0
66958.49218344816,0
66963.49225753872,0
66968.49233162924,0
66973.4924057198,0
66978.49247981035,0
66983.49255390087,0
66988.49262799142,0
66993.49270208195,0
66998.4927761725,0
67003.49285026302,0
67008.49292435357,0
67013.4929984441,0
67018.49307253465,0
67023.49314662517,0
67028.49322071573,0
67033.49329480625,0
67038.4933688968,0
67043.49344298732,0
67048.49351707788,0
67053.4935911684,0
67058.49366525895,0
67063.49373934948,0
67068.49381344003,0
67073.49388753055,0
67078.4939616211,0
67083.49403571166,0
67088.49410980218,0
67093.49418389273,0
67098.49425798326,0
67103.49433207381,0
67108.49440616433,0
67113.49448025489,0
67118.49455434541,0
67123.49462843596,0
67128.49470252648,0
67133.49477661704,0
67138.49485070756,0
67143.49492479811,0
67148.49499888864,0
67153.49507297919,0
67158.49514706971,0
67163.49522116026,0
67168.49529525079,0
67173.49536934134,0
67178.49544343186,0
67183.49551752242,0
67188.49559161295,0
67193.49566570349,0
67198.49573979405,0
67203.49581388457,0
67208.49588797512,0
67213.49596206564,0
67218.4960361562,0
67223.49611024672,0
67228.49618433727,0
67233.4962584278,0
67238.49633251835,0
67243.49640660887,0
67248.49648069942,0
67253.49655478995,0
67258.4966288805,0
67263.49670297102,0
67268.49677706158,0
67273.4968511521,0
67278.49692524265,0
67283.49699933318,0
67288.49707342373,0
67293.49714751425,0
67298.4972216048,0
67303.49729569536,0
67308.49736978588,0
67313.49744387643,0
67318.49751796696,0
67323.49759205751,0
67328.49766614803,0
67333.49774023858,0
67338.49781432911,0
67343.49788841966,0
67348.49796251018,0
67353.49803660074,0
67358.49811069126,0
67363.49818478181,0
67368.49825887234,0
67373.49833296289,0
67378.49840705341,1
67383.49848114396,0
67388.49855523449,0
67393.49862932504,0
67398.49870341556,0
67403.49877750612,0
67408.49885159667,0
67413.49892568719,0
67418.49899977774,0
67423.49907386827,0
67428.49914795882,0
67433.49922204934,0
67438.4992961399,0
67443.49937023042,0
67448.49944432097,0
67453.4995184115,0
67458.49959250205,0
67463.49966659257,0
67468.49974068312,0
67473.49981477365,0
67478.4998888642,0
67483.49996295472,1
