bin_center,count
2.500049783442027,90680
7.500149350326081,50562
12.500248917210136,85003
17.50034848409419,121143
22.500448050978243,153105
27.500547617862296,173706
32.500647184746356,184902
37.5007467516304,190868
42.50084631851446,190919
47.50094588539851,188152
52.50104545228257,182108
57.50114501916662,174779
62.501244586050674,167529
67.50134415293473,157983
72.50144371981878,148567
77.50154328670283,138100
82.5016428535869,128603
87.50174242047095,118206
92.501841987355,108078
97.50194155423905,97428
102.50204112112311,89492
107.50214068800716,80421
112.5022402548912,71732
117.50233982177528,64608
122.50243938865933,57593
127.50253895554337,51906
132.50263852242745,45062
137.5027380893115,39611
142.50283765619554,35116
147.50293722307958,30768
152.50303678996363,26781
157.5031363568477,23722
162.50323592373175,20753
167.50333549061583,17542
172.50343505749987,15537
177.50353462438392,13548
182.50363419126796,11440
187.503733758152,9909
192.50383332503608,8660
197.50393289192013,7485
202.5040324588042,6504
207.50413202568825,5628
212.5042315925723,4902
217.50433115945634,4285
222.5044307263404,3769
227.50453029322446,3291
232.5046298601085,2860
237.50472942699258,2588
242.50482899387663,2334
247.50492856076067,2137
252.50502812764472,1847
257.50512769452877,1721
262.5052272614128,1646
267.5053268282969,1538
272.50542639518096,1445
277.505525962065,1384
282.50562552894905,1201
287.5057250958331,1191
292.50582466271715,1164
297.5059242296012,1108
302.50602379648524,1057
307.50612336336934,999
312.5062229302534,1017
317.50632249713743,951
322.5064220640215,965
327.5065216309055,914
332.50662119778957,914
337.5067207646737,918
342.5068203315577,853
347.50691989844177,847
352.5070194653258,864
357.50711903220986,809
362.5072185990939,868
367.50731816597795,802
372.507417732862,785
377.5075172997461,813
382.50761686663014,763
387.5077164335142,790
392.50781600039824,791
397.5079155672823,832
402.5080151341663,789
407.50811470105043,789
412.5082142679345,716
417.5083138348185,749
422.50841340170257,719
427.5085129685866,737
432.50861253547066,711
437.5087121023547,725
442.50881166923875,731
447.50891123612286,722
452.5090108030069,683
457.50911036989095,702
462.509209936775,683
467.50930950365904,682
472.5094090705431,666
477.5095086374272,694
482.50960820431123,694
487.5097077711953,687
492.5098073380793,656
497.5099069049634,691
502.5100064718474,660
507.51010603873146,681
512.5102056056155,633
517.5103051724996,640
522.5104047393836,624
527.5105043062676,634
532.5106038731517,635
537.5107034400359,590
542.5108030069199,581
547.510902573804,598
552.511002140688,593
557.511101707572,600
562.5112012744561,553
567.5113008413401,556
572.5114004082242,582
577.5114999751082,554
582.5115995419923,529
587.5116991088763,529
592.5117986757604,537
597.5118982426444,551
602.5119978095286,493
607.5120973764126,512
612.5121969432967,491
617.5122965101807,507
622.5123960770647,453
627.5124956439488,450
632.5125952108328,445
637.5126947777169,466
642.5127943446009,449
647.512893911485,490
652.512993478369,484
657.5130930452531,453
662.5131926121371,462
667.5132921790212,465
672.5133917459052,438
677.5134913127893,400
682.5135908796734,456
687.5136904465575,403
692.5137900134415,414
697.5138895803256,415
702.5139891472096,453
707.5140887140936,405
712.5141882809777,414
717.5142878478617,430
722.5143874147458,382
727.5144869816298,398
732.5145865485139,417
737.5146861153979,371
742.514785682282,378
747.5148852491661,364
752.5149848160502,351
757.5150843829342,366
762.5151839498183,344
767.5152835167023,384
772.5153830835864,367
777.5154826504704,373
782.5155822173544,339
787.5156817842385,376
792.5157813511225,326
797.5158809180066,352
802.5159804848906,321
807.5160800517747,311
812.5161796186587,351
817.5162791855428,314
822.5163787524269,333
827.516478319311,313
832.516577886195,274
837.5166774530791,369
842.5167770199631,313
847.5168765868472,318
852.5169761537312,279
857.5170757206153,324
862.5171752874993,289
867.5172748543833,330
872.5173744212674,289
877.5174739881514,314
882.5175735550355,298
887.5176731219196,327
892.5177726888037,279
897.5178722556877,275
902.5179718225718,295
907.5180713894558,294
912.5181709563399,304
917.5182705232239,307
922.518370090108,283
927.518469656992,263
932.518569223876,300
937.5186687907601,296
942.5187683576441,253
947.5188679245282,277
952.5189674914122,295
957.5190670582963,221
962.5191666251804,271
967.5192661920645,274
972.5193657589485,258
977.5194653258326,226
982.5195648927166,277
987.5196644596007,253
992.5197640264847,262
997.5198635933688,279
1002.5199631602528,256
1007.5200627271369,234
1012.5201622940209,284
1017.520261860905,259
1022.520361427789,261
1027.5204609946732,263
1032.520560561557,250
1037.5206601284412,288
1042.520759695325,250
1047.5208592622093,247
1052.5209588290932,234
1057.5210583959774,273
1062.5211579628613,279
1067.5212575297455,243
1072.5213570966298,223
1077.5214566635136,281
1082.521556230398,261
1087.5216557972817,278
1092.521755364166,218
1097.5218549310498,225
1102.521954497934,230
1107.522054064818,237
1112.5221536317022,218
1117.522253198586,218
1122.5223527654703,209
1127.522452332354,209
1132.5225518992384,207
1137.5226514661222,241
1142.5227510330064,206
1147.5228505998903,222
1152.5229501667745,202
1157.5230497336584,204
1162.5231493005426,206
1167.5232488674264,203
1172.5233484343107,180
1177.5234480011945,199
1182.5235475680788,228
1187.5236471349626,205
1192.523746701847,217
1197.5238462687307,190
1202.523945835615,211
1207.524045402499,187
1212.524144969383,197
1217.5242445362674,191
1222.5243441031512,200
1227.5244436700355,185
1232.5245432369193,177
1237.5246428038035,164
1242.5247423706874,181
1247.5248419375716,200
1252.5249415044555,178
1257.5250410713397,172
1262.5251406382235,165
1267.5252402051078,151
1272.5253397719916,154
1277.525439338876,176
1282.5255389057597,195
1287.525638472644,169
1292.5257380395278,178
1297.525837606412,153
1302.525937173296,157
1307.5260367401802,164
1312.526136307064,166
1317.5262358739483,161
1322.526335440832,175
1327.5264350077164,172
1332.5265345746002,170
1337.5266341414845,170
1342.5267337083683,156
1347.5268332752526,160
1352.5269328421366,159
1357.5270324090206,160
1362.527131975905,159
1367.5272315427887,150
1372.527331109673,163
1377.5274306765568,160
1382.527530243441,174
1387.527629810325,167
1392.5277293772092,132
1397.527828944093,164
1402.5279285109773,170
1407.528028077861,154
1412.5281276447454,150
1417.5282272116292,155
1422.5283267785135,158
1427.5284263453973,136
1432.5285259122816,151
1437.5286254791654,147
1442.5287250460497,147
1447.5288246129335,138
1452.5289241798177,149
1457.5290237467016,131
1462.5291233135858,160
1467.5292228804697,152
1472.529322447354,162
1477.5294220142378,137
1482.529521581122,143
1487.5296211480058,142
1492.5297207148901,135
1497.5298202817744,136
1502.5299198486582,146
1507.5300194155425,117
1512.5301189824263,128
1517.5302185493106,132
1522.5303181161944,150
1527.5304176830787,131
1532.5305172499625,137
1537.5306168168468,136
1542.5307163837306,146
1547.5308159506149,124
1552.5309155174987,142
1557.531015084383,120
1562.5311146512668,142
1567.531214218151,163
1572.5313137850349,129
1577.5314133519191,132
1582.531512918803,105
1587.5316124856872,134
1592.531712052571,151
1597.5318116194553,127
1602.5319111863391,104
1607.5320107532234,133
1612.5321103201072,125
1617.5322098869915,132
1622.5323094538753,130
1627.5324090207596,126
1632.5325085876434,127
1637.5326081545277,111
1642.532707721412,135
1647.5328072882958,133
1652.53290685518,129
1657.5330064220639,126
1662.5331059889481,137
1667.533205555832,120
1672.5333051227162,128
1677.5334046896,128
1682.5335042564843,125
1687.5336038233681,121
1692.5337033902524,102
1697.5338029571362,129
1702.5339025240205,118
1707.5340020909043,131
1712.5341016577886,109
1717.5342012246724,114
1722.5343007915567,90
1727.5344003584405,112
1732.5344999253248,102
1737.5345994922086,123
1742.5346990590929,117
1747.5347986259767,126
1752.534898192861,114
1757.5349977597448,127
1762.535097326629,120
1767.5351968935129,113
1772.5352964603971,105
1777.5353960272812,125
1782.5354955941652,117
1787.5355951610495,110
1792.5356947279333,102
1797.5357942948176,119
1802.5358938617014,118
1807.5359934285857,101
1812.5360929954695,117
1817.5361925623538,119
1822.5362921292376,114
1827.5363916961219,110
1832.5364912630057,127
1837.53659082989,108
1842.5366903967738,118
1847.536789963658,108
1852.5368895305419,102
1857.5369890974262,101
1862.53708866431,131
1867.5371882311942,102
1872.537287798078,117
1877.5373873649623,105
1882.5374869318462,114
1887.5375864987304,123
1892.5376860656143,99
1897.5377856324985,106
1902.5378851993823,121
1907.5379847662666,96
1912.5380843331504,114
1917.5381839000347,110
1922.538283466919,116
1927.5383830338028,94
1932.538482600687,109
1937.538582167571,106
1942.5386817344552,116
1947.538781301339,106
1952.5388808682233,110
1957.538980435107,82
1962.5390800019914,107
1967.5391795688752,111
1972.5392791357594,106
1977.5393787026433,102
1982.5394782695275,107
1987.5395778364114,124
1992.5396774032956,98
1997.5397769701794,109
2002.5398765370637,96
2007.5399761039475,123
2012.5400756708318,126
2017.5401752377156,113
2022.5402748046,114
2027.5403743714837,99
2032.540473938368,110
2037.5405735052518,82
2042.540673072136,120
2047.54077263902,104
2052.540872205904,114
2057.540971772788,118
2062.5410713396723,106
2067.5411709065565,92
2072.5412704734404,95
2077.541370040324,96
2082.5414696072085,103
2087.5415691740927,98
2092.5416687409765,97
2097.5417683078604,112
2102.5418678747446,114
2107.541967441629,135
2112.5420670085127,105
2117.5421665753965,102
2122.542266142281,116
2127.542365709165,98
2132.542465276049,90
2137.542564842933,109
2142.542664409817,125
2147.5427639767013,115
2152.5428635435856,115
2157.5429631104694,103
2162.543062677353,112
2167.5431622442375,96
2172.5432618111217,107
2177.5433613780056,112
2182.5434609448894,88
2187.5435605117736,111
2192.543660078658,108
2197.5437596455417,99
2202.5438592124256,103
2207.54395877931,112
2212.544058346194,99
2217.544157913078,112
2222.5442574799617,107
2227.544357046846,106
2232.5444566137303,110
2237.544556180614,109
2242.544655747498,92
2247.544755314382,122
2252.5448548812665,102
2257.5449544481503,86
2262.545054015034,101
2267.5451535819184,118
2272.5452531488027,101
2277.5453527156865,126
2282.5454522825707,119
2287.5455518494546,111
2292.545651416339,100
2297.545750983223,95
2302.545850550107,107
2307.5459501169908,111
2312.546049683875,103
2317.5461492507593,105
2322.546248817643,99
2327.546348384527,99
2332.546447951411,101
2337.5465475182955,100
2342.5466470851793,103
2347.546746652063,102
2352.5468462189474,102
2357.5469457858317,99
2362.5470453527155,122
2367.5471449195993,107
2372.5472444864836,120
2377.547344053368,115
2382.5474436202517,114
2387.5475431871355,102
2392.5476427540198,96
2397.547742320904,109
2402.547841887788,117
2407.5479414546717,107
2412.548041021556,125
2417.54814058844,109
2422.5482401553245,88
2427.5483397222083,102
2432.548439289092,105
2437.5485388559764,101
2442.5486384228607,102
2447.5487379897445,98
2452.5488375566283,96
2457.5489371235126,95
2462.549036690397,105
2467.5491362572807,123
2472.5492358241645,114
2477.5493353910488,116
2482.549434957933,93
2487.549534524817,99
2492.5496340917007,110
2497.549733658585,97
2502.5498332254692,93
2507.549932792353,116
2512.550032359237,100
2517.550131926121,105
2522.5502314930054,104
2527.5503310598892,104
2532.550430626773,104
2537.5505301936573,99
2542.5506297605416,92
2547.5507293274254,144
2552.5508288943092,100
2557.5509284611935,96
2562.551028028078,77
2567.551127594962,97
2572.551227161846,111
2577.5513267287297,110
2582.551426295614,110
2587.5515258624982,93
2592.551625429382,97
2597.551724996266,103
2602.55182456315,103
2607.5519241300344,108
2612.5520236969182,116
2617.552123263802,101
2622.5522228306863,85
2627.5523223975706,120
2632.5524219644544,86
2637.5525215313382,96
2642.5526210982225,92
2647.552720665107,112
2652.5528202319906,120
2657.5529197988744,91
2662.5530193657587,122
2667.553118932643,102
2672.553218499527,92
2677.5533180664106,94
2682.553417633295,95
2687.553517200179,115
2692.553616767063,94
2697.553716333947,88
2702.553815900831,110
2707.5539154677153,103
2712.5540150345996,94
2717.5541146014834,100
2722.5542141683673,96
2727.5543137352515,91
2732.554413302136,103
2737.5545128690196,93
2742.5546124359034,109
2747.5547120027877,86
2752.554811569672,90
2757.554911136556,105
2762.5550107034396,116
2767.555110270324,97
2772.555209837208,123
2777.555309404092,113
2782.555408970976,104
2787.55550853786,99
2792.5556081047444,95
2797.555707671628,106
2802.555807238512,105
2807.5559068053963,109
2812.5560063722805,102
2817.5561059391644,87
2822.556205506048,109
2827.5563050729324,103
2832.5564046398167,105
2837.5565042067005,93
2842.556603773585,96
2847.5567033404686,95
2852.556802907353,92
2857.556902474237,100
2862.557002041121,117
2867.557101608005,113
2872.557201174889,104
2877.5573007417734,87
2882.557400308657,135
2887.557499875541,96
2892.5575994424253,98
2897.5576990093095,118
2902.5577985761934,94
2907.557898143077,76
2912.5579977099615,100
2917.5580972768457,92
2922.5581968437295,96
2927.5582964106134,97
2932.5583959774976,84
2937.558495544382,106
2942.5585951112657,79
2947.5586946781495,85
2952.558794245034,90
2957.558893811918,106
2962.558993378802,80
2967.5590929456857,105
2972.55919251257,100
2977.5592920794543,104
2982.559391646338,108
2987.5594912132224,87
2992.559590780106,87
2997.5596903469905,87
3002.5597899138747,97
3007.5598894807586,93
3012.5599890476424,81
3017.5600886145266,110
3022.560188181411,83
3027.5602877482947,99
3032.5603873151786,107
3037.560486882063,82
3042.560586448947,106
3047.560686015831,99
3052.5607855827147,89
3057.560885149599,90
3062.5609847164833,93
3067.561084283367,98
3072.561183850251,90
3077.561283417135,91
3082.5613829840195,98
3087.5614825509033,97
3092.561582117787,105
3097.5616816846714,105
3102.5617812515557,98
3107.5618808184395,91
3112.5619803853233,87
3117.5620799522076,94
3122.562179519092,102
3127.5622790859757,98
3132.56237865286,103
3137.5624782197438,91
3142.562577786628,82
3147.5626773535123,102
3152.562776920396,89
3157.56287648728,101
3162.562976054164,82
3167.5630756210485,92
3172.5631751879323,91
3177.563274754816,100
3182.5633743217004,92
3187.5634738885847,91
3192.5635734554685,97
3197.5636730223523,94
3202.5637725892366,87
3207.563872156121,94
3212.5639717230047,91
3217.5640712898885,100
3222.5641708567728,87
3227.564270423657,97
3232.564369990541,111
3237.5644695574247,108
3242.564569124309,93
3247.564668691193,95
3252.564768258077,97
3257.564867824961,86
3262.564967391845,87
3267.5650669587294,97
3272.565166525613,107
3277.5652660924975,90
3282.5653656593813,94
3287.5654652262656,81
3292.56556479315,91
3297.5656643600337,103
3302.5657639269175,101
3307.5658634938018,90
3312.565963060686,69
3317.56606262757,108
3322.5661621944537,93
3327.566261761338,89
3332.5663613282222,64
3337.566460895106,96
3342.56656046199,104
3347.566660028874,97
3352.5667595957584,88
3357.5668591626422,98
3362.566958729526,118
3367.5670582964103,88
3372.5671578632946,91
3377.5672574301784,85
3382.5673569970622,93
3387.5674565639465,98
3392.567556130831,80
3397.5676556977146,92
3402.5677552645984,106
3407.5678548314827,93
3412.567954398367,92
3417.5680539652512,103
3422.568153532135,83
3427.568253099019,73
3432.568352665903,89
3437.5684522327874,117
3442.5685517996712,81
3447.568651366555,70
3452.5687509334393,105
3457.5688505003236,89
3462.5689500672074,105
3467.5690496340912,88
3472.5691492009755,80
3477.56924876786,84
3482.5693483347436,90
3487.5694479016274,94
3492.5695474685117,84
3497.569647035396,91
3502.56974660228,96
3507.5698461691636,94
3512.569945736048,84
3517.570045302932,89
3522.570144869816,77
3527.5702444367,86
3532.570344003584,98
3537.5704435704683,101
3542.570543137352,93
3547.570642704236,93
3552.5707422711203,90
3557.5708418380045,91
3562.570941404889,87
3567.5710409717726,97
3572.5711405386564,91
3577.5712401055407,95
3582.571339672425,99
3587.571439239309,91
3592.5715388061926,94
3597.571638373077,95
3602.571737939961,98
3607.571837506845,90
3612.571937073729,93
3617.572036640613,91
3622.5721362074974,78
3627.572235774381,96
3632.572335341265,98
3637.5724349081493,97
3642.5725344750335,88
3647.5726340419174,92
3652.572733608801,98
3657.5728331756854,87
3662.5729327425697,102
3667.5730323094535,95
3672.5731318763374,89
3677.5732314432216,92
3682.573331010106,106
3687.5734305769897,99
3692.5735301438735,88
3697.573629710758,99
3702.573729277642,101
3707.5738288445264,79
3712.57392841141,96
3717.574027978294,121
3722.5741275451783,100
3727.5742271120625,92
3732.5743266789464,87
3737.57442624583,117
3742.5745258127145,101
3747.5746253795987,101
3752.5747249464825,86
3757.5748245133664,90
3762.5749240802506,128
3767.575023647135,112
3772.5751232140187,106
3777.5752227809025,108
3782.575322347787,117
3787.575421914671,84
3792.575521481555,107
3797.5756210484387,98
3802.575720615323,116
3807.5758201822073,87
3812.575919749091,102
3817.576019315975,124
3822.576118882859,96
3827.5762184497435,105
3832.5763180166273,112
3837.5764175835116,114
3842.5765171503954,104
3847.5766167172796,115
3852.576716284164,98
3857.5768158510477,109
3862.5769154179316,118
3867.577014984816,107
3872.5771145517,103
3877.577214118584,95
3882.5773136854677,94
3887.577413252352,121
3892.5775128192363,128
3897.57761238612,104
3902.577711953004,110
3907.577811519888,116
3912.5779110867725,124
3917.5780106536563,109
3922.57811022054,115
3927.5782097874244,108
3932.5783093543087,118
3937.5784089211925,130
3942.5785084880763,115
3947.5786080549606,121
3952.578707621845,126
3957.5788071887287,131
3962.5789067556125,121
3967.5790063224968,126
3972.579105889381,119
3977.579205456265,112
3982.579305023149,129
3987.579404590033,127
3992.579504156917,134
3997.5796037238015,121
4002.5797032906853,108
4007.579802857569,135
4012.5799024244534,141
4017.5800019913377,104
4022.5801015582215,138
4027.5802011251053,138
4032.5803006919896,118
4037.580400258874,123
4042.5804998257577,135
4047.5805993926415,122
4052.5806989595258,123
4057.58079852641,118
4062.580898093294,131
4067.5809976601777,131
4072.581097227062,142
4077.581196793946,135
4082.58129636083,122
4087.581395927714,165
4092.581495494598,158
4097.581595061482,123
4102.581694628367,136
4107.58179419525,150
4112.581893762134,155
4117.581993329019,140
4122.582092895902,156
4127.582192462787,161
4132.5822920296705,141
4137.582391596555,146
4142.582491163439,160
4147.582590730322,158
4152.582690297208,167
4157.582789864091,154
4162.582889430974,164
4167.5829889978595,184
4172.583088564743,170
4177.583188131627,150
4182.583287698511,177
4187.583387265395,186
4192.58348683228,164
4197.583586399163,166
4202.583685966047,158
4207.583785532932,160
4212.583885099815,157
4217.5839846666995,165
4222.584084233584,196
4227.584183800467,175
4232.584283367352,189
4237.584382934236,195
4242.584482501119,190
4247.584582068004,194
4252.584681634888,189
4257.584781201772,179
4262.584880768656,184
4267.5849803355395,210
4272.585079902425,202
4277.585179469308,195
4282.585279036192,194
4287.585378603077,211
4292.58547816996,178
4297.585577736845,192
4302.5856773037285,199
4307.585776870612,200
4312.585876437497,212
4317.58597600438,221
4322.586075571265,217
4327.586175138149,215
4332.586274705032,228
4337.5863742719175,232
4342.586473838801,183
4347.586573405684,215
4352.586672972569,212
4357.586772539453,250
4362.586872106337,223
4367.586971673221,223
4372.587071240105,239
4377.58717080699,222
4382.587270373873,221
4387.587369940757,243
4392.587469507642,250
4397.587569074525,219
4402.587668641409,229
4407.587768208294,260
4412.587867775177,233
4417.587967342062,260
4422.588066908946,222
4427.58816647583,249
4432.588266042714,285
4437.5883656095975,246
4442.588465176483,270
4447.588564743366,256
4452.588664310249,260
4457.588763877135,256
4462.588863444018,250
4467.588963010902,265
4472.5890625777865,266
4477.58916214467,265
4482.589261711555,255
4487.589361278438,271
4492.589460845322,288
4497.589560412207,255
4502.58965997909,261
4507.589759545975,279
4512.589859112859,283
4517.589958679742,271
4522.590058246627,301
4527.590157813511,284
4532.590257380394,286
4537.590356947279,273
4542.590456514163,297
4547.590556081047,287
4552.590655647931,287
4557.590755214815,298
4562.5908547817,293
4567.590954348583,321
4572.5910539154675,309
4577.591153482352,309
4582.591253049235,296
4587.59135261612,301
4592.591452183004,294
4597.591551749887,314
4602.591651316772,320
4607.591750883656,307
4612.59185045054,315
4617.591950017424,335
4622.5920495843075,281
4627.592149151193,312
4632.592248718076,325
4637.592348284959,301
4642.592447851845,322
4647.592547418728,325
4652.592646985612,302
4657.5927465524965,358
4662.59284611938,342
4667.592945686265,351
4672.593045253148,325
4677.593144820032,329
4682.593244386917,321
4687.5933439538,333
4692.5934435206855,367
4697.593543087569,334
4702.593642654452,348
4707.593742221337,351
4712.593841788221,359
4717.593941355105,323
4722.594040921989,355
4727.594140488873,346
4732.594240055758,400
4737.594339622641,312
4742.594439189525,352
4747.59453875641,360
4752.594638323293,381
4757.594737890177,363
4762.594837457062,368
4767.594937023945,386
4772.59503659083,385
4777.595136157714,415
4782.595235724597,403
4787.595335291482,359
4792.5954348583655,358
4797.59553442525,374
4802.595633992134,368
4807.595733559017,367
4812.595833125903,367
4817.595932692786,348
4822.596032259669,348
4827.5961318265545,385
4832.596231393438,372
4837.596330960323,372
4842.596430527206,376
4847.59653009409,401
4852.596629660975,408
4857.596729227858,392
4862.596828794743,355
4867.596928361627,409
4872.59702792851,360
4877.597127495395,385
4882.597227062279,394
4887.597326629162,399
4892.597426196047,410
4897.597525762931,402
4902.597625329815,411
4907.597724896699,393
4912.597824463583,399
4917.597924030468,369
4922.598023597351,374
4927.5981231642345,383
4932.59822273112,413
4937.598322298003,420
4942.598421864887,405
4947.598521431772,366
4952.598620998655,380
4957.59872056554,410
4962.5988201324235,414
4967.598919699307,421
4972.599019266192,412
4977.599118833075,411
4982.599218399961,391
4987.599317966844,417
4992.599417533727,396
4997.5995171006125,435
5002.599616667496,398
5007.59971623438,378
5012.599815801264,426
5017.599915368148,437
5022.600014935033,447
5027.600114501916,431
5032.6002140688,393
5037.600313635685,429
5042.600413202568,419
5047.6005127694525,400
5052.600612336337,412
5057.60071190322,433
5062.600811470105,425
5067.600911036989,373
5072.601010603872,417
5077.601110170757,434
5082.601209737641,416
5087.601309304525,420
5092.601408871409,449
5097.6015084382925,407
5102.601608005178,391
5107.601707572061,422
5112.601807138944,404
5117.60190670583,419
5122.602006272713,393
5127.602105839598,405
5132.6022054064815,416
5137.602304973365,420
5142.60240454025,424
5147.602504107133,475
5152.602603674018,394
5157.602703240902,449
5162.602802807785,386
5167.6029023746705,412
5172.603001941554,396
5177.603101508437,416
5182.603201075322,408
5187.603300642206,393
5192.60340020909,407
5197.603499775974,397
5202.603599342858,411
5207.603698909743,456
5212.603798476626,404
5217.60389804351,415
5222.603997610395,401
5227.604097177278,408
5232.604196744162,408
5237.604296311047,420
5242.60439587793,380
5247.604495444815,418
5252.604595011699,404
5257.604694578582,400
5262.604794145467,386
5267.6048937123505,437
5272.604993279236,427
5277.605092846119,391
5282.605192413002,438
5287.605291979888,367
5292.605391546771,424
5297.605491113655,401
5302.6055906805395,412
5307.605690247423,414
5312.605789814308,401
5317.605889381191,422
5322.605988948075,410
5327.60608851496,393
5332.606188081843,393
5337.606287648728,415
5342.606387215612,388
5347.606486782495,366
5352.60658634938,426
5357.606685916264,389
5362.606785483147,376
5367.606885050032,402
5372.606984616916,420
5377.6070841838,380
5382.607183750684,360
5387.607283317568,383
5392.607382884453,370
5397.607482451336,387
5402.60758201822,404
5407.607681585105,399
5412.607781151988,412
5417.607880718873,368
5422.607980285757,380
5427.60807985264,381
5432.608179419525,353
5437.608278986409,412
5442.608378553293,388
5447.608478120177,373
5452.6085776870605,393
5457.608677253946,356
5462.608776820829,367
5467.608876387712,372
5472.608975954598,352
5477.609075521481,370
5482.609175088365,380
5487.6092746552495,388
5492.609374222133,378
5497.609473789018,372
5502.609573355901,358
5507.609672922785,383
5512.60977248967,361
5517.609872056553,390
5522.609971623438,348
5527.610071190322,339
5532.610170757205,345
5537.61027032409,346
5542.610369890974,351
5547.610469457857,329
5552.610569024742,352
5557.610668591626,325
5562.610768158511,312
5567.610867725394,353
5572.610967292278,363
5577.611066859163,324
5582.611166426046,347
5587.61126599293,340
5592.611365559815,339
5597.611465126698,330
5602.611564693583,320
5607.611664260467,322
5612.61176382735,331
5617.611863394235,352
5622.6119629611185,346
5627.612062528003,335
5632.612162094887,323
5637.61226166177,286
5642.612361228656,328
5647.612460795539,309
5652.612560362422,314
5657.6126599293075,342
5662.612759496191,288
5667.612859063075,291
5672.612958629959,299
5677.613058196843,321
5682.613157763728,329
5687.613257330611,294
5692.613356897496,323
5697.61345646438,324
5702.613556031263,337
5707.613655598148,306
5712.613755165032,314
5717.613854731915,286
5722.6139542988,306
5727.614053865684,280
5732.614153432568,261
5737.614252999452,312
5742.614352566336,300
5747.614452133221,278
5752.614551700104,292
5757.6146512669875,277
5762.614750833873,277
5767.614850400756,304
5772.61494996764,286
5777.615049534525,266
5782.615149101408,311
5787.615248668293,279
5792.6153482351765,289
5797.61544780206,298
5802.615547368945,288
5807.615646935828,281
5812.615746502713,263
5817.615846069597,291
5822.61594563648,264
5827.6160452033655,304
5832.616144770249,267
5837.616244337133,246
5842.616343904017,261
5847.616443470901,222
5852.616543037786,259
5857.616642604669,252
5862.616742171553,246
5867.616841738438,269
5872.616941305321,247
5877.6170408722055,270
5882.61714043909,251
5887.617240005973,241
5892.617339572858,265
5897.617439139742,275
5902.617538706625,245
5907.61763827351,257
5912.617737840394,228
5917.617837407278,253
5922.617936974162,224
5927.6180365410455,216
5932.618136107931,229
5937.618235674814,271
5942.618335241697,230
5947.618434808583,231
5952.618534375466,209
5957.61863394235,216
5962.6187335092345,226
5967.618833076118,238
5972.618932643003,229
5977.619032209886,231
5982.619131776771,241
5987.619231343655,223
5992.619330910538,210
5997.6194304774235,232
6002.619530044307,199
6007.61962961119,214
6012.619729178075,193
6017.619828744959,228
6022.619928311843,202
6027.620027878727,219
6032.620127445611,210
6037.620227012496,208
6042.620326579379,211
6047.620426146263,183
6052.620525713148,184
6057.620625280031,222
6062.620724846915,195
6067.6208244138,183
6072.620923980683,183
6077.621023547568,217
6082.621123114452,198
6087.621222681335,197
6092.62132224822,183
6097.6214218151035,197
6102.621521381988,190
6107.621620948872,189
6112.621720515755,188
6117.621820082641,185
6122.621919649524,175
6127.622019216408,176
6132.6221187832925,172
6137.622218350176,167
6142.622317917061,193
6147.622417483944,169
6152.622517050828,166
6157.622616617713,180
6162.622716184596,200
6167.622815751481,175
6172.622915318365,185
6177.623014885248,177
6182.623114452133,167
6187.623214019017,173
6192.6233135859,149
6197.623413152785,150
6202.623512719669,172
6207.623612286553,195
6212.623711853437,182
6217.623811420321,166
6222.623910987206,167
6227.624010554089,150
6232.624110120973,183
6237.624209687858,158
6242.624309254741,160
6247.624408821625,134
6252.62450838851,150
6257.624607955393,153
6262.624707522278,168
6267.624807089162,166
6272.624906656046,141
6277.62500622293,162
6282.6251057898135,158
6287.625205356699,154
6292.625304923582,153
6297.625404490465,144
6302.625504057351,144
6307.625603624234,153
6312.625703191118,152
6317.6258027580025,132
6322.625902324886,152
6327.626001891771,156
6332.626101458654,146
6337.626201025538,130
6342.626300592423,139
6347.626400159306,134
6352.626499726191,144
6357.626599293075,158
6362.626698859958,151
6367.626798426843,151
6372.626897993727,130
6377.62699756061,156
6382.627097127495,130
6387.627196694379,136
6392.627296261263,125
6397.627395828147,127
6402.627495395031,139
6407.627594961916,143
6412.627694528799,123
6417.627794095683,135
6422.627893662568,122
6427.627993229451,121
6432.628092796336,140
6437.62819236322,140
6442.628291930103,137
6447.628391496988,143
6452.6284910638715,111
6457.628590630756,122
6462.62869019764,140
6467.628789764523,132
6472.628889331409,144
6477.628988898292,134
6482.629088465175,140
6487.6291880320605,158
6492.629287598944,99
6497.629387165828,126
6502.629486732712,138
6507.629586299596,140
6512.629685866481,140
6517.629785433364,124
6522.629885000248,136
6527.629984567133,112
6532.630084134016,114
6537.6301837009005,114
6542.630283267785,128
6547.630382834668,128
6552.630482401553,122
6557.630581968437,119
6562.630681535321,128
6567.630781102205,118
6572.630880669089,129
6577.630980235974,116
6582.631079802857,131
6587.6311793697405,119
6592.631278936626,129
6597.631378503509,116
6602.631478070393,117
6607.631577637278,117
6612.631677204161,119
6617.631776771046,116
6622.6318763379295,129
6627.631975904813,113
6632.632075471698,109
6637.632175038581,104
6642.632274605466,115
6647.63237417235,101
6652.632473739233,134
6657.6325733061185,119
6662.632672873002,106
6667.632772439885,114
6672.63287200677,115
6677.632971573654,128
6682.633071140539,118
6687.633170707422,107
6692.633270274306,116
6697.633369841191,126
6702.633469408074,117
6707.6335689749585,110
6712.633668541843,102
6717.633768108726,114
6722.633867675611,115
6727.633967242495,110
6732.634066809378,132
6737.634166376263,106
6742.634265943147,119
6747.634365510031,123
6752.634465076915,128
6757.6345646437985,101
6762.634664210684,110
6767.634763777567,130
6772.63486334445,103
6777.634962911336,119
6782.635062478219,107
6787.635162045103,120
6792.6352616119875,106
6797.635361178871,108
6802.635460745756,101
6807.635560312639,103
6812.635659879523,124
6817.635759446408,97
6822.635859013291,104
6827.6359585801765,92
6832.63605814706,108
6837.636157713943,100
6842.636257280828,82
6847.636356847712,117
6852.636456414596,110
6857.63655598148,107
6862.636655548364,112
6867.636755115249,96
6872.636854682132,111
6877.636954249016,94
6882.637053815901,84
6887.637153382784,113
6892.637252949668,105
6897.637352516553,97
6902.637452083436,100
6907.637551650321,92
6912.637651217205,102
6917.637750784088,89
6922.637850350973,88
6927.6379499178565,106
6932.638049484741,95
6937.638149051625,93
6942.638248618508,101
6947.638348185394,108
6952.638447752277,105
6957.63854731916,108
6962.6386468860455,96
6967.638746452929,101
6972.638846019814,91
6977.638945586697,93
6982.639045153581,82
6987.639144720466,101
6992.639244287349,80
6997.639343854234,98
7002.639443421118,96
7007.639542988001,98
7012.639642554886,110
7017.63974212177,101
7022.639841688653,89
7027.639941255538,115
7032.640040822422,102
7037.640140389306,90
7042.64023995619,85
7047.640339523074,95
7052.640439089959,110
7057.640538656842,107
7062.640638223726,99
7067.640737790611,98
7072.640837357494,117
7077.640936924378,106
7082.641036491263,90
7087.641136058146,104
7092.641235625031,96
7097.641335191915,103
7102.641434758798,105
7107.641534325683,111
7112.6416338925665,100
7117.641733459452,97
7122.641833026335,102
7127.641932593218,102
7132.642032160104,105
7137.642131726987,109
7142.642231293871,92
7147.6423308607555,96
7152.642430427639,104
7157.642529994524,121
7162.642629561407,100
7167.642729128291,120
7172.642828695176,98
7177.642928262059,106
7182.643027828944,111
7187.643127395828,113
7192.643226962711,116
7197.643326529596,98
7202.64342609648,84
7207.643525663363,93
7212.643625230248,103
7217.643724797132,96
7222.643824364016,110
7227.6439239309,110
7232.644023497784,86
7237.644123064669,123
7242.644222631552,109
7247.6443221984355,116
7252.644421765321,120
7257.644521332204,105
7262.644620899089,89
7267.644720465973,98
7272.644820032856,104
7277.644919599741,101
7282.6450191666245,92
7287.645118733509,93
7292.645218300393,116
7297.645317867276,89
7302.645417434162,109
7307.645517001045,89
7312.645616567928,90
7317.6457161348135,91
7322.645815701697,98
7327.645915268581,85
7332.646014835465,90
7337.646114402349,105
7342.646213969234,108
7347.646313536117,91
7352.646413103001,106
7357.646512669886,96
7362.646612236769,116
7367.6467118036535,110
7372.646811370538,92
7377.646910937421,102
7382.647010504306,107
7387.64711007119,95
7392.647209638073,106
7397.647309204958,99
7402.647408771842,106
7407.647508338727,110
7412.64760790561,115
7417.6477074724935,93
7422.647807039379,86
7427.647906606262,120
7432.648006173146,99
7437.648105740031,126
7442.648205306914,108
7447.648304873799,110
7452.6484044406825,102
7457.648504007566,89
7462.648603574451,101
7467.648703141334,85
7472.648802708219,110
7477.648902275103,121
7482.649001841986,88
7487.6491014088715,97
7492.649200975755,108
7497.649300542638,107
7502.649400109523,104
7507.649499676407,108
7512.649599243291,124
7517.649698810175,102
7522.649798377059,98
7527.649897943944,106
7532.649997510827,101
7537.650097077711,129
7542.650196644596,95
7547.650296211479,83
7552.650395778364,100
7557.650495345248,98
7562.650594912131,105
7567.650694479016,120
7572.6507940459,94
7577.650893612784,109
7582.650993179668,112
7587.6510927465515,100
7592.651192313437,120
7597.65129188032,105
7602.651391447203,114
7607.651491014089,111
7612.651590580972,114
7617.651690147856,107
7622.6517897147405,97
7627.651889281624,138
7632.651988848509,118
7637.652088415392,105
7642.652187982276,108
7647.652287549161,120
7652.652387116044,108
7657.652486682929,93
7662.652586249813,112
7667.652685816696,129
7672.652785383581,99
7677.652884950465,114
7682.652984517349,138
7687.653084084233,111
7692.653183651117,115
7697.653283218002,118
7702.653382784885,123
7707.653482351769,138
7712.653581918654,107
7717.653681485537,114
7722.653781052421,124
7727.653880619306,127
7732.653980186189,107
7737.654079753074,127
7742.654179319958,110
7747.654278886841,133
7752.654378453726,122
7757.6544780206095,130
7762.654577587494,131
7767.654677154378,119
7772.654776721261,116
7777.654876288147,124
7782.65497585503,109
7787.655075421913,117
7792.6551749887985,110
7797.655274555682,136
7802.655374122566,110
7807.65547368945,110
7812.655573256334,124
7817.655672823219,135
7822.655772390102,123
7827.655871956987,133
7832.655971523871,135
7837.656071090754,135
7842.656170657639,134
7847.656270224523,127
7852.656369791406,144
7857.656469358291,142
7862.656568925175,158
7867.656668492059,126
7872.656768058943,128
7877.656867625827,175
7882.656967192712,155
7887.657066759595,144
7892.657166326479,156
7897.657265893364,137
7902.657365460247,148
7907.657465027131,133
7912.657564594016,125
7917.657664160899,125
7922.657763727784,144
7927.657863294668,123
7932.657962861551,160
7937.658062428436,146
7942.6581619953195,154
7947.658261562204,160
7952.658361129088,178
7957.658460695971,153
7962.658560262857,165
7967.65865982974,149
7972.658759396624,157
7977.6588589635085,156
7982.658958530392,150
7987.659058097277,155
7992.65915766416,156
7997.659257231044,167
8002.659356797929,153
8007.659456364812,178
8012.659555931697,155
8017.659655498581,177
8022.659755065464,195
8027.659854632349,182
8032.659954199233,176
8037.660053766116,176
8042.660153333001,163
8047.660252899885,181
8052.660352466769,168
8057.660452033653,167
8062.660551600537,198
8067.660651167422,206
8072.660750734305,192
8077.6608503011885,173
8082.660949868074,182
8087.661049434957,187
8092.661149001841,202
8097.661248568726,174
8102.661348135609,190
8107.661447702494,185
8112.6615472693775,179
8117.661646836262,195
8122.661746403146,214
8127.661845970029,188
8132.661945536915,197
8137.662045103798,193
8142.662144670681,208
8147.6622442375665,211
8152.66234380445,203
8157.662443371334,235
8162.662542938218,206
8167.662642505102,194
8172.662742071987,223
8177.66284163887,205
8182.662941205754,223
8187.663040772639,233
8192.663140339522,238
8197.663239906407,251
8202.66333947329,215
8207.663439040174,219
8212.66353860706,228
8217.663638173943,237
8222.663737740826,258
8227.663837307711,237
8232.663936874595,238
8237.664036441478,223
8242.664136008363,226
8247.664235575248,268
8252.66433514213,254
8257.664434709015,247
8262.6645342759,266
8267.664633842784,267
8272.664733409667,262
8277.664832976552,243
8282.664932543435,233
8287.665032110319,255
8292.665131677204,266
8297.665231244087,252
8302.66533081097,265
8307.665430377856,279
8312.665529944741,279
8317.665629511623,269
8322.665729078508,277
8327.665828645393,298
8332.665928212275,267
8337.66602777916,297
8342.666127346045,306
8347.666226912928,282
8352.666326479812,312
8357.666426046697,328
8362.66652561358,290
8367.666625180464,331
8372.666724747349,274
8377.666824314232,299
8382.666923881116,306
8387.667023448,315
8392.667123014886,319
8397.667222581767,323
8402.667322148653,334
8407.667421715538,342
8412.667521282421,344
8417.667620849305,305
8422.66772041619,330
8427.667819983073,322
8432.667919549956,387
8437.668019116842,346
8442.668118683725,340
8447.668218250608,396
8452.668317817494,338
8457.668417384379,370
8462.66851695126,349
8467.668616518145,381
8472.66871608503,355
8477.668815651912,360
8482.668915218797,372
8487.669014785683,367
8492.669114352566,371
8497.66921391945,413
8502.669313486334,386
8507.669413053218,384
8512.669512620101,420
8517.669612186986,403
8522.66971175387,402
8527.669811320753,389
8532.669910887638,402
8537.670010454523,416
8542.670110021405,421
8547.67020958829,437
8552.670309155175,426
8557.670408722059,424
8562.670508288942,433
8567.670607855827,413
8572.67070742271,464
8577.670806989594,443
8582.67090655648,445
8587.671006123363,475
8592.671105690246,438
8597.671205257131,477
8602.671304824016,469
8607.671404390898,515
8612.671503957783,417
8617.671603524668,449
8622.67170309155,437
8627.671802658435,482
8632.67190222532,493
8637.672001792203,490
8642.672101359087,475
8647.672200925972,495
8652.672300492855,506
8657.672400059739,472
8662.672499626624,499
8667.672599193507,499
8672.67269876039,581
8677.672798327276,534
8682.672897894161,480
8687.672997461043,531
8692.673097027928,548
8697.673196594813,597
8702.673296161696,555
8707.67339572858,552
8712.673495295465,546
8717.673594862348,551
8722.673694429232,583
8727.673793996117,582
8732.673893563,589
8737.673993129883,563
8742.674092696769,543
8747.674192263654,577
8752.674291830535,596
8757.67439139742,614
8762.674490964306,592
8767.674590531187,538
8772.674690098072,611
8777.674789664958,594
8782.674889231841,609
8787.674988798724,654
8792.67508836561,597
8797.675187932493,647
8802.675287499376,633
8807.675387066261,652
8812.675486633145,628
8817.675586200028,669
8822.675685766913,663
8827.675785333799,641
8832.67588490068,649
8837.675984467565,614
8842.67608403445,685
8847.676183601334,668
8852.676283168217,653
8857.676382735102,686
8862.676482301986,658
8867.67658186887,624
8872.676681435754,702
8877.676781002638,683
8882.676880569521,704
8887.676980136406,676
8892.677079703291,716
8897.677179270173,670
8902.677278837058,673
8907.677378403943,729
8912.677477970825,712
8917.67757753771,706
8922.677677104595,708
8927.677776671479,749
8932.677876238362,729
8937.677975805247,759
8942.67807537213,729
8947.678174939014,773
8952.678274505899,814
8957.678374072782,766
8962.678473639666,749
8967.678573206551,777
8972.678672773436,787
8977.678772340318,808
8982.678871907203,793
8987.678971474088,755
8992.679071040971,824
8997.679170607855,786
9002.67927017474,787
9007.679369741623,867
9012.679469308507,846
9017.679568875392,851
9022.679668442275,764
9027.679768009159,796
9032.679867576044,815
9037.679967142929,844
9042.68006670981,860
9047.680166276696,826
9052.68026584358,834
9057.680365410462,824
9062.680464977348,851
9067.680564544233,856
9072.680664111116,864
9077.680763678,865
9082.680863244885,919
9087.680962811768,860
9092.681062378651,864
9097.681161945537,851
9102.68126151242,899
9107.681361079303,920
9112.681460646188,883
9117.681560213074,901
9122.681659779955,903
9127.68175934684,890
9132.681858913726,908
9137.681958480609,948
9142.682058047492,922
9147.682157614378,961
9152.68225718126,968
9157.682356748144,918
9162.68245631503,939
9167.682555881913,974
9172.682655448796,968
9177.682755015681,968
9182.682854582567,983
9187.682954149448,1053
9192.683053716333,992
9197.683153283218,978
9202.6832528501,945
9207.683352416985,996
9212.68345198387,1015
9217.683551550754,1025
9222.683651117637,1056
9227.683750684522,1055
9232.683850251406,1013
9237.683949818289,1056
9242.684049385174,1035
9247.68414895206,948
9252.68424851894,1074
9257.684348085826,1030
9262.684447652711,1036
9267.684547219593,1008
9272.684646786478,1051
9277.684746353363,1066
9282.684845920247,1041
9287.68494548713,1106
9292.685045054015,1182
9297.685144620898,1056
9302.685244187782,1123
9307.685343754667,1125
9312.68544332155,1057
9317.685542888434,1089
9322.685642455319,1102
9327.685742022204,1084
9332.685841589086,1139
9337.68594115597,1140
9342.686040722856,1104
9347.686140289738,1099
9352.686239856623,1104
9357.686339423508,1124
9362.686438990391,1131
9367.686538557275,1070
9372.68663812416,1120
9377.686737691043,1169
9382.686837257927,1104
9387.686936824812,1165
9392.687036391697,1176
9397.687135958578,1167
9402.687235525464,1110
9407.687335092349,1204
9412.68743465923,1170
9417.687534226116,1261
9422.687633793,1146
9427.687733359884,1126
9432.687832926767,1138
9437.687932493653,1149
9442.688032060536,1229
9447.68813162742,1189
9452.688231194305,1245
9457.688330761188,1239
9462.688430328071,1212
9467.688529894956,1298
9472.688629461842,1241
9477.688729028723,1207
9482.688828595608,1174
9487.688928162494,1242
9492.689027729375,1165
9497.68912729626,1209
9502.689226863145,1213
9507.689326430029,1259
9512.689425996912,1236
9517.689525563797,1308
9522.68962513068,1293
9527.689724697564,1229
9532.68982426445,1229
9537.689923831334,1255
9542.690023398216,1245
9547.690122965101,1217
9552.690222531986,1256
9557.690322098868,1324
9562.690421665753,1242
9567.690521232638,1235
9572.690620799522,1303
9577.690720366405,1300
9582.69081993329,1289
9587.690919500174,1284
9592.691019067057,1276
9597.691118633942,1300
9602.691218200825,1257
9607.691317767709,1280
9612.691417334594,1271
9617.69151690148,1260
9622.69161646836,1371
9627.691716035246,1310
9632.691815602131,1340
9637.691915169013,1309
9642.692014735898,1335
9647.692114302783,1324
9652.692213869666,1372
9657.69231343655,1277
9662.692413003435,1312
9667.692512570318,1303
9672.692612137202,1309
9677.692711704087,1323
9682.692811270972,1349
9687.692910837854,1377
9692.693010404739,1411
9697.693109971624,1322
9702.693209538505,1329
9707.69330910539,1364
9712.693408672276,1332
9717.69350823916,1371
9722.693607806043,1358
9727.693707372928,1344
9732.693806939811,1345
9737.693906506694,1394
9742.69400607358,1394
9747.694105640463,1348
9752.694205207346,1424
9757.694304774232,1413
9762.694404341117,1364
9767.694503907998,1401
9772.694603474883,1353
9777.694703041769,1419
9782.69480260865,1381
9787.694902175535,1409
9792.69500174242,1360
9797.695101309304,1378
9802.695200876187,1437
9807.695300443072,1429
9812.695400009956,1413
9817.69549957684,1384
9822.695599143724,1424
9827.69569871061,1393
9832.695798277491,1372
9837.695897844376,1381
9842.695997411261,1411
9847.696096978143,1422
9852.696196545028,1387
9857.696296111913,1410
9862.696395678797,1470
9867.69649524568,1457
9872.696594812565,1401
9877.696694379449,1442
9882.696793946332,1488
9887.696893513217,1452
9892.6969930801,1420
9897.697092646984,1374
9902.69719221387,1516
9907.697291780754,1466
9912.697391347636,1507
9917.697490914521,1513
9922.697590481406,1525
9927.697690048288,1478
9932.697789615173,1457
9937.697889182058,1462
9942.697988748941,1496
9947.698088315825,1501
9952.69818788271,1459
9957.698287449593,1435
9962.698387016477,1420
9967.698486583362,1450
9972.698586150247,1455
9977.698685717129,1497
9982.698785284014,1490
9987.698884850899,1492
9992.69898441778,1465
9997.699083984666,1514
10002.699183551551,1508
10007.699283118434,1491
10012.699382685318,1531
10017.699482252203,1460
10022.699581819086,1395
10027.69968138597,1485
10032.699780952855,1501
10037.699880519738,1478
10042.699980086622,1486
10047.700079653507,1460
10052.700179220392,1517
10057.700278787273,1443
10062.700378354159,1479
10067.700477921044,1574
10072.700577487925,1404
10077.70067705481,1569
10082.700776621696,1430
10087.700876188579,1428
10092.700975755462,1483
10097.701075322348,1522
10102.701174889231,1483
10107.701274456114,1467
10112.701374023,1468
10117.701473589885,1493
10122.701573156766,1491
10127.701672723651,1467
10132.701772290537,1504
10137.701871857418,1535
10142.701971424303,1471
10147.702070991189,1496
10152.702170558072,1491
10157.702270124955,1529
10162.70236969184,1429
10167.702469258724,1508
10172.702568825607,1541
10177.702668392492,1518
10182.702767959376,1490
10187.702867526259,1546
10192.702967093144,1506
10197.70306666003,1530
10202.703166226911,1504
10207.703265793796,1465
10212.703365360681,1486
10217.703464927563,1518
10222.703564494448,1543
10227.703664061333,1468
10232.703763628217,1476
10237.7038631951,1483
10242.703962761985,1526
10247.704062328869,1492
10252.704161895752,1545
10257.704261462637,1558
10262.704361029522,1489
10267.704460596404,1497
10272.704560163289,1472
10277.704659730174,1540
10282.704759297056,1495
10287.70485886394,1559
10292.704958430826,1525
10297.70505799771,1534
10302.705157564593,1468
10307.705257131478,1491
10312.705356698361,1511
10317.705456265245,1496
10322.70555583213,1533
10327.705655399013,1443
10332.705754965897,1504
10337.705854532782,1519
10342.705954099667,1423
10347.706053666549,1530
10352.706153233434,1461
10357.706252800319,1548
10362.7063523672,1413
10367.706451934086,1567
10372.70655150097,1451
10377.706651067854,1487
10382.706750634738,1523
10387.706850201623,1478
10392.706949768506,1460
10397.70704933539,1499
10402.707148902275,1571
10407.70724846916,1471
10412.707348036041,1469
10417.707447602927,1467
10422.707547169812,1430
10427.707646736693,1493
10432.707746303578,1458
10437.707845870464,1515
10442.707945437347,1510
10447.70804500423,1477
10452.708144571116,1438
10457.708244137999,1519
10462.708343704882,1479
10467.708443271767,1462
10472.70854283865,1484
10477.708642405534,1536
10482.70874197242,1539
10487.708841539305,1485
10492.708941106186,1463
10497.709040673071,1520
10502.709140239956,1491
10507.709239806838,1457
10512.709339373723,1435
10517.709438940608,1462
10522.709538507492,1460
10527.709638074375,1434
10532.70973764126,1455
10537.709837208144,1426
10542.709936775027,1500
10547.710036341912,1483
10552.710135908797,1404
10557.710235475679,1410
10562.710335042564,1406
10567.71043460945,1532
10572.71053417633,1432
10577.710633743216,1429
10582.710733310101,1364
10587.710832876985,1471
10592.710932443868,1428
10597.711032010753,1471
10602.711131577636,1435
10607.71123114452,1429
10612.711330711405,1451
10617.711430278288,1440
10622.711529845172,1464
10627.711629412057,1358
10632.711728978942,1452
10637.711828545824,1435
10642.711928112709,1397
10647.712027679594,1443
10652.712127246476,1391
10657.71222681336,1429
10662.712326380246,1402
10667.71242594713,1394
10672.712525514013,1425
10677.712625080898,1466
10682.712724647781,1353
10687.712824214665,1344
10692.71292378155,1387
10697.713023348435,1443
10702.713122915316,1414
10707.713222482202,1376
10712.713322049087,1411
10717.713421615968,1295
10722.713521182854,1345
10727.713620749739,1344
10732.713720316622,1321
10737.713819883505,1426
10742.71391945039,1358
10747.714019017274,1443
10752.714118584157,1399
10757.714218151043,1399
10762.714317717926,1357
10767.71441728481,1427
10772.714516851694,1354
10777.71461641858,1337
10782.714715985461,1372
10787.714815552346,1305
10792.714915119232,1313
10797.715014686113,1339
10802.715114252998,1318
10807.715213819884,1317
10812.715313386767,1357
10817.71541295365,1342
10822.715512520535,1334
10827.715612087419,1310
10832.715711654302,1350
10837.715811221187,1322
10842.715910788073,1333
10847.716010354954,1255
10852.71610992184,1297
10857.716209488724,1346
10862.716309055606,1316
10867.716408622491,1270
10872.716508189376,1337
10877.71660775626,1268
10882.716707323143,1252
10887.716806890028,1264
10892.716906456912,1303
10897.717006023795,1237
10902.71710559068,1265
10907.717205157564,1231
10912.717304724447,1332
10917.717404291332,1275
10922.717503858217,1232
10927.717603425099,1218
10932.717702991984,1294
10937.71780255887,1206
10942.71790212575,1191
10947.718001692636,1257
10952.718101259521,1255
10957.718200826404,1245
10962.718300393288,1257
10967.718399960173,1240
10972.718499527056,1214
10977.71859909394,1238
10982.718698660825,1207
10987.71879822771,1223
10992.718897794592,1243
10997.718997361477,1220
11002.719096928362,1179
11007.719196495244,1147
11012.719296062129,1167
11017.719395629014,1129
11022.719495195897,1166
11027.71959476278,1225
11032.719694329666,1177
11037.71979389655,1195
11042.719893463433,1184
11047.719993030318,1160
11052.720092597201,1165
11057.720192164084,1149
11062.72029173097,1136
11067.720391297855,1147
11072.720490864736,1121
11077.720590431622,1192
11082.720689998507,1130
11087.720789565388,1151
11092.720889132273,1107
11097.720988699159,1076
11102.721088266042,1155
11107.721187832925,1138
11112.72128739981,1071
11117.721386966694,1077
11122.721486533577,1167
11127.721586100462,1106
11132.721685667348,1102
11137.72178523423,1050
11142.721884801114,1051
11147.721984368,1051
11152.722083934881,1068
11157.722183501766,1043
11162.722283068651,1124
11167.722382635535,1082
11172.722482202418,1060
11177.722581769303,1036
11182.722681336187,1016
11187.72278090307,1041
11192.722880469955,1078
11197.722980036839,1087
11202.723079603722,1030
11207.723179170607,1057
11212.723278737492,1017
11217.723378304374,1002
11222.72347787126,986
11227.723577438144,1000
11232.723677005026,993
11237.723776571911,978
11242.723876138796,1009
11247.72397570568,954
11252.724075272563,1026
11257.724174839448,937
11262.724274406331,990
11267.724373973215,950
11272.7244735401,970
11277.724573106985,980
11282.724672673867,958
11287.724772240752,906
11292.724871807637,962
11297.724971374519,1009
11302.725070941404,965
11307.725170508289,956
11312.725270075172,891
11317.725369642056,908
11322.725469208941,947
11327.725568775824,937
11332.725668342708,891
11337.725767909593,910
11342.725867476476,915
11347.72596704336,877
11352.726066610245,897
11357.72616617713,917
11362.726265744011,786
11367.726365310897,884
11372.726464877782,875
11377.726564444665,840
11382.726664011549,825
11387.726763578434,829
11392.726863145317,893
11397.7269627122,852
11402.727062279086,863
11407.727161845969,851
11412.727261412852,858
11417.727360979738,830
11422.727460546623,804
11427.727560113504,819
11432.72765968039,790
11437.727759247275,799
11442.727858814156,847
11447.727958381041,778
11452.728057947927,820
11457.72815751481,810
11462.728257081693,829
11467.728356648578,786
11472.728456215462,780
11477.728555782345,727
11482.72865534923,782
11487.728754916114,781
11492.728854482997,729
11497.728954049882,784
11502.729053616767,714
11507.729153183649,749
11512.729252750534,796
11517.72935231742,729
11522.729451884303,723
11527.729551451186,755
11532.729651018071,734
11537.729750584955,750
11542.729850151838,749
11547.729949718723,769
11552.730049285607,702
11557.73014885249,685
11562.730248419375,729
11567.73034798626,721
11572.730447553142,743
11577.730547120027,697
11582.730646686912,731
11587.730746253794,641
11592.730845820679,713
11597.730945387564,713
11602.731044954447,649
11607.73114452133,676
11612.731244088216,653
11617.7313436551,621
11622.731443221983,666
11627.731542788868,690
11632.731642355751,654
11637.731741922635,637
11642.73184148952,626
11647.731941056405,636
11652.732040623287,639
11657.732140190172,635
11662.732239757057,673
11667.73233932394,653
11672.732438890824,630
11677.732538457709,649
11682.732638024592,620
11687.732737591476,619
11692.73283715836,623
11697.732936725244,618
11702.733036292128,603
11707.733135859013,601
11712.733235425898,609
11717.73333499278,608
11722.733434559665,583
11727.73353412655,555
11732.733633693431,577
11737.733733260317,596
11742.733832827202,575
11747.733932394085,550
11752.734031960968,584
11757.734131527854,541
11762.734231094737,537
11767.73433066162,565
11772.734430228506,539
11777.734529795389,548
11782.734629362272,527
11787.734728929157,489
11792.734828496043,538
11797.734928062924,518
11802.73502762981,515
11807.735127196695,535
11812.735226763578,526
11817.735326330461,501
11822.735425897346,491
11827.73552546423,508
11832.735625031113,506
11837.735724597998,534
11842.735824164882,517
11847.735923731765,521
11852.73602329865,506
11857.736122865535,490
11862.736222432417,499
11867.736321999302,488
11872.736421566187,453
11877.736521133069,453
11882.736620699954,448
11887.73672026684,459
11892.736819833723,453
11897.736919400606,460
11902.737018967491,462
11907.737118534375,431
11912.737218101258,435
11917.737317668143,490
11922.737417235026,406
11927.73751680191,421
11932.737616368795,437
11937.73771593568,430
11942.737815502562,430
11947.737915069447,393
11952.738014636332,434
11957.738114203215,402
11962.738213770099,438
11967.738313336984,379
11972.738412903867,408
11977.73851247075,399
11982.738612037636,401
11987.73871160452,385
11992.738811171403,373
11997.738910738288,387
12002.739010305173,408
12007.739109872055,392
12012.73920943894,367
12017.739309005825,393
12022.739408572706,383
12027.739508139592,357
12032.739607706477,376
12037.73970727336,364
12042.739806840244,335
12047.739906407129,356
12052.740005974012,358
12057.740105540895,351
12062.74020510778,364
12067.740304674664,344
12072.740404241547,336
12077.740503808433,355
12082.740603375318,345
12087.7407029422,353
12092.740802509084,339
12097.74090207597,343
12102.741001642853,360
12107.741101209736,356
12112.741200776622,317
12117.741300343505,302
12122.741399910388,313
12127.741499477273,291
12132.741599044157,326
12137.74169861104,336
12142.741798177925,303
12147.74189774481,345
12152.741997311692,277
12157.742096878577,312
12162.742196445462,321
12167.742296012344,283
12172.74239557923,305
12177.742495146114,301
12182.742594712998,264
12187.742694279881,296
12192.742793846766,295
12197.74289341365,255
12202.742992980533,276
12207.743092547418,262
12212.743192114302,273
12217.743291681185,276
12222.74339124807,268
12227.743490814955,264
12232.743590381837,293
12237.743689948722,246
12242.743789515607,253
12247.74388908249,243
12252.743988649374,262
12257.74408821626,235
12262.744187783142,235
12267.744287350026,235
12272.744386916911,258
12277.744486483794,241
12282.744586050678,220
12287.744685617563,219
12292.744785184448,237
12297.74488475133,241
12302.744984318215,222
12307.7450838851,245
12312.745183451982,230
12317.745283018867,209
12322.745382585752,203
12327.745482152635,232
12332.745581719519,208
12337.745681286404,183
12342.745780853287,236
12347.74588042017,215
12352.745979987056,204
12357.74607955394,208
12362.746179120822,202
12367.746278687708,188
12372.746378254593,190
12377.746477821474,200
12382.74657738836,182
12387.746676955245,188
12392.746776522128,200
12397.746876089011,208
12402.746975655897,201
12407.74707522278,204
12412.747174789663,172
12417.747274356549,198
12422.747373923432,158
12427.747473490315,178
12432.7475730572,175
12437.747672624086,197
12442.747772190967,174
12447.747871757852,140
12452.747971324738,184
12457.74807089162,183
12462.748170458504,151
12467.74827002539,154
12472.748369592273,158
12477.748469159156,154
12482.748568726041,173
12487.748668292925,152
12492.748767859808,176
12497.748867426693,173
12502.748966993577,142
12507.74906656046,142
12512.749166127345,168
12517.74926569423,168
12522.749365261112,163
12527.749464827997,171
12532.749564394882,167
12537.749663961766,177
12542.749763528649,131
12547.749863095534,131
12552.749962662418,143
12557.750062229301,127
12562.750161796186,162
12567.75026136307,128
12572.750360929953,132
12577.750460496838,142
12582.750560063723,123
12587.750659630605,133
12592.75075919749,129
12597.750858764375,118
12602.750958331257,126
12607.751057898142,129
12612.751157465027,123
12617.75125703191,132
12622.751356598794,103
12627.751456165679,121
12632.751555732562,131
12637.751655299446,110
12642.75175486633,112
12647.751854433214,115
12652.751954000098,117
12657.752053566983,113
12662.752153133868,125
12667.75225270075,126
12672.752352267635,97
12677.75245183452,105
12682.752551401403,98
12687.752650968287,104
12692.752750535172,97
12697.752850102055,106
12702.752949668939,112
12707.753049235824,102
12712.753148802707,104
12717.75324836959,110
12722.753347936476,84
12727.75344750336,115
12732.753547070242,88
12737.753646637128,82
12742.753746204013,109
12747.753845770894,100
12752.75394533778,83
12757.754044904665,92
12762.754144471548,113
12767.754244038431,97
12772.754343605317,92
12777.7544431722,85
12782.754542739083,84
12787.754642305968,84
12792.754741872852,77
12797.754841439735,86
12802.75494100662,79
12807.755040573506,80
12812.755140140387,76
12817.755239707272,81
12822.755339274157,83
12827.75543884104,69
12832.755538407924,76
12837.75563797481,75
12842.755737541693,92
12847.755837108576,85
12852.755936675461,66
12857.756036242345,71
12862.756135809228,82
12867.756235376113,75
12872.756334942998,70
12877.75643450988,66
12882.756534076765,58
12887.75663364365,76
12892.756733210532,77
12897.756832777417,72
12902.756932344302,58
12907.757031911186,72
12912.757131478069,62
12917.757231044954,64
12922.757330611837,83
12927.75743017872,63
12932.757529745606,79
12937.75762931249,69
12942.757728879373,53
12947.757828446258,58
12952.757928013143,60
12957.758027580025,56
12962.75812714691,65
12967.758226713795,65
12972.758326280678,59
12977.758425847562,68
12982.758525414447,58
12987.75862498133,47
12992.758724548214,67
12997.758824115099,68
13002.758923681982,48
13007.759023248866,43
13012.75912281575,61
13017.759222382636,52
13022.759321949517,50
13027.759421516403,60
13032.759521083288,59
13037.75962065017,43
13042.759720217055,57
13047.75981978394,61
13052.759919350823,55
13057.760018917706,36
13062.760118484592,48
13067.760218051475,53
13072.760317618358,35
13077.760417185244,46
13082.760516752127,50
13087.76061631901,47
13092.760715885895,50
13097.76081545278,32
13102.760915019662,38
13107.761014586547,43
13112.761114153433,37
13117.761213720316,44
13122.7613132872,41
13127.761412854084,42
13132.761512420968,46
13137.761611987851,34
13142.761711554736,48
13147.76181112162,39
13152.761910688503,34
13157.762010255388,38
13162.762109822273,34
13167.762209389155,36
13172.76230895604,42
13177.762408522925,32
13182.762508089807,39
13187.762607656692,39
13192.762707223577,29
13197.76280679046,47
13202.762906357344,42
13207.76300592423,39
13212.763105491113,32
13217.763205057996,33
13222.763304624881,38
13227.763404191764,40
13232.763503758648,36
13237.763603325533,33
13242.763702892418,23
13247.7638024593,40
13252.763902026185,36
13257.76400159307,31
13262.764101159953,31
13267.764200726837,35
13272.764300293722,27
13277.764399860605,22
13282.764499427489,29
13287.764598994374,19
13292.764698561257,30
13297.76479812814,26
13302.764897695026,19
13307.764997261911,30
13312.765096828793,28
13317.765196395678,28
13322.765295962563,29
13327.765395529445,28
13332.76549509633,39
13337.765594663215,28
13342.765694230098,28
13347.765793796982,31
13352.765893363867,19
13357.76599293075,23
13362.766092497634,22
13367.766192064519,26
13372.766291631404,22
13377.766391198285,24
13382.76649076517,25
13387.766590332056,19
13392.766689898937,35
13397.766789465823,27
13402.766889032708,28
13407.766988599591,21
13412.767088166474,15
13417.76718773336,22
13422.767287300243,21
13427.767386867126,11
13432.767486434012,25
13437.767586000895,14
13442.767685567778,17
13447.767785134663,17
13452.767884701549,24
13457.76798426843,18
13462.768083835315,19
13467.7681834022,21
13472.768282969082,22
13477.768382535967,17
13482.768482102852,18
13487.768581669736,19
13492.76868123662,21
13497.768780803504,11
13502.768880370388,14
13507.768979937271,22
13512.769079504156,19
13517.769179071041,19
13522.769278637923,20
13527.769378204808,18
13532.769477771693,17
13537.769577338575,22
13542.76967690546,16
13547.769776472345,19
13552.769876039229,13
13557.769975606112,12
13562.770075172997,17
13567.77017473988,21
13572.770274306764,9
13577.770373873649,18
13582.770473440532,19
13587.770573007416,14
13592.770672574301,15
13597.770772141186,9
13602.770871708068,18
13607.770971274953,12
13612.771070841838,16
13617.77117040872,8
13622.771269975605,20
13627.77136954249,14
13632.771469109373,13
13637.771568676257,11
13642.771668243142,12
13647.771767810025,13
13652.771867376909,7
13657.771966943794,10
13662.772066510679,10
13667.77216607756,10
13672.772265644446,9
13677.77236521133,18
13682.772464778212,6
13687.772564345098,8
13692.772663911983,10
13697.772763478866,15
13702.77286304575,8
13707.772962612635,7
13712.773062179518,14
13717.773161746401,9
13722.773261313287,11
13727.77336088017,14
13732.773460447053,7
13737.773560013939,8
13742.773659580824,11
13747.773759147705,6
13752.77385871459,12
13757.773958281476,7
13762.774057848357,13
13767.774157415242,11
13772.774256982128,11
13777.774356549011,7
13782.774456115894,6
13787.77455568278,10
13792.774655249663,8
13797.774754816546,6
13802.774854383431,6
13807.774953950317,10
13812.775053517198,11
13817.775153084083,6
13822.775252650968,7
13827.77535221785,5
13832.775451784735,7
13837.77555135162,9
13842.775650918504,10
13847.775750485387,10
13852.775850052272,6
13857.775949619156,10
13862.776049186039,11
13867.776148752924,8
13872.776248319808,11
13877.776347886691,4
13882.776447453576,8
13887.776547020461,10
13892.776646587343,4
13897.776746154228,6
13902.776845721113,5
13907.776945287995,5
13912.77704485488,5
13917.777144421765,9
13922.777243988648,3
13927.777343555532,7
13932.777443122417,5
13937.7775426893,3
13942.777642256184,6
13947.777741823069,5
13952.777841389954,3
13957.777940956836,9
13962.77804052372,2
13967.778140090606,7
13972.778239657488,7
13977.778339224373,6
13982.778438791258,4
13987.778538358141,7
13992.778637925025,9
13997.77873749191,7
14002.778837058793,9
14007.778936625677,5
14012.779036192562,5
14017.779135759445,9
14022.779235326328,3
14027.779334893214,5
14032.779434460099,4
14037.77953402698,13
14042.779633593866,8
14047.77973316075,2
14052.779832727632,5
14057.779932294517,6
14062.780031861403,5
14067.780131428286,7
14072.78023099517,5
14077.780330562055,6
14082.780430128938,4
14087.780529695821,4
14092.780629262706,3
14097.780728829592,1
14102.780828396473,5
14107.780927963358,3
14112.781027530244,1
14117.781127097125,2
14122.78122666401,6
14127.781326230896,3
14132.781425797779,2
14137.781525364662,4
14142.781624931547,1
14147.78172449843,1
14152.781824065314,7
14157.7819236322,2
14162.782023199083,5
14167.782122765966,2
14172.782222332851,6
14177.782321899736,4
14182.782421466618,7
14187.782521033503,1
14192.782620600388,5
14197.78272016727,1
14202.782819734155,4
14207.78291930104,1
14212.783018867924,3
14217.783118434807,2
14222.783218001692,2
14227.783317568576,1
14232.783417135459,2
14237.783516702344,1
14242.78361626923,2
14247.78371583611,3
14252.783815402996,2
14257.783914969881,2
14262.784014536763,2
14267.784114103648,2
14272.784213670533,2
14277.784313237416,2
14282.7844128043,1
14287.784512371185,4
14292.784611938068,4
14297.784711504952,2
14302.784811071837,2
14307.78491063872,1
14312.785010205604,2
14317.785109772489,3
14322.785209339374,2
14327.785308906256,3
14332.78540847314,5
14337.785508040026,0
14342.785607606907,7
14347.785707173793,2
14352.785806740678,2
14357.785906307561,1
14362.786005874445,3
14367.78610544133,1
14372.786205008213,3
14377.786304575096,2
14382.786404141982,3
14387.786503708867,4
14392.786603275748,3
14397.786702842634,6
14402.786802409519,1
14407.7869019764,0
14412.787001543285,5
14417.78710111017,0
14422.787200677054,2
14427.787300243937,4
14432.787399810823,2
14437.787499377706,0
14442.78759894459,5
14447.787698511474,2
14452.787798078358,2
14457.787897645241,1
14462.787997212126,3
14467.788096779012,3
14472.788196345893,2
14477.788295912778,2
14482.788395479663,3
14487.788495046545,3
14492.78859461343,2
14497.788694180315,0
14502.788793747199,2
14507.788893314082,2
14512.788992880967,2
14517.78909244785,2
14522.789192014734,4
14527.78929158162,0
14532.789391148504,3
14537.789490715386,2
14542.789590282271,2
14547.789689849156,4
14552.789789416038,3
14557.789888982923,2
14562.789988549808,0
14567.790088116692,0
14572.790187683575,2
14577.79028725046,1
14582.790386817343,3
14587.790486384227,0
14592.790585951112,1
14597.790685517995,1
14602.790785084879,2
14607.790884651764,0
14612.79098421865,1
14617.79108378553,1
14622.791183352416,1
14627.791282919301,1
14632.791382486183,4
14637.791482053068,2
14642.791581619953,2
14647.791681186836,3
14652.79178075372,0
14657.791880320605,1
14662.791979887488,1
14667.792079454372,2
14672.792179021257,0
14677.792278588142,4
14682.792378155023,1
14687.792477721909,2
14692.792577288794,1
14697.792676855675,2
14702.79277642256,3
14707.792875989446,0
14712.79297555633,0
14717.793075123212,4
14722.793174690098,1
14727.793274256981,1
14732.793373823864,4
14737.79347339075,4
14742.793572957633,1
14747.793672524516,0
14752.793772091401,2
14757.793871658287,2
14762.793971225168,2
14767.794070792053,2
14772.794170358939,1
14777.79426992582,0
14782.794369492705,3
14787.79446905959,3
14792.794568626474,0
14797.794668193357,3
14802.794767760242,2
14807.794867327126,4
14812.79496689401,0
14817.795066460894,1
14822.79516602778,1
14827.795265594661,1
14832.795365161546,1
14837.795464728431,0
14842.795564295313,1
14847.795663862198,2
14852.795763429083,4
14857.795862995967,2
14862.79596256285,2
14867.796062129735,1
14872.796161696619,3
14877.796261263502,0
14882.796360830387,1
14887.79646039727,1
14892.796559964154,3
14897.796659531039,0
14902.796759097924,3
14907.796858664806,0
14912.796958231691,3
14917.797057798576,2
14922.797157365458,0
14927.797256932343,3
14932.797356499228,2
14937.797456066111,3
14942.797555632995,1
14947.79765519988,2
14952.797754766763,3
14957.797854333647,2
14962.797953900532,1
14967.798053467417,3
14972.798153034299,1
14977.798252601184,0
14982.798352168069,3
14987.79845173495,1
14992.798551301836,1
14997.79865086872,3
15002.798750435604,2
15007.798850002488,3
15012.798949569373,1
15017.799049136256,2
15022.79914870314,2
15027.799248270025,1
15032.799347836908,1
15037.799447403791,5
15042.799546970677,1
15047.799646537562,3
15052.799746104443,1
15057.799845671329,1
15062.799945238214,2
15067.800044805095,1
15072.80014437198,1
15077.800243938866,2
15082.800343505749,3
15087.800443072632,1
15092.800542639518,1
15097.8006422064,0
15102.800741773284,1
15107.80084134017,3
15112.800940907055,1
15117.801040473936,2
15122.801140040821,0
15127.801239607707,1
15132.801339174588,3
15137.801438741473,2
15142.801538308358,1
15147.801637875242,3
15152.801737442125,1
15157.80183700901,3
15162.801936575894,4
15167.802036142777,3
15172.802135709662,2
15177.802235276546,2
15182.802334843429,4
15187.802434410314,1
15192.8025339772,2
15197.80263354408,2
15202.802733110966,3
15207.802832677851,3
15212.802932244733,0
15217.803031811618,3
15222.803131378503,0
15227.803230945387,3
15232.80333051227,2
15237.803430079155,3
15242.803529646038,4
15247.803629212922,1
15252.803728779807,1
15257.803828346692,1
15262.803927913574,0
15267.804027480459,0
15272.804127047344,1
15277.804226614226,2
15282.80432618111,1
15287.804425747996,2
15292.80452531488,1
15297.804624881763,1
15302.804724448648,1
15307.804824015531,3
15312.804923582415,0
15317.8050231493,2
15322.805122716183,1
15327.805222283067,1
15332.805321849952,3
15337.805421416837,1
15342.805520983718,3
15347.805620550604,2
15352.805720117489,1
15357.805819684372,0
15362.805919251256,1
15367.80601881814,0
15372.806118385024,0
15377.806217951907,4
15382.806317518793,1
15387.806417085676,0
15392.80651665256,2
15397.806616219445,2
15402.80671578633,1
15407.806815353211,2
15412.806914920096,1
15417.807014486982,0
15422.807114053863,0
15427.807213620748,0
15432.807313187634,0
15437.807412754517,0
15442.8075123214,1
15447.807611888285,1
15452.807711455169,2
15457.807811022052,0
15462.807910588937,1
15467.80801015582,2
15472.808109722704,3
15477.80820928959,1
15482.808308856474,3
15487.808408423356,2
15492.808507990241,3
15497.808607557126,3
15502.80870712401,4
15507.808806690893,2
15512.808906257778,1
15517.809005824662,3
15522.809105391545,3
15527.80920495843,5
15532.809304525314,1
15537.809404092197,2
15542.809503659082,1
15547.809603225967,1
15552.809702792849,3
15557.809802359734,2
15562.80990192662,0
15567.8100014935,3
15572.810101060386,2
15577.810200627271,4
15582.810300194154,3
15587.810399761038,2
15592.810499327923,5
15597.810598894806,3
15602.81069846169,1
15607.810798028575,1
15612.810897595458,2
15617.810997162342,1
15622.811096729227,1
15627.811196296112,3
15632.811295862994,2
15637.811395429879,4
15642.811494996764,1
15647.811594563647,3
15652.81169413053,0
15657.811793697416,0
15662.8118932643,3
15667.811992831183,2
15672.812092398068,1
15677.812191964951,3
15682.812291531834,1
15687.81239109872,4
15692.812490665605,1
15697.812590232486,1
15702.812689799372,0
15707.812789366257,3
15712.812888933138,3
15717.812988500023,0
15722.813088066909,1
15727.813187633792,4
15732.813287200675,2
15737.81338676756,1
15742.813486334444,0
15747.813585901327,4
15752.813685468212,0
15757.813785035096,0
15762.81388460198,4
15767.813984168864,2
15772.81408373575,1
15777.814183302631,4
15782.814282869516,5
15787.814382436402,1
15792.814482003285,3
15797.814581570168,1
15802.814681137053,4
15807.814780703937,2
15812.81488027082,1
15817.814979837705,0
15822.815079404589,2
15827.815178971472,1
15832.815278538357,3
15837.815378105242,1
15842.815477672124,3
15847.81557723901,0
15852.815676805894,2
15857.815776372776,2
15862.815875939661,2
15867.815975506546,2
15872.81607507343,2
15877.816174640313,2
15882.816274207198,1
15887.816373774082,2
15892.816473340965,1
15897.81657290785,1
15902.816672474733,0
15907.816772041617,0
15912.816871608502,4
15917.816971175387,2
15922.817070742269,1
15927.817170309154,3
15932.817269876039,2
15937.817369442922,1
15942.817469009806,2
15947.817568576691,5
15952.817668143574,0
15957.817767710458,1
15962.817867277343,3
15967.817966844226,1
15972.81806641111,0
15977.818165977995,1
15982.81826554488,3
15987.818365111762,0
15992.818464678647,0
15997.818564245532,2
16002.818663812413,2
16007.818763379299,2
16012.818862946184,2
16017.818962513067,1
16022.81906207995,3
16027.819161646836,1
16032.819261213719,3
16037.819360780602,1
16042.819460347488,1
16047.819559914371,0
16052.819659481254,2
16057.81975904814,1
16062.819858615025,1
16067.819958181906,6
16072.820057748791,1
16077.820157315677,3
16082.82025688256,2
16087.820356449443,3
16092.820456016329,1
16097.820555583212,0
16102.820655150095,1
16107.82075471698,1
16112.820854283864,0
16117.820953850747,3
16122.821053417632,2
16127.821152984518,2
16132.821252551399,1
16137.821352118284,0
16142.82145168517,0
16147.821551252051,1
16152.821650818936,2
16157.821750385821,2
16162.821849952705,0
16167.821949519588,1
16172.822049086473,3
16177.822148653357,1
16182.82224822024,1
16187.822347787125,3
16192.822447354009,3
16197.822546920892,1
16202.822646487777,3
16207.822746054662,1
16212.822845621544,1
16217.822945188429,2
16222.823044755314,3
16227.823144322198,4
16232.823243889081,2
16237.823343455966,1
16242.82344302285,1
16247.823542589733,2
16252.823642156618,3
16257.823741723501,0
16262.823841290385,1
16267.82394085727,1
16272.824040424155,1
16277.824139991037,2
16282.824239557922,3
16287.824339124807,0
16292.824438691689,0
16297.824538258574,0
16302.824637825459,1
16307.824737392342,2
16312.824836959226,5
16317.82493652611,0
16322.825036092994,4
16327.825135659878,2
16332.825235226763,2
16337.825334793646,2
16342.82543436053,2
16347.825533927415,1
16352.8256334943,1
16357.825733061181,0
16362.825832628067,0
16367.825932194952,2
16372.826031761835,1
16377.826131328718,3
16382.826230895604,1
16387.826330462485,2
16392.826430029374,1
16397.826529596256,1
16402.826629163137,1
16407.826728730026,1
16412.826828296907,0
16417.82692786379,1
16422.827027430678,0
16427.82712699756,0
16432.82722656444,2
16437.82732613133,1
16442.82742569821,2
16447.827525265093,1
16452.82762483198,1
16457.827724398863,1
16462.827823965745,3
16467.827923532634,1
16472.828023099515,4
16477.8281226664,0
16482.828222233285,3
16487.828321800167,0
16492.828421367052,3
16497.828520933937,0
16502.82862050082,2
16507.828720067704,0
16512.82881963459,1
16517.82891920147,1
16522.829018768356,1
16527.82911833524,2
16532.829217902123,0
16537.82931746901,0
16542.829417035893,0
16547.829516602775,0
16552.829616169663,3
16557.829715736545,0
16562.829815303427,0
16567.829914870315,0
16572.830014437197,2
16577.83011400408,1
16582.830213570967,2
16587.83031313785,0
16592.83041270473,1
16597.83051227162,2
16602.8306118385,1
16607.830711405382,1
16612.83081097227,2
16617.830910539153,0
16622.831010106038,3
16627.831109672923,1
16632.831209239805,0
16637.83130880669,1
16642.831408373575,0
16647.831507940457,1
16652.83160750734,0
16657.831707074227,1
16662.83180664111,0
16667.831906207994,0
16672.83200577488,0
16677.83210534176,0
16682.83220490865,0
16687.83230447553,0
16692.832404042412,1
16697.8325036093,1
16702.832603176183,1
16707.832702743064,1
16712.832802309953,1
16717.832901876835,2
16722.833001443716,1
16727.833101010605,0
16732.833200577486,2
16737.833300144368,0
16742.833399711257,4
16747.83349927814,1
16752.83359884502,1
16757.83369841191,3
16762.83379797879,2
16767.833897545675,1
16772.83399711256,3
16777.834096679442,1
16782.834196246327,1
16787.834295813213,0
16792.834395380094,0
16797.83449494698,0
16802.834594513864,3
16807.834694080746,0
16812.83479364763,0
16817.834893214516,1
16822.834992781398,1
16827.835092348287,0
16832.83519191517,0
16837.83529148205,0
16842.83539104894,3
16847.83549061582,2
16852.8355901827,1
16857.83568974959,1
16862.835789316472,2
16867.835888883354,3
16872.835988450242,2
16877.836088017124,0
16882.836187584006,2
16887.836287150894,2
16892.836386717776,1
16897.836486284657,2
16902.836585851546,0
16907.836685418428,3
16912.836784985313,2
16917.836884552198,1
16922.83698411908,0
16927.837083685965,0
16932.83718325285,0
16937.83728281973,0
16942.837382386617,0
16947.837481953502,0
16952.837581520384,0
16957.83768108727,0
16962.837780654154,0
16967.837880221035,1
16972.837979787924,2
16977.838079354806,2
16982.838178921687,1
16987.838278488576,0
16992.838378055458,1
16997.83847762234,0
17002.838577189228,0
17007.83867675611,0
17012.83877632299,2
17017.83887588988,1
17022.83897545676,3
17027.839075023643,1
17032.839174590532,2
17037.839274157413,1
17042.839373724295,2
17047.839473291184,1
17052.839572858065,0
17057.83967242495,1
17062.839771991836,1
17067.839871558717,1
17072.839971125602,5
17077.840070692488,1
17082.84017025937,3
17087.840269826254,1
17092.84036939314,0
17097.84046896002,1
17102.840568526906,0
17107.84066809379,0
17112.840767660673,1
17117.840867227562,3
17122.840966794443,3
17127.841066361325,0
17132.841165928214,1
17137.841265495095,1
17142.841365061977,1
17147.841464628866,0
17152.841564195747,4
17157.84166376263,1
17162.841763329518,0
17167.8418628964,1
17172.84196246328,2
17177.84206203017,2
17182.84216159705,2
17187.842261163933,0
17192.84236073082,0
17197.842460297703,4
17202.842559864588,1
17207.842659431473,2
17212.842758998355,0
17217.84285856524,1
17222.842958132125,2
17227.843057699007,0
17232.843157265892,0
17237.843256832777,0
17242.84335639966,0
17247.843455966544,0
17252.84355553343,0
17257.84365510031,1
17262.8437546672,1
17267.84385423408,1
17272.843953800962,1
17277.84405336785,0
17282.844152934733,1
17287.844252501614,1
17292.844352068503,0
17297.844451635385,0
17302.844551202266,1
17307.844650769155,1
17312.844750336037,2
17317.84484990292,3
17322.844949469807,6
17327.84504903669,0
17332.84514860357,0
17337.84524817046,1
17342.84534773734,0
17347.845447304226,3
17352.84554687111,2
17357.845646437992,0
17362.845746004878,0
17367.845845571763,3
17372.845945138644,2
17377.84604470553,0
17382.846144272415,0
17387.846243839296,2
17392.84634340618,0
17397.846442973067,1
17402.846542539948,1
17407.846642106837,0
17412.84674167372,2
17417.8468412406,0
17422.84694080749,0
17427.84704037437,0
17432.847139941252,0
17437.84723950814,2
17442.847339075022,0
17447.847438641904,1
17452.847538208793,1
17457.847637775674,1
17462.847737342556,0
17467.847836909445,1
17472.847936476326,1
17477.848036043208,0
17482.848135610097,0
17487.848235176978,1
17492.848334743863,1
17497.84843431075,0
17502.84853387763,2
17507.848633444515,0
17512.8487330114,0
17517.848832578282,1
17522.848932145167,0
17527.849031712052,3
17532.849131278934,1
17537.84923084582,2
17542.849330412704,0
17547.849429979586,1
17552.849529546475,1
17557.849629113356,0
17562.849728680238,1
17567.849828247126,0
17572.849927814008,0
17577.85002738089,0
17582.85012694778,0
17587.85022651466,1
17592.85032608154,3
17597.85042564843,1
17602.85052521531,3
17607.850624782193,0
17612.850724349082,2
17617.850823915964,1
17622.850923482845,2
17627.851023049734,0
17632.851122616616,0
17637.8512221835,1
17642.851321750386,1
17647.851421317268,1
17652.851520884153,2
17657.851620451038,0
17662.85172001792,3
17667.851819584805,1
17672.85191915169,1
17677.85201871857,0
17682.852118285457,0
17687.85221785234,2
17692.852317419223,0
17697.852416986112,3
17702.852516552994,0
17707.852616119875,1
17712.852715686764,1
17717.852815253646,1
17722.852914820527,1
17727.853014387416,1
17732.853113954297,0
17737.85321352118,1
17742.853313088068,1
17747.85341265495,1
17752.85351222183,1
17757.85361178872,1
17762.8537113556,0
17767.853810922483,3
17772.85391048937,0
17777.854010056253,1
17782.85410962314,0
17787.854209190024,1
17792.854308756905,2
17797.85440832379,0
17802.854507890675,1
17807.854607457557,0
17812.854707024442,2
17817.854806591327,0
17822.85490615821,1
17827.855005725094,0
17832.85510529198,1
17837.85520485886,0
17842.85530442575,1
17847.85540399263,1
17852.855503559513,2
17857.8556031264,0
17862.855702693283,1
17867.855802260165,1
17872.855901827053,1
17877.856001393935,1
17882.856100960817,3
17887.856200527705,0
17892.856300094587,1
17897.85639966147,1
17902.856499228357,1
17907.85659879524,0
17912.85669836212,1
17917.85679792901,2
17922.85689749589,1
17927.856997062776,0
17932.85709662966,1
17937.857196196543,1
17942.857295763428,0
17947.857395330313,2
17952.857494897195,2
17957.85759446408,1
17962.857694030965,0
17967.857793597846,1
17972.85789316473,2
17977.857992731617,1
17982.8580922985,0
17987.858191865387,0
17992.85829143227,3
17997.85839099915,1
18002.85849056604,1
18007.85859013292,1
18012.858689699802,2
18017.85878926669,0
18022.858888833573,0
18027.858988400454,2
18032.859087967343,2
18037.859187534224,0
18042.859287101106,1
18047.859386667995,1
18052.859486234876,0
18057.859585801758,1
18062.859685368647,3
18067.85978493553,0
18072.859884502413,1
18077.8599840693,1
18082.86008363618,0
18087.860183203065,1
18092.86028276995,1
18097.860382336832,0
18102.860481903717,0
18107.860581470602,2
18112.860681037484,4
18117.86078060437,1
18122.860880171254,0
18127.860979738136,1
18132.861079305025,1
18137.861178871906,2
18142.861278438788,2
18147.861378005677,1
18152.86147757256,2
18157.86157713944,2
18162.86167670633,0
18167.86177627321,1
18172.86187584009,4
18177.86197540698,0
18182.862074973862,0
18187.862174540744,2
18192.862274107632,2
18197.862373674514,0
18202.862473241395,2
18207.862572808284,1
18212.862672375166,2
18217.86277194205,4
18222.862871508936,0
18227.862971075818,3
18232.863070642703,1
18237.863170209588,0
18242.86326977647,2
18247.863369343355,0
18252.86346891024,2
18257.86356847712,2
18262.863668044007,1
18267.863767610892,1
18272.863867177773,0
18277.863966744662,4
18282.864066311544,0
18287.864165878425,2
18292.864265445314,0
18297.864365012196,1
18302.864464579077,2
18307.864564145966,0
18312.864663712848,2
18317.86476327973,1
18322.864862846618,0
18327.8649624135,2
18332.86506198038,3
18337.86516154727,2
18342.86526111415,1
18347.865360681033,1
18352.865460247922,1
18357.865559814803,2
18362.86565938169,1
18367.865758948574,2
18372.865858515455,1
18377.86595808234,0
18382.866057649226,1
18387.866157216107,1
18392.866256782992,0
18397.866356349878,1
18402.86645591676,1
18407.866555483644,1
18412.86665505053,2
18417.86675461741,2
18422.8668541843,0
18427.86695375118,3
18432.867053318063,0
18437.86715288495,0
18442.867252451833,3
18447.867352018715,3
18452.867451585604,3
18457.867551152485,1
18462.867650719367,2
18467.867750286256,0
18472.867849853137,2
18477.86794942002,1
18482.868048986908,1
18487.86814855379,1
18492.868248120674,0
18497.86834768756,2
18502.86844725444,0
18507.868546821326,0
18512.86864638821,4
18517.868745955093,1
18522.868845521978,0
18527.868945088863,2
18532.869044655745,1
18537.86914422263,1
18542.869243789515,1
18547.869343356397,3
18552.869442923282,1
18557.869542490167,0
18562.86964205705,3
18567.869741623937,3
18572.86984119082,1
18577.8699407577,0
18582.87004032459,3
18587.87013989147,2
18592.870239458352,1
18597.87033902524,2
18602.870438592123,3
18607.870538159004,2
18612.870637725893,6
18617.870737292775,3
18622.870836859656,2
18627.870936426545,3
18632.871035993427,1
18637.87113556031,6
18642.871235127197,1
18647.87133469408,2
18652.871434260964,1
18657.87153382785,2
18662.87163339473,2
18667.871732961616,3
18672.8718325285,0
18677.871932095382,1
18682.872031662268,2
18687.872131229153,2
18692.872230796034,3
18697.87233036292,2
18702.872429929805,1
18707.872529496686,1
18712.872629063575,1
18717.872728630457,0
18722.872828197338,1
18727.872927764227,2
18732.87302733111,1
18737.87312689799,3
18742.87322646488,2
18747.87332603176,0
18752.873425598642,0
18757.87352516553,1
18762.873624732412,3
18767.873724299294,4
18772.873823866183,4
18777.873923433064,2
18782.87402299995,4
18787.874122566835,1
18792.874222133716,1
18797.8743217006,1
18802.874421267486,3
18807.874520834368,1
18812.874620401253,1
18817.87471996814,3
18822.87481953502,0
18827.874919101905,0
18832.87501866879,0
18837.875118235672,2
18842.875217802557,3
18847.875317369442,2
18852.875416936324,0
18857.875516503213,1
18862.875616070094,0
18867.875715636976,3
18872.875815203864,3
18877.875914770746,1
18882.876014337628,2
18887.876113904516,2
18892.876213471398,1
18897.87631303828,2
18902.87641260517,1
18907.87651217205,1
18912.87661173893,2
18917.87671130582,0
18922.8768108727,0
18927.876910439587,3
18932.877010006472,5
18937.877109573354,0
18942.87720914024,7
18947.877308707124,3
18952.877408274006,0
18957.87750784089,3
18962.877607407776,1
18967.877706974657,2
18972.877806541543,2
18977.877906108428,1
18982.87800567531,0
18987.878105242195,1
18992.87820480908,2
18997.87830437596,1
19002.87840394285,4
19007.87850350973,1
19012.878603076613,0
19017.878702643502,1
19022.878802210384,1
19027.878901777265,2
19032.879001344154,5
19037.879100911035,2
19042.879200477917,0
19047.879300044806,0
19052.879399611687,2
19057.87949917857,2
19062.879598745458,2
19067.87969831234,1
19072.879797879224,2
19077.87989744611,4
19082.87999701299,0
19087.880096579876,1
19092.88019614676,2
19097.880295713643,1
19102.88039528053,2
19107.880494847414,5
19112.880594414295,1
19117.88069398118,4
19122.880793548065,2
19127.880893114947,2
19132.880992681832,1
19137.881092248717,2
19142.8811918156,5
19147.881291382488,3
19152.88139094937,2
19157.88149051625,2
19162.88159008314,2
19167.88168965002,2
19172.881789216903,0
19177.88188878379,4
19182.881988350673,4
19187.882087917555,4
19192.882187484443,2
19197.882287051325,2
19202.882386618207,1
19207.882486185095,3
19212.882585751977,1
19217.882685318862,1
19222.882784885747,1
19227.88288445263,1
19232.882984019514,0
19237.8830835864,2
19242.88318315328,2
19247.883282720166,3
19252.88338228705,1
19257.883481853933,5
19262.883581420818,2
19267.883680987703,0
19272.883780554585,1
19277.88388012147,4
19282.883979688355,1
19287.884079255236,4
19292.884178822125,3
19297.884278389007,4
19302.88437795589,1
19307.884477522777,2
19312.88457708966,5
19317.88467665654,1
19322.88477622343,0
19327.88487579031,2
19332.884975357192,2
19337.88507492408,3
19342.885174490963,2
19347.885274057844,2
19352.885373624733,2
19357.885473191614,1
19362.8855727585,2
19367.885672325385,0
19372.885771892266,4
19377.88587145915,2
19382.885971026037,1
19387.88607059292,1
19392.886170159803,0
19397.88626972669,0
19402.88636929357,1
19407.886468860455,0
19412.88656842734,3
19417.886667994222,1
19422.886767561107,2
19427.886867127992,4
19432.886966694874,2
19437.887066261763,1
19442.887165828644,2
19447.887265395526,3
19452.887364962415,3
19457.887464529296,1
19462.887564096178,2
19467.887663663067,1
19472.887763229948,4
19477.88786279683,1
19482.88796236372,1
19487.8880619306,3
19492.88816149748,6
19497.88826106437,1
19502.888360631252,3
19507.888460198137,1
19512.888559765022,0
19517.888659331904,1
19522.88875889879,2
19527.888858465674,1
19532.888958032556,2
19537.88905759944,1
19542.889157166326,3
19547.889256733208,2
19552.889356300093,1
19557.889455866978,0
19562.88955543386,5
19567.889655000745,0
19572.88975456763,1
19577.88985413451,1
19582.8899537014,3
19587.890053268282,2
19592.890152835163,1
19597.890252402052,2
19602.890351968934,2
19607.890451535815,0
19612.890551102704,1
19617.890650669586,2
19622.890750236467,3
19627.890849803356,4
19632.890949370238,4
19637.89104893712,6
19642.891148504008,3
19647.89124807089,6
19652.891347637775,4
19657.89144720466,2
19662.89154677154,2
19667.891646338427,1
19672.891745905312,2
19677.891845472193,3
19682.89194503908,3
19687.892044605964,3
19692.892144172845,4
19697.89224373973,0
19702.892343306616,2
19707.892442873497,0
19712.892542440382,1
19717.892642007268,3
19722.89274157415,0
19727.892841141038,5
19732.89294070792,3
19737.8930402748,3
19742.89313984169,3
19747.89323940857,2
19752.893338975453,3
19757.89343854234,2
19762.893538109223,3
19767.893637676105,3
19772.893737242994,5
19777.893836809875,4
19782.893936376757,4
19787.894035943646,1
19792.894135510527,1
19797.894235077412,5
19802.894334644297,4
19807.89443421118,2
19812.894533778064,1
19817.89463334495,2
19822.89473291183,1
19827.894832478716,3
19832.8949320456,2
19837.895031612483,3
19842.895131179368,1
19847.895230746253,2
19852.895330313135,4
19857.89542988002,2
19862.895529446905,2
19867.895629013787,4
19872.895728580675,1
19877.895828147557,5
19882.89592771444,2
19887.896027281327,1
19892.89612684821,1
19897.89622641509,6
19902.89632598198,3
19907.89642554886,3
19912.896525115742,2
19917.89662468263,1
19922.896724249513,0
19927.896823816394,3
19932.896923383283,2
19937.897022950165,3
19942.89712251705,0
19947.897222083935,4
19952.897321650817,4
19957.8974212177,3
19962.897520784587,2
19967.89762035147,1
19972.897719918354,2
19977.89781948524,2
19982.89791905212,1
19987.898018619006,2
19992.89811818589,2
19997.898217752772,4
20002.898317319658,4
20007.898416886543,4
20012.898516453424,1
20017.898616020313,3
20022.898715587195,2
20027.898815154076,3
20032.898914720965,1
20037.899014287847,1
20042.899113854728,1
20047.899213421617,2
20052.8993129885,4
20057.89941255538,1
20062.89951212227,6
20067.89961168915,1
20072.899711256032,4
20077.89981082292,4
20082.899910389802,2
20087.900009956687,2
20092.900109523573,2
20097.900209090454,0
20102.90030865734,2
20107.900408224225,1
20112.900507791106,3
20117.90060735799,1
20122.900706924876,0
20127.900806491758,3
20132.900906058643,2
20137.90100562553,3
20142.90110519241,3
20147.901204759295,4
20152.90130432618,2
20157.90140389306,2
20162.90150345995,3
20167.901603026832,2
20172.901702593714,3
20177.901802160603,5
20182.901901727484,3
20187.902001294366,3
20192.902100861254,1
20197.902200428136,1
20202.902299995018,2
20207.902399561906,6
20212.902499128788,4
20217.90259869567,4
20222.90269826256,1
20227.90279782944,2
20232.902897396325,7
20237.90299696321,3
20242.90309653009,5
20247.903196096977,5
20252.903295663862,1
20257.903395230744,3
20262.90349479763,2
20267.903594364514,3
20272.903693931396,2
20277.90379349828,3
20282.903893065166,3
20287.903992632047,5
20292.904092198933,2
20297.904191765818,2
20302.9042913327,1
20307.904390899588,2
20312.90449046647,3
20317.90459003335,4
20322.90468960024,1
20327.90478916712,2
20332.904888734003,5
20337.904988300892,2
20342.905087867774,2
20347.905187434655,2
20352.905287001544,3
20357.905386568425,4
20362.905486135307,2
20367.905585702196,4
20372.905685269077,5
20377.905784835963,1
20382.905884402848,5
20387.90598396973,0
20392.906083536614,2
20397.9061831035,1
20402.90628267038,0
20407.906382237266,1
20412.90648180415,1
20417.906581371033,4
20422.90668093792,1
20427.906780504803,4
20432.906880071685,3
20437.90697963857,4
20442.907079205455,1
20447.907178772337,5
20452.907278339226,5
20457.907377906107,0
20462.90747747299,4
20467.907577039878,1
20472.90767660676,2
20477.90777617364,4
20482.90787574053,7
20487.90797530741,4
20492.908074874293,4
20497.90817444118,4
20502.908274008063,3
20507.908373574945,4
20512.908473141833,3
20517.908572708715,3
20522.9086722756,1
20527.908771842485,2
20532.908871409367,3
20537.908970976252,4
20542.909070543137,2
20547.90917011002,3
20552.909269676904,2
20557.90936924379,3
20562.90946881067,1
20567.909568377556,5
20572.90966794444,2
20577.909767511323,5
20582.909867078208,1
20587.909966645093,3
20592.910066211974,3
20597.910165778863,1
20602.910265345745,3
20607.910364912626,4
20612.910464479515,2
20617.910564046397,1
20622.91066361328,4
20627.910763180167,4
20632.91086274705,3
20637.91096231393,1
20642.91106188082,2
20647.9111614477,5
20652.911261014582,4
20657.91136058147,5
20662.911460148352,3
20667.911559715238,0
20672.911659282123,6
20677.911758849004,4
20682.91185841589,5
20687.911957982775,2
20692.912057549656,3
20697.91215711654,1
20702.912256683427,2
20707.91235625031,4
20712.912455817193,2
20717.91255538408,1
20722.91265495096,2
20727.912754517845,0
20732.91285408473,4
20737.912953651612,2
20742.9130532185,3
20747.913152785382,6
20752.913252352264,4
20757.913351919153,2
20762.913451486034,3
20767.913551052916,4
20772.913650619805,5
20777.913750186686,2
20782.913849753568,1
20787.913949320457,4
20792.914048887338,4
20797.91414845422,2
20802.91424802111,4
20807.91434758799,3
20812.914447154875,1
20817.91454672176,4
20822.914646288642,2
20827.914745855527,3
20832.914845422412,1
20837.914944989294,1
20842.91504455618,2
20847.915144123064,2
20852.915243689946,4
20857.91534325683,1
20862.915442823716,3
20867.915542390598,3
20872.915641957483,3
20877.915741524368,4
20882.91584109125,4
20887.91594065814,5
20892.91604022502,1
20897.9161397919,1
20902.91623935879,1
20907.916338925672,2
20912.916438492553,1
20917.916538059442,2
20922.916637626324,3
20927.916737193205,5
20932.916836760094,5
20937.916936326976,1
20942.917035893857,2
20947.917135460746,1
20952.917235027628,2
20957.917334594513,1
20962.917434161398,1
20967.91753372828,1
20972.917633295165,3
20977.91773286205,1
20982.91783242893,1
20987.917931995817,2
20992.9180315627,1
20997.918131129583,1
21002.91823069647,1
21007.918330263354,3
21012.918429830235,3
21017.91852939712,2
21022.918628964006,1
21027.918728530887,3
21032.918828097776,5
21037.918927664658,0
21042.91902723154,3
21047.919126798428,1
21052.91922636531,5
21057.91932593219,0
21062.91942549908,2
21067.91952506596,5
21072.919624632843,2
21077.91972419973,1
21082.919823766613,4
21087.919923333495,1
21092.920022900384,4
21097.920122467265,5
21102.92022203415,4
21107.920321601036,3
21112.920421167917,3
21117.920520734802,1
21122.920620301687,0
21127.92071986857,1
21132.920819435454,3
21137.92091900234,5
21142.92101856922,2
21147.921118136106,5
21152.92121770299,1
21157.921317269873,1
21162.921416836758,3
21167.921516403643,2
21172.921615970525,2
21177.921715537414,0
21182.921815104295,2
21187.921914671177,4
21192.922014238065,0
21197.922113804947,3
21202.92221337183,7
21207.922312938717,2
21212.9224125056,3
21217.92251207248,2
21222.92261163937,1
21227.92271120625,2
21232.922810773132,3
21237.92291034002,1
21242.923009906903,2
21247.923109473788,3
21252.923209040673,5
21257.923308607555,2
21262.92340817444,1
21267.923507741325,3
21272.923607308207,3
21277.92370687509,1
21282.923806441977,2
21287.92390600886,1
21292.924005575744,2
21297.92410514263,0
21302.92420470951,3
21307.924304276396,3
21312.92440384328,2
21317.924503410162,2
21322.92460297705,1
21327.924702543933,1
21332.924802110814,0
21337.924901677703,3
21342.925001244585,1
21347.925100811466,2
21352.925200378355,3
21357.925299945236,4
21362.925399512118,2
21367.925499079007,1
21372.92559864589,3
21377.92569821277,5
21382.92579777966,3
21387.92589734654,0
21392.925996913425,7
21397.92609648031,2
21402.926196047192,1
21407.926295614077,1
21412.926395180963,2
21417.926494747844,2
21422.92659431473,0
21427.926693881614,2
21432.926793448496,0
21437.92689301538,1
21442.926992582266,1
21447.927092149148,4
21452.927191716033,1
21457.92729128292,0
21462.9273908498,5
21467.92749041669,4
21472.92758998357,4
21477.92768955045,2
21482.92778911734,1
21487.927888684222,3
21492.927988251104,1
21497.928087817992,9
21502.928187384874,2
21507.928286951756,1
21512.928386518644,3
21517.928486085526,4
21522.928585652407,1
21527.928685219296,1
21532.928784786178,1
21537.928884353063,0
21542.92898391995,3
21547.92908348683,1
21552.929183053715,2
21557.9292826206,2
21562.92938218748,3
21567.929481754367,1
21572.929581321252,1
21577.929680888134,3
21582.92978045502,1
21587.929880021904,1
21592.929979588785,1
21597.93007915567,0
21602.930178722556,1
21607.930278289437,2
21612.930377856326,2
21617.930477423208,1
21622.93057699009,2
21627.930676556978,2
21632.93077612386,4
21637.93087569074,0
21642.93097525763,4
21647.93107482451,1
21652.931174391393,1
21657.931273958282,2
21662.931373525164,3
21667.931473092045,4
21672.931572658934,1
21677.931672225815,0
21682.9317717927,3
21687.931871359586,3
21692.931970926467,1
21697.932070493353,0
21702.932170060238,2
21707.93226962712,2
21712.932369194004,3
21717.93246876089,3
21722.93256832777,2
21727.932667894656,3
21732.93276746154,1
21737.932867028423,1
21742.93296659531,2
21747.933066162193,0
21752.933165729075,3
21757.933265295964,4
21762.933364862845,2
21767.933464429727,1
21772.933563996616,3
21777.933663563497,1
21782.93376313038,2
21787.933862697268,0
21792.93396226415,2
21797.93406183103,6
21802.93416139792,1
21807.9342609648,1
21812.934360531683,3
21817.93446009857,2
21822.934559665453,4
21827.934659232338,0
21832.934758799223,3
21837.934858366105,2
21842.93495793299,2
21847.935057499875,2
21852.935157066757,2
21857.935256633642,3
21862.935356200527,0
21867.93545576741,2
21872.935555334294,0
21877.93565490118,3
21882.93575446806,4
21887.935854034946,1
21892.93595360183,2
21897.936053168713,1
21902.9361527356,2
21907.936252302483,1
21912.936351869364,1
21917.936451436253,2
21922.936551003135,1
21927.936650570016,3
21932.936750136905,1
21937.936849703787,1
21942.93694927067,2
21947.937048837557,2
21952.93714840444,1
21957.93724797132,2
21962.93734753821,1
21967.93744710509,2
21972.937546671976,4
21977.93764623886,2
21982.937745805742,2
21987.937845372628,2
21992.937944939513,0
21997.938044506394,2
22002.93814407328,2
22007.938243640165,2
22012.938343207046,5
22017.93844277393,3
22022.938542340817,3
22027.9386419077,1
22032.938741474583,1
22037.93884104147,4
22042.93894060835,2
22047.93904017524,4
22052.93913974212,4
22057.939239309002,1
22062.93933887589,4
22067.939438442772,1
22072.939538009654,1
22077.939637576543,4
22082.939737143424,3
22087.939836710306,2
22092.939936277195,1
22097.940035844076,2
22102.940135410958,0
22107.940234977847,1
22112.940334544728,2
22117.940434111613,1
22122.9405336785,2
22127.94063324538,1
22132.940732812265,4
22137.94083237915,2
22142.940931946032,2
22147.941031512917,2
22152.941131079802,2
22157.941230646684,1
22162.94133021357,1
22167.941429780454,4
22172.941529347336,1
22177.94162891422,5
22182.941728481106,2
22187.941828047988,2
22192.941927614876,2
22197.942027181758,2
22202.94212674864,2
22207.94222631553,3
22212.94232588241,0
22217.94242544929,1
22222.94252501618,1
22227.942624583062,0
22232.942724149943,2
22237.942823716832,2
22242.942923283714,0
22247.943022850595,0
22252.943122417484,0
22257.943221984366,1
22262.94332155125,0
22267.943421118136,0
22272.943520685018,3
22277.943620251903,0
22282.943719818788,3
22287.94381938567,0
22292.943918952555,0
22297.94401851944,2
22302.94411808632,1
22307.944217653207,0
22312.94431722009,1
22317.944416786973,0
22322.94451635386,2
22327.944615920744,0
22332.944715487625,2
22337.944815054514,1
22342.944914621396,2
22347.945014188277,1
22352.945113755166,1
22357.945213322047,0
22362.94531288893,3
22367.945412455818,0
22372.9455120227,0
22377.94561158958,0
22382.94571115647,0
22387.94581072335,2
22392.945910290233,1
22397.94600985712,2
22402.946109424003,2
22407.94620899089,0
22412.946308557774,0
22417.946408124655,2
22422.94650769154,0
22427.946607258426,2
22432.946706825307,0
22437.946806392192,3
22442.946905959077,1
22447.94700552596,1
22452.947105092844,2
22457.94720465973,1
22462.94730422661,1
22467.947403793496,0
22472.94750336038,1
22477.947602927263,3
22482.94770249415,1
22487.947802061033,0
22492.947901627915,0
22497.948001194804,1
22502.948100761685,1
22507.948200328567,1
22512.948299895455,2
22517.948399462337,2
22522.94849902922,1
22527.948598596107,0
22532.94869816299,1
22537.94879772987,1
22542.94889729676,1
22547.94899686364,1
22552.949096430526,2
22557.94919599741,0
22562.949295564293,2
22567.949395131178,0
22572.949494698063,1
22577.949594264945,2
22582.94969383183,0
22587.949793398715,1
22592.949892965597,4
22597.94999253248,0
22602.950092099367,2
22607.95019166625,2
22612.950291233137,0
22617.95039080002,0
22622.9504903669,2
22627.95058993379,1
22632.95068950067,0
22637.950789067552,0
22642.95088863444,1
22647.950988201323,0
22652.951087768204,1
22657.951187335093,0
22662.951286901975,0
22667.951386468856,0
22672.951486035745,2
22677.951585602626,1
22682.951685169508,0
22687.951784736397,3
22692.95188430328,0
22697.951983870164,2
22702.95208343705,0
22707.95218300393,0
22712.952282570815,1
22717.9523821377,1
22722.952481704582,1
22727.952581271467,0
22732.952680838353,0
22737.952780405234,0
22742.95287997212,0
22747.952979539004,0
22752.953079105886,1
22757.953178672775,0
22762.953278239656,1
22767.953377806538,0
22772.953477373427,1
22777.95357694031,1
22782.95367650719,2
22787.95377607408,1
22792.95387564096,0
22797.95397520784,0
22802.95407477473,1
22807.954174341612,1
22812.954273908494,1
22817.954373475382,0
22822.954473042264,0
22827.954572609146,1
22832.954672176034,1
22837.954771742916,1
22842.9548713098,0
22847.954970876686,0
22852.955070443568,2
22857.955170010453,0
22862.95526957734,0
22867.95536914422,2
22872.955468711105,0
22877.95556827799,0
22882.95566784487,2
22887.955767411757,0
22892.955866978642,1
22897.955966545524,0
22902.956066112412,0
22907.956165679294,1
22912.956265246175,1
22917.956364813064,0
22922.956464379946,0
22927.956563946827,0
22932.956663513716,0
22937.956763080598,1
22942.95686264748,1
22947.956962214368,2
22952.95706178125,1
22957.95716134813,0
22962.95726091502,3
22967.9573604819,0
22972.957460048783,0
22977.957559615672,1
22982.957659182553,0
22987.95775874944,1
22992.957858316324,0
22997.957957883205,2
23002.95805745009,0
23007.958157016976,1
23012.958256583857,1
23017.958356150742,0
23022.958455717628,1
23027.95855528451,0
23032.958654851394,0
23037.95875441828,2
23042.95885398516,0
23047.95895355205,0
23052.95905311893,1
23057.959152685813,0
23062.959252252702,1
23067.959351819583,1
23072.959451386465,2
23077.959550953354,1
23082.959650520235,1
23087.959750087117,1
23092.959849654006,0
23097.959949220887,3
23102.96004878777,1
23107.960148354658,0
23112.96024792154,0
23117.96034748842,0
23122.96044705531,1
23127.96054662219,1
23132.960646189076,0
23137.96074575596,0
23142.960845322843,0
23147.960944889728,0
23152.961044456613,2
23157.961144023495,2
23162.96124359038,1
23167.961343157265,1
23172.961442724147,1
23177.961542291032,0
23182.961641857917,0
23187.9617414248,2
23192.961840991687,0
23197.96194055857,1
23202.96204012545,0
23207.96213969234,1
23212.96223925922,1
23217.962338826102,0
23222.96243839299,1
23227.962537959873,0
23232.962637526754,1
23237.962737093643,0
23242.962836660525,1
23247.962936227406,0
23252.963035794295,1
23257.963135361177,0
23262.96323492806,3
23267.963334494947,0
23272.96343406183,0
23277.963533628714,1
23282.9636331956,0
23287.96373276248,0
23292.963832329366,0
23297.96393189625,0
23302.964031463132,0
23307.964131030018,1
23312.964230596903,1
23317.964330163784,1
23322.96442973067,0
23327.964529297555,0
23332.964628864436,0
23337.964728431325,1
23342.964827998207,1
23347.964927565088,0
23352.965027131977,0
23357.96512669886,1
23362.96522626574,0
23367.96532583263,0
23372.96542539951,2
23377.965524966392,0
23382.96562453328,0
23387.965724100162,1
23392.965823667044,1
23397.965923233933,0
23402.966022800814,0
23407.966122367696,0
23412.966221934585,0
23417.966321501466,0
23422.96642106835,1
23427.966520635237,1
23432.966620202118,1
23437.966719769003,1
23442.96681933589,0
23447.96691890277,0
23452.967018469655,1
23457.96711803654,0
23462.967217603422,0
23467.967317170307,0
23472.967416737192,2
23477.967516304074,1
23482.967615870963,1
23487.967715437844,0
23492.967815004726,0
23497.967914571615,0
23502.968014138496,0
23507.968113705378,0
23512.968213272266,0
23517.968312839148,0
23522.96841240603,0
23527.96851197292,0
23532.9686115398,0
23537.96871110668,1
23542.96881067357,0
23547.96891024045,0
23552.969009807333,0
23557.969109374222,0
23562.969208941104,0
23567.96930850799,1
23572.969408074874,1
23577.969507641756,1
23582.96960720864,0
23587.969706775526,1
23592.969806342408,0
23597.969905909293,0
23602.970005476178,1
23607.97010504306,1
23612.970204609945,0
23617.97030417683,1
23622.97040374371,1
23627.9705033106,1
23632.97060287748,2
23637.970702444363,0
23642.970802011252,0
23647.970901578134,0
23652.971001145015,0
23657.971100711904,0
23662.971200278786,0
23667.971299845667,0
23672.971399412556,0
23677.971498979437,1
23682.97159854632,0
23687.971698113208,0
23692.97179768009,0
23697.97189724697,0
23702.97199681386,0
23707.97209638074,0
23712.972195947626,0
23717.97229551451,0
23722.972395081393,0
23727.97249464828,2
23732.972594215164,1
23737.972693782045,1
23742.97279334893,1
23747.972892915815,0
23752.972992482697,1
23757.973092049582,0
23762.973191616467,0
23767.97329118335,1
23772.973390750238,0
23777.97349031712,0
23782.973589884,0
23787.97368945089,0
23792.97378901777,0
23797.973888584653,0
23802.97398815154,0
23807.974087718423,0
23812.974187285305,0
23817.974286852193,0
23822.974386419075,0
23827.974485985957,0
23832.974585552845,0
23837.974685119727,0
23842.97478468661,0
23847.974884253497,0
23852.97498382038,0
23857.975083387264,0
23862.97518295415,0
23867.97528252103,0
23872.975382087916,0
23877.9754816548,0
23882.975581221683,0
23887.975680788568,0
23892.975780355453,0
23897.975879922335,0
23902.97597948922,1
23907.976079056105,1
23912.976178622986,0
23917.976278189875,0
23922.976377756757,0
23927.97647732364,0
23932.976576890527,1
23937.97667645741,0
23942.97677602429,1
23947.97687559118,0
23952.97697515806,1
23957.977074724942,2
23962.97717429183,0
23967.977273858713,0
23972.977373425594,0
23977.977472992483,1
23982.977572559364,0
23987.977672126246,1
23992.977771693135,0
23997.977871260016,0
24002.9779708269,1
24007.978070393787,1
24012.97816996067,1
24017.978269527553,0
24022.97836909444,0
24027.97846866132,0
24032.978568228205,0
24037.97866779509,3
24042.978767361972,0
24047.978866928857,0
24052.978966495742,1
24057.979066062624,0
24062.979165629513,0
24067.979265196394,0
24072.979364763276,0
24077.979464330165,0
24082.979563897046,0
24087.979663463928,0
24092.979763030817,0
24097.9798625977,0
24102.97996216458,0
24107.98006173147,0
24112.98016129835,0
24117.98026086523,0
24122.98036043212,0
24127.980459999002,0
24132.980559565884,0
24137.980659132772,0
24142.980758699654,0
24147.98085826654,0
24152.980957833424,1
24157.981057400306,1
24162.98115696719,2
24167.981256534076,0
24172.981356100958,1
24177.981455667843,0
24182.981555234728,0
24187.98165480161,1
24192.981754368495,0
24197.98185393538,0
24202.98195350226,0
24207.98205306915,1
24212.982152636032,0
24217.982252202914,0
24222.982351769802,2
24227.982451336684,0
24232.982550903565,0
24237.982650470454,0
24242.982750037336,1
24247.982849604217,0
24252.982949171106,0
24257.983048737988,0
24262.98314830487,0
24267.983247871758,0
24272.98334743864,0
24277.98344700552,0
24282.98354657241,0
24287.98364613929,0
24292.983745706177,0
24297.983845273062,0
24302.983944839943,0
24307.98404440683,0
24312.984143973714,0
24317.984243540595,0
24322.98434310748,0
24327.984442674366,0
24332.984542241247,1
24337.984641808132,0
24342.984741375018,0
24347.9848409419,0
24352.984940508788,0
24357.98504007567,0
24362.98513964255,0
24367.98523920944,0
24372.98533877632,0
24377.985438343203,0
24382.98553791009,0
24387.985637476973,0
24392.985737043855,0
24397.985836610744,0
24402.985936177625,1
24407.986035744507,0
24412.986135311396,0
24417.986234878277,1
24422.98633444516,0
24427.986434012048,1
24432.98653357893,0
24437.986633145814,0
24442.9867327127,0
24447.98683227958,0
24452.986931846466,0
24457.98703141335,0
24462.987130980233,0
24467.987230547118,0
24472.987330114003,0
24477.987429680885,0
24482.98752924777,1
24487.987628814655,0
24492.987728381537,0
24497.987827948426,0
24502.987927515307,0
24507.98802708219,0
24512.988126649077,0
24517.98822621596,0
24522.98832578284,1
24527.98842534973,0
24532.98852491661,0
24537.988624483492,0
24542.98872405038,0
24547.988823617263,0
24552.988923184144,0
24557.989022751033,0
24562.989122317915,0
24567.989221884796,0
24572.989321451685,0
24577.989421018567,0
24582.989520585452,0
24587.989620152337,0
24592.98971971922,1
24597.989819286104,0
24602.98991885299,1
24607.99001841987,1
24612.990117986756,0
24617.99021755364,0
24622.990317120522,0
24627.990416687408,0
24632.990516254293,0
24637.990615821174,0
24642.990715388063,0
24647.990814954945,0
24652.990914521826,1
24657.991014088715,0
24662.991113655597,0
24667.991213222478,0
24672.991312789367,0
24677.99141235625,0
24682.99151192313,0
24687.99161149002,0
24692.9917110569,0
24697.991810623782,0
24702.99191019067,0
24707.992009757552,0
24712.992109324434,1
24717.992208891323,0
24722.992308458204,0
24727.99240802509,0
24732.992507591975,0
24737.992607158856,0
24742.99270672574,0
24747.992806292626,0
24752.992905859508,0
24757.993005426393,0
24762.99310499328,0
24767.99320456016,0
24772.993304127045,0
24777.99340369393,0
24782.993503260812,1
24787.9936028277,0
24792.993702394582,0
24797.993801961464,0
24802.993901528353,0
24807.994001095234,0
24812.994100662116,0
24817.994200229004,0
24822.994299795886,0
24827.994399362768,0
24832.994498929656,0
24837.994598496538,0
24842.99469806342,0
24847.99479763031,0
24852.99489719719,0
24857.99499676407,0
24862.99509633096,0
24867.99519589784,0
24872.995295464727,0
24877.995395031612,0
24882.995494598494,0
24887.99559416538,0
24892.995693732264,1
24897.995793299146,0
24902.99589286603,0
24907.995992432916,0
24912.996091999797,0
24917.996191566683,0
24922.996291133568,0
24927.99639070045,1
24932.99649026734,0
24937.99658983422,0
24942.9966894011,0
24947.99678896799,0
24952.99688853487,0
24957.996988101753,0
24962.997087668642,0
24967.997187235524,0
24972.997286802405,0
24977.997386369294,0
24982.997485936176,0
24987.997585503057,0
24992.997685069946,0
24997.997784636827,0
25002.99788420371,0
25007.997983770598,0
25012.99808333748,0
25017.998182904365,0
25022.99828247125,0
25027.99838203813,0
25032.998481605016,0
25037.9985811719,0
25042.998680738783,0
25047.99878030567,0
25052.998879872554,0
25057.998979439435,0
25062.99907900632,0
25067.999178573205,0
25072.999278140087,0
25077.999377706976,1
25082.999477273857,0
25087.99957684074,0
25092.999676407628,0
25097.99977597451,0
25102.99987554139,0
25107.99997510828,0
25113.00007467516,0
25118.000174242043,0
25123.00027380893,0
25128.000373375813,1
25133.000472942695,0
25138.000572509583,0
25143.000672076465,0
25148.000771643347,0
25153.000871210235,0
25158.000970777117,0
25163.001070344002,0
25168.001169910887,0
25173.00126947777,0
25178.001369044654,0
25183.00146861154,0
25188.00156817842,0
25193.001667745306,0
25198.00176731219,0
25203.001866879073,0
25208.001966445958,0
25213.002066012843,0
25218.002165579725,0
25223.002265146613,0
25228.002364713495,0
25233.002464280376,0
25238.002563847265,0
25243.002663414147,0
25248.00276298103,0
25253.002862547917,0
25258.0029621148,0
25263.00306168168,0
25268.00316124857,0
25273.00326081545,0
25278.003360382332,0
25283.00345994922,0
25288.003559516103,1
25293.003659082984,0
25298.003758649873,0
25303.003858216754,0
25308.00395778364,0
25313.004057350525,0
25318.004156917406,0
25323.00425648429,0
25328.004356051177,0
25333.00445561806,0
25338.004555184943,0
25343.00465475183,0
25348.00475431871,0
25353.004853885595,0
25358.00495345248,0
25363.005053019362,2
25368.00515258625,0
25373.005252153132,0
25378.005351720014,0
25383.005451286903,0
25388.005550853784,0
25393.005650420666,0
25398.005749987555,0
25403.005849554436,0
25408.005949121318,0
25413.006048688207,0
25418.00614825509,0
25423.00624782197,0
25428.00634738886,0
25433.00644695574,0
25438.00654652262,0
25443.00664608951,0
25448.006745656392,0
25453.006845223277,0
25458.006944790162,0
25463.007044357044,0
25468.00714392393,0
25473.007243490814,0
25478.007343057696,0
25483.00744262458,0
25488.007542191466,0
25493.007641758348,0
25498.007741325233,0
25503.007840892118,0
25508.007940459,0
25513.00804002589,0
25518.00813959277,0
25523.00823915965,0
25528.00833872654,0
25533.008438293422,0
25538.008537860303,0
25543.008637427192,0
25548.008736994074,0
25553.008836560955,0
25558.008936127844,0
25563.009035694726,0
25568.009135261607,0
25573.009234828496,0
25578.009334395378,0
25583.00943396226,0
25588.009533529148,0
25593.00963309603,0
25598.009732662915,0
25603.0098322298,0
25608.00993179668,0
25613.010031363567,0
25618.010130930452,0
25623.010230497333,0
25628.01033006422,0
25633.010429631104,0
25638.010529197985,0
25643.01062876487,0
25648.010728331756,0
25653.010827898637,0
25658.010927465526,0
25663.011027032408,0
25668.01112659929,0
25673.011226166178,0
25678.01132573306,0
25683.01142529994,0
25688.01152486683,0
25693.01162443371,0
25698.011724000593,0
25703.01182356748,0
25708.011923134363,0
25713.012022701245,0
25718.012122268134,0
25723.012221835015,0
25728.012321401897,0
25733.012420968786,0
25738.012520535667,0
25743.012620102552,0
25748.012719669438,0
25753.01281923632,0
25758.012918803204,0
25763.01301837009,0
25768.01311793697,0
25773.013217503856,0
25778.01331707074,0
25783.013416637623,0
25788.013516204508,0
25793.013615771393,0
25798.013715338275,0
25803.013814905164,0
25808.013914472045,0
25813.014014038927,0
25818.014113605816,0
25823.014213172697,0
25828.01431273958,0
25833.014412306467,0
25838.01451187335,0
25843.01461144023,0
25848.01471100712,0
25853.014810574,0
25858.014910140882,0
25863.01500970777,0
25868.015109274653,0
25873.015208841534,0
25878.015308408423,0
25883.015407975305,0
25888.01550754219,0
25893.015607109075,0
25898.015706675957,0
25903.01580624284,0
25908.015905809727,0
25913.01600537661,0
25918.016104943494,0
25923.01620451038,0
25928.01630407726,1
25933.016403644146,0
25938.01650321103,0
25943.016602777912,1
25948.0167023448,0
25953.016801911683,0
25958.016901478564,0
25963.017001045453,0
25968.017100612335,0
25973.017200179216,0
25978.017299746105,0
25983.017399312987,0
25988.017498879868,1
25993.017598446757,0
25998.01769801364,0
26003.01779758052,0
26008.01789714741,0
26013.01799671429,0
26018.018096281172,0
26023.01819584806,0
26028.018295414942,0
26033.018394981827,0
26038.018494548713,0
26043.018594115594,0
26048.01869368248,0
26053.018793249365,0
26058.018892816246,0
26063.01899238313,0
26068.019091950016,0
26073.019191516898,0
26078.019291083783,0
26083.01939065067,0
26088.01949021755,0
26093.01958978444,0
26098.01968935132,0
26103.0197889182,0
26108.01988848509,0
26113.019988051972,0
26118.020087618854,0
26123.020187185743,1
26128.020286752624,0
26133.020386319506,0
26138.020485886394,0
26143.020585453276,0
26148.020685020158,1
26153.020784587046,0
26158.020884153928,0
26163.02098372081,1
26168.0210832877,0
26173.02118285458,0
26178.021282421465,0
26183.02138198835,0
26188.02148155523,0
26193.021581122117,0
26198.021680689002,0
26203.021780255884,0
26208.02187982277,0
26213.021979389654,0
26218.022078956536,0
26223.02217852342,0
26228.022278090306,0
26233.022377657187,0
26238.022477224076,0
26243.022576790958,0
26248.02267635784,0
26253.02277592473,0
26258.02287549161,0
26263.02297505849,0
26268.02307462538,0
26273.02317419226,0
26278.023273759143,0
26283.023373326032,0
26288.023472892914,0
26293.023572459795,0
26298.023672026684,0
26303.023771593565,0
26308.023871160447,0
26313.023970727336,0
26318.024070294217,0
26323.024169861103,0
26328.024269427988,0
26333.02436899487,0
26338.024468561754,0
26343.02456812864,0
26348.02466769552,0
26353.024767262406,0
26358.02486682929,0
26363.024966396173,0
26368.02506596306,0
26373.025165529943,0
26378.025265096825,0
26383.025364663714,0
26388.025464230595,0
26393.025563797477,0
26398.025663364366,0
26403.025762931247,0
26408.02586249813,0
26413.025962065018,0
26418.0260616319,0
26423.02616119878,0
26428.02626076567,0
26433.02636033255,0
26438.026459899433,0
26443.02655946632,0
26448.026659033203,0
26453.026758600085,0
26458.026858166973,0
26463.026957733855,0
26468.02705730074,0
26473.027156867625,0
26478.027256434507,0
26483.027356001392,0
26488.027455568277,0
26493.02755513516,0
26498.027654702044,0
26503.02775426893,0
26508.02785383581,0
26513.027953402696,0
26518.02805296958,0
26523.028152536463,0
26528.02825210335,0
26533.028351670233,0
26538.028451237114,0
26543.028550804003,0
26548.028650370885,0
26553.028749937766,0
26558.028849504655,0
26563.028949071537,0
26568.02904863842,0
26573.029148205307,0
26578.02924777219,0
26583.02934733907,0
26588.02944690596,0
26593.02954647284,0
26598.029646039722,0
26603.02974560661,0
26608.029845173493,0
26613.029944740378,0
26618.030044307263,0
26623.030143874144,0
26628.03024344103,0
26633.030343007915,0
26638.030442574796,0
26643.03054214168,0
26648.030641708567,0
26653.03074127545,0
26658.030840842333,0
26663.03094040922,0
26668.0310399761,0
26673.03113954299,0
26678.03123910987,0
26683.031338676752,0
26688.03143824364,1
26693.031537810522,0
26698.031637377404,0
26703.031736944293,0
26708.031836511174,0
26713.031936078056,0
26718.032035644945,0
26723.032135211826,0
26728.032234778708,0
26733.032334345597,0
26738.032433912478,0
26743.032533479363,0
26748.03263304625,0
26753.03273261313,0
26758.032832180015,0
26763.0329317469,0
26768.033031313782,0
26773.033130880667,0
26778.033230447552,0
26783.033330014434,0
26788.03342958132,0
26793.033529148204,0
26798.033628715086,0
26803.03372828197,0
26808.033827848856,0
26813.033927415738,0
26818.034026982627,0
26823.034126549508,0
26828.03422611639,0
26833.03432568328,0
26838.03442525016,0
26843.03452481704,0
26848.03462438393,0
26853.034723950812,0
26858.034823517693,0
26863.034923084582,0
26868.035022651464,0
26873.035122218345,0
26878.035221785234,0
26883.035321352116,0
26888.035420919,0
26893.035520485886,0
26898.035620052768,0
26903.035719619653,0
26908.035819186538,0
26913.03591875342,0
26918.036018320305,0
26923.03611788719,0
26928.03621745407,0
26933.036317020957,0
26938.03641658784,0
26943.036516154723,0
26948.03661572161,0
26953.036715288494,0
26958.036814855375,0
26963.036914422264,0
26968.037013989146,0
26973.037113556027,0
26978.037213122916,0
26983.037312689798,0
26988.03741225668,0
26993.037511823568,0
26998.03761139045,0
27003.03771095733,0
27008.03781052422,0
27013.0379100911,0
27018.038009657983,0
27023.03810922487,0
27028.038208791753,0
27033.03830835864,0
27038.038407925524,0
27043.038507492405,0
27048.03860705929,0
27053.038706626176,0
27058.038806193057,0
27063.038905759942,0
27068.039005326827,0
27073.03910489371,0
27078.039204460594,0
27083.03930402748,0
27088.03940359436,0
27093.039503161246,0
27098.03960272813,0
27103.039702295013,0
27108.0398018619,0
27113.039901428783,0
27118.040000995665,0
27123.040100562554,0
27128.040200129435,0
27133.040299696317,0
27138.040399263205,0
27143.040498830087,0
27148.04059839697,0
27153.040697963857,0
27158.04079753074,0
27163.04089709762,0
27168.04099666451,0
27173.04109623139,0
27178.041195798276,0
27183.04129536516,0
27188.041394932043,0
27193.041494498928,0
27198.041594065813,0
27203.041693632695,0
27208.04179319958,0
27213.041892766465,0
27218.041992333347,0
27223.04209190023,0
27228.042191467117,0
27233.042291034,0
27238.042390600884,0
27243.04249016777,0
27248.04258973465,0
27253.04268930154,0
27258.04278886842,0
27263.042888435302,0
27268.04298800219,0
27273.043087569073,0
27278.043187135954,0
27283.043286702843,0
27288.043386269725,0
27293.043485836606,0
27298.043585403495,0
27303.043684970376,0
27308.043784537258,0
27313.043884104147,0
27318.04398367103,0
27323.044083237914,0
27328.0441828048,0
27333.04428237168,0
27338.044381938565,0
27343.04448150545,0
27348.044581072332,0
27353.044680639217,0
27358.044780206103,0
27363.044879772984,0
27368.04497933987,0
27373.045078906754,0
27378.045178473636,0
27383.04527804052,0
27388.045377607406,0
27393.045477174288,0
27398.045576741177,0
27403.04567630806,0
27408.04577587494,0
27413.04587544183,0
27418.04597500871,0
27423.04607457559,0
27428.04617414248,0
27433.046273709362,0
27438.046373276244,0
27443.046472843133,0
27448.046572410014,0
27453.046671976896,0
27458.046771543784,0
27463.046871110666,0
27468.04697067755,0
27473.047070244436,0
27478.047169811318,0
27483.047269378203,0
27488.04736894509,0
27493.04746851197,0
27498.047568078855,0
27503.04766764574,0
27508.04776721262,0
27513.047866779507,0
27518.047966346392,1
27523.048065913274,0
27528.04816548016,0
27533.048265047044,0
27538.048364613926,0
27543.048464180814,0
27548.048563747696,0
27553.048663314577,0
27558.048762881466,0
27563.048862448348,0
27568.04896201523,0
27573.049061582118,0
27578.049161149,0
27583.04926071588,0
27588.04936028277,0
27593.04945984965,0
27598.049559416533,0
27603.049658983422,0
27608.049758550304,0
27613.04985811719,1
27618.049957684074,1
27623.050057250955,0
27628.05015681784,0
27633.050256384726,0
27638.050355951607,0
27643.050455518493,0
27648.050555085378,0
27653.05065465226,0
27658.050754219144,0
27663.05085378603,0
27668.05095335291,0
27673.051052919796,0
27678.05115248668,0
27683.051252053563,0
27688.051351620452,0
27693.051451187333,0
27698.051550754215,0
27703.051650321104,0
27708.051749887985,0
27713.051849454867,0
27718.051949021756,0
27723.052048588637,0
27728.05214815552,0
27733.052247722408,0
27738.05234728929,0
27743.05244685617,0
27748.05254642306,0
27753.05264598994,0
27758.052745556826,0
27763.05284512371,1
27768.052944690593,0
27773.053044257478,0
27778.053143824363,0
27783.053243391245,0
27788.05334295813,0
27793.053442525015,0
27798.053542091897,0
27803.053641658782,0
27808.053741225667,0
27813.05384079255,0
27818.053940359434,0
27823.05403992632,0
27828.0541394932,0
27833.05423906009,0
27838.05433862697,0
27843.054438193853,0
27848.05453776074,0
27853.054637327623,0
27858.054736894504,0
27863.054836461393,0
27868.054936028275,0
27873.055035595156,0
27878.055135162045,0
27883.055234728927,0
27888.05533429581,0
27893.055433862697,0
27898.05553342958,0
27903.055632996464,0
27908.05573256335,0
27913.05583213023,0
27918.055931697116,0
27923.056031264,0
27928.056130830882,0
27933.056230397768,0
27938.056329964653,0
27943.056429531534,0
27948.05652909842,0
27953.056628665305,0
27958.056728232186,0
27963.05682779907,0
27968.056927365957,0
27973.05702693284,0
27978.057126499727,0
27983.05722606661,0
27988.05732563349,0
27993.05742520038,0
27998.05752476726,0
28003.057624334142,0
28008.05772390103,0
28013.057823467912,0
28018.057923034794,0
28023.058022601683,0
28028.058122168564,0
28033.058221735446,0
28038.058321302335,1
28043.058420869216,0
28048.0585204361,0
28053.058620002987,0
28058.058719569868,0
28063.058819136753,0
28068.05891870364,0
28073.05901827052,0
28078.059117837405,0
28083.05921740429,0
28088.059316971172,0
28093.059416538057,0
28098.059516104942,0
28103.059615671824,0
28108.05971523871,0
28113.059814805594,0
28118.059914372476,0
28123.060013939365,0
28128.060113506246,0
28133.060213073128,0
28138.060312640016,0
28143.060412206898,0
28148.06051177378,0
28153.06061134067,0
28158.06071090755,0
28163.06081047443,0
28168.06091004132,0
28173.061009608202,0
28178.061109175083,0
28183.061208741972,0
28188.061308308854,1
28193.06140787574,0
28198.061507442624,0
28203.061607009506,0
28208.06170657639,0
28213.061806143276,0
28218.061905710158,0
28223.062005277043,0
28228.062104843928,0
28233.06220441081,0
28238.062303977695,0
28243.06240354458,0
28248.06250311146,0
28253.062602678347,0
28258.06270224523,0
28263.062801812113,0
28268.062901379002,0
28273.063000945884,0
28278.063100512765,0
28283.063200079654,0
28288.063299646536,0
28293.063399213417,0
28298.063498780306,0
28303.063598347188,0
28308.06369791407,0
28313.063797480958,0
28318.06389704784,0
28323.06399661472,0
28328.06409618161,0
28333.06419574849,0
28338.064295315377,0
28343.06439488226,0
28348.064494449143,0
28353.06459401603,0
28358.064693582914,0
28363.064793149795,0
28368.06489271668,0
28373.064992283566,0
28378.065091850447,0
28383.065191417332,0
28388.065290984217,0
28393.0653905511,0
28398.065490117984,0
28403.06558968487,0
28408.06568925175,0
28413.06578881864,0
28418.06588838552,0
28423.065987952403,0
28428.06608751929,0
28433.066187086173,0
28438.066286653055,0
28443.066386219944,0
28448.066485786825,0
28453.066585353707,0
28458.066684920595,0
28463.066784487477,0
28468.06688405436,0
28473.066983621247,0
28478.06708318813,0
28483.067182755014,0
28488.0672823219,0
28493.06738188878,0
28498.067481455666,0
28503.06758102255,0
28508.067680589433,0
28513.067780156318,0
28518.067879723203,0
28523.067979290085,0
28528.06807885697,0
28533.068178423855,0
28538.068277990737,0
28543.06837755762,0
28548.068477124507,0
28553.06857669139,0
28558.068676258277,0
28563.06877582516,0
28568.06887539204,0
28573.06897495893,0
28578.06907452581,0
28583.069174092692,0
28588.06927365958,0
28593.069373226463,0
28598.069472793344,0
28603.069572360233,0
28608.069671927115,0
28613.069771493996,0
28618.069871060885,0
28623.069970627766,0
28628.07007019465,0
28633.070169761537,0
28638.07026932842,0
28643.070368895304,0
28648.07046846219,0
28653.07056802907,0
28658.070667595955,0
28663.07076716284,0
28668.070866729722,1
28673.070966296607,0
28678.071065863493,0
28683.071165430374,0
28688.07126499726,0
28693.071364564144,0
28698.071464131026,0
28703.071563697915,0
28708.071663264796,0
28713.071762831678,0
28718.071862398567,0
28723.07196196545,0
28728.07206153233,0
28733.07216109922,0
28738.0722606661,0
28743.07236023298,0
28748.07245979987,0
28753.072559366752,0
28758.072658933634,0
28763.072758500522,0
28768.072858067404,0
28773.07295763429,0
28778.073057201174,0
28783.073156768056,0
28788.07325633494,0
28793.073355901826,0
28798.073455468708,0
28803.073555035593,0
28808.07365460248,0
28813.07375416936,0
28818.073853736245,0
28823.07395330313,0
28828.07405287001,0
28833.074152436897,0
28838.074252003782,0
28843.074351570664,0
28848.074451137552,0
28853.074550704434,0
28858.074650271315,0
28863.074749838204,0
28868.074849405086,0
28873.074948971967,0
28878.075048538856,0
28883.075148105738,0
28888.07524767262,0
28893.075347239508,0
28898.07544680639,0
28903.07554637327,0
28908.07564594016,0
28913.07574550704,0
28918.075845073927,0
28923.075944640812,0
28928.076044207693,0
28933.07614377458,0
28938.076243341464,0
28943.076342908345,0
28948.07644247523,0
28953.076542042116,0
28958.076641608997,0
28963.076741175882,0
28968.076840742768,0
28973.07694030965,0
28978.077039876534,0
28983.07713944342,0
28988.0772390103,0
28993.07733857719,0
28998.07743814407,0
29003.077537710953,0
29008.077637277842,0
29013.077736844723,0
29018.077836411605,0
29023.077935978494,0
29028.078035545375,0
29033.078135112257,0
29038.078234679146,0
29043.078334246027,0
29048.07843381291,0
29053.078533379798,0
29058.07863294668,0
29063.078732513564,1
29068.07883208045,0
29073.07893164733,0
29078.079031214216,0
29083.0791307811,0
29088.079230347983,0
29093.079329914868,0
29098.079429481753,0
29103.079529048635,0
29108.07962861552,0
29113.079728182405,0
29118.079827749287,0
29123.079927316172,0
29128.080026883057,0
29133.08012644994,0
29138.080226016828,1
29143.08032558371,0
29148.08042515059,0
29153.08052471748,0
29158.08062428436,0
29163.080723851243,0
29168.08082341813,0
29173.080922985013,0
29178.081022551894,0
29183.081122118783,0
29188.081221685665,0
29193.081321252546,0
29198.081420819435,0
29203.081520386317,0
29208.081619953202,0
29213.081719520087,0
29218.08181908697,0
29223.081918653854,0
29228.08201822074,0
29233.08211778762,0
29238.082217354506,0
29243.08231692139,0
29248.082416488272,0
29253.082516055158,0
29258.082615622043,0
29263.082715188924,0
29268.08281475581,0
29273.082914322695,0
29278.083013889576,0
29283.083113456465,1
29288.083213023347,0
29293.083312590228,0
29298.083412157117,0
29303.083511724,0
29308.08361129088,0
29313.08371085777,0
29318.08381042465,0
29323.083909991532,0
29328.08400955842,0
29333.084109125302,0
29338.084208692184,0
29343.084308259073,0
29348.084407825954,0
29353.08450739284,0
29358.084606959725,0
29363.084706526606,0
29368.08480609349,0
29373.084905660377,0
29378.085005227258,0
29383.085104794143,0
29388.08520436103,0
29393.08530392791,0
29398.085403494795,0
29403.08550306168,0
29408.085602628562,0
29413.085702195447,0
29418.085801762332,0
29423.085901329214,0
29428.086000896103,0
29433.086100462984,0
29438.086200029866,0
29443.086299596755,0
29448.086399163636,0
29453.086498730518,0
29458.086598297406,0
29463.086697864288,0
29468.08679743117,0
29473.08689699806,0
29478.08699656494,0
29483.08709613182,0
29488.08719569871,0
29493.087295265592,0
29498.087394832477,0
29503.087494399362,0
29508.087593966244,0
29513.08769353313,0
29518.087793100014,0
29523.087892666896,0
29528.08799223378,0
29533.088091800666,0
29538.088191367548,0
29543.088290934433,0
29548.088390501318,0
29553.0884900682,0
29558.088589635085,0
29563.08868920197,0
29568.08878876885,0
29573.08888833574,0
29578.08898790262,0
29583.089087469503,0
29588.089187036392,0
29593.089286603274,0
29598.089386170155,0
29603.089485737044,0
29608.089585303926,0
29613.089684870807,0
29618.089784437696,0
29623.089884004577,0
29628.08998357146,0
29633.090083138348,0
29638.09018270523,0
29643.090282272115,0
29648.090381839,0
29653.09048140588,0
29658.090580972766,0
29663.09068053965,1
29668.090780106533,0
29673.09087967342,0
29678.090979240304,0
29683.091078807185,0
29688.09117837407,0
29693.091277940955,0
29698.091377507837,0
29703.091477074722,0
29708.091576641607,0
29713.09167620849,0
29718.091775775378,0
29723.09187534226,0
29728.09197490914,0
29733.09207447603,0
29738.09217404291,0
29743.092273609793,0
29748.09237317668,0
29753.092472743563,0
29758.092572310445,0
29763.092671877333,0
29768.092771444215,0
29773.092871011097,1
29778.092970577985,0
29783.093070144867,0
29788.093169711752,0
29793.093269278637,0
29798.09336884552,0
29803.093468412404,0
29808.09356797929,0
29813.09366754617,0
29818.093767113056,0
29823.09386667994,0
29828.093966246823,0
29833.094065813708,0
29838.094165380593,0
29843.094264947475,0
29848.09436451436,0
29853.094464081245,0
29858.094563648126,0
29863.094663215015,0
29868.094762781897,0
29873.09486234878,0
29878.094961915667,0
29883.09506148255,1
29888.09516104943,0
29893.09526061632,0
29898.0953601832,0
29903.095459750082,0
29908.09555931697,0
29913.095658883853,0
29918.095758450734,0
29923.095858017623,0
29928.095957584505,0
29933.09605715139,0
29938.096156718275,0
29943.096256285156,0
29948.09635585204,1
29953.096455418927,1
29958.09655498581,0
29963.096654552694,0
29968.09675411958,0
29973.09685368646,0
29978.096953253345,0
29983.09705282023,0
29988.097152387112,0
29993.097251953997,0
29998.097351520883,0
30003.097451087764,0
30008.097550654653,0
30013.097650221534,0
30018.097749788416,0
30023.097849355305,0
30028.097948922186,0
30033.098048489068,0
30038.098148055957,0
30043.09824762284,0
30048.09834718972,0
30053.09844675661,0
30058.09854632349,0
30063.09864589037,0
30068.09874545726,0
30073.098845024142,0
30078.098944591027,0
30083.099044157912,0
30088.099143724794,0
30093.09924329168,0
30098.099342858564,0
30103.099442425446,1
30108.09954199233,0
30113.099641559216,0
30118.099741126098,0
30123.099840692983,0
30128.099940259868,0
30133.10003982675,0
30138.100139393635,0
30143.10023896052,0
30148.1003385274,0
30153.10043809429,0
30158.100537661172,0
30163.100637228054,0
30168.100736794942,0
30173.100836361824,0
30178.100935928705,0
30183.101035495594,0
30188.101135062476,0
30193.101234629357,0
30198.101334196246,0
30203.101433763128,0
30208.10153333001,0
30213.101632896898,0
30218.10173246378,0
30223.101832030665,0
30228.10193159755,0
30233.10203116443,0
30238.102130731317,0
30243.102230298202,0
30248.102329865083,0
30253.10242943197,0
30258.102528998854,0
30263.102628565735,0
30268.10272813262,0
30273.102827699506,0
30278.102927266387,0
30283.103026833272,0
30288.103126400158,0
30293.10322596704,0
30298.103325533928,0
30303.10342510081,0
30308.10352466769,0
30313.10362423458,0
30318.10372380146,0
30323.103823368343,1
30328.103922935232,0
30333.104022502113,0
30338.104122068995,0
30343.104221635884,0
30348.104321202765,0
30353.104420769647,0
30358.104520336536,0
30363.104619903417,0
30368.104719470302,0
30373.104819037188,0
30378.10491860407,0
30383.105018170954,0
30388.10511773784,0
30393.10521730472,0
30398.105316871606,0
30403.10541643849,0
30408.105516005373,0
30413.105615572258,0
30418.105715139143,0
30423.105814706025,0
30428.10591427291,0
30433.106013839795,0
30438.106113406677,0
30443.106212973566,0
30448.106312540447,0
30453.10641210733,0
30458.106511674217,0
30463.1066112411,0
30468.10671080798,0
30473.10681037487,0
30478.10690994175,0
30483.107009508632,0
30488.10710907552,0
30493.107208642403,0
30498.107308209284,0
30503.107407776173,0
30508.107507343055,0
30513.10760690994,0
30518.107706476825,0
30523.107806043707,0
30528.107905610592,0
30533.108005177477,0
30538.10810474436,0
30543.108204311244,0
30548.10830387813,0
30553.10840344501,0
30558.108503011896,0
30563.10860257878,0
30568.108702145662,0
30573.108801712548,0
30578.108901279433,0
30583.109000846314,0
30588.109100413203,0
30593.109199980085,0
30598.109299546966,0
30603.109399113855,0
30608.109498680737,0
30613.109598247618,0
30618.109697814507,0
30623.10979738139,0
30628.10989694827,0
30633.10999651516,0
30638.11009608204,0
30643.110195648922,0
30648.11029521581,0
30653.110394782692,0
30658.110494349577,0
30663.110593916463,0
30668.110693483344,0
30673.11079305023,0
30678.110892617115,0
30683.110992183996,0
30688.11109175088,0
30693.111191317766,1
30698.111290884648,0
30703.111390451533,0
30708.11149001842,0
30713.1115895853,0
30718.11168915219,0
30723.11178871907,0
30728.111888285952,0
30733.11198785284,0
30738.112087419722,0
30743.112186986604,1
30748.112286553493,0
30753.112386120374,0
30758.112485687256,0
30763.112585254145,0
30768.112684821026,0
30773.112784387908,0
30778.112883954796,0
30783.112983521678,0
30788.11308308856,0
30793.11318265545,0
30798.11328222233,0
30803.113381789215,0
30808.1134813561,0
30813.11358092298,0
30818.113680489867,0
30823.113780056752,0
30828.113879623634,0
30833.11397919052,0
30838.114078757404,0
30843.114178324286,0
30848.11427789117,0
30853.114377458056,0
30858.114477024938,0
30863.114576591826,0
30868.114676158708,0
30873.11477572559,0
30878.11487529248,0
30883.11497485936,0
30888.11507442624,0
30893.11517399313,0
30898.11527356001,0
30903.115373126893,0
30908.115472693782,0
30913.115572260664,0
30918.115671827545,0
30923.115771394434,0
30928.115870961316,0
30933.115970528197,0
30938.116070095086,0
30943.116169661967,0
30948.116269228853,0
30953.116368795738,0
30958.11646836262,0
30963.116567929505,0
30968.11666749639,0
30973.11676706327,0
30978.116866630156,0
30983.11696619704,0
30988.117065763923,0
30993.11716533081,0
30998.117264897694,0
31003.117364464575,0
31008.117464031464,0
31013.117563598345,0
31018.117663165227,0
31023.117762732116,0
31028.117862298997,0
31033.11796186588,0
31038.118061432768,0
31043.11816099965,0
31048.11826056653,0
31053.11836013342,0
31058.1184597003,1
31063.118559267183,0
31068.11865883407,0
31073.118758400953,0
31078.118857967835,0
31083.118957534723,0
31088.119057101605,1
31093.11915666849,0
31098.119256235375,0
31103.119355802257,0
31108.119455369142,0
31113.119554936027,0
31118.11965450291,0
31123.119754069794,0
31128.11985363668,0
31133.11995320356,0
31138.120052770446,0
31143.12015233733,0
31148.120251904213,0
31153.1203514711,0
31158.120451037983,0
31163.120550604865,0
31168.120650171753,0
31173.120749738635,0
31178.120849305516,0
31183.120948872405,0
31188.121048439287,0
31193.12114800617,0
31198.121247573057,0
31203.12134713994,0
31208.12144670682,0
31213.12154627371,0
31218.12164584059,0
31223.121745407472,0
31228.12184497436,0
31233.121944541243,0
31238.122044108128,0
31243.122143675013,0
31248.122243241894,0
31253.12234280878,0
31258.122442375665,0
31263.122541942546,0
31268.12264150943,0
31273.122741076317,0
31278.1228406432,0
31283.122940210083,0
31288.12303977697,0
31293.12313934385,0
31298.12323891074,0
31303.12333847762,0
31308.123438044502,0
31313.12353761139,0
31318.123637178272,0
31323.123736745154,0
31328.123836312043,0
31333.123935878924,0
31338.124035445806,0
31343.124135012695,0
31348.124234579576,0
31353.124334146458,0
31358.124433713347,0
31363.12453328023,0
31368.12463284711,0
31373.124732414,0
31378.12483198088,0
31383.124931547765,0
31388.12503111465,0
31393.125130681532,0
31398.125230248417,0
31403.125329815302,0
31408.125429382184,0
31413.12552894907,0
31418.125628515954,0
31423.125728082836,0
31428.12582764972,0
31433.125927216606,0
31438.126026783488,0
31443.126126350377,0
31448.126225917258,0
31453.12632548414,0
31458.12642505103,0
31463.12652461791,0
31468.12662418479,0
31473.12672375168,0
31478.126823318562,0
31483.126922885443,0
31488.127022452332,0
31493.127122019214,0
31498.127221586095,0
31503.127321152984,0
31508.127420719866,0
31513.127520286747,0
31518.127619853636,0
31523.127719420518,0
31528.127818987403,0
31533.127918554288,0
31538.12801812117,0
31543.128117688055,1
31548.12821725494,0
31553.12831682182,0
31558.128416388707,0
31563.128515955592,0
31568.128615522473,0
31573.12871508936,0
31578.128814656244,0
31583.128914223125,0
31588.129013790014,0
31593.129113356896,0
31598.129212923777,0
31603.129312490666,0
31608.129412057548,0
31613.12951162443,0
31618.129611191318,0
31623.1297107582,0
31628.12981032508,0
31633.12990989197,0
31638.13000945885,0
31643.130109025733,0
31648.13020859262,0
31653.130308159503,0
31658.130407726385,0
31663.130507293274,0
31668.130606860155,0
31673.13070642704,0
31678.130805993926,0
31683.130905560807,0
31688.131005127692,0
31693.131104694578,0
31698.13120426146,0
31703.131303828344,0
31708.13140339523,0
31713.13150296211,0
31718.131602528996,0
31723.13170209588,0
31728.131801662763,0
31733.13190122965,0
31738.132000796533,0
31743.132100363415,0
31748.132199930304,0
31753.132299497185,0
31758.132399064067,0
31763.132498630956,0
31768.132598197837,0
31773.13269776472,0
31778.132797331607,0
31783.13289689849,0
31788.13299646537,0
31793.13309603226,0
31798.13319559914,0
31803.133295166022,0
31808.13339473291,0
31813.133494299793,0
31818.133593866678,0
31823.133693433563,0
31828.133793000445,0
31833.13389256733,0
31838.133992134215,0
31843.134091701097,0
31848.13419126798,0
31853.134290834867,0
31858.13439040175,0
31863.134489968634,0
31868.13458953552,0
31873.1346891024,0
31878.13478866929,0
31883.13488823617,0
31888.134987803052,0
31893.13508736994,0
31898.135186936823,0
31903.135286503704,0
31908.135386070593,0
31913.135485637475,0
31918.135585204356,0
31923.135684771245,0
31928.135784338127,0
31933.135883905008,0
31938.135983471897,0
31943.13608303878,0
31948.13618260566,0
31953.13628217255,0
31958.13638173943,0
31963.136481306316,0
31968.1365808732,0
31973.136680440082,0
31978.136780006967,0
31983.136879573853,0
31988.136979140734,0
31993.13707870762,0
31998.137178274505,0
32003.137277841386,0
32008.13737740827,1
32013.137476975156,0
32018.137576542038,0
32023.137676108927,0
32028.13777567581,0
32033.13787524269,0
32038.13797480958,0
32043.13807437646,0
32048.138173943342,1
32053.13827351023,0
32058.138373077112,0
32063.138472643994,0
32068.138572210883,0
32073.138671777764,0
32078.138771344646,0
32083.138870911534,0
32088.138970478416,0
32093.139070045298,0
32098.139169612186,0
32103.139269179068,0
32108.139368745953,0
32113.13946831284,0
32118.13956787972,0
32123.139667446605,0
32128.13976701349,0
32133.13986658037,0
32138.139966147257,0
32143.140065714142,0
32148.140165281024,0
32153.14026484791,0
32158.140364414794,0
32163.140463981676,0
32168.140563548564,0
32173.140663115446,0
32178.140762682327,0
32183.140862249216,0
32188.140961816098,0
32193.14106138298,0
32198.14116094987,0
32203.14126051675,0
32208.14136008363,0
32213.14145965052,0
32218.1415592174,0
32223.141658784283,0
32228.141758351172,0
32233.141857918054,0
32238.141957484935,0
32243.142057051824,0
32248.142156618705,0
32253.14225618559,0
32258.142355752476,0
32263.142455319357,0
32268.142554886243,0
32273.142654453128,0
32278.14275402001,0
32283.142853586894,0
32288.14295315378,0
32293.14305272066,0
32298.143152287546,0
32303.14325185443,0
32308.143351421313,0
32313.143450988202,0
32318.143550555083,0
32323.143650121965,0
32328.143749688854,0
32333.143849255735,0
32338.143948822617,0
32343.144048389506,0
32348.144147956387,0
32353.14424752327,0
32358.144347090158,0
32363.14444665704,0
32368.14454622392,0
32373.14464579081,0
32378.14474535769,0
32383.144844924573,0
32388.14494449146,0
32393.145044058343,0
32398.14514362523,0
32403.145243192113,0
32408.145342758995,0
32413.14544232588,0
32418.145541892765,0
32423.145641459647,0
32428.145741026532,0
32433.145840593417,0
32438.1459401603,0
32443.146039727184,0
32448.14613929407,0
32453.14623886095,0
32458.14633842784,0
32463.14643799472,0
32468.146537561603,0
32473.14663712849,0
32478.146736695373,0
32483.146836262255,0
32488.146935829143,0
32493.147035396025,0
32498.147134962906,0
32503.147234529795,0
32508.147334096677,0
32513.14743366356,0
32518.147533230447,0
32523.14763279733,0
32528.14773236421,0
32533.1478319311,0
32538.14793149798,0
32543.148031064866,0
32548.14813063175,1
32553.148230198633,0
32558.148329765518,0
32563.148429332403,0
32568.148528899284,0
32573.14862846617,0
32578.148728033055,0
32583.148827599936,0
32588.14892716682,0
32593.149026733707,0
32598.14912630059,0
32603.149225867477,0
32608.14932543436,0
32613.14942500124,0
32618.14952456813,0
32623.14962413501,0
32628.149723701892,0
32633.14982326878,0
32638.149922835662,0
32643.150022402544,0
32648.150121969433,0
32653.150221536314,0
32658.150321103196,0
32663.150420670085,0
32668.150520236966,0
32673.150619803848,0
32678.150719370737,0
32683.150818937618,0
32688.150918504503,0
32693.15101807139,0
32698.15111763827,0
32703.151217205155,0
32708.15131677204,0
32713.151416338922,0
32718.151515905807,0
32723.151615472692,0
32728.151715039574,0
32733.15181460646,0
32738.151914173344,0
32743.152013740226,0
32748.152113307115,0
32753.152212873996,0
32758.152312440878,0
32763.152412007767,0
32768.15251157465,0
32773.15261114153,0
32778.15271070841,0
32783.1528102753,0
32788.15290984219,0
32793.15300940907,0
32798.15310897595,0
32803.15320854283,0
32808.15330810972,0
32813.153407676604,0
32818.15350724349,0
32823.153606810374,0
32828.153706377256,0
32833.15380594414,0
32838.153905511026,0
32843.15400507791,0
32848.1541046448,0
32853.15420421168,0
32858.15430377856,0
32863.15440334544,0
32868.15450291233,0
32873.15460247921,0
32878.1547020461,0
32883.15480161298,0
32888.15490117986,0
32893.155000746745,0
32898.155100313634,1
32903.155199880515,0
32908.155299447404,0
32913.155399014286,0
32918.15549858117,0
32923.15559814805,0
32928.15569771494,0
32933.15579728183,0
32938.15589684871,0
32943.15599641559,0
32948.15609598247,0
32953.15619554936,0
32958.15629511624,0
32963.15639468313,0
32968.15649425001,0
32973.15659381689,0
32978.156693383775,0
32983.156792950664,0
32988.156892517545,0
32993.156992084434,0
32998.157091651316,0
33003.1571912182,0
33008.15729078508,0
33013.15739035197,0
33018.15748991885,0
33023.15758948574,0
33028.15768905262,0
33033.1577886195,0
33038.15788818638,0
33043.15798775327,0
33048.15808732015,0
33053.15818688704,0
33058.15828645392,0
33063.158386020805,0
33068.158485587686,0
33073.158585154575,1
33078.158684721464,0
33083.158784288345,0
33088.15888385523,0
33093.15898342211,0
33098.159082989,0
33103.15918255588,0
33108.15928212277,0
33113.15938168965,0
33118.15948125653,0
33123.15958082341,0
33128.1596803903,0
33133.15977995718,0
33138.15987952407,0
33143.15997909095,0
33148.160078657835,0
33153.160178224716,0
33158.160277791605,0
33163.16037735849,0
33168.160476925375,0
33173.16057649226,0
33178.16067605914,0
33183.16077562602,0
33188.16087519291,0
33193.16097475979,0
33198.16107432668,0
33203.16117389356,0
33208.16127346044,0
33213.161373027324,0
33218.16147259421,0
33223.1615721611,0
33228.16167172798,0
33233.161771294865,0
33238.161870861746,0
33243.161970428635,0
33248.16206999552,0
33253.162169562405,0
33258.16226912929,0
33263.16236869617,0
33268.16246826305,0
33273.16256782994,0
33278.16266739682,0
33283.16276696371,0
33288.16286653059,0
33293.16296609747,1
33298.163065664354,0
33303.16316523124,0
33308.163264798124,0
33313.16336436501,0
33318.163463931895,0
33323.163563498776,0
33328.16366306566,0
33333.16376263255,0
33338.16386219943,0
33343.16396176632,0
33348.1640613332,0
33353.16416090008,0
33358.16426046696,0
33363.16436003385,0
33368.16445960074,0
33373.16455916762,0
33378.1646587345,0
33383.164758301384,0
33388.16485786827,0
33393.164957435154,0
33398.16505700204,0
33403.165156568924,0
33408.165256135806,0
33413.16535570269,0
33418.165455269576,0
33423.16555483646,0
33428.16565440335,0
33433.16575397023,0
33438.16585353711,0
33443.16595310399,0
33448.16605267088,0
33453.16615223776,0
33458.16625180465,0
33463.16635137153,0
33468.16645093841,0
33473.166550505295,0
33478.166650072184,0
33483.166749639066,0
33488.166849205954,0
33493.166948772836,0
33498.16704833972,0
33503.1671479066,0
33508.16724747349,0
33513.16734704038,0
33518.16744660726,0
33523.16754617414,0
33528.16764574102,0
33533.16774530791,0
33538.16784487479,0
33543.16794444168,0
33548.16804400856,0
33553.16814357544,0
33558.168243142325,0
33563.168342709214,0
33568.168442276095,0
33573.168541842984,0
33578.168641409866,0
33583.16874097675,0
33588.16884054363,0
33593.16894011052,0
33598.1690396774,0
33603.16913924429,0
33608.16923881117,0
33613.16933837805,0
33618.16943794493,0
33623.16953751182,0
33628.1696370787,0
33633.16973664559,0
33638.16983621247,0
33643.169935779355,0
33648.17003534624,0
33653.170134913125,0
33658.170234480014,0
33663.170334046896,0
33668.17043361378,0
33673.17053318066,0
33678.17063274755,0
33683.17073231443,0
33688.17083188132,0
33693.1709314482,0
33698.17103101508,0
33703.17113058196,0
33708.17123014885,0
33713.17132971573,0
33718.17142928262,0
33723.1715288495,0
33728.171628416385,0
33733.17172798327,0
33738.171827550155,0
33743.17192711704,0
33748.172026683926,0
33753.17212625081,0
33758.17222581769,0
33763.17232538457,0
33768.17242495146,0
33773.17252451834,0
33778.17262408523,0
33783.17272365211,0
33788.17282321899,0
33793.172922785874,0
33798.17302235276,0
33803.17312191965,0
33808.17322148653,0
33813.173321053415,0
33818.1734206203,0
33823.173520187185,0
33828.17361975407,0
33833.173719320956,0
33838.17381888784,0
33843.17391845472,0
33848.1740180216,0
33853.17411758849,0
33858.17421715537,0
33863.17431672226,0
33868.17441628914,0
33873.17451585602,0
33878.174615422904,0
33883.17471498979,1
33888.174814556674,0
33893.17491412356,0
33898.175013690445,0
33903.175113257326,0
33908.17521282421,0
33913.1753123911,0
33918.17541195798,0
33923.17551152487,0
33928.17561109175,0
33933.17571065863,0
33938.17581022551,0
33943.1759097924,0
33948.17600935929,0
33953.17610892617,0
33958.17620849305,0
33963.176308059934,0
33968.17640762682,0
33973.176507193704,0
33978.17660676059,0
33983.176706327475,0
33988.176805894356,0
33993.17690546124,0
33998.17700502813,0
34003.17710459501,0
34008.1772041619,0
34013.17730372878,0
34018.17740329566,0
34023.17750286254,0
34028.17760242943,0
34033.17770199631,0
34038.1778015632,0
34043.17790113008,0
34048.178000696964,0
34053.178100263845,0
34058.178199830734,0
34063.178299397616,0
34068.178398964505,0
34073.178498531386,0
34078.17859809827,0
34083.17869766515,0
34088.17879723204,0
34093.17889679893,0
34098.17899636581,0
34103.17909593269,0
34108.17919549957,0
34113.17929506646,0
34118.17939463334,0
34123.17949420023,0
34128.17959376711,0
34133.179693333994,0
34138.179792900875,0
34143.179892467764,0
34148.179992034646,0
34153.180091601535,0
34158.180191168416,0
34163.1802907353,0
34168.18039030218,0
34173.18048986907,0
34178.18058943595,0
34183.18068900284,0
34188.18078856972,0
34193.1808881366,0
34198.18098770348,1
34203.18108727037,0
34208.18118683725,0
34213.18128640414,0
34218.181385971024,0
34223.181485537905,0
34228.18158510479,0
34233.181684671676,0
34238.181784238564,0
34243.181883805446,0
34248.18198337233,0
34253.18208293921,0
34258.1821825061,0
34263.18228207298,0
34268.18238163987,0
34273.18248120675,0
34278.18258077363,0
34283.18268034051,0
34288.1827799074,0
34293.18287947428,0
34298.18297904117,0
34303.18307860805,0
34308.183178174935,0
34313.18327774182,0
34318.183377308706,0
34323.18347687559,0
34328.183576442476,0
34333.18367600936,0
34338.18377557624,1
34343.18387514312,0
34348.18397471001,0
34353.18407427689,0
34358.18417384378,0
34363.18427341066,0
34368.18437297754,0
34373.184472544424,0
34378.18457211131,0
34383.1846716782,0
34388.18477124508,0
34393.184870811965,0
34398.18497037885,0
34403.185069945735,0
34408.18516951262,0
34413.185269079506,0
34418.18536864639,0
34423.18546821327,0
34428.18556778015,0
34433.18566734704,0
34438.18576691392,0
34443.18586648081,0
34448.18596604769,0
34453.18606561457,0
34458.186165181454,0
34463.18626474834,0
34468.186364315225,0
34473.18646388211,0
34478.186563448995,0
34483.18666301588,0
34488.18676258276,0
34493.18686214965,0
34498.18696171653,0
34503.18706128342,0
34508.1871608503,0
34513.18726041718,0
34518.18735998406,0
34523.18745955095,0
34528.18755911784,0
34533.18765868472,0
34538.1877582516,0
34543.187857818484,0
34548.18795738537,0
34553.188056952255,0
34558.18815651914,0
34563.188256086025,0
34568.18835565291,0
34573.18845521979,0
34578.18855478668,0
34583.18865435356,0
34588.18875392045,0
34593.18885348733,0
34598.18895305421,0
34603.18905262109,0
34608.18915218798,0
34613.18925175486,0
34618.18935132175,0
34623.18945088863,0
34628.189550455514,0
34633.189650022396,0
34638.189749589284,0
34643.189849156166,0
34648.189948723055,0
34653.19004828994,0
34658.19014785682,0
34663.1902474237,0
34668.19034699059,0
34673.19044655748,0
34678.19054612436,0
34683.19064569124,0
34688.19074525812,0
34693.19084482501,0
34698.19094439189,0
34703.19104395878,0
34708.19114352566,0
34713.191243092544,0
34718.191342659426,0
34723.191442226314,0
34728.191541793196,0
34733.191641360085,0
34738.191740926966,0
34743.19184049385,0
34748.19194006073,0
34753.19203962762,0
34758.1921391945,0
34763.19223876139,0
34768.19233832827,0
34773.19243789515,0
34778.19253746203,0
34783.19263702892,0
34788.1927365958,0
34793.19283616269,0
34798.192935729574,0
34803.193035296455,0
34808.19313486334,0
34813.193234430226,0
34818.193333997115,0
34823.193433563996,0
34828.19353313088,0
34833.19363269776,0
34838.19373226465,0
34843.19383183153,0
34848.19393139842,0
34853.1940309653,0
34858.19413053218,0
34863.19423009906,0
34868.19432966595,0
34873.19442923283,0
34878.19452879972,0
34883.194628366604,0
34888.194727933485,0
34893.19482750037,0
34898.194927067256,0
34903.19502663414,0
34908.195126201026,0
34913.19522576791,0
34918.19532533479,0
34923.19542490167,0
34928.19552446856,0
34933.19562403544,0
34938.19572360233,0
34943.19582316921,0
34948.19592273609,0
34953.196022302975,0
34958.19612186986,0
34963.19622143675,0
34968.196321003634,0
34973.196420570515,0
34978.1965201374,0
34983.196619704286,0
34988.19671927117,0
34993.196818838056,0
34998.19691840494,0
35003.19701797182,0
35008.1971175387,0
35013.19721710559,0
35018.19731667247,0
35023.19741623936,0
35028.19751580624,0
35033.19761537312,0
35038.197714940005,0
35043.19781450689,0
35048.197914073775,0
35053.198013640664,0
35058.198113207545,0
35063.19821277443,0
35068.19831234131,0
35073.1984119082,0
35078.19851147508,0
35083.19861104197,0
35088.19871060885,0
35093.19881017573,0
35098.19890974261,0
35103.1990093095,0
35108.19910887639,0
35113.19920844327,0
35118.19930801015,0
35123.199407577034,0
35128.19950714392,0
35133.199606710805,0
35138.19970627769,0
35143.199805844575,0
35148.19990541146,0
35153.20000497834,0
35158.20010454523,0
35163.20020411211,0
35168.200303679,0
35173.20040324588,0
35178.20050281276,0
35183.20060237964,0
35188.20070194653,0
35193.20080151341,0
35198.2009010803,0
35203.20100064718,0
35208.201100214064,0
35213.201199780946,0
35218.201299347835,0
35223.201398914716,0
35228.201498481605,0
35233.20159804849,0
35238.20169761537,0
35243.20179718225,0
35248.20189674914,0
35253.20199631603,0
35258.20209588291,0
35263.20219544979,0
35268.20229501667,0
35273.20239458356,0
35278.20249415044,0
35283.20259371733,0
35288.20269328421,0
35293.202792851094,0
35298.202892417976,0
35303.202991984865,0
35308.203091551746,0
35313.203191118635,0
35318.20329068552,0
35323.2033902524,0
35328.20348981928,0
35333.20358938617,0
35338.20368895305,0
35343.20378851994,0
35348.20388808682,0
35353.2039876537,0
35358.20408722058,0
35363.20418678747,0
35368.204286354354,0
35373.20438592124,0
35378.204485488124,0
35383.204585055006,0
35388.20468462189,0
35393.204784188776,0
35398.204883755665,0
35403.20498332255,0
35408.20508288943,0
35413.20518245631,0
35418.2052820232,0
35423.20538159008,0
35428.20548115697,0
35433.20558072385,0
35438.20568029073,0
35443.20577985761,0
35448.2058794245,0
35453.205978991384,0
35458.20607855827,0
35463.206178125154,0
35468.206277692036,0
35473.20637725892,0
35478.206476825806,0
35483.20657639269,0
35488.20667595958,0
35493.20677552646,0
35498.20687509334,0
35503.20697466022,0
35508.20707422711,0
35513.20717379399,0
35518.20727336088,0
35523.20737292776,0
35528.20747249464,0
35533.207572061525,0
35538.207671628414,0
35543.2077711953,0
35548.207870762184,0
35553.207970329066,0
35558.20806989595,0
35563.208169462836,0
35568.20826902972,0
35573.208368596606,0
35578.20846816349,0
35583.20856773037,0
35588.20866729725,0
35593.20876686414,0
35598.20886643102,0
35603.20896599791,0
35608.20906556479,0
35613.20916513167,0
35618.209264698555,0
35623.20936426544,0
35628.209463832325,0
35633.209563399214,0
35638.209662966095,0
35643.20976253298,0
35648.20986209986,0
35653.20996166675,0
35658.21006123363,0
35663.21016080052,0
35668.2102603674,0
35673.21035993428,0
35678.21045950116,0
35683.21055906805,0
35688.21065863494,0
35693.21075820182,0
35698.2108577687,0
35703.210957335585,0
35708.21105690247,0
35713.211156469355,0
35718.211256036244,0
35723.211355603125,0
35728.21145517001,0
35733.21155473689,0
35738.21165430378,0
35743.21175387066,0
35748.21185343755,0
35753.21195300443,0
35758.21205257131,0
35763.21215213819,0
35768.21225170508,0
35773.21235127196,0
35778.21245083885,0
35783.21255040573,0
35788.212649972615,0
35793.212749539496,0
35798.212849106385,0
35803.21294867327,0
35808.213048240155,0
35813.21314780704,0
35818.21324737392,0
35823.2133469408,0
35828.21344650769,0
35833.21354607458,0
35838.21364564146,0
35843.21374520834,0
35848.21384477522,0
35853.21394434211,0
35858.21404390899,0
35863.21414347588,0
35868.21424304276,0
35873.214342609645,0
35878.214442176526,0
35883.214541743415,0
35888.2146413103,0
35893.214740877185,0
35898.21484044407,0
35903.21494001095,0
35908.21503957783,0
35913.21513914472,0
35918.2152387116,0
35923.21533827849,0
35928.21543784537,0
35933.21553741225,0
35938.215636979134,0
35943.21573654602,0
35948.215836112904,0
35953.21593567979,0
35958.216035246674,0
35963.216134813556,0
35968.21623438044,0
35973.216333947326,0
35978.216433514215,0
35983.2165330811,0
35988.21663264798,0
35993.21673221486,0
35998.21683178175,0
36003.21693134863,0
36008.21703091552,0
36013.2171304824,0
36018.21723004928,0
36023.21732961616,0
36028.21742918305,0
36033.217528749934,0
36038.21762831682,0
36043.217727883704,0
36048.217827450586,0
36053.21792701747,0
36058.218026584356,0
36063.21812615124,0
36068.21822571813,0
36073.21832528501,0
36078.21842485189,0
36083.21852441877,0
36088.21862398566,0
36093.21872355254,0
36098.21882311943,0
36103.21892268631,0
36108.21902225319,0
36113.219121820075,0
36118.219221386964,0
36123.21932095385,0
36128.219420520734,0
36133.219520087616,0
36138.2196196545,0
36143.219719221386,0
36148.21981878827,0
36153.21991835516,0
36158.22001792204,0
36163.22011748892,0
36168.2202170558,0
36173.22031662269,0
36178.22041618957,0
36183.22051575646,0
36188.22061532334,0
36193.22071489022,0
36198.220814457105,0
36203.220914023994,0
36208.221013590875,0
36213.221113157764,0
36218.221212724646,0
36223.22131229153,0
36228.22141185841,0
36233.2215114253,0
36238.22161099218,0
36243.22171055907,0
36248.22181012595,0
36253.22190969283,0
36258.22200925971,0
36263.2221088266,0
36268.22220839349,0
36273.22230796037,0
36278.22240752725,0
36283.222507094135,0
36288.222606661024,0
36293.222706227905,0
36298.222805794794,0
36303.222905361676,0
36308.22300492856,0
36313.22310449544,0
36318.22320406233,0
36323.22330362921,0
36328.2234031961,0
36333.22350276298,0
36338.22360232986,0
36343.22370189674,0
36348.22380146363,0
36353.22390103051,0
36358.2240005974,0
36363.22410016428,0
36368.224199731165,0
36373.22429929805,0
36378.224398864935,0
36383.22449843182,0
36388.224597998706,0
36393.22469756559,0
36398.22479713247,0
36403.22489669935,0
36408.22499626624,0
36413.22509583313,0
36418.22519540001,0
36423.22529496689,0
36428.22539453377,0
36433.22549410066,0
36438.22559366754,0
36443.22569323443,0
36448.22579280131,0
36453.225892368195,0
36458.225991935076,0
36463.226091501965,0
36468.22619106885,0
36473.226290635735,0
36478.22639020262,0
36483.2264897695,0
36488.22658933638,0
36493.22668890327,0
36498.22678847015,0
36503.22688803704,0
36508.22698760392,0
36513.2270871708,0
36518.227186737684,0
36523.22728630457,0
36528.227385871454,0
36533.22748543834,0
36538.227585005225,0
36543.227684572106,0
36548.22778413899,0
36553.22788370588,0
36558.227983272765,0
36563.22808283965,0
36568.22818240653,0
36573.22828197341,0
36578.2283815403,0
36583.22848110718,0
36588.22858067407,0
36593.22868024095,0
36598.22877980783,0
36603.228879374714,0
36608.2289789416,0
36613.229078508484,0
36618.22917807537,0
36623.229277642255,0
36628.229377209136,0
36633.22947677602,0
36638.22957634291,0
36643.22967590979,0
36648.22977547668,0
36653.22987504356,0
36658.22997461044,0
36663.23007417732,0
36668.23017374421,0
36673.23027331109,0
36678.23037287798,0
36683.23047244486,0
36688.230572011744,0
36693.230671578625,0
36698.230771145514,0
36703.2308707124,0
36708.230970279285,0
36713.231069846166,0
36718.23116941305,0
36723.23126897994,0
36728.23136854682,0
36733.23146811371,0
36738.23156768059,0
36743.23166724747,0
36748.23176681435,0
36753.23186638124,0
36758.23196594812,0
36763.23206551501,0
36768.23216508189,0
36773.232264648774,0
36778.232364215655,0
36783.232463782544,0
36788.232563349426,0
36793.232662916314,0
36798.232762483196,0
36803.23286205008,0
36808.23296161696,0
36813.23306118385,0
36818.23316075073,0
36823.23326031762,0
36828.2333598845,0
36833.23345945138,0
36838.23355901826,0
36843.23365858515,0
36848.23375815204,0
36853.23385771892,0
36858.2339572858,0
36863.234056852685,0
36868.234156419574,0
36873.234255986456,0
36878.234355553344,0
36883.234455120226,0
36888.23455468711,0
36893.23465425399,0
36898.23475382088,0
36903.23485338776,0
36908.23495295465,0
36913.23505252153,0
36918.23515208841,0
36923.23525165529,0
36928.23535122218,0
36933.23545078906,0
36938.23555035595,0
36943.23564992283,0
36948.235749489715,0
36953.2358490566,0
36958.235948623485,0
36963.23604819037,0
36968.236147757256,0
36973.23624732414,0
36978.23634689102,0
36983.23644645791,0
36988.23654602479,0
36993.23664559168,0
36998.23674515856,0
37003.23684472544,0
37008.23694429232,0
37013.23704385921,0
37018.23714342609,0
37023.23724299298,0
37028.23734255986,0
37033.237442126745,0
37038.23754169363,0
37043.237641260515,0
37048.2377408274,0
37053.237840394286,0
37058.23793996117,0
37063.23803952805,0
37068.23813909493,0
37073.23823866182,0
37078.2383382287,0
37083.23843779559,0
37088.23853736247,0
37093.23863692935,0
37098.238736496234,0
37103.23883606312,0
37108.238935630005,0
37113.23903519689,0
37118.239134763775,0
37123.23923433066,0
37128.239333897545,0
37133.23943346443,0
37138.239533031316,0
37143.2396325982,0
37148.23973216508,0
37153.23983173196,0
37158.23993129885,0
37163.24003086573,0
37168.24013043262,0
37173.2402299995,0
37178.24032956638,0
37183.240429133264,0
37188.24052870015,0
37193.240628267034,0
37198.24072783392,0
37203.240827400805,0
37208.24092696769,0
37213.24102653457,0
37218.24112610146,0
37223.24122566834,0
37228.24132523523,0
37233.24142480211,0
37238.24152436899,0
37243.24162393587,0
37248.24172350276,0
37253.24182306964,0
37258.24192263653,0
37263.24202220341,0
37268.242121770294,0
37273.24222133718,0
37278.242320904064,0
37283.24242047095,0
37288.242520037835,0
37293.242619604716,0
37298.2427191716,0
37303.24281873849,0
37308.24291830537,0
37313.24301787226,0
37318.24311743914,0
37323.24321700602,0
37328.2433165729,0
37333.24341613979,0
37338.24351570667,0
37343.24361527356,0
37348.24371484044,0
37353.243814407324,0
37358.243913974205,0
37363.244013541094,0
37368.244113107976,0
37373.244212674865,0
37378.244312241746,0
37383.24441180863,0
37388.24451137551,0
37393.2446109424,0
37398.24471050928,0
37403.24481007617,0
37408.24490964305,0
37413.24500920993,0
37418.24510877682,0
37423.2452083437,0
37428.24530791059,0
37433.24540747747,0
37438.245507044354,0
37443.245606611235,0
37448.245706178124,0
37453.245805745006,0
37458.245905311895,0
37463.246004878776,0
37468.24610444566,0
37473.24620401254,0
37478.24630357943,0
37483.24640314631,0
37488.2465027132,0
37493.24660228008,0
37498.24670184696,0
37503.24680141384,0
37508.24690098073,0
37513.24700054761,0
37518.2471001145,0
37523.247199681384,0
37528.247299248265,0
37533.24739881515,0
37538.247498382036,0
37543.24759794892,0
37548.247697515806,0
37553.24779708269,0
37558.24789664957,0
37563.24799621646,0
37568.24809578334,0
37573.24819535023,0
37578.24829491711,0
37583.24839448399,0
37588.24849405087,0
37593.24859361776,0
37598.24869318464,0
37603.24879275153,0
37608.248892318414,0
37613.248991885295,0
37618.24909145218,0
37623.249191019066,0
37628.24929058595,0
37633.249390152836,0
37638.24948971972,0
37643.2495892866,0
37648.24968885348,0
37653.24978842037,0
37658.24988798725,0
37663.24998755414,0
37668.25008712102,0
37673.2501866879,0
37678.250286254784,0
37683.25038582167,0
37688.250485388555,0
37693.25058495544,0
37698.250684522325,0
37703.25078408921,0
37708.250883656096,0
37713.25098322298,0
37718.251082789866,0
37723.25118235675,0
37728.25128192363,0
37733.25138149051,0
37738.2514810574,0
37743.25158062428,0
37748.25168019117,0
37753.25177975805,0
37758.25187932493,0
37763.251978891814,0
37768.2520784587,0
37773.252178025585,0
37778.25227759247,0
37783.252377159355,0
37788.25247672624,0
37793.25257629312,0
37798.25267586001,0
37803.25277542689,0
37808.25287499378,0
37813.25297456066,0
37818.25307412754,0
37823.25317369442,0
37828.25327326131,0
37833.25337282819,0
37838.25347239508,0
37843.25357196196,0
37848.253671528844,0
37853.25377109573,0
37858.253870662615,0
37863.2539702295,0
37868.254069796385,0
37873.25416936327,0
37878.25426893015,0
37883.25436849704,0
37888.25446806392,0
37893.25456763081,0
37898.25466719769,0
37903.25476676457,0
37908.25486633145,0
37913.25496589834,0
37918.25506546522,0
37923.25516503211,0
37928.25526459899,0
37933.255364165874,0
37938.255463732756,0
37943.255563299645,0
37948.255662866526,0
37953.255762433415,0
37958.2558620003,0
37963.25596156718,0
37968.25606113406,0
37973.25616070095,0
37978.25626026783,0
37983.25635983472,0
37988.2564594016,0
37993.25655896848,0
37998.25665853537,0
38003.25675810225,0
38008.25685766914,0
38013.25695723602,0
38018.257056802904,0
38023.257156369786,0
38028.257255936674,0
38033.257355503556,0
38038.257455070445,0
38043.25755463733,0
38048.25765420421,0
38053.25775377109,0
38058.25785333798,0
38063.25795290486,0
38068.25805247175,0
38073.25815203863,0
38078.25825160551,0
38083.25835117239,0
38088.25845073928,0
38093.258550306164,0
38098.25864987305,0
38103.258749439934,0
38108.258849006816,0
38113.2589485737,0
38118.259048140586,0
38123.25914770747,0
38128.259247274356,0
38133.25934684124,0
38138.25944640812,0
38143.25954597501,0
38148.25964554189,0
38153.25974510878,0
38158.25984467566,0
38163.25994424254,0
38168.26004380942,0
38173.26014337631,0
38178.26024294319,0
38183.26034251008,0
38188.260442076964,0
38193.260541643845,0
38198.26064121073,0
38203.260740777616,0
38208.2608403445,0
38213.260939911386,0
38218.26103947827,0
38223.26113904515,0
38228.26123861203,0
38233.26133817892,0
38238.2614377458,0
38243.26153731269,0
38248.26163687957,0
38253.26173644645,0
38258.261836013335,0
38263.26193558022,0
38268.262035147105,0
38273.262134713994,0
38278.262234280875,0
38283.26233384776,0
38288.262433414646,0
38293.26253298153,0
38298.262632548416,0
38303.2627321153,0
38308.26283168218,0
38313.26293124906,0
38318.26303081595,0
38323.26313038283,0
38328.26322994972,0
38333.2633295166,0
38338.26342908348,0
38343.263528650365,0
38348.26362821725,0
38353.263727784135,0
38358.263827351024,0
38363.263926917905,0
38368.26402648479,0
38373.26412605167,0
38378.26422561856,0
38383.26432518544,0
38388.26442475233,0
38393.26452431921,0
38398.26462388609,0
38403.26472345297,0
38408.26482301986,0
38413.26492258674,0
38418.26502215363,0
38423.26512172051,0
38428.265221287395,0
38433.26532085428,0
38438.265420421165,0
38443.265519988054,0
38448.265619554935,0
38453.26571912182,0
38458.2658186887,0
38463.26591825559,0
38468.26601782247,0
38473.26611738936,0
38478.26621695624,0
38483.26631652312,0
38488.26641609,0
38493.26651565689,0
38498.26661522377,0
38503.26671479066,0
38508.26681435754,0
38513.266913924424,0
38518.267013491306,0
38523.267113058195,0
38528.267212625076,0
38533.267312191965,0
38538.26741175885,0
38543.26751132573,0
38548.26761089261,0
38553.2677104595,0
38558.26781002638,0
38563.26790959327,0
38568.26800916015,0
38573.26810872703,0
38578.26820829392,0
38583.2683078608,0
38588.26840742769,0
38593.26850699457,0
38598.268606561454,0
38603.268706128336,0
38608.268805695225,0
38613.268905262106,0
38618.269004828995,0
38623.26910439588,0
38628.26920396276,0
38633.26930352964,0
38638.26940309653,0
38643.26950266341,0
38648.2696022303,0
38653.26970179718,0
38658.26980136406,0
38663.26990093094,0
38668.27000049783,0
38673.270100064714,0
38678.2701996316,0
38683.270299198484,0
38688.270398765366,0
38693.27049833225,0
38698.270597899136,0
38703.27069746602,0
38708.27079703291,0
38713.27089659979,0
38718.27099616667,0
38723.27109573356,0
38728.27119530044,0
38733.27129486733,0
38738.27139443421,0
38743.27149400109,0
38748.27159356797,0
38753.27169313486,0
38758.271792701744,0
38763.27189226863,0
38768.271991835514,0
38773.272091402396,0
38778.27219096928,0
38783.272290536166,0
38788.27239010305,0
38793.27248966994,0
38798.27258923682,0
38803.2726888037,0
38808.27278837058,0
38813.27288793747,0
38818.27298750435,0
38823.27308707124,0
38828.27318663812,0
38833.273286205,0
38838.273385771885,0
38843.273485338774,0
38848.273584905655,0
38853.273684472544,0
38858.273784039426,0
38863.27388360631,0
38868.273983173196,0
38873.27408274008,0
38878.27418230697,0
38883.27428187385,0
38888.27438144073,0
38893.27448100761,0
38898.2745805745,0
38903.27468014138,0
38908.27477970827,0
38913.27487927515,0
38918.27497884203,0
38923.275078408915,0
38928.275177975804,0
38933.275277542685,0
38938.275377109574,0
38943.275476676456,0
38948.27557624334,0
38953.27567581022,0
38958.27577537711,0
38963.27587494399,0
38968.27597451088,0
38973.27607407776,0
38978.27617364464,0
38983.27627321152,0
38988.27637277841,0
38993.27647234529,0
38998.27657191218,0
39003.27667147906,0
39008.276771045945,0
39013.27687061283,0
39018.276970179715,0
39023.277069746604,0
39028.277169313486,0
39033.27726888037,0
39038.27736844725,0
39043.27746801414,0
39048.27756758102,0
39053.27766714791,0
39058.27776671479,0
39063.27786628167,0
39068.27796584855,0
39073.27806541544,0
39078.27816498232,0
39083.27826454921,0
39088.27836411609,0
39093.278463682975,0
39098.278563249856,0
39103.278662816745,0
39108.27876238363,0
39113.278861950515,0
39118.2789615174,0
39123.27906108428,0
39128.27916065116,0
39133.27926021805,0
39138.27935978493,0
39143.27945935182,0
39148.2795589187,0
39153.27965848558,0
39158.27975805247,0
39163.27985761935,0
39168.27995718624,0
39173.28005675312,0
39178.280156320005,0
39183.280255886886,0
39188.280355453775,0
39193.28045502066,0
39198.280554587545,0
39203.28065415443,0
39208.28075372131,0
39213.28085328819,0
39218.28095285508,0
39223.28105242196,0
39228.28115198885,0
39233.28125155573,0
39238.28135112261,0
39243.281450689494,0
39248.28155025638,0
39253.281649823264,0
39258.28174939015,0
39263.281848957035,0
39268.281948523916,0
39273.2820480908,0
39278.28214765769,0
39283.28224722457,0
39288.28234679146,0
39293.28244635834,0
39298.28254592522,0
39303.28264549211,0
39308.28274505899,0
39313.28284462588,0
39318.28294419276,0
39323.28304375964,0
39328.283143326524,0
39333.28324289341,0
39338.283342460294,0
39343.28344202718,0
39348.283541594064,0
39353.283641160946,0
39358.28374072783,0
39363.283840294716,0
39368.2839398616,0
39373.28403942849,0
39378.28413899537,0
39383.28423856225,0
39388.28433812913,0
39393.28443769602,0
39398.2845372629,0
39403.28463682979,0
39408.28473639667,0
39413.28483596355,0
39418.284935530435,0
39423.285035097324,0
39428.285134664206,0
39433.285234231094,0
39438.285333797976,0
39443.28543336486,0
39448.285532931746,0
39453.28563249863,0
39458.28573206552,0
39463.2858316324,0
39468.28593119928,0
39473.28603076616,0
39478.28613033305,0
39483.28622989993,0
39488.28632946682,0
39493.2864290337,0
39498.28652860058,0
39503.286628167465,0
39508.286727734354,0
39513.286827301235,0
39518.286926868124,0
39523.287026435006,0
39528.28712600189,0
39533.28722556877,0
39538.28732513566,0
39543.28742470254,0
39548.28752426943,0
39553.28762383631,0
39558.28772340319,0
39563.28782297007,0
39568.28792253696,0
39573.28802210384,0
39578.28812167073,0
39583.28822123761,0
39588.288320804495,0
39593.288420371384,0
39598.288519938265,0
39603.288619505154,0
39608.288719072036,0
39613.28881863892,0
39618.2889182058,0
39623.28901777269,0
39628.28911733957,0
39633.28921690646,0
39638.28931647334,0
39643.28941604022,0
39648.2895156071,0
39653.28961517399,0
39658.28971474087,0
39663.28981430776,0
39668.28991387464,0
39673.290013441525,0
39678.29011300841,0
39683.290212575295,0
39688.29031214218,0
39693.290411709066,0
39698.29051127595,0
39703.29061084283,0
39708.29071040971,0
39713.2908099766,0
39718.29090954348,0
39723.29100911037,0
39728.29110867725,0
39733.29120824413,0
39738.29130781102,0
39743.2914073779,0
39748.29150694479,0
39753.29160651167,0
39758.291706078555,0
39763.29180564544,0
39768.291905212325,0
39773.29200477921,0
39778.292104346096,0
39783.29220391298,0
39788.29230347986,0
39793.29240304674,0
39798.29250261363,0
39803.29260218051,0
39808.2927017474,0
39813.29280131428,0
39818.29290088116,0
39823.293000448044,0
39828.29310001493,0
39833.293199581814,0
39838.2932991487,0
39843.293398715585,0
39848.293498282466,0
39853.29359784935,0
39858.29369741624,0
39863.29379698312,0
39868.29389655001,0
39873.29399611689,0
39878.29409568377,0
39883.29419525066,0
39888.29429481754,0
39893.29439438443,0
39898.29449395131,0
39903.29459351819,0
39908.294693085074,0
39913.29479265196,0
39918.294892218844,0
39923.29499178573,0
39928.295091352615,0
39933.295190919496,0
39938.29529048638,0
39943.29539005327,0
39948.29548962015,0
39953.29558918704,0
39958.29568875392,0
39963.2957883208,0
39968.29588788768,0
39973.29598745457,0
39978.29608702145,0
39983.29618658834,0
39988.29628615522,0
39993.296385722104,0
39998.296485288985,0
40003.296584855874,0
40008.296684422756,0
40013.296783989645,0
40018.296883556526,0
40023.29698312341,0
40028.2970826903,0
40033.29718225718,0
40038.29728182407,0
40043.29738139095,0
40048.29748095783,0
40053.29758052471,0
40058.2976800916,0
40063.29777965848,0
40068.29787922537,0
40073.29797879225,0
40078.298078359134,0
40083.298177926015,0
40088.298277492904,0
40093.298377059786,0
40098.298476626675,0
40103.298576193556,0
40108.29867576044,0
40113.29877532732,0
40118.29887489421,0
40123.29897446109,0
40128.29907402798,0
40133.29917359486,0
40138.29927316174,0
40143.29937272862,0
40148.29947229551,0
40153.29957186239,0
40158.29967142928,0
40163.299770996164,0
40168.299870563045,0
40173.299970129934,0
40178.300069696816,0
40183.300169263704,0
40188.300268830586,0
40193.30036839747,0
40198.30046796435,0
40203.30056753124,0
40208.30066709812,0
40213.30076666501,0
40218.30086623189,0
40223.30096579877,0
40228.30106536565,0
40233.30116493254,0
40238.30126449942,0
40243.30136406631,0
40248.30146363319,0
40253.301563200075,0
40258.30166276696,0
40263.301762333846,0
40268.30186190073,0
40273.301961467616,0
40278.3020610345,0
40283.30216060138,0
40288.30226016826,0
40293.30235973515,0
40298.30245930203,0
40303.30255886892,0
40308.3026584358,0
40313.30275800268,0
40318.30285756957,0
40323.30295713645,0
40328.30305670334,0
40333.30315627022,0
40338.303255837105,0
40343.30335540399,0
40348.303454970875,0
40353.30355453776,0
40358.303654104646,0
40363.30375367153,0
40368.30385323841,0
40373.30395280529,0
40378.30405237218,0
40383.30415193906,0
40388.30425150595,0
40393.30435107283,0
40398.30445063971,0
40403.304550206594,0
40408.30464977348,0
40413.304749340365,0
40418.30484890725,0
40423.304948474135,0
40428.30504804102,0
40433.3051476079,0
40438.30524717479,0
40443.30534674167,0
40448.30544630856,0
40453.30554587544,0
40458.30564544232,0
40463.30574500921,0
40468.30584457609,0
40473.30594414298,0
40478.30604370986,0
40483.30614327674,0
40488.306242843624,0
40493.30634241051,0
40498.306441977395,0
40503.30654154428,0
40508.306641111165,0
40513.30674067805,0
40518.30684024493,0
40523.30693981182,0
40528.3070393787,0
40533.30713894559,0
40538.30723851247,0
40543.30733807935,0
40548.30743764623,0
40553.30753721312,0
40558.30763678,0
40563.30773634689,0
40568.30783591377,0
40573.307935480654,0
40578.308035047536,0
40583.308134614424,0
40588.308234181306,0
40593.308333748195,0
40598.30843331508,0
40603.30853288196,0
40608.30863244885,0
40613.30873201573,0
40618.30883158262,0
40623.3089311495,0
40628.30903071638,0
40633.30913028326,0
40638.30922985015,0
40643.30932941703,0
40648.30942898392,0
40653.3095285508,0
40658.309628117684,0
40663.309727684566,0
40668.309827251454,0
40673.309926818336,0
40678.310026385225,0
40683.310125952106,0
40688.31022551899,0
40693.31032508587,0
40698.31042465276,0
40703.31052421964,0
40708.31062378653,0
40713.31072335341,0
40718.31082292029,0
40723.31092248717,0
40728.31102205406,0
40733.31112162094,0
40738.31122118783,0
40743.311320754714,0
40748.311420321596,0
40753.311519888484,0
40758.311619455366,0
40763.311719022255,0
40768.311818589136,0
40773.31191815602,0
40778.3120177229,0
40783.31211728979,0
40788.31221685667,0
40793.31231642356,0
40798.31241599044,0
40803.31251555732,0
40808.3126151242,0
40813.31271469109,0
40818.31281425797,0
40823.31291382486,0
40828.313013391744,0
40833.313112958625,0
40838.31321252551,0
40843.313312092396,0
40848.31341165928,0
40853.313511226166,0
40858.31361079305,0
40863.31371035993,0
40868.31380992681,0
40873.3139094937,0
40878.31400906058,0
40883.31410862747,0
40888.31420819435,0
40893.31430776123,0
40898.31440732812,0
40903.314506895,0
40908.31460646189,0
40913.314706028774,0
40918.314805595655,0
40923.31490516254,0
40928.315004729426,0
40933.31510429631,0
40938.315203863196,0
40943.31530343008,0
40948.31540299696,0
40953.31550256384,0
40958.31560213073,0
40963.31570169761,0
40968.3158012645,0
40973.31590083138,0
40978.31600039826,0
40983.316099965145,0
40988.31619953203,0
40993.316299098915,0
40998.316398665804,0
41003.316498232685,0
41008.31659779957,0
41013.31669736645,0
41018.31679693334,0
41023.31689650022,0
41028.31699606711,0
41033.31709563399,0
41038.31719520087,0
41043.31729476776,0
41048.31739433464,0
41053.31749390153,0
41058.31759346841,0
41063.31769303529,0
41068.317792602174,0
41073.31789216906,0
41078.317991735945,0
41083.31809130283,0
41088.318190869715,0
41093.3182904366,0
41098.31839000348,0
41103.31848957037,0
41108.31858913725,0
41113.31868870414,0
41118.31878827102,0
41123.3188878379,0
41128.31898740478,0
41133.31908697167,0
41138.31918653855,0
41143.31928610544,0
41148.31938567232,0
41153.319485239204,0
41158.319584806086,0
41163.319684372975,0
41168.319783939856,0
41173.319883506745,0
41178.31998307363,0
41183.32008264051,0
41188.3201822074,0
41193.32028177428,0
41198.32038134117,0
41203.32048090805,0
41208.32058047493,0
41213.32068004181,0
41218.3207796087,0
41223.32087917558,0
41228.32097874247,0
41233.32107830935,0
41238.321177876234,0
41243.321277443116,0
41248.321377010005,0
41253.321476576886,0
41258.321576143775,0
41263.32167571066,0
41268.32177527754,0
41273.32187484442,0
41278.32197441131,0
41283.32207397819,0
41288.32217354508,0
41293.32227311196,0
41298.32237267884,0
41303.32247224572,0
41308.32257181261,0
41313.322671379494,0
41318.32277094638,0
41323.322870513264,0
41328.322970080146,0
41333.323069647035,0
41338.323169213916,0
41343.323268780805,0
41348.32336834769,0
41353.32346791457,0
41358.32356748145,0
41363.32366704834,0
41368.32376661522,0
41373.32386618211,0
41378.32396574899,0
41383.32406531587,0
41388.32416488275,0
41393.32426444964,0
41398.324364016524,0
41403.32446358341,0
41408.324563150294,0
41413.324662717176,0
41418.32476228406,0
41423.324861850946,0
41428.32496141783,0
41433.32506098472,0
41438.3251605516,0
41443.32526011848,0
41448.32535968536,0
41453.32545925225,0
41458.32555881913,0
41463.32565838602,0
41468.3257579529,0
41473.32585751978,0
41478.32595708667,0
41483.326056653554,0
41488.32615622044,0
41493.326255787324,0
41498.326355354206,0
41503.32645492109,0
41508.326554487976,0
41513.32665405486,0
41518.326753621746,0
41523.32685318863,0
41528.32695275551,0
41533.32705232239,0
41538.32715188928,0
41543.32725145616,0
41548.32735102305,0
41553.32745058993,0
41558.32755015681,0
41563.327649723695,0
41568.32774929058,0
41573.327848857465,0
41578.327948424354,0
41583.328047991236,0
41588.32814755812,0
41593.328247125,0
41598.32834669189,0
41603.32844625877,0
41608.32854582566,0
41613.32864539254,0
41618.32874495942,0
41623.32884452631,0
41628.32894409319,0
41633.32904366008,0
41638.32914322696,0
41643.32924279384,0
41648.329342360725,0
41653.32944192761,0
41658.329541494495,0
41663.329641061384,0
41668.329740628265,0
41673.32984019515,0
41678.32993976203,0
41683.33003932892,0
41688.3301388958,0
41693.33023846269,0
41698.33033802957,0
41703.33043759645,0
41708.33053716333,0
41713.33063673022,0
41718.3307362971,0
41723.33083586399,0
41728.33093543087,0
41733.331034997755,0
41738.331134564636,0
41743.331234131525,0
41748.33133369841,0
41753.331433265295,0
41758.33153283218,0
41763.33163239906,0
41768.33173196595,0
41773.33183153283,0
41778.33193109972,0
41783.3320306666,0
41788.33213023348,0
41793.33222980036,0
41798.33232936725,0
41803.33242893413,0
41808.33252850102,0
41813.3326280679,0
41818.332727634785,0
41823.332827201666,0
41828.332926768555,0
41833.33302633544,0
41838.333125902325,0
41843.33322546921,0
41848.33332503609,0
41853.33342460297,0
41858.33352416986,0
41863.33362373674,0
41868.33372330363,0
41873.33382287051,0
41878.33392243739,0
41883.334022004274,0
41888.33412157116,0
41893.334221138044,0
41898.33432070493,0
41903.334420271814,0
41908.334519838696,0
41913.334619405585,0
41918.33471897247,0
41923.334818539355,0
41928.33491810624,0
41933.33501767312,0
41938.33511724,0
41943.33521680689,0
41948.33531637377,0
41953.33541594066,0
41958.33551550754,0
41963.33561507442,0
41968.335714641304,0
41973.33581420819,0
41978.335913775074,0
41983.33601334196,0
41988.336112908844,0
41993.336212475726,0
41998.33631204261,0
42003.336411609496,0
42008.33651117638,0
42013.33661074327,0
42018.33671031015,0
42023.33680987703,0
42028.33690944391,0
42033.3370090108,0
42038.33710857768,0
42043.33720814457,0
42048.33730771145,0
42053.33740727833,0
42058.33750684522,0
42063.337606412104,0
42068.33770597899,0
42073.337805545874,0
42078.337905112756,0
42083.33800467964,0
42088.338104246526,0
42093.33820381341,0
42098.3383033803,0
42103.33840294718,0
42108.33850251406,0
42113.33860208094,0
42118.33870164783,0
42123.33880121471,0
42128.3389007816,0
42133.33900034848,0
42138.33909991536,0
42143.339199482245,0
42148.339299049134,0
42153.339398616015,0
42158.339498182904,0
42163.339597749786,0
42168.33969731667,0
42173.33979688355,0
42178.33989645044,0
42183.33999601732,0
42188.34009558421,0
42193.34019515109,0
42198.34029471797,0
42203.34039428486,0
42208.34049385174,0
42213.34059341863,0
42218.34069298551,0
42223.34079255239,0
42228.340892119275,0
42233.340991686164,0
42238.341091253045,0
42243.341190819934,0
42248.341290386816,0
42253.3413899537,0
42258.34148952058,0
42263.34158908747,0
42268.34168865435,0
42273.34178822124,0
42278.34188778812,0
42283.341987355,0
42288.34208692188,0
42293.34218648877,0
42298.34228605565,0
42303.34238562254,0
42308.34248518942,0
42313.342584756305,0
42318.34268432319,0
42323.342783890075,0
42328.34288345696,0
42333.342983023846,0
42338.34308259073,0
42343.34318215761,0
42348.3432817245,0
42353.34338129138,0
42358.34348085827,0
42363.34358042515,0
42368.34367999203,0
42373.34377955891,0
42378.3438791258,0
42383.34397869268,0
42388.34407825957,0
42393.34417782645,0
42398.344277393335,0
42403.344376960216,0
42408.344476527105,0
42413.34457609399,0
42418.344675660876,0
42423.34477522776,0
42428.34487479464,0
42433.34497436152,0
42438.34507392841,0
42443.34517349529,0
42448.34527306218,0
42453.34537262906,0
42458.34547219594,0
42463.345571762824,0
42468.34567132971,0
42473.345770896594,0
42478.34587046348,0
42483.345970030365,0
42488.346069597246,0
42493.346169164135,0
42498.34626873102,0
42503.346368297905,0
42508.34646786479,0
42513.34656743167,0
42518.34666699855,0
42523.34676656544,0
42528.34686613232,0
42533.34696569921,0
42538.34706526609,0
42543.34716483297,0
42548.347264399854,0
42553.34736396674,0
42558.347463533624,0
42563.34756310051,0
42568.347662667395,0
42573.347762234276,0
42578.34786180116,0
42583.34796136805,0
42588.34806093493,0
42593.34816050182,0
42598.3482600687,0
42603.34835963558,0
42608.34845920246,0
42613.34855876935,0
42618.34865833623,0
42623.34875790312,0
42628.34885747,0
42633.348957036884,0
42638.34905660377,0
42643.349156170654,0
42648.34925573754,0
42653.349355304425,0
42658.349454871306,0
42663.34955443819,0
42668.34965400508,0
42673.34975357196,0
42678.34985313885,0
42683.34995270573,0
42688.35005227261,0
42693.35015183949,0
42698.35025140638,0
42703.35035097326,0
42708.35045054015,0
42713.35055010703,0
42718.350649673914,0
42723.350749240795,0
42728.350848807684,0
42733.350948374566,0
42738.351047941454,0
42743.351147508336,0
42748.35124707522,0
42753.3513466421,0
42758.35144620899,0
42763.35154577587,0
42768.35164534276,0
42773.35174490964,0
42778.35184447652,0
42783.35194404341,0
42788.35204361029,0
42793.35214317718,0
42798.35224274406,0
42803.352342310944,0
42808.352441877825,0
42813.352541444714,0
42818.352641011596,0
42823.352740578484,0
42828.352840145366,0
42833.35293971225,0
42838.35303927913,0
42843.35313884602,0
42848.3532384129,0
42853.35333797979,0
42858.35343754667,0
42863.35353711355,0
42868.35363668043,0
42873.35373624732,0
42878.3538358142,0
42883.35393538109,0
42888.35403494797,0
42893.354134514855,0
42898.35423408174,0
42903.354333648625,0
42908.35443321551,0
42913.354532782396,0
42918.35463234928,0
42923.35473191616,0
42928.35483148305,0
42933.35493104993,0
42938.35503061682,0
42943.3551301837,0
42948.35522975058,0
42953.35532931746,0
42958.35542888435,0
42963.35552845123,0
42968.35562801812,0
42973.355727585,0
42978.355827151885,0
42983.35592671877,0
42988.356026285655,0
42993.35612585254,0
42998.356225419426,0
43003.35632498631,0
43008.35642455319,0
43013.35652412007,0
43018.35662368696,0
43023.35672325384,0
43028.35682282073,0
43033.35692238761,0
43038.35702195449,0
43043.357121521374,0
43048.35722108826,0
43053.357320655145,0
43058.35742022203,0
43063.357519788915,0
43068.3576193558,0
43073.357718922685,0
43078.35781848957,0
43083.357918056456,0
43088.35801762334,0
43093.35811719022,0
43098.3582167571,0
43103.35831632399,0
43108.35841589087,0
43113.35851545776,0
43118.35861502464,0
43123.35871459152,0
43128.358814158404,0
43133.35891372529,0
43138.359013292174,0
43143.35911285906,0
43148.359212425945,0
43153.35931199283,0
43158.35941155971,0
43163.3595111266,0
43168.35961069348,0
43173.35971026037,0
43178.35980982725,0
43183.35990939413,0
43188.36000896101,0
43193.3601085279,0
43198.36020809478,0
43203.36030766167,0
43208.36040722855,0
43213.360506795434,0
43218.36060636232,0
43223.360705929204,0
43228.36080549609,0
43233.360905062975,0
43238.361004629856,0
43243.36110419674,0
43248.36120376363,0
43253.36130333051,0
43258.3614028974,0
43263.36150246428,0
43268.36160203116,0
43273.36170159804,0
43278.36180116493,0
43283.36190073181,0
43288.3620002987,0
43293.36209986558,0
43298.362199432464,0
43303.362298999346,0
43308.362398566234,0
43313.362498133116,0
43318.362597700005,0
43323.362697266886,0
43328.36279683377,0
43333.36289640065,0
43338.36299596754,0
43343.36309553442,0
43348.36319510131,0
43353.36329466819,0
43358.36339423507,0
43363.36349380196,0
43368.36359336884,0
43373.36369293573,0
43378.36379250261,0
43383.363892069494,0
43388.363991636375,0
43393.364091203264,0
43398.364190770146,0
43403.364290337035,0
43408.364389903916,0
43413.3644894708,0
43418.36458903768,0
43423.36468860457,0
43428.36478817145,0
43433.36488773834,0
43438.36498730522,0
43443.3650868721,0
43448.36518643898,0
43453.36528600587,0
43458.36538557275,0
43463.36548513964,0
43468.365584706524,0
43473.365684273405,0
43478.36578384029,0
43483.365883407176,0
43488.36598297406,0
43493.366082540946,0
43498.36618210783,0
43503.36628167471,0
43508.3663812416,0
43513.36648080848,0
43518.36658037537,0
43523.36667994225,0
43528.36677950913,0
43533.36687907601,0
43538.3669786429,0
43543.36707820978,0
43548.36717777667,0
43553.367277343554,0
43558.367376910435,0
43563.36747647732,0
43568.367576044206,0
43573.36767561109,0
43578.367775177976,0
43583.36787474486,0
43588.36797431174,0
43593.36807387862,0
43598.36817344551,0
43603.36827301239,0
43608.36837257928,0
43613.36847214616,0
43618.36857171304,0
43623.368671279924,0
43628.36877084681,0
43633.368870413695,0
43638.368969980584,0
43643.369069547465,0
43648.36916911435,0
43653.369268681236,0
43658.36936824812,0
43663.369467815006,0
43668.36956738189,0
43673.36966694877,0
43678.36976651565,0
43683.36986608254,0
43688.36996564942,0
43693.37006521631,0
43698.37016478319,0
43703.37026435007,0
43708.370363916954,0
43713.37046348384,0
43718.370563050725,0
43723.37066261761,0
43728.370762184495,0
43733.37086175138,0
43738.37096131826,0
43743.37106088515,0
43748.37116045203,0
43753.37126001892,0
43758.3713595858,0
43763.37145915268,0
43768.37155871956,0
43773.37165828645,0
43778.37175785333,0
43783.37185742022,0
43788.3719569871,0
43793.372056553984,0
43798.37215612087,0
43803.372255687755,0
43808.37235525464,0
43813.372454821525,0
43818.37255438841,0
43823.37265395529,0
43828.37275352218,0
43833.37285308906,0
43838.37295265595,0
43843.37305222283,0
43848.37315178971,0
43853.37325135659,0
43858.37335092348,0
43863.37345049036,0
43868.37355005725,0
43873.37364962413,0
43878.373749191014,0
43883.373848757896,0
43888.373948324785,0
43893.374047891666,0
43898.374147458555,0
43903.37424702544,0
43908.37434659232,0
43913.3744461592,0
43918.37454572609,0
43923.37464529297,0
43928.37474485986,0
43933.37484442674,0
43938.37494399362,0
43943.37504356051,0
43948.37514312739,0
43953.37524269428,0
43958.37534226116,0
43963.375441828044,0
43968.375541394926,0
43973.375640961814,0
43978.375740528696,0
43983.375840095585,0
43988.37593966247,0
43993.37603922935,0
43998.37613879623,0
44003.37623836312,0
44008.37633793,0
44013.37643749689,0
44018.37653706377,0
44023.37663663065,0
44028.37673619753,0
44033.37683576442,0
44038.376935331304,0
44043.37703489819,0
44048.377134465074,0
44053.377234031956,0
44058.37733359884,0
44063.377433165726,0
44068.37753273261,0
44073.377632299496,0
44078.37773186638,0
44083.37783143326,0
44088.37793100015,0
44093.37803056703,0
44098.37813013392,0
44103.3782297008,0
44108.37832926768,0
44113.37842883456,0
44118.37852840145,0
44123.37862796833,0
44128.37872753522,0
44133.378827102104,0
44138.378926668986,0
44143.37902623587,0
44148.379125802756,0
44153.37922536964,0
44158.379324936526,0
44163.37942450341,0
44168.37952407029,0
44173.37962363717,0
44178.37972320406,0
44183.37982277094,0
44188.37992233783,0
44193.38002190471,0
44198.38012147159,0
44203.380221038475,0
44208.38032060536,0
44213.380420172245,0
44218.380519739134,0
44223.380619306015,0
44228.3807188729,0
44233.380818439786,0
44238.38091800667,0
44243.381017573556,0
44248.38111714044,0
44253.38121670732,0
44258.3813162742,0
44263.38141584109,0
44268.38151540797,0
44273.38161497486,0
44278.38171454174,0
44283.38181410862,0
44288.381913675505,0
44293.38201324239,0
44298.382112809275,0
44303.382212376164,0
44308.382311943045,0
44313.38241150993,0
44318.38251107681,0
44323.3826106437,0
44328.38271021058,0
44333.38280977747,0
44338.38290934435,0
44343.38300891123,0
44348.38310847811,0
44353.383208045,0
44358.38330761188,0
44363.38340717877,0
44368.38350674565,0
44373.383606312535,0
44378.38370587942,0
44383.383805446305,0
44388.383905013194,0
44393.384004580075,0
44398.38410414696,0
44403.38420371384,0
44408.38430328073,0
44413.38440284761,0
44418.3845024145,0
44423.38460198138,0
44428.38470154826,0
44433.38480111514,0
44438.38490068203,0
44443.38500024891,0
44448.3850998158,0
44453.38519938268,0
44458.385298949564,0
44463.385398516446,0
44468.385498083335,0
44473.38559765022,0
44478.385697217105,0
44483.38579678399,0
44488.38589635087,0
44493.38599591775,0
44498.38609548464,0
44503.38619505152,0
44508.38629461841,0
44513.38639418529,0
44518.38649375217,0
44523.38659331906,0
44528.38669288594,0
44533.38679245283,0
44538.38689201971,0
44543.386991586594,0
44548.387091153476,0
44553.387190720365,0
44558.387290287246,0
44563.387389854135,0
44568.38748942102,0
44573.3875889879,0
44578.38768855478,0
44583.38778812167,0
44588.38788768855,0
44593.38798725544,0
44598.38808682232,0
44603.3881863892,0
44608.38828595608,0
44613.38838552297,0
44618.388485089854,0
44623.38858465674,0
44628.388684223624,0
44633.388783790506,0
44638.38888335739,0
44643.388982924276,0
44648.38908249116,0
44653.38918205805,0
44658.38928162493,0
44663.38938119181,0
44668.3894807587,0
44673.38958032558,0
44678.38967989247,0
44683.38977945935,0
44688.38987902623,0
44693.38997859311,0
44698.39007816,0
44703.390177726884,0
44708.39027729377,0
44713.390376860654,0
44718.390476427536,0
44723.39057599442,0
44728.390675561306,0
44733.39077512819,0
44738.39087469508,0
44743.39097426196,0
44748.39107382884,0
44753.39117339572,0
44758.39127296261,0
44763.39137252949,0
44768.39147209638,0
44773.39157166326,0
44778.39167123014,0
44783.391770797025,0
44788.391870363914,0
44793.391969930795,0
44798.392069497684,0
44803.392169064566,0
44808.39226863145,0
44813.392368198336,0
44818.39246776522,0
44823.39256733211,0
44828.39266689899,0
44833.39276646587,0
44838.39286603275,0
44843.39296559964,0
44848.39306516652,0
44853.39316473341,0
44858.39326430029,0
44863.39336386717,0
44868.393463434055,0
44873.393563000944,0
44878.393662567825,0
44883.393762134714,0
44888.393861701596,0
44893.39396126848,0
44898.39406083536,0
44903.39416040225,0
44908.39425996913,0
44913.39435953602,0
44918.3944591029,0
44923.39455866978,0
44928.39465823666,0
44933.39475780355,0
44938.39485737043,0
44943.39495693732,0
44948.3950565042,0
44953.395156071085,0
44958.39525563797,0
44963.395355204855,0
44968.395454771744,0
44973.395554338626,0
44978.39565390551,0
44983.39575347239,0
44988.39585303928,0
44993.39595260616,0
44998.39605217305,0
45003.39615173993,0
45008.39625130681,0
45013.39635087369,0
45018.39645044058,0
45023.39655000746,0
45028.39664957435,0
45033.39674914123,0
45038.396848708115,0
45043.396948274996,0
45048.397047841885,0
45053.39714740877,0
45058.397246975655,0
45063.39734654254,0
45068.39744610942,0
45073.3975456763,0
45078.39764524319,0
45083.39774481008,0
45088.39784437696,0
45093.39794394384,0
45098.39804351072,0
45103.39814307761,0
45108.39824264449,0
45113.39834221138,0
45118.39844177826,0
45123.398541345145,0
45128.398640912026,0
45133.398740478915,0
45138.3988400458,0
45143.398939612685,0
45148.39903917957,0
45153.39913874645,0
45158.39923831333,0
45163.39933788022,0
45168.3994374471,0
45173.39953701399,0
45178.39963658087,0
45183.39973614775,0
45188.399835714634,0
45193.39993528152,0
45198.400034848404,0
45203.40013441529,0
45208.400233982175,0
45213.400333549056,0
45218.40043311594,0
45223.40053268283,0
45228.400632249715,0
45233.4007318166,0
45238.40083138348,0
45243.40093095036,0
45248.40103051725,0
45253.40113008413,0
45258.40122965102,0
45263.4013292179,0
45268.40142878478,0
45273.401528351664,0
45278.40162791855,0
45283.401727485434,0
45288.40182705232,0
45293.401926619204,0
45298.402026186086,0
45303.40212575297,0
45308.40222531986,0
45313.40232488674,0
45318.40242445363,0
45323.40252402051,0
45328.40262358739,0
45333.40272315427,0
45338.40282272116,0
45343.40292228804,0
45348.40302185493,0
45353.40312142181,0
45358.403220988694,0
45363.403320555575,0
45368.403420122464,0
45373.40351968935,0
45378.403619256234,0
45383.403718823116,0
45388.40381839,0
45393.403917956886,0
45398.40401752377,0
45403.40411709066,0
45408.40421665754,0
45413.40431622442,0
45418.4044157913,0
45423.40451535819,0
45428.40461492507,0
45433.40471449196,0
45438.40481405884,0
45443.40491362572,0
45448.405013192605,0
45453.405112759494,0
45458.405212326375,0
45463.405311893264,0
45468.405411460146,0
45473.40551102703,0
45478.40561059391,0
45483.4057101608,0
45488.40580972768,0
45493.40590929457,0
45498.40600886145,0
45503.40610842833,0
45508.40620799521,0
45513.4063075621,0
45518.40640712899,0
45523.40650669587,0
45528.40660626275,0
45533.406705829635,0
45538.406805396524,0
45543.406904963405,0
45548.407004530294,0
45553.407104097176,0
45558.40720366406,0
45563.40730323094,0
45568.40740279783,0
45573.40750236471,0
45578.4076019316,0
45583.40770149848,0
45588.40780106536,0
45593.40790063224,0
45598.40800019913,0
45603.40809976601,0
45608.4081993329,0
45613.40829889978,0
45618.408398466665,0
45623.40849803355,0
45628.408597600435,0
45633.40869716732,0
45638.408796734206,0
45643.40889630109,0
45648.40899586797,0
45653.40909543485,0
45658.40919500174,0
45663.40929456863,0
45668.40939413551,0
45673.40949370239,0
45678.40959326927,0
45683.40969283616,0
45688.40979240304,0
45693.40989196993,0
45698.40999153681,0
45703.410091103695,0
45708.41019067058,0
45713.410290237465,0
45718.41038980435,0
45723.410489371236,0
45728.41058893812,0
45733.410688505,0
45738.41078807188,0
45743.41088763877,0
45748.41098720565,0
45753.41108677254,0
45758.41118633942,0
45763.4112859063,0
45768.411385473184,0
45773.41148504007,0
45778.411584606954,0
45783.41168417384,0
45788.411783740725,0
45793.411883307606,0
45798.41198287449,0
45803.41208244138,0
45808.412182008266,0
45813.41228157515,0
45818.41238114203,0
45823.41248070891,0
45828.4125802758,0
45833.41267984268,0
45838.41277940957,0
45843.41287897645,0
45848.41297854333,0
45853.413078110214,0
45858.4131776771,0
45863.413277243984,0
45868.41337681087,0
45873.413476377755,0
45878.413575944636,0
45883.41367551152,0
45888.41377507841,0
45893.41387464529,0
45898.41397421218,0
45903.41407377906,0
45908.41417334594,0
45913.41427291282,0
45918.41437247971,0
45923.41447204659,0
45928.41457161348,0
45933.41467118036,0
45938.414770747244,0
45943.414870314125,0
45948.414969881014,0
45953.4150694479,0
45958.415169014785,0
45963.415268581666,0
45968.41536814855,0
45973.41546771544,0
45978.41556728232,0
45983.41566684921,0
45988.41576641609,0
45993.41586598297,0
45998.41596554985,0
46003.41606511674,0
46008.41616468362,0
46013.41626425051,0
46018.41636381739,0
46023.416463384274,0
46028.416562951155,0
46033.416662518044,0
46038.416762084926,0
46043.416861651815,0
46048.416961218696,0
46053.41706078558,0
46058.41716035246,0
46063.41725991935,0
46068.41735948623,0
46073.41745905312,0
46078.41755862,0
46083.41765818688,0
46088.41775775376,0
46093.41785732065,0
46098.41795688754,0
46103.41805645442,0
46108.418156021304,0
46113.418255588185,0
46118.418355155074,0
46123.418454721956,0
46128.418554288844,0
46133.418653855726,0
46138.41875342261,0
46143.41885298949,0
46148.41895255638,0
46153.41905212326,0
46158.41915169015,0
46163.41925125703,0
46168.41935082391,0
46173.41945039079,0
46178.41954995768,0
46183.41964952456,0
46188.41974909145,0
46193.419848658334,0
46198.419948225215,0
46203.4200477921,0
46208.420147358986,0
46213.42024692587,0
46218.420346492756,0
46223.42044605964,0
46228.42054562652,0
46233.4206451934,0
46238.42074476029,0
46243.42084432718,0
46248.42094389406,0
46253.42104346094,0
46258.42114302782,0
46263.42124259471,0
46268.42134216159,0
46273.42144172848,0
46278.42154129536,0
46283.421640862245,0
46288.42174042913,0
46293.421839996015,0
46298.4219395629,0
46303.422039129786,0
46308.42213869667,0
46313.42223826355,0
46318.42233783043,0
46323.42243739732,0
46328.4225369642,0
46333.42263653109,0
46338.42273609797,0
46343.42283566485,0
46348.422935231734,0
46353.42303479862,0
46358.423134365505,0
46363.42323393239,0
46368.423333499275,0
46373.42343306616,0
46378.42353263304,0
46383.42363219993,0
46388.423731766816,0
46393.4238313337,0
46398.42393090058,0
46403.42403046746,0
46408.42413003435,0
46413.42422960123,0
46418.42432916812,0
46423.424428735,0
46428.42452830188,0
46433.424627868764,0
46438.42472743565,0
46443.424827002535,0
46448.42492656942,0
46453.425026136305,0
46458.42512570319,0
46463.42522527007,0
46468.42532483696,0
46473.42542440384,0
46478.42552397073,0
46483.42562353761,0
46488.42572310449,0
46493.42582267137,0
46498.42592223826,0
46503.42602180514,0
46508.42612137203,0
46513.42622093891,0
46518.426320505794,0
46523.426420072676,0
46528.426519639565,0
46533.42661920645,0
46538.426718773335,0
46543.42681834022,0
46548.4269179071,0
46553.42701747399,0
46558.42711704087,0
46563.42721660776,0
46568.42731617464,0
46573.42741574152,0
46578.4275153084,0
46583.42761487529,0
46588.42771444217,0
46593.42781400906,0
46598.42791357594,0
46603.428013142824,0
46608.428112709706,0
46613.428212276594,0
46618.428311843476,0
46623.428411410365,0
46628.428510977246,0
46633.42861054413,0
46638.42871011101,0
46643.4288096779,0
46648.42890924478,0
46653.42900881167,0
46658.42910837855,0
46663.42920794543,0
46668.42930751231,0
46673.4294070792,0
46678.42950664609,0
46683.42960621297,0
46688.429705779854,0
46693.429805346736,0
46698.429904913624,0
46703.430004480506,0
46708.430104047395,0
46713.430203614276,0
46718.43030318116,0
46723.43040274804,0
46728.43050231493,0
46733.43060188181,0
46738.4307014487,0
46743.43080101558,0
46748.43090058246,0
46753.43100014934,0
46758.43109971623,0
46763.43119928311,0
46768.43129885,0
46773.431398416884,0
46778.431497983765,0
46783.43159755065,0
46788.431697117536,0
46793.43179668442,0
46798.431896251306,0
46803.43199581819,0
46808.43209538507,0
46813.43219495195,0
46818.43229451884,0
46823.43239408573,0
46828.43249365261,0
46833.43259321949,0
46838.43269278637,0
46843.43279235326,0
46848.43289192014,0
46853.43299148703,0
46858.433091053914,0
46863.433190620795,0
46868.43329018768,0
46873.433389754566,0
46878.43348932145,0
46883.433588888336,0
46888.43368845522,0
46893.4337880221,0
46898.43388758898,0
46903.43398715587,0
46908.43408672275,0
46913.43418628964,0
46918.43428585652,0
46923.4343854234,0
46928.434484990285,0
46933.43458455717,0
46938.434684124055,0
46943.434783690944,0
46948.434883257825,0
46953.43498282471,0
46958.43508239159,0
46963.43518195848,0
46968.435281525366,0
46973.43538109225,0
46978.43548065913,0
46983.43558022601,0
46988.4356797929,0
46993.43577935978,0
46998.43587892667,0
47003.43597849355,0
47008.43607806043,0
47013.436177627314,0
47018.4362771942,0
47023.436376761085,0
47028.436476327974,0
47033.436575894855,0
47038.43667546174,0
47043.43677502862,0
47048.43687459551,0
47053.43697416239,0
47058.43707372928,0
47063.43717329616,0
47068.43727286304,0
47073.43737242992,0
47078.43747199681,0
47083.43757156369,0
47088.43767113058,0
47093.43777069746,0
47098.437870264344,0
47103.437969831226,0
47108.438069398115,0
47113.438168965,0
47118.438268531885,0
47123.43836809877,0
47128.43846766565,0
47133.43856723254,0
47138.43866679942,0
47143.43876636631,0
47148.43886593319,0
47153.43896550007,0
47158.43906506695,0
47163.43916463384,0
47168.43926420072,0
47173.43936376761,0
47178.43946333449,0
47183.439562901374,0
47188.439662468256,0
47193.439762035145,0
47198.439861602026,0
47203.439961168915,0
47208.4400607358,0
47213.44016030268,0
47218.44025986956,0
47223.44035943645,0
47228.44045900333,0
47233.44055857022,0
47238.4406581371,0
47243.44075770398,0
47248.44085727086,0
47253.44095683775,0
47258.44105640464,0
47263.44115597152,0
47268.441255538404,0
47273.441355105286,0
47278.441454672175,0
47283.441554239056,0
47288.441653805945,0
47293.44175337283,0
47298.44185293971,0
47303.44195250659,0
47308.44205207348,0
47313.44215164036,0
47318.44225120725,0
47323.44235077413,0
47328.44245034101,0
47333.44254990789,0
47338.44264947478,0
47343.442749041664,0
47348.44284860855,0
47353.442948175434,0
47358.443047742316,0
47363.4431473092,0
47368.443246876086,0
47373.44334644297,0
47378.44344600986,0
47383.44354557674,0
47388.44364514362,0
47393.4437447105,0
47398.44384427739,0
47403.44394384428,0
47408.44404341116,0
47413.44414297804,0
47418.44424254492,0
47423.44434211181,0
47428.444441678694,0
47433.44454124558,0
47438.444640812464,0
47443.444740379346,0
47448.44483994623,0
47453.444939513116,0
47458.44503908,0
47463.445138646886,0
47468.44523821377,0
47473.44533778065,0
47478.44543734753,0
47483.44553691442,0
47488.4456364813,0
47493.44573604819,0
47498.44583561507,0
47503.44593518195,0
47508.446034748835,0
47513.44613431572,0
47518.446233882605,0
47523.446333449494,0
47528.446433016376,0
47533.44653258326,0
47538.44663215014,0
47543.44673171703,0
47548.446831283916,0
47553.4469308508,0
47558.44703041768,0
47563.44712998456,0
47568.44722955145,0
47573.44732911833,0
47578.44742868522,0
47583.4475282521,0
47588.44762781898,0
47593.447727385865,0
47598.44782695275,0
47603.447926519635,0
47608.448026086524,0
47613.448125653405,0
47618.44822522029,0
47623.44832478717,0
47628.44842435406,0
47633.44852392094,0
47638.44862348783,0
47643.44872305471,0
47648.44882262159,0
47653.44892218847,0
47658.44902175536,0
47663.44912132224,0
47668.44922088913,0
47673.44932045601,0
47678.449420022895,0
47683.449519589776,0
47688.449619156665,0
47693.449718723554,0
47698.449818290435,0
47703.44991785732,0
47708.4500174242,0
47713.45011699109,0
47718.45021655797,0
47723.45031612486,0
47728.45041569174,0
47733.45051525862,0
47738.4506148255,0
47743.45071439239,0
47748.45081395927,0
47753.45091352616,0
47758.45101309304,0
47763.451112659925,0
47768.451212226806,0
47773.451311793695,0
47778.45141136058,0
47783.451510927465,0
47788.45161049435,0
47793.45171006123,0
47798.45180962811,0
47803.451909195,0
47808.45200876188,0
47813.45210832877,0
47818.45220789565,0
47823.45230746253,0
47828.452407029414,0
47833.4525065963,0
47838.45260616319,0
47843.45270573007,0
47848.452805296954,0
47853.452904863836,0
47858.453004430725,0
47863.45310399761,0
47868.453203564495,0
47873.45330313138,0
47878.45340269826,0
47883.45350226514,0
47888.45360183203,0
47893.45370139891,0
47898.4538009658,0
47903.45390053268,0
47908.45400009956,0
47913.454099666444,0
47918.45419923333,0
47923.454298800214,0
47928.4543983671,0
47933.454497933984,0
47938.454597500866,0
47943.45469706775,0
47948.454796634636,0
47953.45489620152,0
47958.45499576841,0
47963.45509533529,0
47968.45519490217,0
47973.45529446905,0
47978.45539403594,0
47983.45549360283,0
47988.45559316971,0
47993.45569273659,0
47998.45579230347,0
48003.45589187036,0
48008.455991437244,0
48013.45609100413,0
48018.456190571014,0
48023.456290137896,0
48028.45638970478,0
48033.456489271666,0
48038.45658883855,0
48043.45668840544,0
48048.45678797232,0
48053.4568875392,0
48058.45698710608,0
48063.45708667297,0
48068.45718623985,0
48073.45728580674,0
48078.45738537362,0
48083.4574849405,0
48088.457584507385,0
48093.457684074274,0
48098.457783641155,0
48103.457883208044,0
48108.457982774926,0
48113.45808234181,0
48118.45818190869,0
48123.45828147558,0
48128.45838104247,0
48133.45848060935,0
48138.45858017623,0
48143.45867974311,0
48148.45877931,0
48153.45887887688,0
48158.45897844377,0
48163.45907801065,0
48168.45917757753,0
48173.459277144415,0
48178.459376711304,0
48183.459476278185,0
48188.459575845074,0
48193.459675411956,0
48198.45977497884,0
48203.45987454572,0
48208.45997411261,0
48213.46007367949,0
48218.46017324638,0
48223.46027281326,0
48228.46037238014,0
48233.46047194702,0
48238.46057151391,0
48243.46067108079,0
48248.46077064768,0
48253.46087021456,0
48258.460969781445,0
48263.46106934833,0
48268.461168915215,0
48273.461268482104,0
48278.461368048986,0
48283.46146761587,0
48288.46156718275,0
48293.46166674964,0
48298.46176631652,0
48303.46186588341,0
48308.46196545029,0
48313.46206501717,0
48318.46216458405,0
48323.46226415094,0
48328.46236371782,0
48333.46246328471,0
48338.46256285159,0
48343.462662418475,0
48348.462761985356,0
48353.462861552245,0
48358.46296111913,0
48363.463060686016,0
48368.4631602529,0
48373.46325981978,0
48378.46335938666,0
48383.46345895355,0
48388.46355852043,0
48393.46365808732,0
48398.4637576542,0
48403.46385722108,0
48408.463956787964,0
48413.46405635485,0
48418.46415592174,0
48423.46425548862,0
48428.464355055505,0
48433.464454622386,0
48438.464554189275,0
48443.46465375616,0
48448.464753323045,0
48453.46485288993,0
48458.46495245681,0
48463.46505202369,0
48468.46515159058,0
48473.46525115746,0
48478.46535072435,0
48483.46545029123,0
48488.46554985811,0
48493.465649424994,0
48498.46574899188,0
48503.465848558764,0
48508.46594812565,0
48513.466047692535,0
48518.466147259416,0
48523.4662468263,0
48528.46634639319,0
48533.46644596007,0
48538.46654552696,0
48543.46664509384,0
48548.46674466072,0
48553.4668442276,0
48558.46694379449,0
48563.46704336138,0
48568.46714292826,0
48573.46724249514,0
48578.467342062024,0
48583.46744162891,0
48588.467541195794,0
48593.46764076268,0
48598.467740329565,0
48603.467839896446,0
48608.46793946333,0
48613.46803903022,0
48618.4681385971,0
48623.46823816399,0
48628.46833773087,0
48633.46843729775,0
48638.46853686463,0
48643.46863643152,0
48648.4687359984,0
48653.46883556529,0
48658.46893513217,0
48663.469034699054,0
48668.469134265935,0
48673.469233832824,0
48678.469333399706,0
48683.469432966594,0
48688.469532533476,0
48693.46963210036,0
48698.46973166724,0
48703.46983123413,0
48708.46993080102,0
48713.4700303679,0
48718.47012993478,0
48723.47022950166,0
48728.47032906855,0
48733.47042863543,0
48738.47052820232,0
48743.4706277692,0
48748.470727336084,0
48753.470826902965,0
48758.470926469854,0
48763.471026036736,0
48768.471125603624,0
48773.471225170506,0
48778.47132473739,0
48783.47142430427,0
48788.47152387116,0
48793.47162343804,0
48798.47172300493,0
48803.47182257181,0
48808.47192213869,0
48813.47202170557,0
48818.47212127246,0
48823.47222083934,0
48828.47232040623,0
48833.47241997311,0
48838.472519539995,0
48843.47261910688,0
48848.472718673765,0
48853.472818240654,0
48858.472917807536,0
48863.47301737442,0
48868.4731169413,0
48873.47321650819,0
48878.47331607507,0
48883.47341564196,0
48888.47351520884,0
48893.47361477572,0
48898.4737143426,0
48903.47381390949,0
48908.47391347637,0
48913.47401304326,0
48918.47411261014,0
48923.474212177025,0
48928.47431174391,0
48933.474411310795,0
48938.47451087768,0
48943.474610444566,0
48948.47471001145,0
48953.47480957833,0
48958.47490914521,0
48963.4750087121,0
48968.47510827898,0
48973.47520784587,0
48978.47530741275,0
48983.47540697963,0
48988.475506546514,0
48993.4756061134,0
48998.47570568029,0
49003.47580524717,0
49008.475904814055,0
49013.47600438094,0
49018.476103947825,0
49023.47620351471,0
49028.476303081596,0
49033.47640264848,0
49038.47650221536,0
49043.47660178224,0
49048.47670134913,0
49053.47680091601,0
49058.4769004829,0
49063.47700004978,0
49068.47709961666,0
49073.477199183544,0
49078.47729875043,0
49083.477398317315,0
49088.4774978842,0
49093.477597451085,0
49098.47769701797,0
49103.47779658485,0
49108.47789615174,0
49113.47799571862,0
49118.47809528551,0
49123.47819485239,0
49128.47829441927,0
49133.47839398615,0
49138.47849355304,0
49143.47859311993,0
49148.47869268681,0
49153.47879225369,0
49158.478891820574,0
49163.47899138746,0
49168.479090954344,0
49173.47919052123,0
49178.479290088115,0
49183.479389654996,0
49188.47948922188,0
49193.47958878877,0
49198.47968835565,0
49203.47978792254,0
49208.47988748942,0
49213.4799870563,0
49218.48008662318,0
49223.48018619007,0
49228.48028575695,0
49233.48038532384,0
49238.48048489072,0
49243.480584457604,0
49248.480684024486,0
49253.480783591374,0
49258.480883158256,0
49263.480982725145,0
49268.481082292026,0
49273.48118185891,0
49278.48128142579,0
49283.48138099268,0
49288.48148055957,0
49293.48158012645,0
49298.48167969333,0
49303.48177926021,0
49308.4818788271,0
49313.48197839398,0
49318.48207796087,0
49323.48217752775,0
49328.482277094634,0
49333.482376661515,0
49338.482476228404,0
49343.482575795286,0
49348.482675362175,0
49353.482774929056,0
49358.48287449594,0
49363.48297406282,0
49368.48307362971,0
49373.48317319659,0
49378.48327276348,0
49383.48337233036,0
49388.48347189724,0
49393.48357146412,0
49398.48367103101,0
49403.48377059789,0
49408.48387016478,0
49413.483969731664,0
49418.484069298545,0
49423.48416886543,0
49428.484268432316,0
49433.484367999205,0
49438.484467566086,0
49443.48456713297,0
49448.48466669985,0
49453.48476626674,0
49458.48486583362,0
49463.48496540051,0
49468.48506496739,0
49473.48516453427,0
49478.48526410115,0
49483.48536366804,0
49488.48546323492,0
49493.48556280181,0
49498.485662368694,0
49503.485761935575,0
49508.48586150246,0
49513.485961069346,0
49518.48606063623,0
49523.486160203116,0
49528.48625977,0
49533.48635933688,0
49538.48645890376,0
49543.48655847065,0
49548.48665803753,0
49553.48675760442,0
49558.4868571713,0
49563.48695673818,0
49568.487056305064,0
49573.48715587195,0
49578.48725543884,0
49583.487355005724,0
49588.487454572605,0
49593.48755413949,0
49598.487653706376,0
49603.48775327326,0
49608.487852840146,0
49613.48795240703,0
49618.48805197391,0
49623.48815154079,0
49628.48825110768,0
49633.48835067456,0
49638.48845024145,0
49643.48854980833,0
49648.48864937521,0
49653.488748942094,0
49658.48884850898,0
49663.488948075865,0
49668.48904764275,0
49673.489147209635,0
49678.48924677652,0
49683.4893463434,0
49688.48944591029,0
49693.48954547717,0
49698.48964504406,0
49703.48974461094,0
49708.48984417782,0
49713.4899437447,0
49718.49004331159,0
49723.49014287848,0
49728.49024244536,0
49733.49034201224,0
49738.490441579124,0
49743.49054114601,0
49748.490640712895,0
49753.49074027978,0
49758.490839846665,0
49763.49093941355,0
49768.49103898043,0
49773.49113854732,0
49778.4912381142,0
49783.49133768109,0
49788.49143724797,0
49793.49153681485,0
49798.49163638173,0
49803.49173594862,0
49808.4918355155,0
49813.49193508239,0
49818.49203464927,0
49823.492134216154,0
49828.492233783036,0
49833.492333349925,0
49838.492432916806,0
49843.492532483695,0
49848.49263205058,0
49853.49273161746,0
49858.49283118434,0
49863.49293075123,0
49868.49303031812,0
49873.493129885,0
49878.49322945188,0
49883.49332901876,0
49888.49342858565,0
49893.49352815253,0
49898.49362771942,0
49903.4937272863,0
49908.493826853184,0
49913.493926420066,0
49918.494025986955,0
49923.494125553836,0
49928.494225120725,0
49933.49432468761,0
49938.49442425449,0
49943.49452382137,0
49948.49462338826,0
49953.49472295514,0
49958.49482252203,0
49963.49492208891,0
49968.49502165579,0
49973.49512122267,0
49978.49522078956,0
49983.495320356444,0
49988.49541992333,0
49993.495519490214,0
49998.495619057096,0
50003.49571862398,0
50008.495818190866,0
50013.495917757755,0
50018.496017324636,0
50023.49611689152,0
50028.4962164584,0
50033.49631602529,0
50038.49641559217,0
50043.49651515906,0
50048.49661472594,0
50053.49671429282,0
50058.4968138597,0
50063.49691342659,0
50068.49701299347,0
50073.49711256036,0
50078.497212127244,0
50083.497311694126,0
50088.49741126101,0
50093.497510827896,0
50098.49761039478,0
50103.497709961666,0
50108.49780952855,0
50113.49790909543,0
50118.49800866231,0
50123.4981082292,0
50128.49820779608,0
50133.49830736297,0
50138.49840692985,0
50143.49850649673,0
50148.498606063615,0
50153.4987056305,0
50158.49880519739,0
50163.498904764274,0
50168.499004331155,0
50173.49910389804,0
50178.499203464926,0
50183.49930303181,0
50188.499402598696,0
50193.49950216558,0
50198.49960173246,0
50203.49970129934,0
50208.49980086623,0
50213.49990043311,0
50218.5,0
50223.50009956688,0
50228.50019913376,0
50233.500298700645,0
50238.50039826753,0
50243.500497834415,0
50248.500597401304,0
50253.500696968185,0
50258.50079653507,0
50263.50089610195,0
50268.50099566884,0
50273.50109523572,0
50278.50119480261,0
50283.50129436949,0
50288.50139393637,0
50293.50149350325,0
50298.50159307014,0
50303.50169263703,0
50308.50179220391,0
50313.50189177079,0
50318.501991337675,0
50323.50209090456,0
50328.502190471445,0
50333.502290038334,0
50338.502389605215,0
50343.5024891721,0
50348.50258873898,0
50353.50268830587,0
50358.50278787275,0
50363.50288743964,0
50368.50298700652,0
50373.5030865734,0
50378.50318614028,0
50383.50328570717,0
50388.50338527405,0
50393.50348484094,0
50398.50358440782,0
50403.503683974704,0
50408.503783541586,0
50413.503883108475,0
50418.50398267536,0
50423.504082242245,0
50428.50418180913,0
50433.50428137601,0
50438.50438094289,0
50443.50448050978,0
50448.50458007667,0
50453.50467964355,0
50458.50477921043,0
50463.50487877731,0
50468.5049783442,0
50473.50507791108,0
50478.50517747797,0
50483.50527704485,0
50488.505376611734,0
50493.505476178616,0
50498.505575745505,0
50503.505675312386,0
50508.505774879275,0
50513.50587444616,0
50518.50597401304,0
50523.50607357992,0
50528.50617314681,0
50533.50627271369,0
50538.50637228058,0
50543.50647184746,0
50548.50657141434,0
50553.50667098122,0
50558.50677054811,0
50563.506870114994,0
50568.50696968188,0
50573.507069248764,0
50578.507168815646,0
50583.50726838253,0
50588.507367949416,0
50593.507467516305,0
50598.50756708319,0
50603.50766665007,0
50608.50776621695,0
50613.50786578384,0
50618.50796535072,0
50623.50806491761,0
50628.50816448449,0
50633.50826405137,0
50638.50836361825,0
50643.50846318514,0
50648.508562752024,0
50653.50866231891,0
50658.508761885794,0
50663.508861452676,0
50668.50896101956,0
50673.509060586446,0
50678.50916015333,0
50683.50925972022,0
50688.5093592871,0
50693.50945885398,0
50698.50955842086,0
50703.50965798775,0
50708.50975755463,0
50713.50985712152,0
50718.5099566884,0
50723.51005625528,0
50728.510155822165,0
50733.510255389054,0
50738.51035495594,0
50743.510454522824,0
50748.510554089706,0
50753.51065365659,0
50758.510753223476,0
50763.51085279036,0
50768.51095235725,0
50773.51105192413,0
50778.51115149101,0
50783.51125105789,0
50788.51135062478,0
50793.51145019166,0
50798.51154975855,0
50803.51164932543,0
50808.51174889231,0
50813.511848459195,0
50818.511948026084,0
50823.512047592965,0
50828.512147159854,0
50833.512246726736,0
50838.51234629362,0
50843.5124458605,0
50848.51254542739,0
50853.51264499427,0
50858.51274456116,0
50863.51284412804,0
50868.51294369492,0
50873.5130432618,0
50878.51314282869,0
50883.51324239558,0
50888.51334196246,0
50893.51344152934,0
50898.513541096225,0
50903.51364066311,0
50908.513740229995,0
50913.513839796884,0
50918.513939363766,0
50923.51403893065,0
50928.51413849753,0
50933.51423806442,0
50938.5143376313,0
50943.51443719819,0
50948.51453676507,0
50953.51463633195,0
50958.51473589883,0
50963.51483546572,0
50968.5149350326,0
50973.51503459949,0
50978.51513416637,0
50983.515233733255,0
50988.515333300136,0
50993.515432867025,0
50998.51553243391,0
51003.515632000795,0
51008.51573156768,0
51013.51583113456,0
51018.51593070144,0
51023.51603026833,0
51028.51612983522,0
51033.5162294021,0
51038.51632896898,0
51043.51642853586,0
51048.51652810275,0
51053.51662766963,0
51058.51672723652,0
51063.5168268034,0
51068.516926370285,0
51073.517025937166,0
51078.517125504055,0
51083.51722507094,0
51088.517324637825,0
51093.51742420471,0
51098.51752377159,0
51103.51762333847,0
51108.51772290536,0
51113.51782247224,0
51118.51792203913,0
51123.51802160601,0
51128.51812117289,0
51133.518220739774,0
51138.51832030666,0
51143.518419873544,0
51148.51851944043,0
51153.518619007315,0
51158.518718574196,0
51163.51881814108,0
51168.51891770797,0
51173.519017274855,0
51178.51911684174,0
51183.51921640862,0
51188.5193159755,0
51193.51941554239,0
51198.51951510927,0
51203.51961467616,0
51208.51971424304,0
51213.51981380992,0
51218.519913376804,0
51223.52001294369,0
51228.520112510574,0
51233.52021207746,0
51238.520311644344,0
51243.520411211226,0
51248.52051077811,0
51253.520610345,0
51258.52070991188,0
51263.52080947877,0
51268.52090904565,0
51273.52100861253,0
51278.52110817941,0
51283.5212077463,0
51288.52130731318,0
51293.52140688007,0
51298.52150644695,0
51303.521606013834,0
51308.521705580715,0
51313.521805147604,0
51318.52190471449,0
51323.522004281374,0
51328.522103848256,0
51333.52220341514,0
51338.522302982026,0
51343.52240254891,0
51348.5225021158,0
51353.52260168268,0
51358.52270124956,0
51363.52280081644,0
51368.52290038333,0
51373.52299995021,0
51378.5230995171,0
51383.52319908398,0
51388.52329865086,0
51393.523398217745,0
51398.523497784634,0
51403.523597351515,0
51408.523696918404,0
51413.523796485286,0
51418.52389605217,0
51423.52399561905,0
51428.52409518594,0
51433.52419475282,0
51438.52429431971,0
51443.52439388659,0
51448.52449345347,0
51453.52459302035,0
51458.52469258724,0
51463.52479215413,0
51468.52489172101,0
51473.52499128789,0
51478.525090854775,0
51483.525190421664,0
51488.525289988545,0
51493.525389555434,0
51498.525489122316,0
51503.5255886892,0
51508.52568825608,0
51513.52578782297,0
51518.52588738985,0
51523.52598695674,0
51528.52608652362,0
51533.5261860905,0
51538.52628565738,0
51543.52638522427,0
51548.52648479115,0
51553.52658435804,0
51558.52668392492,0
51563.526783491805,0
51568.52688305869,0
51573.526982625575,0
51578.52708219246,0
51583.527181759346,0
51588.52728132623,0
51593.52738089311,0
51598.52748045999,0
51603.52758002688,0
51608.52767959377,0
51613.52777916065,0
51618.52787872753,0
51623.52797829441,0
51628.5280778613,0
51633.52817742818,0
51638.52827699507,0
51643.52837656195,0
51648.528476128835,0
51653.52857569572,0
51658.528675262605,0
51663.52877482949,0
51668.528874396376,0
51673.52897396326,0
51678.52907353014,0
51683.52917309702,0
51688.52927266391,0
51693.52937223079,0
51698.52947179768,0
51703.52957136456,0
51708.52967093144,0
51713.529770498324,0
51718.52987006521,0
51723.529969632094,0
51728.53006919898,0
51733.530168765865,0
51738.530268332746,0
51743.53036789963,0
51748.53046746652,0
51753.530567033406,0
51758.53066660029,0
51763.53076616717,0
51768.53086573405,0
51773.53096530094,0
51778.53106486782,0
51783.53116443471,0
51788.53126400159,0
51793.53136356847,0
51798.531463135354,0
51803.53156270224,0
51808.531662269124,0
51813.53176183601,0
51818.531861402895,0
51823.531960969776,0
51828.53206053666,0
51833.53216010355,0
51838.53225967043,0
51843.53235923732,0
51848.5324588042,0
51853.53255837108,0
51858.53265793796,0
51863.53275750485,0
51868.53285707173,0
51873.53295663862,0
51878.5330562055,0
51883.533155772384,0
51888.533255339265,0
51893.533354906154,0
51898.53345447304,0
51903.533554039925,0
51908.533653606806,0
51913.53375317369,0
51918.53385274058,0
51923.53395230746,0
51928.53405187435,0
51933.53415144123,0
51938.53425100811,0
51943.53435057499,0
51948.53445014188,0
51953.53454970876,0
51958.53464927565,0
51963.53474884253,0
51968.534848409414,0
51973.534947976295,0
51978.535047543184,0
51983.535147110066,0
51988.535246676955,0
51993.535346243836,0
51998.53544581072,0
52003.5355453776,0
52008.53564494449,0
52013.53574451137,0
52018.53584407826,0
52023.53594364514,0
52028.53604321202,0
52033.5361427789,0
52038.53624234579,0
52043.53634191268,0
52048.53644147956,0
52053.536541046444,0
52058.536640613325,0
52063.536740180214,0
52068.536839747096,0
52073.536939313984,0
52078.537038880866,0
52083.53713844775,0
52088.53723801463,0
52093.53733758152,0
52098.5374371484,0
52103.53753671529,0
52108.53763628217,0
52113.53773584905,0
52118.53783541593,0
52123.53793498282,0
52128.5380345497,0
52133.53813411659,0
52138.538233683474,0
52143.538333250355,0
52148.53843281724,0
52153.538532384126,0
52158.53863195101,0
52163.538731517896,0
52168.53883108478,0
52173.53893065166,0
52178.53903021854,0
52183.53912978543,0
52188.53922935232,0
52193.5393289192,0
52198.53942848608,0
52203.53952805296,0
52208.53962761985,0
52213.53972718673,0
52218.53982675362,0
52223.5399263205,0
52228.540025887385,0
52233.54012545427,0
52238.540225021155,0
52243.54032458804,0
52248.540424154926,0
52253.54052372181,0
52258.54062328869,0
52263.54072285557,0
52268.54082242246,0
52273.54092198934,0
52278.54102155623,0
52283.54112112311,0
52288.54122068999,0
52293.541320256874,0
52298.54141982376,0
52303.541519390645,0
52308.54161895753,0
52313.541718524415,0
52318.5418180913,0
52323.54191765818,0
52328.54201722507,0
52333.542116791956,0
52338.54221635884,0
52343.54231592572,0
52348.5424154926,0
52353.54251505949,0
52358.54261462637,0
52363.54271419326,0
52368.54281376014,0
52373.54291332702,0
52378.543012893904,0
52383.54311246079,0
52388.543212027675,0
52393.54331159456,0
52398.543411161445,0
52403.54351072833,0
52408.54361029521,0
52413.5437098621,0
52418.54380942898,0
52423.54390899587,0
52428.54400856275,0
52433.54410812963,0
52438.54420769651,0
52443.5443072634,0
52448.54440683028,0
52453.54450639717,0
52458.54460596405,0
52463.544705530934,0
52468.544805097816,0
52473.544904664705,0
52478.54500423159,0
52483.545103798475,0
52488.54520336536,0
52493.54530293224,0
52498.54540249913,0
52503.54550206601,0
52508.5456016329,0
52513.54570119978,0
52518.54580076666,0
52523.54590033354,0
52528.54599990043,0
52533.54609946731,0
52538.5461990342,0
52543.54629860108,0
52548.546398167964,0
52553.546497734846,0
52558.546597301734,0
52563.546696868616,0
52568.546796435505,0
52573.546896002386,0
52578.54699556927,0
52583.54709513615,0
52588.54719470304,0
52593.54729426992,0
52598.54739383681,0
52603.54749340369,0
52608.54759297057,0
52613.54769253745,0
52618.54779210434,0
52623.54789167123,0
52628.54799123811,0
52633.548090804994,0
52638.548190371876,0
52643.548289938764,0
52648.548389505646,0
52653.548489072535,0
52658.548588639416,0
52663.5486882063,0
52668.54878777318,0
52673.54888734007,0
52678.54898690695,0
52683.54908647384,0
52688.54918604072,0
52693.5492856076,0
52698.54938517448,0
52703.54948474137,0
52708.54958430825,0
52713.54968387514,0
52718.549783442024,0
52723.549883008905,0
52728.54998257579,0
52733.550082142676,0
52738.55018170956,0
52743.550281276446,0
52748.55038084333,0
52753.55048041021,0
52758.55057997709,0
52763.55067954398,0
52768.55077911087,0
52773.55087867775,0
52778.55097824463,0
52783.55107781151,0
52788.5511773784,0
52793.55127694528,0
52798.55137651217,0
52803.551476079054,0
52808.551575645935,0
52813.55167521282,0
52818.551774779706,0
52823.55187434659,0
52828.551973913476,0
52833.55207348036,0
52838.55217304724,0
52843.55227261412,0
52848.55237218101,0
52853.55247174789,0
52858.55257131478,0
52863.55267088166,0
52868.55277044854,0
52873.552870015425,0
52878.55296958231,0
52883.553069149195,0
52888.553168716084,0
52893.553268282965,0
52898.55336784985,0
52903.55346741673,0
52908.55356698362,0
52913.553666550506,0
52918.55376611739,0
52923.55386568427,0
52928.55396525115,0
52933.55406481804,0
52938.55416438492,0
52943.55426395181,0
52948.55436351869,0
52953.55446308557,0
52958.554562652454,0
52963.55466221934,0
52968.554761786225,0
52973.554861353114,0
52978.554960919995,0
52983.55506048688,0
52988.55516005376,0
52993.55525962065,0
52998.55535918753,0
53003.55545875442,0
53008.5555583213,0
53013.55565788818,0
53018.55575745506,0
53023.55585702195,0
53028.55595658883,0
53033.55605615572,0
53038.5561557226,0
53043.556255289484,0
53048.556354856366,0
53053.556454423255,0
53058.55655399014,0
53063.556653557025,0
53068.55675312391,0
53073.55685269079,0
53078.55695225768,0
53083.55705182456,0
53088.55715139145,0
53093.55725095833,0
53098.55735052521,0
53103.55745009209,0
53108.55754965898,0
53113.55764922586,0
53118.55774879275,0
53123.55784835963,0
53128.557947926514,0
53133.558047493396,0
53138.558147060285,0
53143.558246627166,0
53148.558346194055,0
53153.55844576094,0
53158.55854532782,0
53163.5586448947,0
53168.55874446159,0
53173.55884402847,0
53178.55894359536,0
53183.55904316224,0
53188.55914272912,0
53193.559242296,0
53198.55934186289,0
53203.55944142978,0
53208.55954099666,0
53213.559640563544,0
53218.559740130426,0
53223.559839697315,0
53228.559939264196,0
53233.560038831085,0
53238.56013839797,0
53243.56023796485,0
53248.56033753173,0
53253.56043709862,0
53258.5605366655,0
53263.56063623239,0
53268.56073579927,0
53273.56083536615,0
53278.56093493303,0
53283.56103449992,0
53288.561134066804,0
53293.56123363369,0
53298.561333200574,0
53303.561432767456,0
53308.56153233434,0
53313.561631901226,0
53318.56173146811,0
53323.561831035,0
53328.56193060188,0
53333.56203016876,0
53338.56212973565,0
53343.56222930253,0
53348.56232886942,0
53353.5624284363,0
53358.56252800318,0
53363.56262757006,0
53368.56272713695,0
53373.562826703834,0
53378.56292627072,0
53383.563025837604,0
53388.563125404486,0
53393.56322497137,0
53398.563324538256,0
53403.56342410514,0
53408.563523672026,0
53413.56362323891,0
53418.56372280579,0
53423.56382237267,0
53428.56392193956,0
53433.56402150644,0
53438.56412107333,0
53443.56422064021,0
53448.56432020709,0
53453.564419773975,0
53458.56451934086,0
53463.564618907745,0
53468.564718474634,0
53473.564818041516,0
53478.5649176084,0
53483.565017175286,0
53488.56511674217,0
53493.565216309056,0
53498.56531587594,0
53503.56541544282,0
53508.5655150097,0
53513.56561457659,0
53518.56571414347,0
53523.56581371036,0
53528.56591327724,0
53533.56601284412,0
53538.566112411005,0
53543.56621197789,0
53548.566311544775,0
53553.566411111664,0
53558.566510678545,0
53563.56661024543,0
53568.56670981231,0
53573.5668093792,0
53578.56690894608,0
53583.56700851297,0
53588.56710807985,0
53593.56720764673,0
53598.56730721361,0
53603.5674067805,0
53608.56750634738,0
53613.56760591427,0
53618.56770548115,0
53623.567805048035,0
53628.56790461492,0
53633.568004181805,0
53638.568103748694,0
53643.568203315575,0
53648.56830288246,0
53653.56840244934,0
53658.56850201623,0
53663.56860158311,0
53668.56870115,0
53673.56880071688,0
53678.56890028376,0
53683.56899985064,0
53688.56909941753,0
53693.56919898441,0
53698.5692985513,0
53703.56939811818,0
53708.569497685065,0
53713.569597251946,0
53718.569696818835,0
53723.56979638572,0
53728.569895952605,0
53733.56999551949,0
53738.57009508637,0
53743.57019465325,0
53748.57029422014,0
53753.57039378702,0
53758.57049335391,0
53763.57059292079,0
53768.57069248767,0
53773.57079205456,0
53778.57089162144,0
53783.57099118833,0
53788.57109075521,0
53793.571190322094,0
53798.571289888976,0
53803.571389455865,0
53808.57148902275,0
53813.571588589635,0
53818.57168815652,0
53823.5717877234,0
53828.57188729028,0
53833.57198685717,0
53838.57208642405,0
53843.57218599094,0
53848.57228555782,0
53853.5723851247,0
53858.572484691584,0
53863.57258425847,0
53868.572683825354,0
53873.57278339224,0
53878.572882959124,0
53883.572982526006,0
53888.57308209289,0
53893.573181659776,0
53898.57328122666,0
53903.57338079355,0
53908.57348036043,0
53913.57357992731,0
53918.5736794942,0
53923.57377906108,0
53928.57387862797,0
53933.57397819485,0
53938.57407776173,0
53943.57417732861,0
53948.5742768955,0
53953.574376462384,0
53958.57447602927,0
53963.574575596154,0
53968.574675163036,0
53973.57477472992,0
53978.574874296806,0
53983.57497386369,0
53988.57507343058,0
53993.57517299746,0
53998.57527256434,0
54003.57537213122,0
54008.57547169811,0
54013.57557126499,0
54018.57567083188,0
54023.57577039876,0
54028.57586996564,0
54033.575969532525,0
54038.576069099414,0
54043.576168666295,0
54048.576268233184,0
54053.576367800066,0
54058.57646736695,0
54063.576566933836,0
54068.57666650072,0
54073.57676606761,0
54078.57686563449,0
54083.57696520137,0
54088.57706476825,0
54093.57716433514,0
54098.57726390202,0
54103.57736346891,0
54108.57746303579,0
54113.57756260267,0
54118.577662169555,0
54123.577761736444,0
54128.577861303325,0
54133.577960870214,0
54138.578060437096,0
54143.57816000398,0
54148.57825957086,0
54153.57835913775,0
54158.57845870463,0
54163.57855827152,0
54168.5786578384,0
54173.57875740528,0
54178.57885697216,0
54183.57895653905,0
54188.57905610593,0
54193.57915567282,0
54198.5792552397,0
54203.579354806585,0
54208.579454373474,0
54213.579553940355,0
54218.579653507244,0
54223.579753074126,0
54228.57985264101,0
54233.57995220789,0
54238.58005177478,0
54243.58015134166,0
54248.58025090855,0
54253.58035047543,0
54258.58045004231,0
54263.58054960919,0
54268.58064917608,0
54273.58074874296,0
54278.58084830985,0
54283.58094787673,0
54288.581047443615,0
54293.581147010496,0
54298.581246577385,0
54303.58134614427,0
54308.581445711156,0
54313.58154527804,0
54318.58164484492,0
54323.5817444118,0
54328.58184397869,0
54333.58194354557,0
54338.58204311246,0
54343.58214267934,0
54348.58224224622,0
54353.58234181311,0
54358.58244137999,0
54363.58254094688,0
54368.58264051376,0
54373.582740080645,0
54378.582839647526,0
54383.582939214415,0
54388.5830387813,0
54393.583138348185,0
54398.58323791507,0
54403.58333748195,0
54408.58343704883,0
54413.58353661572,0
54418.5836361826,0
54423.58373574949,0
54428.58383531637,0
54433.58393488325,0
54438.584034450134,0
54443.58413401702,0
54448.584233583904,0
54453.58433315079,0
54458.584432717675,0
54463.584532284556,0
54468.58463185144,0
54473.58473141833,0
54478.58483098521,0
54483.5849305521,0
54488.58503011898,0
54493.58512968586,0
54498.58522925275,0
54503.58532881963,0
54508.58542838652,0
54513.5855279534,0
54518.58562752028,0
54523.585727087164,0
54528.58582665405,0
54533.585926220934,0
54538.58602578782,0
54543.586125354705,0
54548.586224921586,0
54553.58632448847,0
54558.58642405536,0
54563.58652362224,0
54568.58662318913,0
54573.58672275601,0
54578.58682232289,0
54583.58692188977,0
54588.58702145666,0
54593.58712102354,0
54598.58722059043,0
54603.58732015731,0
54608.587419724194,0
54613.587519291075,0
54618.587618857964,0
54623.587718424846,0
54628.587817991734,0
54633.587917558616,0
54638.5880171255,0
54643.58811669239,0
54648.58821625927,0
54653.58831582616,0
54658.58841539304,0
54663.58851495992,0
54668.5886145268,0
54673.58871409369,0
54678.58881366057,0
54683.58891322746,0
54688.58901279434,0
54693.589112361224,0
54698.589211928105,0
54703.589311494994,0
54708.589411061876,0
54713.589510628764,0
54718.589610195646,0
54723.58970976253,0
54728.58980932941,0
54733.5899088963,0
54738.59000846318,0
54743.59010803007,0
54748.59020759695,0
54753.59030716383,0
54758.59040673071,0
54763.5905062976,0
54768.59060586448,0
54773.59070543137,0
54778.59080499825,0
54783.590904565135,0
54788.591004132024,0
54793.591103698905,0
54798.591203265794,0
54803.591302832676,0
54808.59140239956,0
54813.59150196644,0
54818.59160153333,0
54823.59170110021,0
54828.5918006671,0
54833.59190023398,0
54838.59199980086,0
54843.59209936774,0
54848.59219893463,0
54853.59229850151,0
54858.5923980684,0
54863.59249763528,0
54868.592597202165,0
54873.59269676905,0
54878.592796335935,0
54883.59289590282,0
54888.592995469706,0
54893.59309503659,0
54898.59319460347,0
54903.59329417035,0
54908.59339373724,0
54913.59349330412,0
54918.59359287101,0
54923.59369243789,0
54928.59379200477,0
54933.59389157166,0
54938.59399113854,0
54943.59409070543,0
54948.59419027231,0
54953.594289839195,0
54958.59438940608,0
54963.594488972965,0
54968.59458853985,0
54973.594688106736,0
54978.59478767362,0
54983.5948872405,0
54988.59498680738,0
54993.59508637427,0
54998.59518594115,0
55003.59528550804,0
55008.59538507492,0
55013.5954846418,0
55018.595584208684,0
55023.59568377557,0
55028.595783342455,0
55033.59588290934,0
55038.595982476225,0
55043.59608204311,0
55048.59618160999,0
55053.59628117688,0
55058.59638074376,0
55063.59648031065,0
55068.59657987753,0
55073.59667944441,0
55078.5967790113,0
55083.59687857818,0
55088.59697814507,0
55093.59707771195,0
55098.59717727883,0
55103.597276845714,0
55108.5973764126,0
55113.597475979484,0
55118.59757554637,0
55123.597675113255,0
55128.597774680136,0
55133.59787424702,0
55138.59797381391,0
55143.59807338079,0
55148.59817294768,0
55153.59827251456,0
55158.59837208144,0
55163.59847164832,0
55168.59857121521,0
55173.59867078209,0
55178.59877034898,0
55183.59886991586,0
55188.598969482744,0
55193.599069049626,0
55198.599168616514,0
55203.599268183396,0
55208.599367750285,0
55213.599467317166,0
55218.59956688405,0
55223.59966645094,0
55228.59976601782,0
55233.59986558471,0
55238.59996515159,0
55243.60006471847,0
55248.60016428535,0
55253.60026385224,0
55258.60036341912,0
55263.60046298601,0
55268.60056255289,0
55273.600662119774,0
55278.600761686655,0
55283.600861253544,0
55288.600960820426,0
55293.601060387315,0
55298.601159954196,0
55303.60125952108,0
55308.60135908796,0
55313.60145865485,0
55318.60155822173,0
55323.60165778862,0
55328.6017573555,0
55333.60185692238,0
55338.60195648926,0
55343.60205605615,0
55348.60215562303,0
55353.60225518992,0
55358.602354756804,0
55363.602454323685,0
55368.602553890574,0
55373.602653457456,0
55378.602753024345,0
55383.602852591226,0
55388.60295215811,0
55393.60305172499,0
55398.60315129188,0
55403.60325085876,0
55408.60335042565,0
55413.60344999253,0
55418.60354955941,0
55423.60364912629,0
55428.60374869318,0
55433.60384826006,0
55438.60394782695,0
55443.604047393834,0
55448.604146960715,0
55453.6042465276,0
55458.604346094486,0
55463.60444566137,0
55468.604545228256,0
55473.60464479514,0
55478.60474436202,0
55483.6048439289,0
55488.60494349579,0
55493.60504306267,0
55498.60514262956,0
55503.60524219644,0
55508.60534176332,0
55513.60544133021,0
55518.60554089709,0
55523.60564046398,0
55528.605740030864,0
55533.605839597745,0
55538.60593916463,0
55543.606038731516,0
55548.6061382984,0
55553.606237865286,0
55558.60633743217,0
55563.60643699905,0
55568.60653656593,0
55573.60663613282,0
55578.6067356997,0
55583.60683526659,0
55588.60693483347,0
55593.60703440035,0
55598.607133967234,0
55603.60723353412,0
55608.607333101005,0
55613.60743266789,0
55618.607532234775,0
55623.60763180166,0
55628.60773136854,0
55633.60783093543,0
55638.60793050231,0
55643.6080300692,0
55648.60812963608,0
55653.60822920296,0
55658.60832876985,0
55663.60842833673,0
55668.60852790362,0
55673.6086274705,0
55678.60872703738,0
55683.608826604264,0
55688.60892617115,0
55693.609025738035,0
55698.60912530492,0
55703.609224871805,0
55708.60932443869,0
55713.60942400557,0
55718.60952357246,0
55723.60962313934,0
55728.60972270623,0
55733.60982227311,0
55738.60992183999,0
55743.61002140687,0
55748.61012097376,0
55753.61022054064,0
55758.61032010753,0
55763.61041967441,0
55768.610519241294,0
55773.610618808176,0
55778.610718375065,0
55783.610817941946,0
55788.610917508835,0
55793.61101707572,0
55798.6111166426,0
55803.61121620949,0
55808.61131577637,0
55813.61141534326,0
55818.61151491014,0
55823.61161447702,0
55828.6117140439,0
55833.61181361079,0
55838.61191317767,0
55843.61201274456,0
55848.61211231144,0
55853.612211878324,0
55858.612311445206,0
55863.612411012095,0
55868.612510578976,0
55873.612610145865,0
55878.61270971275,0
55883.61280927963,0
55888.61290884651,0
55893.6130084134,0
55898.61310798028,0
55903.61320754717,0
55908.61330711405,0
55913.61340668093,0
55918.61350624781,0
55923.6136058147,0
55928.613705381584,0
55933.61380494847,0
55938.613904515354,0
55943.614004082236,0
55948.614103649124,0
55953.614203216006,0
55958.614302782895,0
55963.614402349776,0
55968.61450191666,0
55973.61460148354,0
55978.61470105043,0
55983.61480061731,0
55988.6149001842,0
55993.61499975108,0
55998.61509931796,0
56003.61519888484,0
56008.61529845173,0
56013.61539801861,0
56018.6154975855,0
56023.615597152384,0
56028.615696719266,0
56033.61579628615,0
56038.615895853036,0
56043.61599541992,0
56048.616094986806,0
56053.61619455369,0
56058.61629412057,0
56063.61639368745,0
56068.61649325434,0
56073.61659282122,0
56078.61669238811,0
56083.61679195499,0
56088.61689152187,0
56093.61699108876,0
56098.61709065564,0
56103.61719022253,0
56108.617289789414,0
56113.617389356295,0
56118.61748892318,0
56123.617588490066,0
56128.61768805695,0
56133.617787623836,0
56138.61788719072,0
56143.6179867576,0
56148.61808632448,0
56153.61818589137,0
56158.61828545825,0
56163.61838502514,0
56168.61848459202,0
56173.6185841589,0
56178.618683725785,0
56183.61878329267,0
56188.618882859555,0
56193.618982426444,0
56198.619081993325,0
56203.61918156021,0
56208.61928112709,0
56213.61938069398,0
56218.61948026086,0
56223.61957982775,0
56228.61967939463,0
56233.61977896151,0
56238.6198785284,0
56243.61997809528,0
56248.62007766217,0
56253.62017722905,0
56258.62027679593,0
56263.620376362815,0
56268.6204759297,0
56273.620575496585,0
56278.620675063474,0
56283.620774630355,0
56288.62087419724,0
56293.62097376412,0
56298.62107333101,0
56303.62117289789,0
56308.62127246478,0
56313.62137203166,0
56318.62147159854,0
56323.62157116542,0
56328.62167073231,0
56333.62177029919,0
56338.62186986608,0
56343.62196943296,0
56348.622068999844,0
56353.622168566726,0
56358.622268133615,0
56363.6223677005,0
56368.622467267385,0
56373.62256683427,0
56378.62266640115,0
56383.62276596804,0
56388.62286553492,0
56393.62296510181,0
56398.62306466869,0
56403.62316423557,0
56408.62326380245,0
56413.62336336934,0
56418.62346293622,0
56423.62356250311,0
56428.62366206999,0
56433.623761636874,0
56438.623861203756,0
56443.623960770645,0
56448.624060337526,0
56453.624159904415,0
56458.6242594713,0
56463.62435903818,0
56468.62445860506,0
56473.62455817195,0
56478.62465773883,0
56483.62475730572,0
56488.6248568726,0
56493.62495643948,0
56498.62505600636,0
56503.62515557325,0
56508.625255140134,0
56513.62535470702,0
56518.625454273904,0
56523.625553840786,0
56528.625653407675,0
56533.625752974556,0
56538.625852541445,0
56543.62595210833,0
56548.62605167521,0
56553.62615124209,0
56558.62625080898,0
56563.62635037586,0
56568.62644994275,0
56573.62654950963,0
56578.62664907651,0
56583.62674864339,0
56588.62684821028,0
56593.626947777164,0
56598.62704734405,0
56603.627146910934,0
56608.627246477816,0
56613.6273460447,0
56618.627445611586,0
56623.62754517847,0
56628.62764474536,0
56633.62774431224,0
56638.62784387912,0
56643.627943446,0
56648.62804301289,0
56653.62814257977,0
56658.62824214666,0
56663.62834171354,0
56668.62844128042,0
56673.62854084731,0
56678.628640414194,0
56683.62873998108,0
56688.628839547964,0
56693.628939114846,0
56698.62903868173,0
56703.629138248616,0
56708.6292378155,0
56713.62933738239,0
56718.62943694927,0
56723.62953651615,0
56728.62963608303,0
56733.62973564992,0
56738.6298352168,0
56743.62993478369,0
56748.63003435057,0
56753.63013391745,0
56758.630233484335,0
56763.630333051224,0
56768.630432618105,0
56773.630532184994,0
56778.630631751876,0
56783.63073131876,0
56788.63083088564,0
56793.63093045253,0
56798.63103001941,0
56803.6311295863,0
56808.63122915318,0
56813.63132872006,0
56818.63142828695,0
56823.63152785383,0
56828.63162742072,0
56833.6317269876,0
56838.63182655448,0
56843.631926121365,0
56848.63202568825,0
56853.632125255135,0
56858.632224822024,0
56863.632324388906,0
56868.63242395579,0
56873.63252352267,0
56878.63262308956,0
56883.63272265644,0
56888.63282222333,0
56893.63292179021,0
56898.63302135709,0
56903.63312092397,0
56908.63322049086,0
56913.63332005774,0
56918.63341962463,0
56923.63351919151,0
56928.633618758395,0
56933.633718325276,0
56938.633817892165,0
56943.63391745905,0
56948.634017025935,0
56953.63411659282,0
56958.6342161597,0
56963.63431572659,0
56968.63441529347,0
56973.63451486036,0
56978.63461442724,0
56983.63471399412,0
56988.634813561,0
56993.63491312789,0
56998.63501269477,0
57003.63511226166,0
57008.63521182854,0
57013.635311395425,0
57018.635410962306,0
57023.635510529195,0
57028.63561009608,0
57033.635709662965,0
57038.63580922985,0
57043.63590879673,0
57048.63600836361,0
57053.6361079305,0
57058.63620749738,0
57063.63630706427,0
57068.63640663115,0
57073.63650619803,0
57078.636605764914,0
57083.6367053318,0
57088.636804898684,0
57093.63690446557,0
57098.637004032455,0
57103.637103599336,0
57108.637203166225,0
57113.63730273311,0
57118.637402299995,0
57123.63750186688,0
57128.63760143376,0
57133.63770100064,0
57138.63780056753,0
57143.63790013441,0
57148.6379997013,0
57153.63809926818,0
57158.63819883506,0
57163.638298401944,0
57168.63839796883,0
57173.638497535714,0
57178.6385971026,0
57183.638696669484,0
57188.638796236366,0
57193.63889580325,0
57198.63899537014,0
57203.63909493702,0
57208.63919450391,0
57213.63929407079,0
57218.63939363767,0
57223.63949320455,0
57228.63959277144,0
57233.63969233832,0
57238.63979190521,0
57243.63989147209,0
57248.639991038974,0
57253.64009060586,0
57258.640190172744,0
57263.64028973963,0
57268.640389306514,0
57273.640488873396,0
57278.64058844028,0
57283.640688007166,0
57288.64078757405,0
57293.64088714094,0
57298.64098670782,0
57303.6410862747,0
57308.64118584158,0
57313.64128540847,0
57318.64138497535,0
57323.64148454224,0
57328.64158410912,0
57333.641683676,0
57338.641783242885,0
57343.641882809774,0
57348.641982376656,0
57353.642081943544,0
57358.642181510426,0
57363.64228107731,0
57368.64238064419,0
57373.64248021108,0
57378.64257977796,0
57383.64267934485,0
57388.64277891173,0
57393.64287847861,0
57398.6429780455,0
57403.64307761238,0
57408.64317717927,0
57413.64327674615,0
57418.64337631303,0
57423.643475879915,0
57428.643575446804,0
57433.643675013685,0
57438.643774580574,0
57443.643874147456,0
57448.64397371434,0
57453.64407328122,0
57458.64417284811,0
57463.64427241499,0
57468.64437198188,0
57473.64447154876,0
57478.64457111564,0
57483.64467068252,0
57488.64477024941,0
57493.64486981629,0
57498.64496938318,0
57503.64506895006,0
57508.645168516945,0
57513.64526808383,0
57518.645367650715,0
57523.6454672176,0
57528.645566784486,0
57533.64566635137,0
57538.64576591825,0
57543.64586548514,0
57548.64596505202,0
57553.64606461891,0
57558.64616418579,0
57563.64626375267,0
57568.64636331955,0
57573.64646288644,0
57578.64656245332,0
57583.64666202021,0
57588.64676158709,0
57593.646861153975,0
57598.64696072086,0
57603.647060287745,0
57608.64715985463,0
57613.647259421516,0
57618.6473589884,0
57623.64745855528,0
57628.64755812216,0
57633.64765768905,0
57638.64775725593,0
57643.64785682282,0
57648.6479563897,0
57653.64805595658,0
57658.648155523464,0
57663.64825509035,0
57668.648354657234,0
57673.64845422412,0
57678.648553791005,0
57683.648653357886,0
57688.648752924775,0
57693.64885249166,0
57698.648952058546,0
57703.64905162543,0
57708.64915119231,0
57713.64925075919,0
57718.64935032608,0
57723.64944989296,0
57728.64954945985,0
57733.64964902673,0
57738.64974859361,0
57743.649848160494,0
57748.64994772738,0
57753.650047294264,0
57758.65014686115,0
57763.650246428035,0
57768.650345994916,0
57773.6504455618,0
57778.65054512869,0
57783.65064469557,0
57788.65074426246,0
57793.65084382934,0
57798.65094339622,0
57803.6510429631,0
57808.65114252999,0
57813.65124209687,0
57818.65134166376,0
57823.65144123064,0
57828.651540797524,0
57833.65164036441,0
57838.651739931294,0
57843.65183949818,0
57848.651939065065,0
57853.652038631946,0
57858.65213819883,0
57863.65223776572,0
57868.6523373326,0
57873.65243689949,0
57878.65253646637,0
57883.65263603325,0
57888.65273560013,0
57893.65283516702,0
57898.6529347339,0
57903.65303430079,0
57908.65313386767,0
57913.653233434554,0
57918.653333001435,0
57923.653432568324,0
57928.653532135206,0
57933.653631702095,0
57938.653731268976,0
57943.65383083586,0
57948.65393040274,0
57953.65402996963,0
57958.65412953651,0
57963.6542291034,0
57968.65432867028,0
57973.65442823716,0
57978.65452780405,0
57983.65462737093,0
57988.65472693782,0
57993.6548265047,0
57998.654926071584,0
58003.655025638465,0
58008.655125205354,0
58013.655224772236,0
58018.655324339124,0
58023.655423906006,0
58028.65552347289,0
58033.65562303977,0
58038.65572260666,0
58043.65582217354,0
58048.65592174043,0
58053.65602130731,0
58058.65612087419,0
58063.65622044107,0
58068.65632000796,0
58073.65641957484,0
58078.65651914173,0
58083.656618708614,0
58088.656718275495,0
58093.65681784238,0
58098.656917409266,0
58103.65701697615,0
58108.657116543036,0
58113.65721610992,0
58118.6573156768,0
58123.65741524369,0
58128.65751481057,0
58133.65761437746,0
58138.65771394434,0
58143.65781351122,0
58148.6579130781,0
58153.65801264499,0
58158.65811221187,0
58163.65821177876,0
58168.65831134564,0
58173.658410912525,0
58178.65851047941,0
58183.658610046296,0
58188.65870961318,0
58193.658809180066,0
58198.65890874695,0
58203.65900831383,0
58208.65910788071,0
58213.6592074476,0
58218.65930701448,0
58223.65940658137,0
58228.65950614825,0
58233.65960571513,0
58238.659705282014,0
58243.6598048489,0
58248.659904415785,0
58253.66000398267,0
58258.660103549555,0
58263.66020311644,0
58268.660302683325,0
58273.66040225021,0
58278.660501817096,0
58283.66060138398,0
58288.66070095086,0
58293.66080051774,0
58298.66090008463,0
58303.66099965151,0
58308.6610992184,0
58313.66119878528,0
58318.66129835216,0
58323.661397919044,0
58328.66149748593,0
58333.661597052815,0
58338.6616966197,0
58343.661796186585,0
58348.66189575347,0
58353.66199532035,0
58358.66209488724,0
58363.66219445412,0
58368.66229402101,0
58373.66239358789,0
58378.66249315477,0
58383.66259272165,0
58388.66269228854,0
58393.66279185542,0
58398.66289142231,0
58403.66299098919,0
58408.663090556074,0
58413.66319012296,0
58418.663289689845,0
58423.66338925673,0
58428.663488823615,0
58433.6635883905,0
58438.66368795738,0
58443.66378752427,0
58448.66388709115,0
58453.66398665804,0
58458.66408622492,0
58463.6641857918,0
58468.66428535868,0
58473.66438492557,0
58478.66448449245,0
58483.66458405934,0
58488.66468362622,0
58493.664783193104,0
58498.664882759986,0
58503.664982326874,0
58508.665081893756,0
58513.665181460645,0
58518.665281027526,0
58523.66538059441,0
58528.66548016129,0
58533.66557972818,0
58538.66567929506,0
58543.66577886195,0
58548.66587842883,0
58553.66597799571,0
58558.6660775626,0
58563.66617712948,0
58568.66627669637,0
58573.66637626325,0
58578.666475830134,0
58583.666575397016,0
58588.666674963904,0
58593.666774530786,0
58598.666874097675,0
58603.666973664556,0
58608.66707323144,0
58613.66717279832,0
58618.66727236521,0
58623.66737193209,0
58628.66747149898,0
58633.66757106586,0
58638.66767063274,0
58643.66777019962,0
58648.66786976651,0
58653.66796933339,0
58658.66806890028,0
58663.668168467164,0
58668.668268034045,0
58673.66836760093,0
58678.668467167816,0
58683.6685667347,0
58688.668666301586,0
58693.66876586847,0
58698.66886543535,0
58703.66896500224,0
58708.66906456912,0
58713.66916413601,0
58718.66926370289,0
58723.66936326977,0
58728.66946283665,0
58733.66956240354,0
58738.66966197042,0
58743.66976153731,0
58748.669861104194,0
58753.669960671075,0
58758.67006023796,0
58763.670159804846,0
58768.67025937173,0
58773.670358938616,0
58778.6704585055,0
58783.67055807238,0
58788.67065763926,0
58793.67075720615,0
58798.67085677303,0
58803.67095633992,0
58808.6710559068,0
58813.67115547368,0
58818.671255040565,0
58823.67135460745,0
58828.671454174335,0
58833.671553741224,0
58838.671653308105,0
58843.67175287499,0
58848.671852441876,0
58853.67195200876,0
58858.672051575646,0
58863.67215114253,0
58868.67225070941,0
58873.67235027629,0
58878.67244984318,0
58883.67254941006,0
58888.67264897695,0
58893.67274854383,0
58898.67284811071,0
58903.672947677594,0
58908.67304724448,0
58913.673146811365,0
58918.673246378254,0
58923.673345945135,0
58928.67344551202,0
58933.6735450789,0
58938.67364464579,0
58943.67374421267,0
58948.67384377956,0
58953.67394334644,0
58958.67404291332,0
58963.6741424802,0
58968.67424204709,0
58973.67434161397,0
58978.67444118086,0
58983.67454074774,0
58988.674640314624,0
58993.67473988151,0
58998.674839448395,0
59003.67493901528,0
59008.675038582165,0
59013.67513814905,0
59018.67523771593,0
59023.67533728282,0
59028.6754368497,0
59033.67553641659,0
59038.67563598347,0
59043.67573555035,0
59048.67583511723,0
59053.67593468412,0
59058.676034251,0
59063.67613381789,0
59068.67623338477,0
59073.676332951654,0
59078.676432518536,0
59083.676532085425,0
59088.676631652306,0
59093.676731219195,0
59098.67683078608,0
59103.67693035296,0
59108.67702991984,0
59113.67712948673,0
59118.67722905361,0
59123.6773286205,0
59128.67742818738,0
59133.67752775426,0
59138.67762732115,0
59143.67772688803,0
59148.67782645492,0
59153.6779260218,0
59158.678025588684,0
59163.678125155566,0
59168.678224722455,0
59173.678324289336,0
59178.678423856225,0
59183.67852342311,0
59188.67862298999,0
59193.67872255687,0
59198.67882212376,0
59203.67892169064,0
59208.67902125753,0
59213.67912082441,0
59218.67922039129,0
59223.67931995817,0
59228.67941952506,0
59233.679519091944,0
59238.67961865883,0
59243.679718225714,0
59248.679817792596,0
59253.67991735948,0
59258.680016926366,0
59263.68011649325,0
59268.68021606014,0
59273.68031562702,0
59278.6804151939,0
59283.68051476079,0
59288.68061432767,0
59293.68071389456,0
59298.68081346144,0
59303.68091302832,0
59308.6810125952,0
59313.68111216209,0
59318.681211728974,0
59323.68131129586,0
59328.681410862744,0
59333.681510429626,0
59338.68160999651,0
59343.681709563396,0
59348.68180913028,0
59353.68190869717,0
59358.68200826405,0
59363.68210783093,0
59368.68220739781,0
59373.6823069647,0
59378.68240653158,0
59383.68250609847,0
59388.68260566535,0
59393.68270523223,0
59398.682804799115,0
59403.682904366004,0
59408.683003932885,0
59413.683103499774,0
59418.683203066656,0
59423.68330263354,0
59428.683402200426,0
59433.68350176731,0
59438.683601334196,0
59443.68370090108,0
59448.68380046796,0
59453.68390003484,0
59458.68399960173,0
59463.68409916861,0
59468.6841987355,0
59473.68429830238,0
59478.68439786926,0
59483.684497436145,0
59488.68459700303,0
59493.684696569915,0
59498.684796136804,0
59503.684895703685,0
59508.68499527057,0
59513.68509483745,0
59518.68519440434,0
59523.68529397122,0
59528.68539353811,0
59533.68549310499,0
59538.68559267187,0
59543.68569223875,0
59548.68579180564,0
59553.68589137252,0
59558.68599093941,0
59563.68609050629,0
59568.686190073175,0
59573.68628964006,0
59578.686389206945,0
59583.686488773834,0
59588.686588340715,0
59593.6866879076,0
59598.68678747448,0
59603.68688704137,0
59608.68698660825,0
59613.68708617514,0
59618.68718574202,0
59623.6872853089,0
59628.68738487578,0
59633.68748444267,0
59638.68758400955,0
59643.68768357644,0
59648.68778314332,0
59653.687882710205,0
59658.687982277086,0
59663.688081843975,0
59668.68818141086,0
59673.688280977745,0
59678.68838054463,0
59683.68848011151,0
59688.68857967839,0
59693.68867924528,0
59698.68877881216,0
59703.68887837905,0
59708.68897794593,0
59713.68907751281,0
59718.6891770797,0
59723.68927664658,0
59728.68937621347,0
59733.68947578035,0
59738.689575347234,0
59743.689674914116,0
59748.689774481005,0
59753.68987404789,0
59758.689973614775,0
59763.69007318166,0
59768.69017274854,0
59773.69027231542,0
59778.69037188231,0
59783.69047144919,0
59788.69057101608,0
59793.69067058296,0
59798.69077014984,0
59803.690869716724,0
59808.69096928361,0
59813.691068850494,0
59818.69116841738,0
59823.691267984264,0
59828.691367551146,0
59833.69146711803,0
59838.691566684916,0
59843.6916662518,0
59848.69176581869,0
59853.69186538557,0
59858.69196495245,0
59863.69206451934,0
59868.69216408622,0
59873.69226365311,0
59878.69236321999,0
59883.69246278687,0
59888.69256235375,0
59893.69266192064,0
59898.692761487524,0
59903.69286105441,0
59908.692960621294,0
59913.693060188176,0
59918.69315975506,0
59923.693259321946,0
59928.69335888883,0
59933.69345845572,0
59938.6935580226,0
59943.69365758948,0
59948.69375715636,0
59953.69385672325,0
59958.69395629013,0
59963.69405585702,0
59968.6941554239,0
59973.69425499078,0
59978.694354557665,0
59983.694454124554,0
59988.694553691435,0
59993.694653258324,0
59998.694752825206,0
60003.69485239209,0
60008.694951958976,0
60013.69505152586,0
60018.69515109275,0
60023.69525065963,0
60028.69535022651,0
60033.69544979339,0
60038.69554936028,0
60043.69564892716,0
60048.69574849405,0
60053.69584806093,0
60058.69594762781,0
60063.696047194695,0
60068.696146761584,0
60073.696246328465,0
60078.696345895354,0
60083.696445462236,0
60088.69654502912,0
60093.696644596,0
60098.69674416289,0
60103.69684372977,0
60108.69694329666,0
60113.69704286354,0
60118.69714243042,0
60123.6972419973,0
60128.69734156419,0
60133.69744113107,0
60138.69754069796,0
60143.69764026484,0
60148.697739831725,0
60153.697839398614,0
60158.697938965495,0
60163.698038532384,0
60168.698138099266,0
60173.69823766615,0
60178.69833723303,0
60183.69843679992,0
60188.6985363668,0
60193.69863593369,0
60198.69873550057,0
60203.69883506745,0
60208.69893463433,0
60213.69903420122,0
60218.6991337681,0
60223.69923333499,0
60228.69933290187,0
60233.699432468755,0
60238.69953203564,0
60243.699631602525,0
60248.69973116941,0
60253.699830736296,0
60258.69993030318,0
60263.70002987006,0
60268.70012943694,0
60273.70022900383,0
60278.70032857071,0
60283.7004281376,0
60288.70052770448,0
60293.70062727136,0
60298.70072683825,0
60303.70082640513,0
60308.70092597202,0
60313.7010255389,0
60318.701125105785,0
60323.701224672666,0
60328.701324239555,0
60333.70142380644,0
60338.701523373325,0
60343.70162294021,0
60348.70172250709,0
60353.70182207397,0
60358.70192164086,0
60363.70202120774,0
60368.70212077463,0
60373.70222034151,0
60378.70231990839,0
60383.702419475274,0
60388.70251904216,0
60393.702618609044,0
60398.70271817593,0
60403.702817742815,0
60408.702917309696,0
60413.70301687658,0
60418.70311644347,0
60423.70321601035,0
60428.70331557724,0
60433.70341514412,0
60438.703514711,0
60443.70361427789,0
60448.70371384477,0
60453.70381341166,0
60458.70391297854,0
60463.70401254542,0
60468.704112112304,0
60473.70421167919,0
60478.704311246074,0
60483.70441081296,0
60488.704510379845,0
60493.704609946726,0
60498.70470951361,0
60503.7048090805,0
60508.70490864738,0
60513.70500821427,0
60518.70510778115,0
60523.70520734803,0
60528.70530691491,0
60533.7054064818,0
60538.70550604868,0
60543.70560561557,0
60548.70570518245,0
60553.705804749334,0
60558.705904316215,0
60563.706003883104,0
60568.706103449986,0
60573.706203016874,0
60578.706302583756,0
60583.70640215064,0
60588.70650171753,0
60593.70660128441,0
60598.7067008513,0
60603.70680041818,0
60608.70689998506,0
60613.70699955194,0
60618.70709911883,0
60623.70719868571,0
60628.7072982526,0
60633.70739781948,0
60638.707497386364,0
60643.707596953245,0
60648.707696520134,0
60653.707796087016,0
60658.707895653904,0
60663.707995220786,0
60668.70809478767,0
60673.70819435455,0
60678.70829392144,0
60683.70839348832,0
60688.70849305521,0
60693.70859262209,0
60698.70869218897,0
60703.70879175585,0
60708.70889132274,0
60713.70899088962,0
60718.70909045651,0
60723.70919002339,0
60728.709289590275,0
60733.709389157164,0
60738.709488724046,0
60743.709588290934,0
60748.709687857816,0
60753.7097874247,0
60758.70988699158,0
60763.70998655847,0
60768.71008612535,0
60773.71018569224,0
60778.71028525912,0
60783.710384826,0
60788.71048439288,0
60793.71058395977,0
60798.71068352665,0
60803.71078309354,0
60808.71088266042,0
60813.710982227305,0
60818.71108179419,0
60823.711181361075,0
60828.71128092796,0
60833.711380494846,0
60838.71148006173,0
60843.71157962861,0
60848.71167919549,0
60853.71177876238,0
60858.71187832926,0
60863.71197789615,0
60868.71207746303,0
60873.71217702991,0
60878.7122765968,0
60883.71237616368,0
60888.71247573057,0
60893.71257529745,0
60898.712674864335,0
60903.71277443122,0
60908.712873998105,0
60913.71297356499,0
60918.713073131876,0
60923.71317269876,0
60928.71327226564,0
60933.71337183252,0
60938.71347139941,0
60943.71357096629,0
60948.71367053318,0
60953.71377010006,0
60958.71386966694,0
60963.713969233824,0
60968.71406880071,0
60973.714168367595,0
60978.71426793448,0
60983.714367501365,0
60988.71446706825,0
60993.71456663513,0
60998.71466620202,0
61003.7147657689,0
61008.71486533579,0
61013.71496490267,0
61018.71506446955,0
61023.71516403644,0
61028.71526360332,0
61033.71536317021,0
61038.71546273709,0
61043.71556230397,0
61048.715661870854,0
61053.71576143774,0
61058.715861004624,0
61063.71596057151,0
61068.716060138395,0
61073.71615970528,0
61078.71625927216,0
61083.71635883905,0
61088.71645840593,0
61093.71655797282,0
61098.7166575397,0
61103.71675710658,0
61108.71685667346,0
61113.71695624035,0
61118.71705580723,0
61123.71715537412,0
61128.717254941,0
61133.717354507884,0
61138.717454074766,0
61143.717553641654,0
61148.717653208536,0
61153.717752775425,0
61158.717852342306,0
61163.71795190919,0
61168.71805147608,0
61173.71815104296,0
61178.71825060985,0
61183.71835017673,0
61188.71844974361,0
61193.71854931049,0
61198.71864887738,0
61203.71874844426,0
61208.71884801115,0
61213.71894757803,0
61218.719047144914,0
61223.719146711795,0
61228.719246278684,0
61233.719345845566,0
61238.719445412455,0
61243.719544979336,0
61248.71964454622,0
61253.7197441131,0
61258.71984367999,0
61263.71994324687,0
61268.72004281376,0
61273.72014238064,0
61278.72024194752,0
61283.7203415144,0
61288.72044108129,0
61293.72054064817,0
61298.72064021506,0
61303.720739781944,0
61308.720839348825,0
61313.720938915714,0
61318.721038482596,0
61323.721138049485,0
61328.721237616366,0
61333.72133718325,0
61338.72143675013,0
61343.72153631702,0
61348.7216358839,0
61353.72173545079,0
61358.72183501767,0
61363.72193458455,0
61368.72203415143,0
61373.72213371832,0
61378.7222332852,0
61383.72233285209,0
61388.722432418974,0
61393.722531985855,0
61398.72263155274,0
61403.722731119626,0
61408.72283068651,0
61413.722930253396,0
61418.72302982028,0
61423.72312938716,0
61428.72322895404,0
61433.72332852093,0
61438.72342808782,0
61443.7235276547,0
61448.72362722158,0
61453.72372678846,0
61458.72382635535,0
61463.72392592223,0
61468.72402548912,0
61473.724125056004,0
61478.724224622885,0
61483.72432418977,0
61488.724423756656,0
61493.72452332354,0
61498.724622890426,0
61503.72472245731,0
61508.72482202419,0
61513.72492159107,0
61518.72502115796,0
61523.72512072484,0
61528.72522029173,0
61533.72531985861,0
61538.72541942549,0
61543.725518992374,0
61548.72561855926,0
61553.725718126145,0
61558.72581769303,0
61563.725917259915,0
61568.7260168268,0
61573.72611639368,0
61578.72621596057,0
61583.726315527456,0
61588.72641509434,0
61593.72651466122,0
61598.7266142281,0
61603.72671379499,0
61608.72681336187,0
61613.72691292876,0
61618.72701249564,0
61623.72711206252,0
61628.727211629404,0
61633.72731119629,0
61638.727410763175,0
61643.72751033006,0
61648.727609896945,0
61653.72770946383,0
61658.72780903071,0
61663.7279085976,0
61668.72800816448,0
61673.72810773137,0
61678.72820729825,0
61683.72830686513,0
61688.72840643201,0
61693.7285059989,0
61698.72860556578,0
61703.72870513267,0
61708.72880469955,0
61713.728904266434,0
61718.729003833316,0
61723.729103400205,0
61728.72920296709,0
61733.729302533975,0
61738.72940210086,0
61743.72950166774,0
61748.72960123463,0
61753.72970080151,0
61758.7298003684,0
61763.72989993528,0
61768.72999950216,0
61773.73009906904,0
61778.73019863593,0
61783.73029820281,0
61788.7303977697,0
61793.73049733658,0
61798.730596903464,0
61803.730696470346,0
61808.730796037235,0
61813.730895604116,0
61818.730995171005,0
61823.73109473789,0
61828.73119430477,0
61833.73129387165,0
61838.73139343854,0
61843.73149300542,0
61848.73159257231,0
61853.73169213919,0
61858.73179170607,0
61863.73189127295,0
61868.73199083984,0
61873.73209040673,0
61878.73218997361,0
61883.732289540494,0
61888.732389107376,0
61893.732488674264,0
61898.732588241146,0
61903.732687808035,0
61908.73278737492,0
61913.7328869418,0
61918.73298650868,0
61923.73308607557,0
61928.73318564245,0
61933.73328520934,0
61938.73338477622,0
61943.7334843431,0
61948.73358390998,0
61953.73368347687,0
61958.733783043754,0
61963.73388261064,0
61968.733982177524,0
61973.734081744406,0
61978.73418131129,0
61983.734280878176,0
61988.73438044506,0
61993.734480011946,0
61998.73457957883,0
62003.73467914571,0
62008.73477871259,0
62013.73487827948,0
62018.73497784637,0
62023.73507741325,0
62028.73517698013,0
62033.73527654701,0
62038.7353761139,0
62043.73547568078,0
62048.73557524767,0
62053.735674814554,0
62058.735774381435,0
62063.73587394832,0
62068.735973515206,0
62073.73607308209,0
62078.736172648976,0
62083.73627221586,0
62088.73637178274,0
62093.73647134962,0
62098.73657091651,0
62103.73667048339,0
62108.73677005028,0
62113.73686961716,0
62118.73696918404,0
62123.737068750925,0
62128.73716831781,0
62133.737267884695,0
62138.737367451584,0
62143.737467018465,0
62148.73756658535,0
62153.73766615223,0
62158.73776571912,0
62163.737865286006,0
62168.73796485289,0
62173.73806441977,0
62178.73816398665,0
62183.73826355354,0
62188.73836312042,0
62193.73846268731,0
62198.73856225419,0
62203.73866182107,0
62208.738761387955,0
62213.73886095484,0
62218.738960521725,0
62223.739060088614,0
62228.739159655495,0
62233.73925922238,0
62238.73935878926,0
62243.73945835615,0
62248.73955792303,0
62253.73965748992,0
62258.7397570568,0
62263.73985662368,0
62268.73995619056,0
62273.74005575745,0
62278.74015532433,0
62283.74025489122,0
62288.7403544581,0
62293.740454024985,0
62298.740553591866,0
62303.740653158755,0
62308.740752725644,0
62313.740852292525,0
62318.74095185941,0
62323.74105142629,0
62328.74115099318,0
62333.74125056006,0
62338.74135012695,0
62343.74144969383,0
62348.74154926071,0
62353.74164882759,0
62358.74174839448,0
62363.74184796136,0
62368.74194752825,0
62373.74204709513,0
62378.742146662014,0
62383.742246228896,0
62388.742345795785,0
62393.742445362666,0
62398.742544929555,0
62403.74264449644,0
62408.74274406332,0
62413.7428436302,0
62418.74294319709,0
62423.74304276397,0
62428.74314233086,0
62433.74324189774,0
62438.74334146462,0
62443.7434410315,0
62448.74354059839,0
62453.74364016528,0
62458.74373973216,0
62463.743839299044,0
62468.743938865926,0
62473.744038432815,0
62478.744137999696,0
62483.744237566585,0
62488.74433713347,0
62493.74443670035,0
62498.74453626723,0
62503.74463583412,0
62508.744735401,0
62513.74483496789,0
62518.74493453477,0
62523.74503410165,0
62528.74513366853,0
62533.74523323542,0
62538.745332802304,0
62543.74543236919,0
62548.745531936074,0
62553.745631502956,0
62558.74573106984,0
62563.745830636726,0
62568.74593020361,0
62573.7460297705,0
62578.74612933738,0
62583.74622890426,0
62588.74632847114,0
62593.74642803803,0
62598.74652760492,0
62603.7466271718,0
62608.74672673868,0
62613.74682630556,0
62618.74692587245,0
62623.747025439334,0
62628.74712500622,0
62633.747224573104,0
62638.747324139986,0
62643.74742370687,0
62648.747523273756,0
62653.74762284064,0
62658.74772240753,0
62663.74782197441,0
62668.74792154129,0
62673.74802110817,0
62678.74812067506,0
62683.74822024194,0
62688.74831980883,0
62693.74841937571,0
62698.74851894259,0
62703.748618509475,0
62708.748718076364,0
62713.748817643245,0
62718.748917210134,0
62723.749016777016,0
62728.7491163439,0
62733.74921591078,0
62738.74931547767,0
62743.74941504456,0
62748.74951461144,0
62753.74961417832,0
62758.7497137452,0
62763.74981331209,0
62768.74991287897,0
62773.75001244586,0
62778.75011201274,0
62783.75021157962,0
62788.750311146505,0
62793.750410713394,0
62798.750510280275,0
62803.750609847164,0
62808.750709414046,0
62813.75080898093,0
62818.75090854781,0
62823.7510081147,0
62828.75110768158,0
62833.75120724847,0
62838.75130681535,0
62843.75140638223,0
62848.75150594911,0
62853.751605516,0
62858.75170508288,0
62863.75180464977,0
62868.75190421665,0
62873.752003783535,0
62878.752103350416,0
62883.752202917305,0
62888.752302484194,0
62893.752402051075,0
62898.75250161796,0
62903.75260118484,0
62908.75270075173,0
62913.75280031861,0
62918.7528998855,0
62923.75299945238,0
62928.75309901926,0
62933.75319858614,0
62938.75329815303,0
62943.75339771991,0
62948.7534972868,0
62953.75359685368,0
62958.753696420565,0
62963.753795987446,0
62968.753895554335,0
62973.75399512122,0
62978.754094688105,0
62983.75419425499,0
62988.75429382187,0
62993.75439338875,0
62998.75449295564,0
63003.75459252252,0
63008.75469208941,0
63013.75479165629,0
63018.75489122317,0
63023.754990790054,0
63028.75509035694,0
63033.75518992383,0
63038.75528949071,0
63043.755389057595,0
63048.755488624476,0
63053.755588191365,0
63058.75568775825,0
63063.755787325135,0
63068.75588689202,0
63073.7559864589,0
63078.75608602578,0
63083.75618559267,0
63088.75628515955,0
63093.75638472644,0
63098.75648429332,0
63103.7565838602,0
63108.756683427084,0
63113.75678299397,0
63118.756882560854,0
63123.75698212774,0
63128.757081694625,0
63133.757181261506,0
63138.75728082839,0
63143.75738039528,0
63148.75747996216,0
63153.75757952905,0
63158.75767909593,0
63163.75777866281,0
63168.75787822969,0
63173.75797779658,0
63178.75807736347,0
63183.75817693035,0
63188.75827649723,0
63193.758376064114,0
63198.758475631,0
63203.758575197884,0
63208.75867476477,0
63213.758774331654,0
63218.758873898536,0
63223.75897346542,0
63228.759073032306,0
63233.75917259919,0
63238.75927216608,0
63243.75937173296,0
63248.75947129984,0
63253.75957086672,0
63258.75967043361,0
63263.75977000049,0
63268.75986956738,0
63273.75996913426,0
63278.76006870114,0
63283.760168268025,0
63288.760267834914,0
63293.760367401796,0
63298.760466968684,0
63303.760566535566,0
63308.76066610245,0
63313.76076566933,0
63318.76086523622,0
63323.76096480311,0
63328.76106436999,0
63333.76116393687,0
63338.76126350375,0
63343.76136307064,0
63348.76146263752,0
63353.76156220441,0
63358.76166177129,0
63363.76176133817,0
63368.761860905055,0
63373.761960471944,0
63378.762060038825,0
63383.762159605714,0
63388.762259172596,0
63393.76235873948,0
63398.76245830636,0
63403.76255787325,0
63408.76265744013,0
63413.76275700702,0
63418.7628565739,0
63423.76295614078,0
63428.76305570766,0
63433.76315527455,0
63438.76325484143,0
63443.76335440832,0
63448.7634539752,0
63453.763553542085,0
63458.76365310897,0
63463.763752675855,0
63468.763852242744,0
63473.763951809626,0
63478.76405137651,0
63483.76415094339,0
63488.76425051028,0
63493.76435007716,0
63498.76444964405,0
63503.76454921093,0
63508.76464877781,0
63513.76474834469,0
63518.76484791158,0
63523.76494747846,0
63528.76504704535,0
63533.76514661223,0
63538.765246179115,0
63543.765345746,0
63548.765445312885,0
63553.76554487977,0
63558.765644446656,0
63563.76574401354,0
63568.76584358042,0
63573.7659431473,0
63578.76604271419,0
63583.76614228107,0
63588.76624184796,0
63593.76634141484,0
63598.76644098172,0
63603.766540548604,0
63608.76664011549,0
63613.76673968238,0
63618.76683924926,0
63623.766938816145,0
63628.76703838303,0
63633.767137949915,0
63638.7672375168,0
63643.767337083686,0
63648.76743665057,0
63653.76753621745,0
63658.76763578433,0
63663.76773535122,0
63668.7678349181,0
63673.76793448499,0
63678.76803405187,0
63683.76813361875,0
63688.768233185634,0
63693.76833275252,0
63698.768432319404,0
63703.76853188629,0
63708.768631453175,0
63713.768731020056,0
63718.76883058694,0
63723.76893015383,0
63728.76902972071,0
63733.7691292876,0
63738.76922885448,0
63743.76932842136,0
63748.76942798824,0
63753.76952755513,0
63758.76962712202,0
63763.7697266889,0
63768.76982625578,0
63773.769925822664,0
63778.77002538955,0
63783.770124956434,0
63788.77022452332,0
63793.770324090205,0
63798.770423657086,0
63803.77052322397,0
63808.77062279086,0
63813.77072235774,0
63818.77082192463,0
63823.77092149151,0
63828.77102105839,0
63833.77112062527,0
63838.77122019216,0
63843.77131975904,0
63848.77141932593,0
63853.77151889281,0
63858.771618459694,0
63863.771718026575,0
63868.771817593464,0
63873.771917160346,0
63878.772016727235,0
63883.772116294116,0
63888.772215861,0
63893.77231542788,0
63898.77241499477,0
63903.77251456166,0
63908.77261412854,0
63913.77271369542,0
63918.7728132623,0
63923.77291282919,0
63928.77301239607,0
63933.77311196296,0
63938.77321152984,0
63943.773311096724,0
63948.773410663605,0
63953.773510230494,0
63958.773609797376,0
63963.773709364265,0
63968.773808931146,0
63973.77390849803,0
63978.77400806491,0
63983.7741076318,0
63988.77420719868,0
63993.77430676557,0
63998.77440633245,0
64003.77450589933,0
64008.77460546621,0
64013.7747050331,0
64018.77480459998,0
64023.77490416687,0
64028.775003733754,0
64033.775103300635,0
64038.77520286752,0
64043.775302434406,0
64048.775402001294,0
64053.775501568176,0
64058.77560113506,0
64063.77570070194,0
64068.77580026883,0
64073.77589983571,0
64078.7759994026,0
64083.77609896948,0
64088.77619853636,0
64093.77629810324,0
64098.77639767013,0
64103.77649723701,0
64108.7765968039,0
64113.77669637078,0
64118.776795937665,0
64123.77689550455,0
64128.776995071436,0
64133.77709463832,0
64138.777194205206,0
64143.77729377209,0
64148.77739333897,0
64153.77749290585,0
64158.77759247274,0
64163.77769203962,0
64168.77779160651,0
64173.77789117339,0
64178.77799074027,0
64183.778090307154,0
64188.77818987404,0
64193.77828944093,0
64198.77838900781,0
64203.778488574695,0
64208.77858814158,0
64213.778687708465,0
64218.77878727535,0
64223.778886842236,0
64228.77898640912,0
64233.779085976,0
64238.77918554288,0
64243.77928510977,0
64248.77938467665,0
64253.77948424354,0
64258.77958381042,0
64263.7796833773,0
64268.779782944184,0
64273.77988251107,0
64278.779982077955,0
64283.78008164484,0
64288.780181211725,0
64293.78028077861,0
64298.78038034549,0
64303.78047991238,0
64308.78057947926,0
64313.78067904615,0
64318.78077861303,0
64323.78087817991,0
64328.78097774679,0
64333.78107731368,0
64338.78117688057,0
64343.78127644745,0
64348.78137601433,0
64353.781475581214,0
64358.7815751481,0
64363.781674714985,0
64368.78177428187,0
64373.781873848755,0
64378.78197341564,0
64383.78207298252,0
64388.78217254941,0
64393.78227211629,0
64398.78237168318,0
64403.78247125006,0
64408.78257081694,0
64413.78267038382,0
64418.78276995071,0
64423.78286951759,0
64428.78296908448,0
64433.78306865136,0
64438.783168218244,0
64443.783267785126,0
64448.783367352014,0
64453.783466918896,0
64458.783566485785,0
64463.78366605267,0
64468.78376561955,0
64473.78386518643,0
64478.78396475332,0
64483.78406432021,0
64488.78416388709,0
64493.78426345397,0
64498.78436302085,0
64503.78446258774,0
64508.78456215462,0
64513.78466172151,0
64518.78476128839,0
64523.784860855274,0
64528.784960422156,0
64533.785059989044,0
64538.785159555926,0
64543.785259122815,0
64548.785358689696,0
64553.78545825658,0
64558.78555782346,0
64563.78565739035,0
64568.78575695723,0
64573.78585652412,0
64578.785956091,0
64583.78605565788,0
64588.78615522476,0
64593.78625479165,0
64598.78635435853,0
64603.78645392542,0
64608.786553492304,0
64613.786653059185,0
64618.78675262607,0
64623.786852192956,0
64628.786951759845,0
64633.787051326726,0
64638.78715089361,0
64643.78725046049,0
64648.78735002738,0
64653.78744959426,0
64658.78754916115,0
64663.78764872803,0
64668.78774829491,0
64673.78784786179,0
64678.78794742868,0
64683.78804699556,0
64688.78814656245,0
64693.788246129334,0
64698.788345696215,0
64703.7884452631,0
64708.788544829986,0
64713.78864439687,0
64718.788743963756,0
64723.78884353064,0
64728.78894309752,0
64733.7890426644,0
64738.78914223129,0
64743.78924179817,0
64748.78934136506,0
64753.78944093194,0
64758.78954049882,0
64763.789640065705,0
64768.78973963259,0
64773.78983919948,0
64778.789938766364,0
64783.790038333245,0
64788.79013790013,0
64793.790237467016,0
64798.7903370339,0
64803.790436600786,0
64808.79053616767,0
64813.79063573455,0
64818.79073530143,0
64823.79083486832,0
64828.7909344352,0
64833.79103400209,0
64838.79113356897,0
64843.79123313585,0
64848.791332702735,0
64853.79143226962,0
64858.791531836505,0
64863.791631403394,0
64868.791730970275,0
64873.79183053716,0
64878.79193010404,0
64883.79202967093,0
64888.79212923781,0
64893.7922288047,0
64898.79232837158,0
64903.79242793846,0
64908.79252750534,0
64913.79262707223,0
64918.79272663912,0
64923.792826206,0
64928.79292577288,0
64933.793025339764,0
64938.79312490665,0
64943.793224473535,0
64948.79332404042,0
64953.793423607305,0
64958.79352317419,0
64963.79362274107,0
64968.79372230796,0
64973.79382187484,0
64978.79392144173,0
64983.79402100861,0
64988.79412057549,0
64993.79422014237,0
64998.79431970926,0
65003.79441927614,0
65008.79451884303,0
65013.79461840991,0
65018.794717976794,0
65023.794817543676,0
65028.794917110565,0
65033.795016677446,0
65038.795116244335,0
65043.79521581122,0
65048.7953153781,0
65053.79541494498,0
65058.79551451187,0
65063.79561407876,0
65068.79571364564,0
65073.79581321252,0
65078.7959127794,0
65083.79601234629,0
65088.79611191317,0
65093.79621148006,0
65098.79631104694,0
65103.796410613824,0
65108.796510180706,0
65113.796609747595,0
65118.796709314476,0
65123.796808881365,0
65128.79690844825,0
65133.79700801513,0
65138.79710758201,0
65143.7972071489,0
65148.79730671578,0
65153.79740628267,0
65158.79750584955,0
65163.79760541643,0
65168.79770498331,0
65173.7978045502,0
65178.797904117084,0
65183.79800368397,0
65188.798103250854,0
65193.798202817736,0
65198.79830238462,0
65203.798401951506,0
65208.798501518395,0
65213.79860108528,0
65218.79870065216,0
65223.79880021904,0
65228.79889978593,0
65233.79899935281,0
65238.7990989197,0
65243.79919848658,0
65248.79929805346,0
65253.79939762034,0
65258.79949718723,0
65263.799596754114,0
65268.799696321,0
65273.799795887884,0
65278.799895454766,0
65283.79999502165,0
65288.800094588536,0
65293.80019415542,0
65298.80029372231,0
65303.80039328919,0
65308.80049285607,0
65313.80059242295,0
65318.80069198984,0
65323.80079155672,0
65328.80089112361,0
65333.80099069049,0
65338.80109025737,0
65343.801189824255,0
65348.801289391144,0
65353.80138895803,0
65358.801488524914,0
65363.801588091796,0
65368.80168765868,0
65373.801787225566,0
65378.80188679245,0
65383.801986359336,0
65388.80208592622,0
65393.8021854931,0
65398.80228505998,0
65403.80238462687,0
65408.80248419375,0
65413.80258376064,0
65418.80268332752,0
65423.8027828944,0
65428.802882461285,0
65433.80298202817,0
65438.803081595055,0
65443.803181161944,0
65448.803280728825,0
65453.80338029571,0
65458.80347986259,0
65463.80357942948,0
65468.80367899636,0
65473.80377856325,0
65478.80387813013,0
65483.80397769701,0
65488.80407726389,0
65493.80417683078,0
65498.80427639767,0
65503.80437596455,0
65508.80447553143,0
65513.804575098315,0
65518.8046746652,0
65523.804774232085,0
65528.804873798974,0
65533.804973365855,0
65538.80507293274,0
65543.80517249962,0
65548.8052720665,0
65553.80537163338,0
65558.80547120028,0
65563.80557076716,0
65568.80567033404,0
65573.80576990092,0
65578.80586946782,0
65583.8059690347,0
65588.80606860158,0
65593.80616816846,0
65598.80626773534,0
65603.80636730223,0
65608.80646686911,0
65613.806566436,0
65618.80666600289,0
65623.80676556977,0
65628.80686513665,0
65633.80696470353,0
65638.80706427043,0
65643.80716383731,0
65648.80726340419,0
65653.80736297107,0
65658.80746253795,0
65663.80756210483,0
65668.80766167172,0
65673.80776123861,0
65678.8078608055,0
65683.80796037237,0
65688.80805993926,0
65693.80815950614,0
65698.80825907303,0
65703.80835863992,0
65708.8084582068,0
65713.80855777368,0
65718.80865734056,0
65723.80875690744,0
65728.80885647434,0
65733.80895604122,0
65738.8090556081,0
65743.80915517498,0
65748.80925474186,0
65753.80935430876,0
65758.80945387564,0
65763.80955344252,0
65768.8096530094,0
65773.80975257629,0
65778.80985214317,0
65783.80995171005,0
65788.81005127695,0
65793.81015084383,0
65798.81025041071,0
65803.81034997759,0
65808.81044954447,0
65813.81054911137,0
65818.81064867825,0
65823.81074824513,0
65828.81084781201,0
65833.8109473789,0
65838.81104694578,0
65843.81114651266,0
65848.81124607955,0
65853.81134564643,0
65858.81144521332,0
65863.8115447802,0
65868.8116443471,0
65873.81174391398,0
65878.81184348086,0
65883.81194304774,0
65888.81204261462,0
65893.8121421815,0
65898.81224174838,0
65903.81234131528,0
65908.81244088216,0
65913.81254044904,0
65918.81264001592,0
65923.8127395828,0
65928.8128391497,0
65933.81293871658,0
65938.81303828346,0
65943.81313785035,0
65948.81323741723,0
65953.81333698411,0
65958.81343655099,0
65963.81353611789,0
65968.81363568477,0
65973.81373525165,0
65978.81383481853,0
65983.81393438541,0
65988.81403395231,0
65993.81413351919,0
65998.81423308607,0
66003.81433265295,0
66008.81443221983,0
66013.81453178672,0
66018.81463135361,0
66023.8147309205,0
66028.81483048738,0
66033.81493005426,0
66038.81502962114,0
66043.81512918803,0
66048.81522875492,0
66053.8153283218,0
66058.81542788868,0
66063.81552745556,0
66068.81562702244,0
66073.81572658932,0
66078.81582615622,0
66083.8159257231,0
66088.81602528998,0
66093.81612485686,0
66098.81622442375,0
66103.81632399064,0
66108.81642355752,0
66113.8165231244,0
66118.81662269129,0
66123.81672225817,0
66128.81682182505,0
66133.81692139193,0
66138.81702095883,0
66143.81712052571,0
66148.81722009259,0
66153.81731965947,0
66158.81741922637,0
66163.81751879325,0
66168.81761836013,0
66173.81771792701,0
66178.8178174939,0
66183.81791706078,0
66188.81801662766,0
66193.81811619455,0
66198.81821576144,0
66203.81831532832,0
66208.8184148952,0
66213.81851446208,0
66218.81861402898,0
66223.81871359586,0
66228.81881316274,0
66233.81891272962,0
66238.8190122965,0
66243.81911186338,0
66248.81921143027,0
66253.81931099716,0
66258.81941056404,0
66263.81951013092,0
66268.8196096978,0
66273.81970926469,0
66278.81980883158,0
66283.81990839847,0
66288.82000796535,0
66293.82010753223,0
66298.82020709911,0
66303.82030666599,0
66308.82040623289,0
66313.82050579977,0
66318.82060536665,0
66323.82070493353,0
66328.82080450041,0
66333.82090406731,0
66338.82100363419,0
66343.82110320107,0
66348.82120276795,0
66353.82130233484,0
66358.82140190172,0
66363.8215014686,0
66368.8216010355,0
66373.82170060238,0
66378.82180016926,0
66383.82189973614,0
66388.82199930302,0
66393.82209886992,0
66398.8221984368,0
66403.82229800368,0
66408.82239757056,0
66413.82249713744,0
66418.82259670433,0
66423.8226962712,0
66428.8227958381,0
66433.82289540498,0
66438.82299497187,0
66443.82309453875,0
66448.82319410564,0
66453.82329367253,0
66458.8233932394,0
66463.82349280629,0
66468.82359237317,0
66473.82369194005,0
66478.82379150693,0
66483.82389107383,0
66488.82399064071,0
66493.82409020759,0
66498.82418977447,0
66503.82428934136,0
66508.82438890825,0
66513.82448847513,0
66518.82458804201,0
66523.8246876089,0
66528.82478717578,0
66533.82488674266,0
66538.82498630954,0
66543.82508587644,0
66548.82518544332,0
66553.8252850102,0
66558.82538457708,0
66563.82548414396,0
66568.82558371086,0
66573.82568327774,0
66578.82578284462,0
66583.8258824115,0
66588.82598197839,0
66593.82608154527,0
66598.82618111216,0
66603.82628067904,0
66608.82638024593,0
66613.82647981281,0
66618.82657937969,0
66623.82667894659,0
66628.82677851347,0
66633.82687808035,0
66638.82697764723,0
66643.82707721411,0
66648.827176781,0
66653.82727634787,0
66658.82737591477,0
66663.82747548165,0
66668.82757504853,0
66673.82767461542,0
66678.8277741823,0
66683.8278737492,0
66688.82797331607,0
66693.82807288296,0
66698.82817244984,0
66703.82827201672,0
66708.8283715836,0
66713.82847115048,0
66718.82857071738,0
66723.82867028426,0
66728.82876985114,0
66733.82886941802,0
66738.82896898492,0
66743.8290685518,0
66748.82916811868,0
66753.82926768556,0
66758.82936725245,0
66763.82946681933,0
66768.82956638621,0
66773.8296659531,0
66778.82976551999,0
66783.82986508687,0
66788.82996465375,0
66793.83006422063,0
66798.83016378753,0
66803.83026335441,0
66808.83036292129,0
66813.83046248817,0
66818.83056205505,0
66823.83066162193,0
66828.83076118882,0
66833.83086075571,0
66838.8309603226,0
66843.83105988948,0
66848.83115945636,0
66853.83125902324,0
66858.83135859013,0
66863.83145815702,0
66868.8315577239,0
66873.83165729078,0
66878.83175685766,0
66883.83185642454,0
66888.83195599144,0
66893.83205555832,0
66898.8321551252,0
66903.83225469208,0
66908.83235425896,0
66913.83245382586,0
66918.83255339274,0
66923.83265295962,0
66928.8327525265,0
66933.83285209339,0
66938.83295166027,0
66943.83305122715,0
66948.83315079405,0
66953.83325036093,0
66958.83334992781,0
66963.83344949469,0
66968.83354906157,0
66973.83364862847,0
66978.83374819535,0
66983.83384776223,0
66988.83394732911,0
66993.834046896,0
66998.83414646288,0
67003.83424602976,0
67008.83434559665,0
67013.83444516353,0
67018.83454473042,0
67023.8346442973,0
67028.8347438642,0
67033.83484343108,0
67038.83494299796,0
67043.83504256484,0
67048.83514213172,0
67053.8352416986,0
67058.83534126548,0
67063.83544083238,0
67068.83554039926,0
67073.83563996614,0
67078.83573953302,0
67083.8358390999,0
67088.8359386668,0
67093.83603823368,0
67098.83613780056,0
67103.83623736745,0
67108.83633693433,0
67113.83643650121,0
67118.83653606809,0
67123.83663563499,0
67128.83673520187,0
67133.83683476875,0
67138.83693433563,0
67143.83703390251,0
67148.83713346941,0
67153.83723303629,0
67158.83733260317,0
67163.83743217005,0
67168.83753173694,0
67173.83763130382,0
67178.83773087071,0
67183.8378304376,0
67188.83793000448,0
67193.83802957136,0
67198.83812913824,0
67203.83822870514,0
67208.83832827202,0
67213.8384278389,0
67218.83852740578,0
67223.83862697266,0
67228.83872653954,0
67233.83882610642,0
67238.83892567332,0
67243.8390252402,0
67248.83912480708,0
67253.83922437397,0
67258.83932394085,0
67263.83942350774,0
67268.83952307462,0
67273.8396226415,0
67278.83972220839,0
67283.83982177527,0
67288.83992134215,0
67293.84002090903,0
67298.84012047593,0
67303.84022004281,0
67308.84031960969,0
67313.84041917657,0
67318.84051874347,0
67323.84061831035,0
67328.84071787723,0
67333.84081744411,0
67338.840917011,0
67343.84101657788,0
67348.84111614476,0
67353.84121571165,0
67358.84131527854,0
67363.84141484542,0
67368.8415144123,0
67373.84161397918,0
67378.84171354608,0
67383.84181311296,0
67388.84191267984,0
67393.84201224672,0
67398.8421118136,0
67403.84221138048,0
67408.84231094737,0
67413.84241051426,0
67418.84251008114,0
67423.84260964803,0
67428.8427092149,0
67433.84280878179,0
67438.84290834868,0
67443.84300791557,0
67448.84310748245,0
67453.84320704933,0
67458.84330661621,0
67463.84340618309,0
67468.84350574999,0
67473.84360531687,0
67478.84370488375,0
67483.84380445063,0
67488.84390401751,0
67493.84400358441,0
67498.84410315129,0
67503.84420271817,0
67508.84430228506,0
67513.84440185194,0
67518.84450141882,0
67523.8446009857,0
67528.8447005526,0
67533.84480011948,0
67538.84489968636,0
67543.84499925324,0
67548.84509882012,0
67553.84519838702,0
67558.8452979539,0
67563.84539752078,0
67568.84549708766,0
67573.84559665454,0
67578.84569622143,0
67583.84579578831,0
67588.8458953552,0
67593.84599492209,0
67598.84609448897,0
67603.84619405585,0
67608.84629362274,0
67613.84639318963,0
67618.84649275651,0
67623.84659232339,0
67628.84669189027,0
67633.84679145715,0
67638.84689102403,0
67643.84699059093,0
67648.84709015781,0
67653.8471897247,0
67658.84728929157,0
67663.84738885846,0
67668.84748842535,0
67673.84758799223,0
67678.84768755912,0
67683.847787126,0
67688.84788669288,0
67693.84798625976,0
67698.84808582664,0
67703.84818539354,0
67708.84828496042,0
67713.8483845273,0
67718.84848409418,0
67723.84858366106,0
67728.84868322796,0
67733.84878279484,0
67738.84888236172,0
67743.8489819286,0
67748.84908149549,0
67753.84918106237,0
67758.84928062926,0
67763.84938019614,0
67768.84947976303,0
67773.84957932991,0
67778.84967889679,0
67783.84977846369,0
67788.84987803057,0
67793.84997759745,0
67798.85007716433,0
67803.85017673121,0
67808.8502762981,0
67813.85037586497,0
67818.85047543187,0
67823.85057499875,0
67828.85067456563,0
67833.85077413252,0
67838.8508736994,0
67843.8509732663,0
67848.85107283317,0
67853.85117240006,0
67858.85127196694,0
67863.85137153382,0
67868.8514711007,0
67873.85157066758,0
67878.85167023448,0
67883.85176980136,0
67888.85186936824,0
67893.85196893512,0
67898.85206850202,0
67903.8521680689,0
67908.85226763578,0
67913.85236720266,0
67918.85246676955,0
67923.85256633643,0
67928.85266590331,0
67933.8527654702,0
67938.85286503709,0
67943.85296460397,0
67948.85306417085,0
67953.85316373773,0
67958.85326330463,0
67963.85336287151,0
67968.85346243839,0
67973.85356200527,0
67978.85366157215,0
67983.85376113903,0
67988.85386070592,0
67993.85396027281,0
67998.8540598397,0
68003.85415940658,0
68008.85425897346,0
68013.85435854034,0
68018.85445810723,0
68023.85455767412,0
68028.854657241,0
68033.85475680788,0
68038.85485637476,0
68043.85495594164,0
68048.85505550854,0
68053.85515507542,0
68058.8552546423,0
68063.85535420918,0
68068.85545377606,0
68073.85555334296,0
68078.85565290984,0
68083.85575247672,0
68088.8558520436,0
68093.85595161049,0
68098.85605117737,0
68103.85615074425,0
68108.85625031115,0
68113.85634987803,0
68118.85644944491,0
68123.85654901179,0
68128.85664857867,0
68133.85674814557,0
68138.85684771245,0
68143.85694727933,0
68148.85704684621,0
68153.8571464131,0
68158.85724597998,0
68163.85734554686,0
68168.85744511375,0
68173.85754468064,0
68178.85764424752,0
68183.8577438144,0
68188.8578433813,0
68193.85794294818,0
68198.85804251506,0
68203.85814208194,0
68208.85824164882,0
68213.8583412157,0
68218.85844078258,0
68223.85854034948,0
68228.85863991636,0
68233.85873948324,0
68238.85883905012,0
68243.858938617,0
68248.8590381839,0
68253.85913775078,0
68258.85923731767,0
68263.85933688455,0
68268.85943645143,0
68273.85953601831,0
68278.85963558519,0
68283.85973515209,0
68288.85983471897,0
68293.85993428585,0
68298.86003385273,0
68303.86013341961,0
68308.86023298651,0
68313.86033255339,0
68318.86043212027,0
68323.86053168715,0
68328.86063125404,0
68333.86073082092,0
68338.86083038781,0
68343.8609299547,0
68348.86102952158,0
68353.86112908846,0
68358.86122865534,0
68363.86132822224,0
68368.86142778912,0
68373.861527356,0
68378.86162692288,0
68383.86172648976,0
68388.86182605664,0
68393.86192562353,0
68398.86202519042,0
68403.8621247573,0
68408.86222432418,0
68413.86232389107,0
68418.86242345795,0
68423.86252302484,0
68428.86262259173,0
68433.8627221586,0
68438.86282172549,0
68443.86292129237,0
68448.86302085925,0
68453.86312042613,0
68458.86321999303,0
68463.86331955991,0
68468.86341912679,0
68473.86351869367,0
68478.86361826057,0
68483.86371782745,0
68488.86381739433,0
68493.86391696121,0
68498.8640165281,0
68503.86411609498,0
68508.86421566186,0
68513.86431522876,0
68518.86441479564,0
68523.86451436252,0
68528.8646139294,0
68533.86471349628,0
68538.86481306318,0
68543.86491263006,0
68548.86501219694,0
68553.86511176382,0
68558.8652113307,0
68563.86531089759,0
68568.86541046447,0
68573.86551003136,0
68578.86560959824,0
68583.86570916513,0
68588.86580873201,0
68593.86590829889,0
68598.86600786578,0
68603.86610743267,0
68608.86620699955,0
68613.86630656643,0
68618.86640613331,0
68623.86650570019,0
68628.86660526709,0
68633.86670483397,0
68638.86680440085,0
68643.86690396773,0
68648.86700353461,0
68653.86710310151,0
68658.86720266839,0
68663.86730223527,0
68668.86740180216,0
68673.86750136904,0
68678.86760093592,0
68683.8677005028,0
68688.8678000697,0
68693.86789963658,0
68698.86799920346,0
68703.86809877034,0
68708.86819833722,0
68713.86829790412,0
68718.868397471,0
68723.86849703788,0
68728.86859660476,0
68733.86869617164,0
68738.86879573853,0
68743.86889530541,0
68748.8689948723,0
68753.86909443919,0
68758.86919400607,0
68763.86929357295,0
68768.86939313984,0
68773.86949270673,0
68778.86959227361,0
68783.86969184049,0
68788.86979140737,0
68793.86989097425,0
68798.86999054113,0
68803.87009010803,0
68808.87018967491,0
68813.8702892418,0
68818.87038880867,0
68823.87048837556,0
68828.87058794245,0
68833.87068750933,0
68838.87078707622,0
68843.8708866431,0
68848.87098620998,0
68853.87108577686,0
68858.87118534374,0
68863.87128491064,0
68868.87138447752,0
68873.8714840444,0
68878.87158361128,0
68883.87168317816,0
68888.87178274506,0
68893.87188231194,0
68898.87198187882,0
68903.8720814457,0
68908.87218101259,0
68913.87228057947,0
68918.87238014636,0
68923.87247971325,0
68928.87257928013,0
68933.87267884701,0
68938.87277841389,0
68943.87287798079,0
68948.87297754767,0
68953.87307711455,0
68958.87317668143,0
68963.87327624831,0
68968.8733758152,0
68973.87347538208,0
68978.87357494897,0
68983.87367451585,0
68988.87377408273,0
68993.87387364962,0
68998.8739732165,0
69003.8740727834,0
69008.87417235028,0
69013.87427191716,0
69018.87437148404,0
69023.87447105092,0
69028.8745706178,0
69033.87467018468,0
69038.87476975158,0
69043.87486931846,0
69048.87496888534,0
69053.87506845222,0
69058.87516801912,0
69063.875267586,0
69068.87536715288,0
69073.87546671976,0
69078.87556628665,0
69083.87566585353,0
69088.87576542041,0
69093.8758649873,0
69098.87596455419,0
69103.87606412107,0
69108.87616368795,0
69113.87626325483,0
69118.87636282173,0
69123.87646238861,0
69128.87656195549,0
69133.87666152237,0
69138.87676108925,0
69143.87686065614,0
69148.87696022302,0
69153.87705978991,0
69158.8771593568,0
69163.87725892368,0
69168.87735849056,0
69173.87745805744,0
69178.87755762434,0
69183.87765719122,0
69188.8777567581,0
69193.87785632498,0
69198.87795589186,0
69203.87805545874,0
69208.87815502564,0
69213.87825459252,0
69218.8783541594,0
69223.87845372628,0
69228.87855329317,0
69233.87865286006,0
69238.87875242694,0
69243.87885199382,0
69248.8789515607,0
69253.87905112759,0
69258.87915069447,0
69263.87925026135,0
69268.87934982825,0
69273.87944939513,0
69278.87954896201,0
69283.87964852889,0
69288.87974809577,0
69293.87984766267,0
69298.87994722955,0
69303.88004679643,0
69308.88014636331,0
69313.8802459302,0
69318.88034549708,0
69323.88044506396,0
69328.88054463085,0
69333.88064419774,0
69338.88074376462,0
69343.8808433315,0
69348.8809428984,0
69353.88104246528,0
69358.88114203216,0
69363.88124159904,0
69368.88134116592,0
69373.8814407328,0
69378.88154029968,0
69383.88163986658,0
69388.88173943346,0
69393.88183900034,0
69398.88193856723,0
69403.8820381341,0
69408.882137701,0
69413.88223726788,0
69418.88233683477,0
69423.88243640165,0
69428.88253596853,0
69433.88263553541,0
69438.88273510229,0
69443.88283466919,0
69448.88293423607,0
69453.88303380295,0
69458.88313336983,0
69463.88323293671,0
69468.88333250361,0
69473.88343207049,0
69478.88353163737,0
69483.88363120425,0
69488.88373077114,0
69493.88383033802,0
69498.88392990491,0
69503.8840294718,0
69508.88412903868,0
69513.88422860556,0
69518.88432817244,0
69523.88442773934,0
69528.88452730622,0
69533.8846268731,0
69538.88472643998,0
69543.88482600686,0
69548.88492557374,0
69553.88502514063,0
69558.88512470752,0
69563.8852242744,0
69568.88532384128,0
69573.88542340817,0
69578.88552297505,0
69583.88562254194,0
69588.88572210883,0
69593.8858216757,0
69598.88592124259,0
69603.88602080947,0
69608.88612037635,0
69613.88621994323,0
69618.88631951013,0
69623.88641907701,0
69628.88651864389,0
69633.88661821077,0
69638.88671777767,0
69643.88681734455,0
69648.88691691143,0
69653.88701647831,0
69658.8871160452,0
69663.88721561208,0
69668.88731517896,0
69673.88741474586,0
69678.88751431274,0
69683.88761387962,0
69688.8877134465,0
69693.88781301338,0
69698.88791258028,0
69703.88801214716,0
69708.88811171404,0
69713.88821128092,0
69718.8883108478,0
69723.88841041469,0
69728.88850998157,0
69733.88860954846,0
69738.88870911534,0
69743.88880868223,0
69748.88890824911,0
69753.88900781599,0
69758.88910738289,0
69763.88920694977,0
69768.88930651665,0
69773.88940608353,0
69778.88950565041,0
69783.8896052173,0
69788.88970478419,0
69793.88980435107,0
69798.88990391795,0
69803.89000348483,0
69808.89010305172,0
69813.89020261861,0
69818.8903021855,0
69823.89040175237,0
69828.89050131926,0
69833.89060088614,0
69838.89070045302,0
69843.8908000199,0
69848.8908995868,0
69853.89099915368,0
69858.89109872056,0
69863.89119828744,0
69868.89129785432,0
69873.89139742122,0
69878.8914969881,0
69883.89159655498,0
69888.89169612186,0
69893.89179568875,0
69898.89189525563,0
69903.89199482251,0
69908.8920943894,0
69913.89219395629,0
69918.89229352317,0
69923.89239309005,0
69928.89249265695,0
69933.89259222383,0
69938.89269179071,0
69943.89279135759,0
69948.89289092447,0
69953.89299049135,0
69958.89309005823,0
69963.89318962513,0
69968.89328919201,0
69973.8933887589,0
69978.89348832578,0
69983.89358789266,0
69988.89368745955,0
69993.89378702643,0
69998.89388659332,0
70003.8939861602,0
70008.89408572708,0
70013.89418529396,0
70018.89428486084,0
70023.89438442774,0
70028.89448399462,0
70033.8945835615,0
70038.89468312838,0
70043.89478269526,0
70048.89488226216,0
70053.89498182904,0
70058.89508139592,0
70063.8951809628,0
70068.89528052969,0
70073.89538009657,0
70078.89547966346,0
70083.89557923035,0
70088.89567879723,0
70093.89577836411,0
70098.89587793099,0
70103.89597749789,0
70108.89607706477,0
70113.89617663165,0
70118.89627619853,0
70123.89637576541,0
70128.8964753323,0
70133.89657489918,0
70138.89667446607,0
70143.89677403295,0
70148.89687359984,0
70153.89697316672,0
70158.8970727336,0
70163.8971723005,0
70168.89727186738,0
70173.89737143426,0
70178.89747100114,0
70183.89757056802,0
70188.8976701349,0
70193.89776970178,0
70198.89786926868,0
70203.89796883556,0
70208.89806840244,0
70213.89816796932,0
70218.89826753622,0
70223.8983671031,0
70228.89846666998,0
70233.89856623687,0
70238.89866580375,0
70243.89876537063,0
70248.89886493751,0
70253.8989645044,0
70258.89906407129,0
70263.89916363817,0
70268.89926320505,0
70273.89936277193,0
70278.89946233883,0
70283.89956190571,0
70288.89966147259,0
70293.89976103947,0
70298.89986060635,0
70303.89996017324,0
70308.90005974012,0
70313.90015930701,0
70318.9002588739,0
70323.90035844078,0
70328.90045800766,0
70333.90055757454,0
70338.90065714144,0
70343.90075670832,0
70348.9008562752,0
70353.90095584208,0
70358.90105540896,0
70363.90115497584,0
70368.90125454274,0
70373.90135410962,0
70378.9014536765,0
70383.90155324338,0
70388.90165281027,0
70393.90175237716,0
70398.90185194404,0
70403.90195151092,0
70408.9020510778,0
70413.90215064469,0
70418.90225021157,0
70423.90234977845,0
70428.90244934535,0
70433.90254891223,0
70438.90264847911,0
70443.90274804599,0
70448.90284761287,0
70453.90294717977,0
70458.90304674665,0
70463.90314631353,0
70468.90324588041,0
70473.9033454473,0
70478.90344501418,0
70483.90354458106,0
70488.90364414795,0
70493.90374371484,0
70498.90384328172,0
70503.9039428486,0
70508.9040424155,0
70513.90414198238,0
70518.90424154926,0
70523.90434111614,0
70528.90444068302,0
70533.9045402499,0
70538.90463981678,0
70543.90473938368,0
70548.90483895056,0
70553.90493851744,0
70558.90503808433,0
70563.9051376512,0
70568.9052372181,0
70573.90533678498,0
70578.90543635187,0
70583.90553591875,0
70588.90563548563,0
70593.90573505251,0
70598.90583461939,0
70603.90593418629,0
70608.90603375317,0
70613.90613332005,0
70618.90623288693,0
70623.90633245381,0
70628.90643202071,0
70633.90653158759,0
70638.90663115447,0
70643.90673072136,0
70648.90683028824,0
70653.90692985512,0
70658.90702942201,0
70663.9071289889,0
70668.90722855578,0
70673.90732812266,0
70678.90742768954,0
70683.90752725644,0
70688.90762682332,0
70693.9077263902,0
70698.90782595708,0
70703.90792552396,0
70708.90802509084,0
70713.90812465773,0
70718.90822422462,0
70723.9083237915,0
70728.90842335839,0
70733.90852292527,0
70738.90862249215,0
70743.90872205904,0
70748.90882162593,0
70753.90892119281,0
70758.90902075969,0
70763.90912032657,0
70768.90921989345,0
70773.90931946033,0
70778.90941902723,0
70783.90951859411,0
70788.909618161,0
70793.90971772787,0
70798.90981729477,0
70803.90991686165,0
70808.91001642853,0
70813.91011599542,0
70818.9102155623,0
70823.91031512918,0
70828.91041469606,0
70833.91051426296,0
70838.91061382984,0
70843.91071339672,0
70848.9108129636,0
70853.91091253048,0
70858.91101209738,0
70863.91111166426,0
70868.91121123114,0
70873.91131079802,0
70878.9114103649,0
70883.91150993179,0
70888.91160949867,0
70893.91170906556,0
70898.91180863245,0
70903.91190819933,0
70908.91200776621,0
70913.91210733309,0
70918.91220689999,0
70923.91230646687,0
70928.91240603375,0
70933.91250560063,0
70938.91260516751,0
70943.9127047344,0
70948.91280430129,0
70953.91290386817,0
70958.91300343505,0
70963.91310300193,0
70968.91320256882,0
70973.91330213571,0
70978.9134017026,0
70983.91350126948,0
70988.91360083636,0
70993.91370040324,0
70998.91379997012,0
71003.913899537,0
71008.9139991039,0
71013.91409867078,0
71018.91419823766,0
71023.91429780454,0
71028.91439737142,0
71033.91449693832,0
71038.9145965052,0
71043.91469607208,0
71048.91479563896,0
71053.91489520585,0
71058.91499477273,0
71063.91509433961,0
71068.9151939065,0
71073.91529347339,0
71078.91539304027,0
71083.91549260715,0
71088.91559217405,0
71093.91569174093,0
71098.91579130781,0
71103.91589087469,0
71108.91599044157,0
71113.91609000845,0
71118.91618957534,0
71123.91628914223,0
71128.91638870911,0
71133.916488276,0
71138.91658784288,0
71143.91668740976,0
71148.91678697665,0
71153.91688654353,0
71158.91698611042,0
71163.9170856773,0
71168.91718524418,0
71173.91728481106,0
71178.91738437794,0
71183.91748394484,0
71188.91758351172,0
71193.9176830786,0
71198.91778264548,0
71203.91788221236,0
71208.91798177926,0
71213.91808134614,0
71218.91818091302,0
71223.9182804799,0
71228.91838004679,0
71233.91847961367,0
71238.91857918056,0
71243.91867874745,0
71248.91877831433,0
71253.91887788121,0
71258.91897744809,0
71263.91907701499,0
71268.91917658187,0
71273.91927614875,0
71278.91937571563,0
71283.91947528251,0
71288.9195748494,0
71293.91967441628,0
71298.91977398317,0
71303.91987355005,0
71308.91997311694,0
71313.92007268382,0
71318.9201722507,0
71323.9202718176,0
71328.92037138448,0
71333.92047095136,0
71338.92057051824,0
71343.92067008512,0
71348.920769652,0
71353.92086921888,0
71358.92096878578,0
71363.92106835266,0
71368.92116791954,0
71373.92126748642,0
71378.92136705332,0
71383.9214666202,0
71388.92156618708,0
71393.92166575397,0
71398.92176532085,0
71403.92186488773,0
71408.92196445461,0
71413.9220640215,0
71418.92216358839,0
71423.92226315527,0
71428.92236272215,0
71433.92246228903,0
71438.92256185593,0
71443.92266142281,0
71448.92276098969,0
71453.92286055657,0
71458.92296012345,0
71463.92305969034,0
71468.92315925722,0
71473.92325882411,0
71478.923358391,0
71483.92345795788,0
71488.92355752476,0
71493.92365709164,0
71498.92375665854,0
71503.92385622542,0
71508.9239557923,0
71513.92405535918,0
71518.92415492606,0
71523.92425449294,0
71528.92435405984,0
71533.92445362672,0
71538.9245531936,0
71543.92465276048,0
71548.92475232737,0
71553.92485189426,0
71558.92495146114,0
71563.92505102803,0
71568.9251505949,0
71573.92525016179,0
71578.92534972867,0
71583.92544929555,0
71588.92554886245,0
71593.92564842933,0
71598.92574799621,0
71603.92584756309,0
71608.92594712997,0
71613.92604669687,0
71618.92614626375,0
71623.92624583063,0
71628.92634539751,0
71633.9264449644,0
71638.92654453128,0
71643.92664409816,0
71648.92674366506,0
71653.92684323194,0
71658.92694279882,0
71663.9270423657,0
71668.9271419326,0
71673.92724149948,0
71678.92734106636,0
71683.92744063324,0
71688.92754020012,0
71693.927639767,0
71698.92773933389,0
71703.92783890078,0
71708.92793846766,0
71713.92803803454,0
71718.92813760143,0
71723.92823716831,0
71728.9283367352,0
71733.92843630209,0
71738.92853586897,0
71743.92863543585,0
71748.92873500273,0
71753.92883456961,0
71758.9289341365,0
71763.92903370339,0
71768.92913327027,0
71773.92923283715,0
71778.92933240403,0
71783.92943197092,0
71788.92953153781,0
71793.9296311047,0
71798.92973067157,0
71803.92983023846,0
71808.92992980534,0
71813.93002937222,0
71818.93012893912,0
71823.930228506,0
71828.93032807288,0
71833.93042763976,0
71838.93052720664,0
71843.93062677354,0
71848.93072634042,0
71853.9308259073,0
71858.93092547418,0
71863.93102504106,0
71868.93112460795,0
71873.93122417483,0
71878.93132374172,0
71883.9314233086,0
71888.93152287549,0
71893.93162244237,0
71898.93172200925,0
71903.93182157615,0
71908.93192114303,0
71913.93202070991,0
71918.93212027679,0
71923.93221984367,0
71928.93231941055,0
71933.93241897743,0
71938.93251854433,0
71943.93261811121,0
71948.9327176781,0
71953.93281724498,0
71958.93291681187,0
71963.93301637875,0
71968.93311594563,0
71973.93321551252,0
71978.9333150794,0
71983.93341464628,0
71988.93351421316,0
71993.93361378006,0
71998.93371334694,0
72003.93381291382,0
72008.9339124807,0
72013.93401204758,0
72018.93411161448,0
72023.93421118136,0
72028.93431074824,0
72033.93441031512,0
72038.934509882,0
72043.93460944889,0
72048.93470901577,0
72053.93480858266,0
72058.93490814955,0
72063.93500771643,0
72068.93510728331,0
72073.93520685019,0
72078.93530641709,0
72083.93540598397,0
72088.93550555085,0
72093.93560511773,0
72098.93570468461,0
72103.9358042515,0
72108.93590381839,0
72113.93600338527,0
72118.93610295215,0
72123.93620251903,0
72128.93630208592,0
72133.93640165281,0
72138.9365012197,0
72143.93660078658,0
72148.93670035346,0
72153.93679992034,0
72158.93689948722,0
72163.9369990541,0
72168.937098621,0
72173.93719818788,0
72178.93729775476,0
72183.93739732164,0
72188.93749688852,0
72193.93759645542,0
72198.9376960223,0
72203.93779558918,0
72208.93789515606,0
72213.93799472295,0
72218.93809428983,0
72223.93819385671,0
72228.9382934236,0
72233.93839299049,0
72238.93849255737,0
72243.93859212425,0
72248.93869169115,0
72253.93879125803,0
72258.93889082491,0
72263.93899039179,0
72268.93908995867,0
72273.93918952555,0
72278.93928909244,0
72283.93938865933,0
72288.93948822621,0
72293.9395877931,0
72298.93968735998,0
72303.93978692686,0
72308.93988649375,0
72313.93998606064,0
72318.94008562752,0
72323.9401851944,0
72328.94028476128,0
72333.94038432816,0
72338.94048389504,0
72343.94058346194,0
72348.94068302882,0
72353.9407825957,0
72358.94088216258,0
72363.94098172947,0
72368.94108129636,0
72373.94118086324,0
72378.94128043012,0
72383.941379997,0
72388.94147956389,0
72393.94157913077,0
72398.94167869767,0
72403.94177826455,0
72408.94187783143,0
72413.94197739831,0
72418.94207696519,0
72423.94217653209,0
72428.94227609897,0
72433.94237566585,0
72438.94247523273,0
72443.94257479961,0
72448.9426743665,0
72453.94277393338,0
72458.94287350027,0
72463.94297306715,0
72468.94307263404,0
72473.94317220092,0
72478.9432717678,0
72483.9433713347,0
72488.94347090158,0
72493.94357046846,0
72498.94367003534,0
72503.94376960222,0
72508.9438691691,0
72513.94396873598,0
72518.94406830288,0
72523.94416786976,0
72528.94426743664,0
72533.94436700353,0
72538.94446657042,0
72543.9445661373,0
72548.94466570418,0
72553.94476527107,0
72558.94486483795,0
72563.94496440483,0
72568.94506397171,0
72573.9451635386,0
72578.94526310549,0
72583.94536267237,0
72588.94546223925,0
72593.94556180613,0
72598.94566137303,0
72603.94576093991,0
72608.94586050679,0
72613.94596007367,0
72618.94605964056,0
72623.94615920744,0
72628.94625877432,0
72633.94635834121,0
72638.9464579081,0
72643.94655747498,0
72648.94665704186,0
72653.94675660874,0
72658.94685617564,0
72663.94695574252,0
72668.9470553094,0
72673.94715487628,0
72678.94725444316,0
72683.94735401004,0
72688.94745357694,0
72693.94755314382,0
72698.9476527107,0
72703.94775227759,0
72708.94785184447,0
72713.94795141136,0
72718.94805097824,0
72723.94815054513,0
72728.94825011201,0
72733.94834967889,0
72738.94844924577,0
72743.94854881265,0
72748.94864837955,0
72753.94874794643,0
72758.94884751331,0
72763.9489470802,0
72768.94904664707,0
72773.94914621397,0
72778.94924578085,0
72783.94934534773,0
72788.94944491462,0
72793.9495444815,0
72798.94964404838,0
72803.94974361526,0
72808.94984318216,0
72813.94994274904,0
72818.95004231592,0
72823.9501418828,0
72828.9502414497,0
72833.95034101658,0
72838.95044058346,0
72843.95054015034,0
72848.95063971722,0
72853.9507392841,0
72858.95083885099,0
72863.95093841788,0
72868.95103798476,0
72873.95113755164,0
72878.95123711853,0
72883.95133668541,0
72888.9514362523,0
72893.95153581919,0
72898.95163538607,0
72903.95173495295,0
72908.95183451983,0
72913.95193408671,0
72918.9520336536,0
72923.95213322049,0
72928.95223278737,0
72933.95233235425,0
72938.95243192113,0
72943.95253148802,0
72948.95263105491,0
72953.9527306218,0
72958.95283018867,0
72963.95292975556,0
72968.95302932244,0
72973.95312888932,0
72978.95322845622,0
72983.9533280231,0
72988.95342758998,0
72993.95352715686,0
72998.95362672374,0
73003.95372629064,0
73008.95382585752,0
73013.9539254244,0
73018.95402499128,0
73023.95412455816,0
73028.95422412505,0
73033.95432369193,0
73038.95442325882,0
73043.9545228257,0
73048.95462239259,0
73053.95472195947,0
73058.95482152635,0
73063.95492109325,0
73068.95502066013,0
73073.95512022701,0
73078.95521979389,0
73083.95531936077,0
73088.95541892765,0
73093.95551849453,0
73098.95561806143,0
73103.95571762831,0
73108.9558171952,0
73113.95591676208,0
73118.95601632897,0
73123.95611589585,0
73128.95621546273,0
73133.95631502962,0
73138.9564145965,0
73143.95651416338,0
73148.95661373026,0
73153.95671329716,0
73158.95681286404,0
73163.95691243092,0
73168.9570119978,0
73173.95711156468,0
73178.95721113158,0
73183.95731069846,0
73188.95741026534,0
73193.95750983222,0
73198.9576093991,0
73203.95770896599,0
73208.95780853287,0
73213.95790809976,0
73218.95800766665,0
73223.95810723353,0
73228.95820680041,0
73233.95830636729,0
73238.95840593419,0
73243.95850550107,0
73248.95860506795,0
73253.95870463483,0
73258.95880420171,0
73263.9589037686,0
73268.95900333549,0
73273.95910290237,0
73278.95920246925,0
73283.95930203614,0
73288.95940160302,0
73293.95950116991,0
73298.9596007368,0
73303.95970030368,0
73308.95979987056,0
73313.95989943744,0
73318.95999900432,0
73323.9600985712,0
73328.9601981381,0
73333.96029770498,0
73338.96039727186,0
73343.96049683874,0
73348.96059640562,0
73353.96069597252,0
73358.9607955394,0
73363.96089510628,0
73368.96099467317,0
73373.96109424005,0
73378.96119380693,0
73383.96129337381,0
73388.9613929407,0
73393.96149250759,0
73398.96159207447,0
73403.96169164135,0
73408.96179120825,0
73413.96189077513,0
73418.96199034201,0
73423.96208990889,0
73428.96218947577,0
73433.96228904265,0
73438.96238860954,0
73443.96248817643,0
73448.96258774331,0
73453.9626873102,0
73458.96278687708,0
73463.96288644396,0
73468.96298601085,0
73473.96308557774,0
73478.96318514462,0
73483.9632847115,0
73488.96338427838,0
73493.96348384526,0
73498.96358341214,0
73503.96368297904,0
73508.96378254592,0
73513.9638821128,0
73518.96398167968,0
73523.96408124657,0
73528.96418081346,0
73533.96428038034,0
73538.96437994723,0
73543.9644795141,0
73548.96457908099,0
73553.96467864787,0
73558.96477821477,0
73563.96487778165,0
73568.96497734853,0
73573.96507691541,0
73578.96517648229,0
73583.96527604919,0
73588.96537561607,0
73593.96547518295,0
73598.96557474983,0
73603.96567431671,0
73608.9657738836,0
73613.96587345048,0
73618.96597301737,0
73623.96607258426,0
73628.96617215114,0
73633.96627171802,0
73638.9663712849,0
73643.9664708518,0
73648.96657041868,0
73653.96666998556,0
73658.96676955244,0
73663.96686911932,0
73668.9669686862,0
73673.96706825309,0
73678.96716781998,0
73683.96726738686,0
73688.96736695374,0
73693.96746652063,0
73698.96756608752,0
73703.9676656544,0
73708.96776522128,0
73713.96786478817,0
73718.96796435505,0
73723.96806392193,0
73728.96816348881,0
73733.9682630557,0
73738.96836262259,0
73743.96846218947,0
73748.96856175635,0
73753.96866132323,0
73758.96876089013,0
73763.96886045701,0
73768.96896002389,0
73773.96905959077,0
73778.96915915766,0
73783.96925872454,0
73788.96935829142,0
73793.96945785831,0
73798.9695574252,0
73803.96965699208,0
73808.96975655896,0
73813.96985612586,0
73818.96995569274,0
73823.97005525962,0
73828.9701548265,0
73833.97025439338,0
73838.97035396026,0
73843.97045352714,0
73848.97055309404,0
73853.97065266092,0
73858.9707522278,0
73863.97085179469,0
73868.97095136157,0
73873.97105092846,0
73878.97115049534,0
73883.97125006223,0
73888.97134962911,0
73893.97144919599,0
73898.97154876287,0
73903.97164832975,0
73908.97174789665,0
73913.97184746353,0
73918.97194703041,0
73923.9720465973,0
73928.97214616417,0
73933.97224573107,0
73938.97234529795,0
73943.97244486483,0
73948.97254443172,0
73953.9726439986,0
73958.97274356548,0
73963.97284313237,0
73968.97294269926,0
73973.97304226614,0
73978.97314183302,0
73983.9732413999,0
73988.9733409668,0
73993.97344053368,0
73998.97354010056,0
74003.97363966744,0
74008.97373923432,0
74013.9738388012,0
74018.97393836809,0
74023.97403793498,0
74028.97413750186,0
74033.97423706875,0
74038.97433663563,0
74043.97443620251,0
74048.9745357694,0
74053.97463533629,0
74058.97473490317,0
74063.97483447005,0
74068.97493403693,0
74073.97503360381,0
74078.9751331707,0
74083.97523273759,0
74088.97533230447,0
74093.97543187135,0
74098.97553143823,0
74103.97563100513,0
74108.97573057201,0
74113.9758301389,0
74118.97592970578,0
74123.97602927266,0
74128.97612883954,0
74133.97622840642,0
74138.97632797332,0
74143.9764275402,0
74148.97652710708,0
74153.97662667396,0
74158.97672624084,0
74163.97682580774,0
74168.97692537462,0
74173.9770249415,0
74178.97712450838,0
74183.97722407526,0
74188.97732364215,0
74193.97742320903,0
74198.97752277592,0
74203.9776223428,0
74208.97772190969,0
74213.97782147657,0
74218.97792104345,0
74223.97802061035,0
74228.97812017723,0
74233.97821974411,0
74238.97831931099,0
74243.97841887787,0
74248.97851844475,0
74253.97861801165,0
74258.97871757853,0
74263.97881714541,0
74268.9789167123,0
74273.97901627918,0
74278.97911584607,0
74283.97921541295,0
74288.97931497984,0
74293.97941454672,0
74298.9795141136,0
74303.97961368048,0
74308.97971324736,0
74313.97981281426,0
74318.97991238114,0
74323.98001194802,0
74328.9801115149,0
74333.98021108178,0
74338.98031064868,0
74343.98041021556,0
74348.98050978244,0
74353.98060934932,0
74358.9807089162,0
74363.98080848309,0
74368.98090804997,0
74373.98100761687,0
74378.98110718375,0
74383.98120675063,0
74388.98130631751,0
74393.9814058844,0
74398.98150545129,0
74403.98160501817,0
74408.98170458505,0
74413.98180415193,0
74418.98190371881,0
74423.9820032857,0
74428.98210285259,0
74433.98220241947,0
74438.98230198635,0
74443.98240155324,0
74448.98250112012,0
74453.98260068701,0
74458.9827002539,0
74463.98279982078,0
74468.98289938766,0
74473.98299895454,0
74478.98309852142,0
74483.9831980883,0
74488.9832976552,0
74493.98339722208,0
74498.98349678896,0
74503.98359635584,0
74508.98369592273,0
74513.98379548962,0
74518.9838950565,0
74523.98399462338,0
74528.98409419027,0
74533.98419375715,0
74538.98429332403,0
74543.98439289092,0
74548.9844924578,0
74553.98459202469,0
74558.98469159157,0
74563.98479115845,0
74568.98489072535,0
74573.98499029223,0
74578.98508985911,0
74583.98518942599,0
74588.98528899287,0
74593.98538855975,0
74598.98548812664,0
74603.98558769353,0
74608.98568726041,0
74613.9857868273,0
74618.98588639418,0
74623.98598596106,0
74628.98608552795,0
74633.98618509484,0
74638.98628466172,0
74643.9863842286,0
74648.98648379548,0
74653.98658336236,0
74658.98668292924,0
74663.98678249614,0
74668.98688206302,0
74673.9869816299,0
74678.98708119678,0
74683.98718076368,0
74688.98728033056,0
74693.98737989744,0
74698.98747946433,0
74703.9875790312,0
74708.98767859809,0
74713.98777816497,0
74718.98787773187,0
74723.98797729875,0
74728.98807686563,0
74733.98817643251,0
74738.98827599939,0
74743.98837556629,0
74748.98847513317,0
74753.98857470005,0
74758.98867426693,0
74763.98877383381,0
74768.9888734007,0
74773.98897296758,0
74778.98907253447,0
74783.98917210136,0
74788.98927166824,0
74793.98937123512,0
74798.989470802,0
74803.9895703689,0
74808.98966993578,0
74813.98976950266,0
74818.98986906954,0
74823.98996863642,0
74828.9900682033,0
74833.9901677702,0
74838.99026733708,0
74843.99036690396,0
74848.99046647084,0
74853.99056603773,0
74858.99066560462,0
74863.9907651715,0
74868.99086473839,0
74873.99096430527,0
74878.99106387215,0
74883.99116343903,0
74888.99126300591,0
74893.99136257281,0
74898.99146213969,0
74903.99156170657,0
74908.99166127345,0
74913.99176084033,0
74918.99186040723,0
74923.99195997411,0
74928.992059541,0
74933.99215910787,0
74938.99225867476,0
74943.99235824164,0
74948.99245780852,0
74953.99255737542,0
74958.9926569423,0
74963.99275650918,0
74968.99285607606,0
74973.99295564296,0
74978.99305520984,0
74983.99315477672,0
74988.9932543436,0
74993.99335391048,0
74998.99345347736,0
75003.99355304425,0
75008.99365261114,0
75013.99375217802,0
75018.9938517449,0
75023.99395131179,0
75028.99405087867,0
75033.99415044556,0
75038.99425001245,0
75043.99434957933,0
75048.99444914621,0
75053.99454871309,0
75058.99464827997,0
75063.99474784685,0
75068.99484741375,0
75073.99494698063,0
75078.99504654751,0
75083.9951461144,0
75088.99524568128,0
75093.99534524817,0
75098.99544481505,0
75103.99554438193,0
75108.99564394882,0
75113.9957435157,0
75118.99584308258,0
75123.99594264948,0
75128.99604221636,0
75133.99614178324,0
75138.99624135012,0
75143.996340917,0
75148.9964404839,0
75153.99654005078,0
75158.99663961766,0
75163.99673918454,0
75168.99683875142,0
75173.9969383183,0
75178.99703788519,0
75183.99713745208,0
75188.99723701896,0
75193.99733658585,0
75198.99743615273,0
75203.99753571961,0
75208.9976352865,0
75213.99773485339,0
75218.99783442027,0
75223.99793398715,0
75228.99803355403,0
75233.99813312091,0
75238.9982326878,0
75243.99833225469,0
75248.99843182157,0
75253.99853138845,0
75258.99863095534,0
75263.99873052223,0
75268.99883008911,0
75273.998929656,0
75278.99902922288,0
75283.99912878976,0
75288.99922835664,0
75293.99932792352,0
75298.99942749042,0
75303.9995270573,0
75308.99962662418,0
75313.99972619106,0
75318.99982575794,0
75323.99992532484,0
75329.00002489172,0
75334.0001244586,0
75339.00022402548,0
75344.00032359237,0
75349.00042315925,0
75354.00052272613,0
75359.00062229302,0
75364.0007218599,0
75369.00082142679,0
75374.00092099367,0
75379.00102056055,0
75384.00112012745,0
75389.00121969433,0
75394.00131926121,0
75399.00141882809,0
75404.00151839497,0
75409.00161796185,0
75414.00171752875,0
75419.00181709563,0
75424.00191666251,0
75429.0020162294,0
75434.00211579628,0
75439.00221536317,0
75444.00231493005,0
75449.00241449694,0
75454.00251406382,0
75459.0026136307,0
75464.00271319758,0
75469.00281276446,0
75474.00291233136,0
75479.00301189824,0
75484.00311146512,0
75489.003211032,0
75494.00331059888,0
75499.00341016578,0
75504.00350973266,0
75509.00360929954,0
75514.00370886642,0
75519.0038084333,0
75524.00390800019,0
75529.00400756707,0
75534.00410713397,0
75539.00420670085,0
75544.00430626773,0
75549.00440583461,0
75554.0045054015,0
75559.00460496839,0
75564.00470453527,0
75569.00480410215,0
75574.00490366903,0
75579.00500323591,0
75584.0051028028,0
75589.00520236969,0
75594.00530193657,0
75599.00540150345,0
75604.00550107034,0
75609.00560063722,0
75614.00570020411,0
75619.005799771,0
75624.00589933788,0
75629.00599890476,0
75634.00609847164,0
75639.00619803852,0
75644.0062976054,0
75649.0063971723,0
75654.00649673918,0
75659.00659630606,0
75664.00669587294,0
75669.00679543983,0
75674.00689500672,0
75679.0069945736,0
75684.00709414048,0
75689.00719370737,0
75694.00729327425,0
75699.00739284113,0
75704.00749240803,0
75709.0075919749,0
75714.00769154179,0
75719.00779110867,0
75724.00789067555,0
75729.00799024245,0
75734.00808980933,0
75739.00818937621,0
75744.00828894309,0
75749.00838850997,0
75754.00848807686,0
75759.00858764374,0
75764.00868721063,0
75769.00878677751,0
75774.0088863444,0
75779.00898591128,0
75784.00908547816,0
75789.00918504506,0
75794.00928461194,0
75799.00938417882,0
75804.0094837457,0
75809.00958331258,0
75814.00968287946,0
75819.00978244634,0
75824.00988201324,0
75829.00998158012,0
75834.010081147,0
75839.01018071389,0
75844.01028028078,0
75849.01037984766,0
75854.01047941454,0
75859.01057898143,0
75864.01067854831,0
75869.01077811519,0
75874.01087768207,0
75879.01097724897,0
75884.01107681585,0
75889.01117638273,0
75894.01127594961,0
75899.0113755165,0
75904.01147508339,0
75909.01157465027,0
75914.01167421715,0
75919.01177378403,0
75924.01187335092,0
75929.0119729178,0
75934.01207248468,0
75939.01217205157,0
75944.01227161846,0
75949.01237118534,0
75954.01247075222,0
75959.0125703191,0
75964.012669886,0
75969.01276945288,0
75974.01286901976,0
75979.01296858664,0
75984.01306815352,0
75989.0131677204,0
75994.0132672873,0
75999.01336685418,0
76004.01346642106,0
76009.01356598795,0
76014.01366555483,0
76019.01376512172,0
76024.0138646886,0
76029.01396425549,0
76034.01406382237,0
76039.01416338925,0
76044.01426295613,0
76049.01436252301,0
76054.01446208991,0
76059.01456165679,0
76064.01466122367,0
76069.01476079055,0
76074.01486035743,0
76079.01495992433,0
76084.01505949121,0
76089.0151590581,0
76094.01525862498,0
76099.01535819186,0
76104.01545775874,0
76109.01555732562,0
76114.01565689252,0
76119.0157564594,0
76124.01585602628,0
76129.01595559316,0
76134.01605516006,0
76139.01615472694,0
76144.01625429382,0
76149.0163538607,0
76154.01645342758,0
76159.01655299446,0
76164.01665256135,0
76169.01675212824,0
76174.01685169512,0
76179.016951262,0
76184.01705082889,0
76189.01715039577,0
76194.01724996266,0
76199.01734952955,0
76204.01744909643,0
76209.01754866331,0
76214.01764823019,0
76219.01774779707,0
76224.01784736395,0
76229.01794693085,0
76234.01804649773,0
76239.01814606461,0
76244.0182456315,0
76249.01834519838,0
76254.01844476527,0
76259.01854433215,0
76264.01864389903,0
76269.01874346592,0
76274.0188430328,0
76279.01894259968,0
76284.01904216658,0
76289.01914173346,0
76294.01924130034,0
76299.01934086722,0
76304.0194404341,0
76309.019540001,0
76314.01963956788,0
76319.01973913476,0
76324.01983870164,0
76329.01993826852,0
76334.0200378354,0
76339.02013740229,0
76344.02023696918,0
76349.02033653606,0
76354.02043610295,0
76359.02053566983,0
76364.02063523671,0
76369.0207348036,0
76374.02083437049,0
76379.02093393737,0
76384.02103350425,0
76389.02113307113,0
76394.02123263801,0
76399.0213322049,0
76404.02143177179,0
76409.02153133867,0
76414.02163090555,0
76419.02173047244,0
76424.02183003933,0
76429.02192960621,0
76434.0220291731,0
76439.02212873998,0
76444.02222830686,0
76449.02232787374,0
76454.02242744062,0
76459.02252700752,0
76464.0226265744,0
76469.02272614128,0
76474.02282570816,0
76479.02292527504,0
76484.02302484194,0
76489.02312440882,0
76494.0232239757,0
76499.02332354258,0
76504.02342310947,0
76509.02352267635,0
76514.02362224323,0
76519.02372181012,0
76524.023821377,0
76529.02392094389,0
76534.02402051077,0
76539.02412007765,0
76544.02421964455,0
76549.02431921143,0
76554.02441877831,0
76559.02451834519,0
76564.02461791207,0
76569.02471747895,0
76574.02481704585,0
76579.02491661273,0
76584.02501617961,0
76589.0251157465,0
76594.02521531338,0
76599.02531488027,0
76604.02541444715,0
76609.02551401404,0
76614.02561358092,0
76619.0257131478,0
76624.02581271468,0
76629.02591228156,0
76634.02601184846,0
76639.02611141534,0
76644.02621098222,0
76649.0263105491,0
76654.02641011598,0
76659.02650968288,0
76664.02660924976,0
76669.02670881664,0
76674.02680838353,0
76679.0269079504,0
76684.02700751729,0
76689.02710708417,0
76694.02720665107,0
76699.02730621795,0
76704.02740578483,0
76709.02750535171,0
76714.0276049186,0
76719.02770448549,0
76724.02780405237,0
76729.02790361925,0
76734.02800318613,0
76739.02810275301,0
76744.0282023199,0
76749.02830188679,0
76754.02840145367,0
76759.02850102056,0
76764.02860058744,0
76769.02870015432,0
76774.02879972121,0
76779.0288992881,0
76784.02899885498,0
76789.02909842186,0
76794.02919798874,0
76799.02929755562,0
76804.0293971225,0
76809.0294966894,0
76814.02959625628,0
76819.02969582316,0
76824.02979539004,0
76829.02989495693,0
76834.02999452382,0
76839.0300940907,0
76844.03019365759,0
76849.03029322447,0
76854.03039279135,0
76859.03049235823,0
76864.03059192513,0
76869.03069149201,0
76874.03079105889,0
76879.03089062577,0
76884.03099019265,0
76889.03108975955,0
76894.03118932643,0
76899.03128889331,0
76904.0313884602,0
76909.03148802707,0
76914.03158759396,0
76919.03168716084,0
76924.03178672773,0
76929.03188629462,0
76934.0319858615,0
76939.03208542838,0
76944.03218499526,0
76949.03228456216,0
76954.03238412904,0
76959.03248369592,0
76964.0325832628,0
76969.03268282968,0
76974.03278239656,0
76979.03288196345,0
76984.03298153034,0
76989.03308109722,0
76994.0331806641,0
76999.03328023099,0
77004.03337979788,0
77009.03347936476,0
77014.03357893165,0
77019.03367849853,0
77024.03377806541,0
77029.03387763229,0
77034.03397719917,0
77039.03407676607,0
77044.03417633295,0
77049.03427589983,0
77054.03437546671,0
77059.0344750336,0
77064.03457460049,0
77069.03467416737,0
77074.03477373425,0
77079.03487330113,0
77084.03497286802,0
77089.0350724349,0
77094.03517200178,0
77099.03527156867,0
77104.03537113556,0
77109.03547070244,0
77114.03557026932,0
77119.0356698362,0
77124.0357694031,0
77129.03586896998,0
77134.03596853686,0
77139.03606810374,0
77144.03616767062,0
77149.0362672375,0
77154.0363668044,0
77159.03646637128,0
77164.03656593816,0
77169.03666550505,0
77174.03676507193,0
77179.03686463882,0
77184.0369642057,0
77189.03706377259,0
77194.03716333947,0
77199.03726290635,0
77204.03736247323,0
77209.03746204011,0
77214.03756160701,0
77219.03766117389,0
77224.03776074077,0
77229.03786030765,0
77234.03795987453,0
77239.03805944143,0
77244.03815900831,0
77249.0382585752,0
77254.03835814208,0
77259.03845770896,0
77264.03855727584,0
77269.03865684272,0
77274.03875640962,0
77279.0388559765,0
77284.03895554338,0
77289.03905511026,0
77294.03915467716,0
77299.03925424404,0
77304.03935381092,0
77309.0394533778,0
77314.03955294468,0
77319.03965251156,0
77324.03975207845,0
77329.03985164534,0
77334.03995121222,0
77339.0400507791,0
77344.04015034599,0
77349.04024991287,0
77354.04034947976,0
77359.04044904665,0
77364.04054861353,0
77369.04064818041,0
77374.04074774729,0
77379.04084731417,0
77384.04094688105,0
77389.04104644795,0
77394.04114601483,0
77399.04124558171,0
77404.0413451486,0
77409.04144471548,0
77414.04154428237,0
77419.04164384925,0
77424.04174341614,0
77429.04184298302,0
77434.0419425499,0
77439.04204211678,0
77444.04214168368,0
77449.04224125056,0
77454.04234081744,0
77459.04244038432,0
77464.0425399512,0
77469.0426395181,0
77474.04273908498,0
77479.04283865186,0
77484.04293821874,0
77489.04303778562,0
77494.0431373525,0
77499.04323691939,0
77504.04333648628,0
77509.04343605317,0
77514.04353562005,0
77519.04363518693,0
77524.04373475381,0
77529.0438343207,0
77534.04393388759,0
77539.04403345447,0
77544.04413302135,0
77549.04423258823,0
77554.04433215511,0
77559.044431722,0
77564.04453128889,0
77569.04463085577,0
77574.04473042265,0
77579.04482998954,0
77584.04492955643,0
77589.04502912331,0
77594.0451286902,0
77599.04522825708,0
77604.04532782396,0
77609.04542739084,0
77614.04552695772,0
77619.04562652462,0
77624.0457260915,0
77629.04582565838,0
77634.04592522526,0
77639.04602479214,0
77644.04612435904,0
77649.04622392592,0
77654.0463234928,0
77659.04642305968,0
77664.04652262657,0
77669.04662219345,0
77674.04672176033,0
77679.04682132723,0
77684.0469208941,0
77689.04702046099,0
77694.04712002787,0
77699.04721959475,0
77704.04731916165,0
77709.04741872853,0
77714.04751829541,0
77719.04761786229,0
77724.04771742917,0
77729.04781699606,0
77734.04791656295,0
77739.04801612983,0
77744.04811569671,0
77749.0482152636,0
77754.04831483048,0
77759.04841439737,0
77764.04851396426,0
77769.04861353114,0
77774.04871309802,0
77779.0488126649,0
77784.04891223178,0
77789.04901179866,0
77794.04911136556,0
77799.04921093244,0
77804.04931049932,0
77809.0494100662,0
77814.04950963309,0
77819.04960919998,0
77824.04970876686,0
77829.04980833374,0
77834.04990790063,0
77839.05000746751,0
77844.05010703439,0
77849.05020660127,0
77854.05030616817,0
77859.05040573505,0
77864.05050530193,0
77869.05060486881,0
77874.05070443571,0
77879.05080400259,0
77884.05090356947,0
77889.05100313635,0
77894.05110270323,0
77899.05120227012,0
77904.051301837,0
77909.05140140389,0
77914.05150097077,0
77919.05160053766,0
77924.05170010454,0
77929.05179967142,0
77934.05189923831,0
77939.0519988052,0
77944.05209837208,0
77949.05219793896,0
77954.05229750584,0
77959.05239707272,0
77964.0524966396,0
77969.0525962065,0
77974.05269577338,0
77979.05279534026,0
77984.05289490714,0
77989.05299447403,0
77994.05309404092,0
77999.0531936078,0
78004.05329317469,0
78009.05339274157,0
78014.05349230845,0
78019.05359187533,0
78024.05369144223,0
78029.05379100911,0
78034.05389057599,0
78039.05399014287,0
78044.05408970975,0
78049.05418927665,0
78054.05428884353,0
78059.05438841041,0
78064.0544879773,0
78069.05458754417,0
78074.05468711106,0
78079.05478667794,0
78084.05488624483,0
78089.05498581172,0
78094.0550853786,0
78099.05518494548,0
78104.05528451236,0
78109.05538407926,0
78114.05548364614,0
78119.05558321302,0
78124.0556827799,0
78129.05578234678,0
78134.05588191366,0
78139.05598148055,0
78144.05608104744,0
78149.05618061432,0
78154.0562801812,0
78159.05637974809,0
78164.05647931498,0
78169.05657888186,0
78174.05667844875,0
78179.05677801563,0
78184.05687758251,0
78189.05697714939,0
78194.05707671627,0
78199.05717628317,0
78204.05727585005,0
78209.05737541693,0
78214.05747498381,0
78219.0575745507,0
78224.05767411759,0
78229.05777368447,0
78234.05787325135,0
78239.05797281823,0
78244.05807238512,0
78249.058171952,0
78254.05827151888,0
78259.05837108578,0
78264.05847065266,0
78269.05857021954,0
78274.05866978642,0
78279.0587693533,0
78284.0588689202,0
78289.05896848708,0
78294.05906805396,0
78299.05916762084,0
78304.05926718772,0
78309.0593667546,0
78314.0594663215,0
78319.05956588838,0
78324.05966545526,0
78329.05976502215,0
78334.05986458903,0
78339.05996415592,0
78344.0600637228,0
78349.06016328969,0
78354.06026285657,0
78359.06036242345,0
78364.06046199033,0
78369.06056155721,0
78374.06066112411,0
78379.06076069099,0
78384.06086025787,0
78389.06095982475,0
78394.06105939164,0
78399.06115895853,0
78404.06125852541,0
78409.0613580923,0
78414.06145765918,0
78419.06155722606,0
78424.06165679294,0
78429.06175635982,0
78434.06185592672,0
78439.0619554936,0
78444.06205506048,0
78449.06215462736,0
78454.06225419426,0
78459.06235376114,0
78464.06245332802,0
78469.0625528949,0
78474.06265246178,0
78479.06275202867,0
78484.06285159555,0
78489.06295116244,0
78494.06305072932,0
78499.0631502962,0
78504.06324986309,0
78509.06334942997,0
78514.06344899687,0
78519.06354856375,0
78524.06364813063,0
78529.06374769751,0
78534.06384726439,0
78539.06394683127,0
78544.06404639815,0
78549.06414596505,0
78554.06424553193,0
78559.06434509881,0
78564.0644446657,0
78569.06454423258,0
78574.06464379947,0
78579.06474336635,0
78584.06484293324,0
78589.06494250012,0
78594.065042067,0
78599.06514163388,0
78604.06524120078,0
78609.06534076766,0
78614.06544033454,0
78619.06553990142,0
78624.0656394683,0
78629.0657390352,0
78634.06583860208,0
78639.06593816896,0
78644.06603773584,0
78649.06613730273,0
78654.0662368696,0
78659.06633643649,0
78664.06643600338,0
78669.06653557027,0
78674.06663513715,0
78679.06673470403,0
78684.06683427091,0
78689.0669338378,0
78694.06703340469,0
78699.06713297157,0
78704.06723253845,0
78709.06733210533,0
78714.06743167221,0
78719.0675312391,0
78724.06763080599,0
78729.06773037287,0
78734.06782993976,0
78739.06792950664,0
78744.06802907353,0
78749.06812864041,0
78754.0682282073,0
78759.06832777418,0
78764.06842734106,0
78769.06852690794,0
78774.06862647482,0
78779.06872604172,0
78784.0688256086,0
78789.06892517548,0
78794.06902474236,0
78799.06912430924,0
78804.06922387614,0
78809.06932344302,0
78814.0694230099,0
78819.06952257678,0
78824.06962214367,0
78829.06972171055,0
78834.06982127743,0
78839.06992084433,0
78844.0700204112,0
78849.07011997809,0
78854.07021954497,0
78859.07031911185,0
78864.07041867875,0
78869.07051824563,0
78874.07061781251,0
78879.07071737939,0
78884.07081694627,0
78889.07091651316,0
78894.07101608005,0
78899.07111564693,0
78904.07121521381,0
78909.0713147807,0
78914.07141434758,0
78919.07151391447,0
78924.07161348136,0
78929.07171304824,0
78934.07181261512,0
78939.071912182,0
78944.07201174888,0
78949.07211131576,0
78954.07221088266,0
78959.07231044954,0
78964.07241001642,0
78969.0725095833,0
78974.07260915019,0
78979.07270871708,0
78984.07280828396,0
78989.07290785084,0
78994.07300741773,0
78999.07310698461,0
79004.07320655149,0
79009.07330611837,0
79014.07340568527,0
79019.07350525215,0
79024.07360481903,0
79029.07370438591,0
79034.07380395281,0
79039.07390351969,0
79044.07400308657,0
79049.07410265345,0
79054.07420222033,0
79059.07430178722,0
79064.0744013541,0
79069.074500921,0
79074.07460048787,0
79079.07470005476,0
79084.07479962164,0
79089.07489918852,0
79094.07499875542,0
79099.0750983223,0
79104.07519788918,0
79109.07529745606,0
79114.07539702294,0
79119.07549658982,0
79124.0755961567,0
79129.0756957236,0
79134.07579529048,0
79139.07589485736,0
79144.07599442425,0
79149.07609399113,0
79154.07619355802,0
79159.0762931249,0
79164.07639269179,0
79169.07649225867,0
79174.07659182555,0
79179.07669139243,0
79184.07679095933,0
79189.07689052621,0
79194.07699009309,1
79199.07708965997,0
79204.07718922685,0
79209.07728879375,0
79214.07738836063,0
79219.07748792751,0
79224.0775874944,0
79229.07768706128,0
79234.07778662816,0
79239.07788619504,0
79244.07798576193,0
79249.07808532882,0
79254.0781848957,0
79259.07828446258,0
79264.07838402946,0
79269.07848359636,0
79274.07858316324,0
79279.07868273012,0
79284.078782297,0
79289.07888186388,0
79294.07898143076,0
79299.07908099765,0
79304.07918056454,0
79309.07928013142,0
79314.0793796983,0
79319.07947926519,0
79324.07957883208,0
79329.07967839896,0
79334.07977796585,0
79339.07987753273,0
79344.07997709961,0
79349.08007666649,0
79354.08017623337,0
79359.08027580027,0
79364.08037536715,0
79369.08047493403,0
79374.08057450091,0
79379.0806740678,0
79384.08077363469,0
79389.08087320157,0
79394.08097276845,0
79399.08107233534,0
79404.08117190222,0
79409.0812714691,0
79414.08137103598,0
79419.08147060288,0
79424.08157016976,0
79429.08166973664,0
79434.08176930352,0
79439.0818688704,0
79444.0819684373,0
79449.08206800418,0
79454.08216757106,0
79459.08226713794,0
79464.08236670482,0
79469.0824662717,0
79474.0825658386,0
79479.08266540548,0
79484.08276497237,0
79489.08286453925,0
79494.08296410613,0
79499.08306367302,0
79504.0831632399,0
79509.08326280679,0
79514.08336237367,0
79519.08346194055,0
79524.08356150743,0
79529.08366107431,0
79534.08376064121,0
79539.08386020809,0
79544.08395977497,0
79549.08405934185,0
79554.08415890874,0
79559.08425847563,0
79564.08435804251,0
79569.0844576094,0
79574.08455717628,0
79579.08465674316,0
79584.08475631004,0
79589.08485587692,0
79594.08495544382,0
79599.0850550107,0
79604.08515457758,0
79609.08525414446,0
79614.08535371136,0
79619.08545327824,0
79624.08555284512,0
79629.085652412,0
79634.08575197888,0
79639.08585154577,0
79644.08595111265,0
79649.08605067954,0
79654.08615024642,0
79659.0862498133,0
79664.08634938019,0
79669.08644894707,0
79674.08654851397,0
79679.08664808085,0
79684.08674764773,0
79689.08684721461,0
79694.08694678149,0
79699.08704634837,0
79704.08714591525,0
79709.08724548215,0
79714.08734504903,0
79719.08744461591,0
79724.0875441828,0
79729.08764374968,0
79734.08774331657,0
79739.08784288345,0
79744.08794245034,0
79749.08804201722,0
79754.0881415841,0
79759.08824115098,0
79764.08834071788,0
79769.08844028476,0
79774.08853985164,0
79779.08863941852,0
79784.0887389854,0
79789.0888385523,0
79794.08893811918,0
79799.08903768606,0
79804.08913725294,0
79809.08923681983,0
79814.0893363867,0
79819.08943595359,0
79824.08953552048,0
79829.08963508737,0
79834.08973465425,0
79839.08983422113,0
79844.08993378801,0
79849.0900333549,0
79854.09013292179,0
79859.09023248867,0
79864.09033205555,0
79869.09043162243,0
79874.09053118931,0
79879.0906307562,0
79884.09073032309,0
79889.09082988997,0
79894.09092945686,0
79899.09102902374,0
79904.09112859063,0
79909.09122815751,0
79914.0913277244,0
79919.09142729128,0
79924.09152685816,0
79929.09162642504,0
79934.09172599192,0
79939.09182555882,0
79944.0919251257,0
79949.09202469258,0
79954.09212425946,0
79959.09222382634,0
79964.09232339324,0
79969.09242296012,0
79974.092522527,0
79979.09262209389,0
79984.09272166077,0
79989.09282122765,0
79994.09292079453,0
79999.09302036143,0
80004.09311992831,0
80009.09321949519,0
80014.09331906207,0
80019.09341862895,0
80024.09351819585,0
80029.09361776273,0
80034.09371732961,0
80039.0938168965,0
80044.09391646337,0
80049.09401603026,0
80054.09411559715,0
80059.09421516403,0
80064.09431473092,0
80069.0944142978,0
80074.09451386468,0
80079.09461343157,0
80084.09471299846,0
80089.09481256534,0
80094.09491213222,0
80099.0950116991,0
80104.09511126598,0
80109.09521083286,0
80114.09531039976,0
80119.09540996664,0
80124.09550953352,0
80129.0956091004,0
80134.09570866729,0
80139.09580823418,0
80144.09590780106,0
80149.09600736795,0
80154.09610693483,0
80159.09620650171,0
80164.09630606859,0
80169.09640563547,0
80174.09650520237,0
80179.09660476925,0
80184.09670433613,0
80189.09680390301,0
80194.09690346991,0
80199.09700303679,0
80204.09710260367,0
80209.09720217055,0
80214.09730173743,0
80219.09740130432,0
80224.0975008712,0
80229.0976004381,0
80234.09770000498,0
80239.09779957186,0
80244.09789913874,0
80249.09799870562,0
80254.09809827252,0
80259.0981978394,0
80264.09829740628,0
80269.09839697316,0
80274.09849654004,0
80279.09859610692,0
80284.0986956738,0
80289.0987952407,0
80294.09889480758,0
80299.09899437446,0
80304.09909394135,0
80309.09919350823,0
80314.09929307512,0
80319.099392642,0
80324.09949220889,0
80329.09959177577,0
80334.09969134265,0
80339.09979090953,0
80344.09989047643,0
80349.09999004331,0
80354.10008961019,0
80359.10018917707,0
80364.10028874395,0
80369.10038831085,0
80374.10048787773,0
80379.10058744461,0
80384.1006870115,0
80389.10078657838,0
80394.10088614526,0
80399.10098571214,0
80404.10108527904,0
80409.10118484592,0
80414.1012844128,0
80419.10138397968,0
80424.10148354656,0
80429.10158311346,0
80434.10168268034,0
80439.10178224722,0
80444.1018818141,0
80449.10198138098,0
80454.10208094787,0
80459.10218051475,0
80464.10228008164,0
80469.10237964852,0
80474.1024792154,0
80479.10257878229,0
80484.10267834918,0
80489.10277791606,0
80494.10287748295,0
80499.10297704983,0
80504.10307661671,0
80509.10317618359,0
80514.10327575047,0
80519.10337531737,0
80524.10347488425,0
80529.10357445113,0
80534.10367401801,0
80539.1037735849,0
80544.10387315179,0
80549.10397271867,0
80554.10407228555,0
80559.10417185244,0
80564.10427141932,0
80569.1043709862,0
80574.10447055308,0
80579.10457011998,0
80584.10466968686,0
80589.10476925374,0
80594.10486882062,0
80599.1049683875,0
80604.1050679544,0
80609.10516752128,0
80614.10526708816,0
80619.10536665504,0
80624.10546622192,0
80629.1055657888,0
80634.1056653557,0
80639.10576492258,0
80644.10586448947,0
80649.10596405635,0
80654.10606362323,0
80659.10616319012,0
80664.106262757,0
80669.10636232389,0
80674.10646189077,0
80679.10656145765,0
80684.10666102453,0
80689.10676059141,0
80694.10686015831,0
80699.10695972519,0
80704.10705929207,0
80709.10715885895,0
80714.10725842584,0
80719.10735799273,0
80724.10745755961,0
80729.1075571265,0
80734.10765669338,0
80739.10775626026,0
80744.10785582714,0
80749.10795539402,0
80754.10805496092,0
80759.1081545278,0
80764.10825409468,0
80769.10835366156,0
80774.10845322846,0
80779.10855279534,0
80784.10865236222,0
80789.1087519291,0
80794.10885149598,0
80799.10895106287,0
80804.10905062975,0
80809.10915019664,0
80814.10924976353,0
80819.1093493304,0
80824.10944889729,0
80829.10954846417,0
80834.10964803107,0
80839.10974759795,0
80844.10984716483,0
80849.10994673171,0
80854.11004629859,0
80859.11014586547,0
80864.11024543236,0
80869.11034499925,0
80874.11044456613,0
80879.11054413301,0
80884.1106436999,0
80889.11074326678,0
80894.11084283367,0
80899.11094240056,0
80904.11104196744,0
80909.11114153432,0
80914.1112411012,0
80919.11134066808,0
80924.11144023498,0
80929.11153980186,0
80934.11163936874,0
80939.11173893562,0
80944.1118385025,0
80949.1119380694,0
80954.11203763628,0
80959.11213720316,0
80964.11223677004,0
80969.11233633693,0
80974.11243590381,0
80979.11253547069,0
80984.11263503759,0
80989.11273460447,0
80994.11283417135,0
80999.11293373823,0
81004.11303330511,0
81009.11313287201,0
81014.11323243889,0
81019.11333200577,0
81024.11343157265,0
81029.11353113953,0
81034.11363070642,0
81039.1137302733,0
81044.1138298402,0
81049.11392940707,0
81054.11402897396,0
81059.11412854084,0
81064.11422810773,0
81069.11432767462,0
81074.1144272415,0
81079.11452680838,0
81084.11462637526,0
81089.11472594214,0
81094.11482550902,0
81099.11492507592,0
81104.1150246428,0
81109.11512420968,0
81114.11522377656,0
81119.11532334345,0
81124.11542291034,0
81129.11552247722,0
81134.1156220441,0
81139.11572161099,0
81144.11582117787,0
81149.11592074475,0
81154.11602031163,0
81159.11611987853,0
81164.11621944541,0
81169.11631901229,0
81174.11641857917,0
81179.11651814605,0
81184.11661771295,0
81189.11671727983,0
81194.11681684671,0
81199.1169164136,0
81204.11701598048,0
81209.11711554736,0
81214.11721511425,0
81219.11731468113,0
81224.11741424802,0
81229.1175138149,0
81234.11761338178,0
81239.11771294868,0
81244.11781251556,0
81249.11791208244,0
81254.11801164932,0
81259.1181112162,0
81264.11821078308,0
81269.11831034996,0
81274.11840991686,0
81279.11850948374,0
81284.11860905062,0
81289.1187086175,0
81294.11880818439,0
81299.11890775128,0
81304.11900731816,0
81309.11910688505,0
81314.11920645193,0
81319.11930601881,0
81324.11940558569,0
81329.11950515257,0
81334.11960471947,0
81339.11970428635,0
81344.11980385323,0
81349.11990342011,0
81354.12000298701,0
81359.12010255389,0
81364.12020212077,0
81369.12030168765,0
81374.12040125453,0
81379.12050082142,0
81384.1206003883,0
81389.1206999552,0
81394.12079952208,0
81399.12089908896,0
81404.12099865584,0
81409.12109822272,0
81414.12119778962,0
81419.1212973565,0
81424.12139692338,0
81429.12149649026,0
81434.12159605714,0
81439.12169562402,0
81444.1217951909,0
81449.1218947578,0
81454.12199432468,0
81459.12209389156,0
81464.12219345845,0
81469.12229302533,0
81474.12239259222,0
81479.1224921591,0
81484.12259172599,0
81489.12269129287,0
81494.12279085975,0
81499.12289042663,0
81504.12298999353,0
81509.12308956041,0
81514.12318912729,0
81519.12328869417,0
81524.12338826105,0
81529.12348782795,0
81534.12358739483,0
81539.12368696171,0
81544.1237865286,0
81549.12388609548,0
81554.12398566236,0
81559.12408522924,0
81564.12418479614,0
81569.12428436302,0
81574.1243839299,0
81579.12448349678,0
81584.12458306366,0
81589.12468263056,0
81594.12478219744,0
81599.12488176432,0
81604.1249813312,0
81609.12508089808,0
81614.12518046497,0
81619.12528003185,0
81624.12537959874,0
81629.12547916562,0
81634.1255787325,0
81639.12567829939,0
81644.12577786628,0
81649.12587743317,0
81654.12597700005,0
81659.12607656693,0
81664.12617613381,0
81669.12627570069,0
81674.12637526757,0
81679.12647483447,0
81684.12657440135,0
81689.12667396823,0
81694.12677353511,0
81699.126873102,0
81704.12697266889,0
81709.12707223577,0
81714.12717180265,0
81719.12727136954,0
81724.12737093642,0
81729.1274705033,0
81734.12757007018,0
81739.12766963708,0
81744.12776920396,0
81749.12786877084,0
81754.12796833772,0
81759.1280679046,0
81764.1281674715,0
81769.12826703838,0
81774.12836660526,0
81779.12846617214,0
81784.12856573903,0
81789.1286653059,0
81794.1287648728,0
81799.12886443968,0
81804.12896400657,0
81809.12906357345,0
81814.12916314033,0
81819.12926270723,0
81824.1293622741,0
81829.12946184099,0
81834.12956140787,0
81839.12966097475,0
81844.12976054163,0
81849.12986010851,0
81854.12995967541,0
81859.13005924229,0
81864.13015880917,0
81869.13025837606,0
81874.13035794294,0
81879.13045750983,0
81884.13055707671,0
81889.1306566436,0
81894.13075621048,0
81899.13085577736,0
81904.13095534424,0
81909.13105491112,0
81914.13115447802,0
81919.1312540449,0
81924.13135361178,0
81929.13145317866,0
81934.13155274556,0
81939.13165231244,0
81944.13175187932,0
81949.1318514462,0
81954.13195101309,0
81959.13205057997,0
81964.13215014685,0
81969.13224971374,0
81974.13234928063,0
81979.13244884751,0
81984.13254841439,0
81989.13264798127,0
81994.13274754817,0
81999.13284711505,0
82004.13294668193,0
82009.13304624881,0
82014.1331458157,0
82019.13324538257,0
82024.13334494946,0
82029.13344451635,0
82034.13354408323,0
82039.13364365012,0
82044.133743217,0
82049.13384278388,0
82054.13394235077,0
82059.13404191766,0
82064.13414148454,0
82069.13424105142,0
82074.1343406183,0
82079.13444018518,0
82084.13453975208,0
82089.13463931896,0
82094.13473888584,0
82099.13483845272,0
82104.1349380196,0
82109.1350375865,0
82114.13513715338,0
82119.13523672026,0
82124.13533628715,0
82129.13543585403,0
82134.13553542091,0
82139.13563498779,0
82144.13573455469,0
82149.13583412157,0
82154.13593368845,0
82159.13603325533,0
82164.13613282221,0
82169.13623238911,0
82174.13633195599,0
82179.13643152287,0
82184.13653108975,0
82189.13663065663,0
82194.13673022352,0
82199.1368297904,0
82204.1369293573,0
82209.13702892417,0
82214.13712849106,0
82219.13722805794,0
82224.13732762483,0
82229.13742719172,0
82234.1375267586,0
82239.13762632548,0
82244.13772589236,0
82249.13782545924,0
82254.13792502612,0
82259.13802459302,0
82264.1381241599,0
82269.13822372678,0
82274.13832329366,0
82279.13842286055,0
82284.13852242744,0
82289.13862199432,0
82294.1387215612,0
82299.13882112809,0
82304.13892069497,0
82309.13902026185,0
82314.13911982873,0
82319.13921939563,0
82324.13931896251,0
82329.13941852939,0
82334.13951809627,0
82339.13961766315,0
82344.13971723005,0
82349.13981679693,0
82354.13991636381,0
82359.1400159307,0
82364.14011549758,0
82369.14021506446,0
82374.14031463135,0
82379.14041419823,0
82384.14051376512,0
82389.140613332,0
82394.14071289888,0
82399.14081246578,0
82404.14091203266,0
82409.14101159954,0
82414.14111116642,0
82419.1412107333,0
82424.14131030018,0
82429.14140986706,0
82434.14150943396,0
82439.14160900084,0
82444.14170856772,0
82449.1418081346,0
82454.14190770149,0
82459.14200726838,0
82464.14210683526,0
82469.14220640215,0
82474.14230596903,0
82479.14240553591,0
82484.14250510279,0
82489.14260466967,0
82494.14270423657,0
82499.14280380345,0
82504.14290337033,0
82509.14300293721,0
82514.14310250411,0
82519.14320207099,0
82524.14330163787,0
82529.14340120475,0
82534.14350077164,0
82539.14360033852,0
82544.1436999054,0
82549.1437994723,0
82554.14389903918,0
82559.14399860606,0
82564.14409817294,0
82569.14419773982,0
82574.14429730672,0
82579.1443968736,0
82584.14449644048,0
82589.14459600736,0
82594.14469557424,0
82599.14479514112,0
82604.144894708,0
82609.1449942749,0
82614.14509384178,0
82619.14519340867,0
82624.14529297555,0
82629.14539254243,0
82634.14549210932,0
82639.1455916762,0
82644.14569124309,0
82649.14579080997,0
82654.14589037685,0
82659.14598994373,0
82664.14608951063,0
82669.14618907751,0
82674.14628864439,0
82679.14638821127,0
82684.14648777815,0
82689.14658734505,0
82694.14668691193,0
82699.14678647881,0
82704.1468860457,0
82709.14698561258,0
82714.14708517946,0
82719.14718474634,0
82724.14728431324,0
82729.14738388012,0
82734.147483447,0
82739.14758301388,0
82744.14768258076,0
82749.14778214766,0
82754.14788171454,0
82759.14798128142,0
82764.1480808483,0
82769.14818041518,0
82774.14827998207,0
82779.14837954895,0
82784.14847911584,0
82789.14857868273,0
82794.1486782496,0
82799.14877781649,0
82804.14887738338,0
82809.14897695027,0
82814.14907651715,0
82819.14917608403,0
82824.14927565091,0
82829.14937521779,0
82834.14947478467,0
82839.14957435157,0
82844.14967391845,0
82849.14977348533,0
82854.14987305221,0
82859.1499726191,0
82864.15007218599,0
82869.15017175287,0
82874.15027131976,0
82879.15037088664,0
82884.15047045352,0
82889.1505700204,0
82894.15066958728,0
82899.15076915418,0
82904.15086872106,0
82909.15096828794,0
82914.15106785482,0
82919.1511674217,0
82924.1512669886,0
82929.15136655548,0
82934.15146612236,0
82939.15156568924,0
82944.15166525613,0
82949.15176482301,0
82954.1518643899,0
82959.15196395679,0
82964.15206352367,0
82969.15216309055,0
82974.15226265743,0
82979.15236222433,0
82984.15246179121,0
82989.15256135809,0
82994.15266092497,0
82999.15276049185,0
83004.15286005873,0
83009.15295962562,0
83014.15305919251,0
83019.15315875939,0
83024.15325832627,0
83029.15335789316,0
83034.15345746004,0
83039.15355702693,0
83044.15365659381,0
83049.1537561607,0
83054.15385572758,0
83059.15395529446,0
83064.15405486134,0
83069.15415442822,0
83074.15425399512,0
83079.154353562,0
83084.15445312888,0
83089.15455269576,0
83094.15465226266,0
83099.15475182954,0
83104.15485139642,0
83109.1549509633,0
83114.15505053019,0
83119.15515009707,0
83124.15524966395,0
83129.15534923084,0
83134.15544879773,0
83139.15554836461,0
83144.15564793149,0
83149.15574749837,0
83154.15584706527,0
83159.15594663215,0
83164.15604619903,0
83169.15614576591,0
83174.1562453328,0
83179.15634489967,0
83184.15644446656,0
83189.15654403345,0
83194.15664360033,0
83199.15674316722,0
83204.1568427341,0
83209.15694230098,0
83214.15704186787,0
83219.15714143476,0
83224.15724100164,0
83229.15734056852,0
83234.1574401354,0
83239.15753970228,0
83244.15763926918,0
83249.15773883606,0
83254.15783840294,0
83259.15793796982,0
83264.1580375367,0
83269.1581371036,0
83274.15823667048,0
83279.15833623736,0
83284.15843580425,0
83289.15853537113,0
83294.15863493801,0
83299.15873450489,0
83304.15883407179,0
83309.15893363867,0
83314.15903320555,0
83319.15913277243,0
83324.15923233931,0
83329.15933190621,0
83334.15943147309,0
83339.15953103997,0
83344.15963060685,0
83349.15973017373,0
83354.15982974062,0
83359.1599293075,0
83364.1600288744,0
83369.16012844128,0
83374.16022800816,0
83379.16032757504,0
83384.16042714193,0
83389.16052670882,0
83394.1606262757,0
83399.16072584258,0
83404.16082540946,0
83409.16092497634,0
83414.16102454322,0
83419.16112411012,0
83424.161223677,0
83429.16132324388,0
83434.16142281076,0
83439.16152237765,0
83444.16162194454,0
83449.16172151142,0
83454.1618210783,0
83459.16192064519,0
83464.16202021207,0
83469.16211977895,0
83474.16221934583,0
83479.16231891273,0
83484.16241847961,0
83489.16251804649,0
83494.16261761337,0
83499.16271718025,0
83504.16281674715,0
83509.16291631403,0
83514.16301588091,0
83519.1631154478,0
83524.16321501468,0
83529.16331458156,0
83534.16341414845,0
83539.16351371534,0
83544.16361328222,0
83549.1637128491,0
83554.16381241598,0
83559.16391198288,0
83564.16401154976,0
83569.16411111664,0
83574.16421068352,0
83579.1643102504,0
83584.16440981728,0
83589.16450938417,0
83594.16460895106,0
83599.16470851794,0
83604.16480808482,0
83609.1649076517,0
83614.16500721859,0
83619.16510678548,0
83624.16520635237,0
83629.16530591925,0
83634.16540548613,0
83639.16550505301,0
83644.16560461989,0
83649.16570418677,0
83654.16580375367,0
83659.16590332055,0
83664.16600288743,0
83669.16610245431,0
83674.16620202121,0
83679.16630158809,0
83684.16640115497,0
83689.16650072185,0
83694.16660028874,0
83699.16669985562,0
83704.1667994225,0
83709.1668989894,0
83714.16699855628,0
83719.16709812316,0
83724.16719769004,0
83729.16729725692,0
83734.16739682382,0
83739.1674963907,0
83744.16759595758,0
83749.16769552446,0
83754.16779509134,0
83759.16789465823,0
83764.1679942251,0
83769.168093792,0
83774.16819335888,0
83779.16829292577,0
83784.16839249265,0
83789.16849205953,0
83794.16859162643,0
83799.1686911933,0
83804.16879076019,0
83809.16889032707,0
83814.16898989395,0
83819.16908946083,0
83824.16918902773,0
83829.16928859461,0
83834.16938816149,0
83839.16948772837,0
83844.16958729526,0
83849.16968686215,0
83854.16978642903,0
83859.16988599591,0
83864.1699855628,0
83869.17008512968,0
83874.17018469656,0
83879.17028426344,0
83884.17038383034,0
83889.17048339722,0
83894.1705829641,0
83899.17068253098,0
83904.17078209786,0
83909.17088166476,0
83914.17098123164,0
83919.17108079852,0
83924.1711803654,0
83929.17127993228,0
83934.17137949917,0
83939.17147906605,0
83944.17157863294,0
83949.17167819983,0
83954.1717777667,0
83959.17187733359,0
83964.17197690048,0
83969.17207646737,0
83974.17217603425,0
83979.17227560113,0
83984.17237516801,0
83989.17247473489,0
83994.17257430177,0
83999.17267386867,0
84004.17277343555,0
84009.17287300243,0
84014.17297256931,0
84019.1730721362,0
84024.17317170309,0
84029.17327126997,0
84034.17337083686,0
84039.17347040374,0
84044.17356997062,0
84049.1736695375,0
84054.17376910438,0
84059.17386867128,0
84064.17396823816,0
84069.17406780504,0
84074.17416737192,0
84079.1742669388,0
84084.1743665057,0
84089.17446607258,0
84094.17456563946,0
84099.17466520634,0
84104.17476477323,0
84109.17486434011,0
84114.174963907,0
84119.17506347389,0
84124.17516304077,0
84129.17526260765,0
84134.17536217453,0
84139.17546174143,0
84144.17556130831,0
84149.17566087519,0
84154.17576044207,0
84159.17586000895,0
84164.17595957583,0
84169.17605914272,0
84174.17615870961,0
84179.1762582765,0
84184.17635784337,0
84189.17645741026,0
84194.17655697714,0
84199.17665654403,0
84204.17675611092,0
84209.1768556778,0
84214.17695524468,0
84219.17705481156,0
84224.17715437844,1
84229.17725394532,0
84234.17735351222,0
84239.1774530791,0
84244.17755264598,0
84249.17765221286,0
84254.17775177976,0
84259.17785134664,0
84264.17795091352,0
84269.1780504804,0
84274.17815004729,0
84279.17824961417,0
84284.17834918105,0
84289.17844874795,0
84294.17854831483,0
84299.17864788171,0
84304.17874744859,0
84309.17884701547,0
84314.17894658237,0
84319.17904614925,0
84324.17914571613,0
84329.17924528301,0
84334.1793448499,0
84339.17944441678,0
84344.17954398366,0
84349.17964355055,0
84354.17974311743,0
84359.17984268432,0
84364.1799422512,0
84369.18004181808,0
84374.18014138498,0
84379.18024095186,0
84384.18034051874,0
84389.18044008562,0
84394.1805396525,0
84399.18063921938,0
84404.18073878628,0
84409.18083835316,0
84414.18093792004,0
84419.18103748692,0
84424.1811370538,0
84429.1812366207,0
84434.18133618758,0
84439.18143575446,0
84444.18153532135,0
84449.18163488823,0
84454.18173445511,0
84459.18183402199,0
84464.18193358889,0
84469.18203315577,0
84474.18213272265,0
84479.18223228953,0
84484.18233185641,0
84489.18243142331,0
84494.18253099019,0
84499.18263055707,0
84504.18273012395,0
84509.18282969084,0
84514.18292925772,0
84519.1830288246,0
84524.1831283915,0
84529.18322795838,0
84534.18332752526,0
84539.18342709214,0
84544.18352665904,0
84549.18362622592,0
84554.1837257928,0
84559.18382535968,0
84564.18392492656,0
84569.18402449344,0
84574.18412406032,0
84579.18422362722,0
84584.1843231941,0
84589.18442276098,0
84594.18452232787,0
84599.18462189475,0
84604.18472146164,0
84609.18482102852,0
84614.1849205954,0
84619.18502016229,0
84624.18511972917,0
84629.18521929605,0
84634.18531886293,0
84639.18541842983,0
84644.18551799671,0
84649.18561756359,0
84654.18571713047,0
84659.18581669735,0
84664.18591626425,0
84669.18601583113,0
84674.18611539801,0
84679.1862149649,0
84684.18631453178,0
84689.18641409866,0
84694.18651366555,0
84699.18661323244,0
84704.18671279932,0
84709.1868123662,0
84714.18691193308,0
84719.18701149998,0
84724.18711106686,0
84729.18721063374,0
84734.18731020062,0
84739.1874097675,0
84744.18750933438,0
84749.18760890127,0
84754.18770846816,0
84759.18780803504,0
84764.18790760192,0
84769.1880071688,0
84774.18810673569,0
84779.18820630258,0
84784.18830586947,0
84789.18840543635,0
84794.18850500323,0
84799.18860457011,0
84804.18870413699,0
84809.18880370387,0
84814.18890327077,0
84819.18900283765,0
84824.18910240453,0
84829.18920197141,0
84834.18930153831,0
84839.18940110519,0
84844.18950067207,0
84849.18960023895,0
84854.18969980584,0
84859.18979937272,0
84864.1898989396,0
84869.1899985065,0
84874.19009807338,0
84879.19019764026,0
84884.19029720714,0
84889.19039677402,0
84894.19049634092,0
84899.1905959078,0
84904.19069547468,0
84909.19079504156,0
84914.19089460844,0
84919.19099417533,0
84924.1910937422,0
84929.1911933091,0
84934.19129287598,0
84939.19139244287,0
84944.19149200975,0
84949.19159157663,0
84954.19169114353,0
84959.1917907104,0
84964.19189027729,0
84969.19198984417,0
84974.19208941105,0
84979.19218897793,0
84984.19228854483,0
84989.19238811171,0
84994.19248767859,0
84999.19258724547,0
85004.19268681236,0
85009.19278637925,0
85014.19288594613,0
85019.19298551301,0
85024.1930850799,0
85029.19318464678,0
85034.19328421366,0
85039.19338378054,0
85044.19348334744,0
85049.19358291432,0
85054.1936824812,0
85059.19378204808,0
85064.19388161496,0
85069.19398118186,0
85074.19408074874,0
85079.19418031562,0
85084.1942798825,0
85089.19437944939,0
85094.19447901627,0
85099.19457858315,0
85104.19467815004,0
85109.19477771693,0
85114.19487728381,0
85119.19497685069,0
85124.19507641759,0
85129.19517598447,0
85134.19527555135,0
85139.19537511823,0
85144.19547468511,0
85149.195574252,0
85154.19567381887,0
85159.19577338577,0
85164.19587295265,0
85169.19597251953,0
85174.19607208642,0
85179.1961716533,0
85184.1962712202,0
85189.19637078707,0
85194.19647035396,0
85199.19656992084,0
85204.19666948772,0
85209.1967690546,0
85214.19686862148,0
85219.19696818838,0
85224.19706775526,0
85229.19716732214,0
85234.19726688902,0
85239.1973664559,0
85244.1974660228,0
85249.19756558968,0
85254.19766515656,0
85259.19776472345,0
85264.19786429033,0
85269.19796385721,0
85274.1980634241,0
85279.19816299099,0
85284.19826255787,0
85289.19836212475,0
85294.19846169163,0
85299.19856125853,0
85304.19866082541,0
85309.19876039229,0
85314.19885995917,0
85319.19895952605,0
85324.19905909293,0
85329.19915865982,0
85334.19925822671,0
85339.1993577936,0
85344.19945736048,0
85349.19955692736,0
85354.19965649424,0
85359.19975606113,0
85364.19985562802,0
85369.1999551949,0
85374.20005476178,0
85379.20015432866,0
85384.20025389554,0
85389.20035346242,0
85394.20045302932,0
85399.2005525962,0
85404.20065216308,0
85409.20075172996,0
85414.20085129686,0
85419.20095086374,0
85424.20105043062,0
85429.2011499975,0
85434.20124956439,0
85439.20134913127,0
85444.20144869815,0
85449.20154826505,0
85454.20164783193,0
85459.20174739881,0
85464.20184696569,0
85469.20194653257,0
85474.20204609947,0
85479.20214566635,0
85484.20224523323,0
85489.20234480011,0
85494.202444367,0
85499.20254393388,0
85504.20264350076,0
85509.20274306765,0
85514.20284263454,0
85519.20294220142,0
85524.2030417683,0
85529.20314133518,0
85534.20324090208,0
85539.20334046896,0
85544.20344003584,0
85549.20353960272,0
85554.2036391696,0
85559.20373873648,0
85564.20383830338,0
85569.20393787026,0
85574.20403743714,0
85579.20413700402,0
85584.2042365709,0
85589.2043361378,0
85594.20443570468,0
85599.20453527156,0
85604.20463483845,0
85609.20473440533,0
85614.20483397221,0
85619.20493353909,0
85624.20503310599,0
85629.20513267287,0
85634.20523223975,0
85639.20533180663,0
85644.20543137351,0
85649.20553094041,0
85654.20563050729,0
85659.20573007417,0
85664.20582964105,0
85669.20592920794,0
85674.20602877482,0
85679.2061283417,0
85684.2062279086,0
85689.20632747548,0
85694.20642704236,0
85699.20652660924,0
85704.20662617614,0
85709.20672574302,0
85714.2068253099,0
85719.20692487678,0
85724.20702444366,0
85729.20712401054,0
85734.20722357742,0
85739.20732314432,0
85744.2074227112,0
85749.20752227808,0
85754.20762184497,0
85759.20772141185,0
85764.20782097874,0
85769.20792054562,0
85774.2080201125,0
85779.20811967939,0
85784.20821924627,0
85789.20831881315,0
85794.20841838003,0
85799.20851794693,0
85804.20861751381,0
85809.20871708069,0
85814.20881664757,0
85819.20891621445,0
85824.20901578135,0
85829.20911534823,0
85834.20921491511,0
85839.209314482,0
85844.20941404888,0
85849.20951361576,0
85854.20961318265,0
85859.20971274954,0
85864.20981231642,0
85869.2099118833,0
85874.21001145018,0
85879.21011101708,0
85884.21021058396,0
85889.21031015084,0
85894.21040971772,0
85899.2105092846,0
85904.21060885148,0
85909.21070841837,0
85914.21080798526,0
85919.21090755214,0
85924.21100711903,0
85929.2111066859,0
85934.21120625279,0
85939.21130581968,0
85944.21140538657,0
85949.21150495345,0
85954.21160452033,0
85959.21170408721,0
85964.21180365409,0
85969.21190322097,0
85974.21200278787,0
85979.21210235475,0
85984.21220192163,0
85989.21230148851,0
85994.21240105541,0
85999.21250062229,0
86004.21260018917,0
86009.21269975606,0
86014.21279932294,0
86019.21289888982,0
86024.2129984567,0
86029.2130980236,0
86034.21319759048,0
86039.21329715736,0
86044.21339672424,0
86049.21349629112,0
86054.21359585802,0
86059.2136954249,0
86064.21379499178,0
86069.21389455866,0
86074.21399412554,0
86079.21409369243,0
86084.21419325931,0
86089.2142928262,0
86094.21439239309,0
86099.21449195997,0
86104.21459152685,0
86109.21469109373,0
86114.21479066063,0
86119.21489022751,0
86124.21498979439,0
86129.21508936127,0
86134.21518892815,0
86139.21528849503,0
86144.21538806193,0
86149.21548762881,0
86154.2155871957,0
86159.21568676257,0
86164.21578632946,0
86169.21588589635,0
86174.21598546323,0
86179.21608503012,0
86184.216184597,0
86189.21628416388,1
86194.21638373076,0
86199.21648329764,0
86204.21658286454,0
86209.21668243142,0
86214.2167819983,0
86219.21688156518,0
86224.21698113206,0
86229.21708069896,0
86234.21718026584,0
86239.21727983272,0
86244.2173793996,0
86249.21747896649,0
86254.21757853337,0
86259.21767810025,0
86264.21777766715,0
86269.21787723403,0
86274.21797680091,0
86279.21807636779,0
86284.21817593469,0
86289.21827550157,0
86294.21837506845,0
86299.21847463533,0
86304.21857420221,0
86309.2186737691,0
86314.21877333598,0
86319.21887290287,0
86324.21897246975,0
86329.21907203663,0
86334.21917160352,0
86339.2192711704,0
86344.2193707373,0
86349.21947030418,0
86354.21956987106,0
86359.21966943794,0
86364.21976900482,0
86369.2198685717,0
86374.21996813858,0
86379.22006770548,0
86384.22016727236,0
86389.22026683924,0
86394.22036640612,0
86399.220465973,0
86404.2205655399,0
86409.22066510678,0
86414.22076467366,0
86419.22086424055,0
86424.22096380743,0
86429.22106337431,0
86434.2211629412,0
86439.22126250809,0
86444.22136207497,0
86449.22146164185,0
86454.22156120873,0
86459.22166077563,0
86464.22176034251,0
86469.22185990939,0
86474.22195947627,0
86479.22205904315,0
86484.22215861003,0
86489.22225817692,0
86494.22235774381,0
86499.2224573107,0
86504.22255687758,0
86509.22265644446,0
86514.22275601134,0
86519.22285557823,0
86524.22295514512,0
86529.223054712,0
86534.22315427888,0
86539.22325384576,0
86544.22335341264,0
86549.22345297952,0
86554.22355254642,0
86559.2236521133,0
86564.22375168018,0
86569.22385124706,0
86574.22395081396,0
86579.22405038084,0
86584.22414994772,0
86589.2242495146,0
86594.22434908149,0
86599.22444864837,0
86604.22454821525,0
86609.22464778215,0
86614.22474734903,0
86619.22484691591,0
86624.22494648279,0
86629.22504604967,0
86634.22514561657,0
86639.22524518345,0
86644.22534475033,0
86649.22544431721,0
86654.2255438841,0
86659.22564345098,0
86664.22574301786,0
86669.22584258475,0
86674.22594215164,0
86679.22604171852,0
86684.2261412854,0
86689.22624085228,0
86694.22634041918,0
86699.22643998606,0
86704.22653955294,0
86709.22663911982,0
86714.2267386867,0
86719.22683825358,0
86724.22693782048,0
86729.22703738736,0
86734.22713695424,0
86739.22723652112,0
86744.227336088,0
86749.2274356549,0
86754.22753522178,0
86759.22763478867,0
86764.22773435555,0
86769.22783392243,0
86774.22793348931,0
86779.22803305619,0
86784.22813262309,0
86789.22823218997,0
86794.22833175685,0
86799.22843132373,0
86804.22853089061,0
86809.22863045751,0
86814.22873002439,0
86819.22882959127,0
86824.22892915815,0
86829.22902872504,0
86834.22912829192,0
86839.2292278588,0
86844.2293274257,0
86849.22942699258,0
86854.22952655946,0
86859.22962612634,0
86864.22972569324,0
86869.22982526012,1
86874.229924827,0
86879.23002439388,0
86884.23012396076,0
86889.23022352764,0
86894.23032309453,0
86899.23042266142,0
86904.2305222283,0
86909.23062179518,0
86914.23072136207,1
86919.23082092895,0
86924.23092049584,0
86929.23102006273,0
86934.2311196296,0
86939.23121919649,0
86944.23131876337,0
86949.23141833025,0
86954.23151789713,0
86959.23161746403,0
86964.23171703091,0
86969.23181659779,0
86974.23191616467,0
86979.23201573156,0
86984.23211529845,0
86989.23221486533,0
86994.23231443221,0
86999.2324139991,0
87004.23251356598,0
87009.23261313286,0
87014.23271269976,0
87019.23281226664,0
87024.23291183352,0
87029.2330114004,0
87034.23311096728,0
87039.23321053418,0
87044.23331010106,0
87049.23340966794,0
87054.23350923482,0
87059.2336088017,0
87064.23370836859,0
87069.23380793547,0
87074.23390750236,0
87079.23400706924,0
87084.23410663613,0
87089.23420620301,0
87094.23430576989,0
87099.23440533679,0
87104.23450490367,0
87109.23460447055,0
87114.23470403743,0
87119.23480360431,0
87124.2349031712,0
87129.23500273807,0
87134.23510230497,0
87139.23520187185,0
87144.23530143873,0
87149.23540100562,0
87154.23550057251,0
87159.2356001394,0
87164.23569970627,0
87169.23579927316,0
87174.23589884004,0
87179.23599840692,0
87184.2360979738,0
87189.2361975407,0
87194.23629710758,0
87199.23639667446,0
87204.23649624134,0
87209.23659580822,0
87214.23669537512,0
87219.236794942,0
87224.23689450888,0
87229.23699407576,0
87234.23709364265,0
87239.23719320953,0
87244.23729277641,0
87249.2373923433,0
87254.23749191019,0
87259.23759147707,0
87264.23769104395,0
87269.23779061083,0
87274.23789017773,0
87279.23798974461,0
87284.23808931149,0
87289.23818887837,0
87294.23828844525,0
87299.23838801213,0
87304.23848757903,0
87309.23858714591,0
87314.2386867128,0
87319.23878627967,0
87324.23888584656,0
87329.23898541345,0
87334.23908498033,0
87339.23918454722,0
87344.2392841141,0
87349.23938368098,0
87354.23948324786,0
87359.23958281474,0
87364.23968238164,0
87369.23978194852,0
87374.2398815154,0
87379.23998108228,0
87384.24008064916,0
87389.24018021606,0
87394.24027978294,0
87399.24037934982,0
87404.2404789167,0
87409.24057848359,0
87414.24067805047,0
87419.24077761735,0
87424.24087718425,0
87429.24097675113,0
87434.24107631801,0
87439.24117588489,0
87444.24127545179,0
87449.24137501867,0
87454.24147458555,0
87459.24157415243,0
87464.24167371931,0
87469.2417732862,0
87474.24187285308,0
87479.24197241997,0
87484.24207198685,0
87489.24217155373,0
87494.24227112062,0
87499.2423706875,0
87504.2424702544,0
87509.24256982128,0
87514.24266938816,0
87519.24276895504,0
87524.24286852192,0
87529.2429680888,0
87534.24306765568,0
87539.24316722258,0
87544.24326678946,0
87549.24336635634,0
87554.24346592322,0
87559.2435654901,0
87564.243665057,0
87569.24376462388,0
87574.24386419076,0
87579.24396375765,0
87584.24406332453,0
87589.24416289141,0
87594.2442624583,0
87599.24436202519,0
87604.24446159207,0
87609.24456115895,0
87614.24466072583,0
87619.24476029273,0
87624.24485985961,0
87629.24495942649,0
87634.24505899337,0
87639.24515856025,0
87644.24525812714,0
87649.24535769402,0
87654.24545726091,0
87659.2455568278,0
87664.24565639468,0
87669.24575596156,0
87674.24585552844,0
87679.24595509534,0
87684.24605466222,0
87689.2461542291,0
87694.24625379598,0
87699.24635336286,0
87704.24645292974,0
87709.24655249662,0
87714.24665206352,0
87719.2467516304,0
87724.24685119728,0
87729.24695076417,0
87734.24705033106,0
87739.24714989794,0
87744.24724946482,0
87749.2473490317,0
87754.24744859859,0
87759.24754816547,0
87764.24764773235,0
87769.24774729925,0
87774.24784686613,0
87779.24794643301,0
87784.24804599989,0
87789.24814556677,0
87794.24824513367,0
87799.24834470055,0
87804.24844426743,0
87809.24854383431,0
87814.2486434012,0
87819.24874296808,0
87824.24884253496,0
87829.24894210185,0
87834.24904166874,0
87839.24914123562,0
87844.2492408025,0
87849.24934036938,0
87854.24943993628,0
87859.24953950316,0
87864.24963907004,0
87869.24973863692,0
87874.2498382038,0
87879.24993777068,0
87884.25003733758,0
87889.25013690446,0
87894.25023647134,0
87899.25033603823,0
87904.2504356051,0
87909.250535172,0
87914.25063473888,0
87919.25073430577,0
87924.25083387265,0
87929.25093343953,0
87934.25103300641,0
87939.25113257329,0
87944.25123214019,0
87949.25133170707,0
87954.25143127395,0
87959.25153084083,0
87964.25163040771,0
87969.25172997461,0
87974.25182954149,0
87979.25192910837,0
87984.25202867526,0
87989.25212824214,0
87994.25222780902,0
87999.2523273759,0
88004.2524269428,0
88009.25252650968,0
88014.25262607656,0
88019.25272564344,0
88024.25282521034,0
88029.25292477722,0
88034.2530243441,0
88039.25312391098,0
88044.25322347786,0
88049.25332304474,0
88054.25342261163,0
88059.25352217852,0
88064.2536217454,0
88069.25372131229,0
88074.25382087917,0
88079.25392044605,0
88084.25402001294,0
88089.25411957983,0
88094.25421914671,0
88099.25431871359,0
88104.25441828047,0
88109.25451784735,0
88114.25461741423,0
88119.25471698113,0
88124.25481654801,0
88129.25491611489,0
88134.25501568177,0
88139.25511524866,0
88144.25521481555,0
88149.25531438243,0
88154.25541394931,0
88159.2555135162,0
88164.25561308308,0
88169.25571264996,0
88174.25581221686,0
88179.25591178374,0
88184.25601135062,0
88189.2561109175,0
88194.25621048438,0
88199.25631005128,0
88204.25640961816,0
88209.25650918504,0
88214.25660875192,0
88219.2567083188,0
88224.25680788569,0
88229.25690745257,0
88234.25700701946,0
88239.25710658634,0
88244.25720615323,0
88249.25730572011,0
88254.25740528699,0
88259.25750485389,0
88264.25760442077,0
88269.25770398765,0
88274.25780355453,0
88279.25790312141,0
88284.2580026883,0
88289.25810225517,0
88294.25820182207,0
88299.25830138895,0
88304.25840095583,0
88309.25850052272,0
88314.25860008961,0
88319.2586996565,0
88324.25879922337,0
88329.25889879026,0
88334.25899835714,0
88339.25909792402,0
88344.2591974909,0
88349.2592970578,0
88354.25939662468,0
88359.25949619156,0
88364.25959575844,0
88369.25969532532,0
88374.25979489222,0
88379.2598944591,0
88384.25999402598,0
88389.26009359286,0
88394.26019315975,0
88399.26029272663,0
88404.26039229351,0
88409.2604918604,0
88414.26059142729,0
88419.26069099417,0
88424.26079056105,0
88429.26089012793,0
88434.26098969483,0
88439.26108926171,0
88444.26118882859,0
88449.26128839547,0
88454.26138796235,0
88459.26148752923,0
88464.26158709613,0
88469.26168666301,0
88474.2617862299,0
88479.26188579678,0
88484.26198536366,0
88489.26208493055,0
88494.26218449743,0
88499.26228406432,0
88504.2623836312,0
88509.26248319808,0
88514.26258276496,0
88519.26268233184,0
88524.26278189874,0
88529.26288146562,0
88534.2629810325,0
88539.26308059938,0
88544.26318016626,0
88549.26327973316,0
88554.26337930004,0
88559.26347886692,0
88564.2635784338,0
88569.26367800069,0
88574.26377756757,0
88579.26387713445,0
88584.26397670135,0
88589.26407626823,0
88594.26417583511,0
88599.26427540199,1
88604.26437496889,0
88609.26447453577,0
88614.26457410265,0
88619.26467366953,0
88624.26477323641,0
88629.2648728033,0
88634.26497237018,0
88639.26507193707,0
88644.26517150395,0
88649.26527107084,0
88654.26537063772,0
88659.2654702046,0
88664.2655697715,0
88669.26566933838,0
88674.26576890526,0
88679.26586847214,0
88684.26596803902,0
88689.2660676059,0
88694.26616717278,0
88699.26626673968,0
88704.26636630656,0
88709.26646587344,0
88714.26656544032,0
88719.2666650072,0
88724.2667645741,0
88729.26686414098,0
88734.26696370787,0
88739.26706327475,0
88744.26716284163,0
88749.26726240851,0
88754.2673619754,0
88759.26746154229,0
88764.26756110917,0
88769.26766067605,0
88774.26776024293,0
88779.26785980983,0
88784.26795937671,0
88789.26805894359,0
88794.26815851047,0
88799.26825807735,0
88804.26835764424,0
88809.26845721112,0
88814.26855677801,0
88819.2686563449,0
88824.26875591178,0
88829.26885547866,0
88834.26895504554,0
88839.26905461244,0
88844.26915417932,0
88849.2692537462,0
88854.26935331308,0
88859.26945287996,0
88864.26955244684,0
88869.26965201373,0
88874.26975158062,0
88879.2698511475,0
88884.26995071438,0
88889.27005028127,0
88894.27014984816,0
88899.27024941504,0
88904.27034898193,0
88909.2704485488,0
88914.27054811569,0
88919.27064768257,0
88924.27074724945,0
88929.27084681635,0
88934.27094638323,0
88939.27104595011,0
88944.27114551699,0
88949.27124508387,0
88954.27134465077,0
88959.27144421765,0
88964.27154378453,0
88969.27164335141,0
88974.2717429183,0
88979.27184248518,0
88984.27194205206,0
88989.27204161895,0
88994.27214118584,0
88999.27224075272,0
89004.2723403196,0
89009.27243988648,0
89014.27253945338,0
89019.27263902026,0
89024.27273858714,0
89029.27283815402,0
89034.2729377209,0
89039.27303728778,0
89044.27313685468,0
89049.27323642156,0
89054.27333598844,0
89059.27343555533,0
89064.2735351222,0
89069.2736346891,0
89074.27373425598,0
89079.27383382287,0
89084.27393338975,0
89089.27403295663,0
89094.27413252351,0
89099.27423209039,0
89104.27433165729,0
89109.27443122417,0
89114.27453079105,0
89119.27463035793,0
89124.27472992481,0
89129.27482949171,0
89134.27492905859,0
89139.27502862547,0
89144.27512819236,0
89149.27522775924,0
89154.27532732612,0
89159.275426893,0
89164.2755264599,0
89169.27562602678,0
89174.27572559366,0
89179.27582516054,0
89184.27592472744,0
89189.27602429432,0
89194.2761238612,0
89199.27622342808,0
89204.27632299496,0
89209.27642256184,0
89214.27652212873,0
89219.27662169562,0
89224.2767212625,0
89229.27682082939,1
89234.27692039627,0
89239.27701996315,0
89244.27711953004,0
89249.27721909693,0
89254.27731866381,0
89259.27741823069,0
89264.27751779757,0
89269.27761736445,0
89274.27771693133,0
89279.27781649823,0
89284.27791606511,0
89289.278015632,0
89294.27811519887,0
89299.27821476576,0
89304.27831433265,0
89309.27841389953,0
89314.27851346642,0
89319.2786130333,0
89324.27871260018,0
89329.27881216706,0
89334.27891173396,0
89339.27901130084,0
89344.27911086772,0
89349.2792104346,0
89354.27931000148,0
89359.27940956838,0
89364.27950913526,0
89369.27960870214,0
89374.27970826902,0
89379.2798078359,0
89384.27990740279,0
89389.28000696967,0
89394.28010653656,0
89399.28020610345,0
89404.28030567033,0
89409.28040523721,0
89414.28050480409,0
89419.28060437099,0
89424.28070393787,0
89429.28080350475,0
89434.28090307163,0
89439.28100263851,0
89444.2811022054,0
89449.28120177228,0
89454.28130133917,0
89459.28140090605,0
89464.28150047293,0
89469.28160003982,0
89474.28169960671,0
89479.2817991736,0
89484.28189874048,0
89489.28199830736,0
89494.28209787424,0
89499.28219744112,0
89504.282297008,0
89509.2823965749,0
89514.28249614178,0
89519.28259570866,0
89524.28269527554,0
89529.28279484242,0
89534.28289440932,0
89539.2829939762,0
89544.28309354308,0
89549.28319310996,0
89554.28329267685,0
89559.28339224373,0
89564.28349181061,0
89569.2835913775,0
89574.28369094439,0
89579.28379051127,0
89584.28389007815,0
89589.28398964503,0
89594.28408921193,0
89599.28418877881,0
89604.28428834569,0
89609.28438791257,0
89614.28448747945,0
89619.28458704634,0
89624.28468661323,0
89629.28478618011,0
89634.284885747,0
89639.28498531388,0
89644.28508488076,0
89649.28518444765,0
89654.28528401454,0
89659.28538358142,0
89664.2854831483,0
89669.28558271518,0
89674.28568228206,0
89679.28578184894,0
89684.28588141584,0
89689.28598098272,0
89694.2860805496,0
89699.28618011648,0
89704.28627968337,0
89709.28637925026,0
89714.28647881714,0
89719.28657838402,0
89724.2866779509,0
89729.28677751779,0
89734.28687708467,0
89739.28697665155,0
89744.28707621845,0
89749.28717578533,0
89754.28727535221,0
89759.28737491909,0
89764.28747448599,0
89769.28757405287,0
89774.28767361975,0
89779.28777318663,0
89784.28787275351,0
89789.2879723204,0
89794.28807188728,0
89799.28817145417,0
89804.28827102105,0
89809.28837058794,0
89814.28847015482,0
89819.2885697217,0
89824.2886692886,0
89829.28876885548,0
89834.28886842236,0
89839.28896798924,0
89844.28906755612,0
89849.289167123,0
89854.28926668988,0
89859.28936625678,0
89864.28946582366,0
89869.28956539054,0
89874.28966495742,0
89879.2897645243,0
89884.2898640912,0
89889.28996365808,0
89894.29006322497,0
89899.29016279185,0
89904.29026235873,0
89909.29036192561,0
89914.2904614925,0
89919.29056105939,0
89924.29066062627,0
89929.29076019315,0
89934.29085976003,0
89939.29095932693,0
89944.29105889381,0
89949.29115846069,0
89954.29125802757,0
89959.29135759445,0
89964.29145716134,0
89969.29155672822,0
89974.29165629511,0
89979.291755862,0
89984.29185542888,0
89989.29195499576,0
89994.29205456264,0
89999.29215412954,0
90004.29225369642,0
90009.2923532633,0
90014.29245283018,0
90019.29255239706,0
90024.29265196394,0
90029.29275153083,0
90034.29285109772,0
90039.2929506646,0
90044.29305023148,0
90049.29314979837,0
90054.29324936526,0
90059.29334893214,0
90064.29344849903,0
90069.2935480659,0
90074.29364763279,0
90079.29374719967,0
90084.29384676655,0
90089.29394633345,0
90094.29404590033,0
90099.29414546721,0
90104.29424503409,0
90109.29434460097,0
90114.29444416787,0
90119.29454373475,0
90124.29464330163,0
90129.29474286851,0
90134.2948424354,0
90139.29494200228,0
90144.29504156916,0
90149.29514113606,0
90154.29524070294,0
90159.29534026982,0
90164.2954398367,0
90169.2955394036,0
90174.29563897048,0
90179.29573853736,0
90184.29583810424,0
90189.29593767112,0
90194.296037238,0
90199.29613680489,1
90204.29623637178,0
90209.29633593866,0
90214.29643550554,0
90219.29653507243,0
90224.29663463931,0
90229.2967342062,0
90234.29683377309,0
90239.29693333997,0
90244.29703290685,0
90249.29713247373,0
90254.29723204061,0
90259.2973316075,0
90264.29743117439,0
90269.29753074127,0
90274.29763030815,0
90279.29772987503,0
90284.29782944192,0
90289.29792900881,0
90294.2980285757,0
90299.29812814257,0
90304.29822770946,0
90309.29832727634,0
90314.29842684322,0
90319.29852641012,0
90324.298625977,0
90329.29872554388,0
90334.29882511076,0
90339.29892467764,0
90344.29902424454,0
90349.29912381142,0
90354.2992233783,0
90359.29932294518,0
90364.29942251206,0
90369.29952207895,0
90374.29962164583,0
90379.29972121272,0
90384.2998207796,0
90389.29992034649,0
90394.30001991337,0
90399.30011948025,0
90404.30021904715,0
90409.30031861403,0
90414.30041818091,0
90419.30051774779,0
90424.30061731467,0
90429.30071688155,0
90434.30081644843,0
90439.30091601533,0
90444.30101558221,0
90449.3011151491,0
90454.30121471598,0
90459.30131428287,0
90464.30141384975,0
90469.30151341663,0
90474.30161298352,0
90479.3017125504,0
90484.30181211728,0
90489.30191168416,0
90494.30201125106,0
90499.30211081794,0
90504.30221038482,0
90509.3023099517,0
90514.30240951858,0
90519.30250908548,0
90524.30260865236,0
90529.30270821924,0
90534.30280778612,0
90539.302907353,0
90544.30300691989,0
90549.30310648677,0
90554.30320605366,0
90559.30330562055,0
90564.30340518743,0
90569.30350475431,0
90574.30360432119,0
90579.30370388809,0
90584.30380345497,0
90589.30390302185,0
90594.30400258873,0
90599.30410215561,0
90604.3042017225,0
90609.30430128939,0
90614.30440085627,0
90619.30450042315,0
90624.30459999004,0
90629.30469955692,0
90634.30479912381,0
90639.3048986907,0
90644.30499825758,0
90649.30509782446,0
90654.30519739134,0
90659.30529695822,0
90664.3053965251,0
90669.305496092,0
90674.30559565888,0
90679.30569522576,0
90684.30579479264,0
90689.30589435952,0
90694.30599392642,0
90699.3060934933,0
90704.30619306018,0
90709.30629262706,0
90714.30639219395,0
90719.30649176083,0
90724.30659132771,0
90729.3066908946,0
90734.30679046149,0
90739.30689002837,0
90744.30698959525,0
90749.30708916215,0
90754.30718872903,0
90759.30728829591,0
90764.30738786279,0
90769.30748742967,0
90774.30758699655,0
90779.30768656344,0
90784.30778613033,0
90789.30788569721,0
90794.3079852641,0
90799.30808483098,0
90804.30818439786,0
90809.30828396475,0
90814.30838353164,0
90819.30848309852,0
90824.3085826654,0
90829.30868223228,0
90834.30878179916,0
90839.30888136604,0
90844.30898093294,0
90849.30908049982,0
90854.3091800667,0
90859.30927963358,0
90864.30937920047,0
90869.30947876736,0
90874.30957833424,0
90879.30967790112,0
90884.309777468,0
90889.30987703489,0
90894.30997660177,0
90899.31007616867,0
90904.31017573555,0
90909.31027530243,0
90914.31037486931,0
90919.31047443619,0
90924.31057400309,0
90929.31067356997,0
90934.31077313685,0
90939.31087270373,0
90944.31097227061,0
90949.3110718375,0
90954.31117140438,0
90959.31127097127,0
90964.31137053815,0
90969.31147010504,0
90974.31156967192,0
90979.3116692388,0
90984.3117688057,0
90989.31186837258,0
90994.31196793946,0
90999.31206750634,0
91004.31216707322,0
91009.3122666401,0
91014.31236620698,0
91019.31246577388,0
91024.31256534076,0
91029.31266490764,0
91034.31276447453,0
91039.31286404142,0
91044.3129636083,0
91049.31306317518,0
91054.31316274207,0
91059.31326230895,0
91064.31336187583,0
91069.31346144271,0
91074.3135610096,0
91079.31366057649,0
91084.31376014337,0
91089.31385971025,0
91094.31395927713,0
91099.31405884403,0
91104.31415841091,0
91109.31425797779,0
91114.31435754467,0
91119.31445711156,0
91124.31455667844,0
91129.31465624532,0
91134.31475581221,0
91139.3148553791,0
91144.31495494598,0
91149.31505451286,0
91154.31515407974,0
91159.31525364664,0
91164.31535321352,0
91169.3154527804,0
91174.31555234728,0
91179.31565191416,0
91184.31575148104,0
91189.31585104794,0
91194.31595061482,0
91199.3160501817,0
91204.31614974859,0
91209.31624931547,0
91214.31634888236,0
91219.31644844924,0
91224.31654801613,0
91229.31664758301,0
91234.31674714989,0
91239.31684671677,0
91244.31694628365,0
91249.31704585055,0
91254.31714541743,0
91259.31724498431,0
91264.3173445512,0
91269.31744411807,0
91274.31754368497,0
91279.31764325185,0
91284.31774281873,0
91289.31784238562,0
91294.3179419525,0
91299.31804151938,0
91304.31814108626,0
91309.31824065316,0
91314.31834022004,0
91319.31843978692,0
91324.3185393538,0
91329.3186389207,0
91334.31873848758,0
91339.31883805446,0
91344.31893762134,0
91349.31903718822,0
91354.3191367551,0
91359.31923632199,0
91364.31933588888,0
91369.31943545576,0
91374.31953502265,0
91379.31963458953,0
91384.31973415641,0
91389.3198337233,0
91394.31993329019,0
91399.32003285707,0
91404.32013242395,0
91409.32023199083,0
91414.32033155771,0
91419.3204311246,0
91424.32053069149,0
91429.32063025837,0
91434.32072982525,0
91439.32082939213,0
91444.32092895902,0
91449.32102852591,0
91454.3211280928,0
91459.32122765968,0
91464.32132722656,0
91469.32142679344,0
91474.32152636032,0
91479.32162592722,0
91484.3217254941,0
91489.32182506098,0
91494.32192462786,0
91499.32202419474,0
91504.32212376164,0
91509.32222332852,0
91514.3223228954,0
91519.32242246228,0
91524.32252202916,0
91529.32262159605,0
91534.32272116293,0
91539.32282072982,0
91544.3229202967,0
91549.32301986359,0
91554.32311943047,0
91559.32321899735,0
91564.32331856425,0
91569.32341813113,0
91574.32351769801,0
91579.32361726489,0
91584.32371683177,0
91589.32381639865,0
91594.32391596553,0
91599.32401553243,0
91604.32411509931,0
91609.3242146662,0
91614.32431423308,0
91619.32441379997,0
91624.32451336685,0
91629.32461293373,0
91634.32471250062,0
91639.3248120675,0
91644.32491163438,0
91649.32501120126,0
91654.32511076816,0
91659.32521033504,0
91664.32530990192,0
91669.3254094688,0
91674.32550903568,0
91679.32560860258,0
91684.32570816946,0
91689.32580773634,0
91694.32590730322,0
91699.3260068701,0
91704.32610643699,0
91709.32620600387,0
91714.32630557076,0
91719.32640513765,0
91724.32650470453,0
91729.32660427141,0
91734.32670383829,0
91739.32680340519,0
91744.32690297207,0
91749.32700253895,0
91754.32710210583,0
91759.32720167271,0
91764.3273012396,0
91769.32740080649,0
91774.32750037337,0
91779.32759994025,0
91784.32769950714,0
91789.32779907402,0
91794.32789864091,0
91799.3279982078,0
91804.32809777468,0
91809.32819734156,0
91814.32829690844,0
91819.32839647532,0
91824.3284960422,0
91829.3285956091,0
91834.32869517598,0
91839.32879474286,0
91844.32889430974,0
91849.32899387662,0
91854.32909344352,0
91859.3291930104,0
91864.32929257728,0
91869.32939214417,0
91874.32949171105,0
91879.32959127793,0
91884.32969084481,0
91889.3297904117,0
91894.32988997859,0
91899.32998954547,0
91904.33008911235,0
91909.33018867925,0
91914.33028824613,0
91919.33038781301,0
91924.33048737989,0
91929.33058694677,0
91934.33068651365,0
91939.33078608054,0
91944.33088564743,0
91949.33098521431,0
91954.3310847812,0
91959.33118434808,0
91964.33128391496,0
91969.33138348185,0
91974.33148304874,0
91979.33158261562,0
91984.3316821825,0
91989.33178174938,0
91994.33188131626,0
91999.33198088314,0
92004.33208045004,0
92009.33218001692,0
92014.3322795838,0
92019.33237915068,0
92024.33247871757,0
92029.33257828446,0
92034.33267785134,0
92039.33277741823,0
92044.3328769851,0
92049.33297655199,0
92054.33307611887,0
92059.33317568577,0
92064.33327525265,0
92069.33337481953,0
92074.33347438641,0
92079.33357395329,0
92084.33367352019,0
92089.33377308707,0
92094.33387265395,0
92099.33397222083,0
92104.33407178771,0
92109.3341713546,0
92114.33427092148,0
92119.33437048837,0
92124.33447005526,0
92129.33456962214,0
92134.33466918902,0
92139.3347687559,0
92144.3348683228,0
92149.33496788968,0
92154.33506745656,0
92159.33516702344,0
92164.33526659032,0
92169.3353661572,0
92174.33546572409,0
92179.33556529098,0
92184.33566485786,0
92189.33576442474,0
92194.33586399163,0
92199.33596355852,0
92204.3360631254,0
92209.33616269229,0
92214.33626225917,0
92219.33636182605,0
92224.33646139293,0
92229.33656095981,0
92234.33666052671,0
92239.33676009359,0
92244.33685966047,0
92249.33695922735,0
92254.33705879423,0
92259.33715836113,0
92264.33725792801,0
92269.3373574949,0
92274.33745706177,0
92279.33755662866,0
92284.33765619554,0
92289.33775576242,0
92294.33785532932,0
92299.3379548962,1
92304.33805446308,0
92309.33815402996,0
92314.33825359684,0
92319.33835316374,0
92324.33845273062,0
92329.3385522975,0
92334.33865186438,0
92339.33875143126,0
92344.33885099815,0
92349.33895056504,0
92354.33905013192,0
92359.3391496988,0
92364.33924926569,0
92369.33934883257,0
92374.33944839946,0
92379.33954796634,0
92384.33964753323,0
92389.33974710011,0
92394.33984666699,0
92399.33994623387,0
92404.34004580075,0
92409.34014536765,0
92414.34024493453,0
92419.34034450141,0
92424.3404440683,0
92429.34054363517,0
92434.34064320207,0
92439.34074276895,0
92444.34084233583,0
92449.34094190272,0
92454.3410414696,0
92459.34114103648,0
92464.34124060336,0
92469.34134017026,0
92474.34143973714,0
92479.34153930402,0
92484.3416388709,0
92489.3417384378,0
92494.34183800468,0
92499.34193757156,0
92504.34203713844,0
92509.34213670532,0
92514.3422362722,0
92519.34233583909,0
92524.34243540598,0
92529.34253497286,0
92534.34263453975,0
92539.34273410663,0
92544.34283367351,0
92549.3429332404,0
92554.34303280729,0
92559.34313237417,0
92564.34323194105,0
92569.34333150793,0
92574.34343107481,0
92579.3435306417,0
92584.34363020859,0
92589.34372977547,0
92594.34382934235,0
92599.34392890923,0
92604.34402847612,0
92609.34412804301,0
92614.3442276099,0
92619.34432717678,0
92624.34442674366,1
92629.34452631054,0
92634.34462587742,0
92639.34472544432,0
92644.3448250112,0
92649.34492457808,0
92654.34502414496,0
92659.34512371184,0
92664.34522327874,0
92669.34532284562,0
92674.3454224125,0
92679.34552197938,0
92684.34562154626,0
92689.34572111315,0
92694.34582068003,0
92699.34592024692,0
92704.3460198138,0
92709.34611938069,0
92714.34621894757,0
92719.34631851445,0
92724.34641808135,0
92729.34651764823,0
92734.34661721511,0
92739.34671678199,0
92744.34681634887,0
92749.34691591575,0
92754.34701548264,0
92759.34711504953,0
92764.34721461641,0
92769.3473141833,0
92774.34741375018,0
92779.34751331707,0
92784.34761288395,0
92789.34771245084,0
92794.34781201772,0
92799.3479115846,0
92804.34801115148,0
92809.34811071836,0
92814.34821028526,0
92819.34830985214,0
92824.34840941902,0
92829.3485089859,0
92834.34860855278,0
92839.34870811968,0
92844.34880768656,0
92849.34890725344,0
92854.34900682032,0
92859.3491063872,0
92864.34920595409,0
92869.34930552097,0
92874.34940508787,0
92879.34950465475,0
92884.34960422163,0
92889.34970378851,0
92894.34980335539,0
92899.34990292229,0
92904.35000248917,0
92909.35010205605,0
92914.35020162293,0
92919.35030118981,0
92924.3504007567,0
92929.35050032359,0
92934.35059989047,0
92939.35069945735,0
92944.35079902424,0
92949.35089859112,0
92954.35099815801,0
92959.3510977249,0
92964.35119729178,0
92969.35129685866,0
92974.35139642554,0
92979.35149599242,0
92984.3515955593,0
92989.3516951262,0
92994.35179469308,0
92999.35189425996,0
93004.35199382684,0
93009.35209339373,0
93014.35219296062,0
93019.3522925275,0
93024.35239209438,0
93029.35249166127,0
93034.35259122815,0
93039.35269079503,0
93044.35279036191,0
93049.3528899288,0
93054.35298949569,0
93059.35308906257,0
93064.35318862945,0
93069.35328819635,0
93074.35338776323,0
93079.35348733011,0
93084.35358689699,0
93089.35368646387,0
93094.35378603076,0
93099.35388559764,0
93104.35398516453,0
93109.35408473141,0
93114.3541842983,0
93119.35428386518,0
93124.35438343206,0
93129.35448299896,0
93134.35458256584,0
93139.35468213272,0
93144.3547816996,0
93149.35488126648,0
93154.35498083336,0
93159.35508040024,0
93164.35517996714,0
93169.35527953402,0
93174.3553791009,0
93179.35547866779,0
93184.35557823467,0
93189.35567780156,0
93194.35577736844,0
93199.35587693533,0
93204.35597650221,0
93209.35607606909,0
93214.35617563597,0
93219.35627520287,0
93224.35637476975,0
93229.35647433663,0
93234.35657390351,0
93239.35667347039,0
93244.35677303729,0
93249.35687260417,0
93254.35697217105,0
93259.35707173793,0
93264.35717130481,0
93269.3572708717,0
93274.35737043858,0
93279.35747000547,0
93284.35756957236,0
93289.35766913924,0
93294.35776870612,0
93299.357868273,0
93304.3579678399,0
93309.35806740678,0
93314.35816697366,0
93319.35826654054,0
93324.35836610742,0
93329.3584656743,0
93334.35856524119,0
93339.35866480808,0
93344.35876437496,0
93349.35886394184,0
93354.35896350873,0
93359.35906307562,0
93364.3591626425,0
93369.35926220939,0
93374.35936177627,0
93379.35946134315,0
93384.35956091003,0
93389.35966047691,0
93394.35976004381,0
93399.35985961069,0
93404.35995917757,0
93409.36005874445,0
93414.36015831133,0
93419.36025787823,0
93424.36035744511,0
93429.360457012,0
93434.36055657887,0
93439.36065614576,0
93444.36075571264,0
93449.36085527952,0
93454.36095484642,0
93459.3610544133,0
93464.36115398018,0
93469.36125354706,0
93474.36135311394,0
93479.36145268084,0
93484.36155224772,0
93489.3616518146,0
93494.36175138148,0
93499.36185094836,0
93504.36195051525,0
93509.36205008214,0
93514.36214964902,0
93519.3622492159,0
93524.36234878279,0
93529.36244834967,0
93534.36254791656,0
93539.36264748345,0
93544.36274705033,0
93549.36284661721,0
93554.36294618409,0
93559.36304575097,0
93564.36314531785,0
93569.36324488475,0
93574.36334445163,0
93579.36344401851,0
93584.3635435854,0
93589.36364315228,0
93594.36374271917,0
93599.36384228605,0
93604.36394185293,0
93609.36404141982,0
93614.3641409867,0
93619.36424055358,0
93624.36434012046,0
93629.36443968736,0
93634.36453925424,0
93639.36463882112,0
93644.364738388,0
93649.3648379549,0
93654.36493752178,0
93659.36503708866,0
93664.36513665554,0
93669.36523622242,0
93674.3653357893,0
93679.36543535619,0
93684.36553492308,0
93689.36563448996,0
93694.36573405685,0
93699.36583362373,0
93704.36593319061,0
93709.3660327575,0
93714.36613232439,0
93719.36623189127,0
93724.36633145815,0
93729.36643102503,0
93734.36653059191,0
93739.3666301588,0
93744.36672972569,0
93749.36682929257,0
93754.36692885945,0
93759.36702842634,0
93764.36712799322,0
93769.36722756011,0
93774.367327127,0
93779.36742669388,0
93784.36752626076,0
93789.36762582764,0
93794.36772539452,0
93799.36782496142,0
93804.3679245283,0
93809.36802409518,0
93814.36812366206,0
93819.36822322894,0
93824.36832279584,0
93829.36842236272,0
93834.3685219296,0
93839.36862149648,0
93844.36872106337,0
93849.36882063025,0
93854.36892019713,0
93859.36901976402,0
93864.3691193309,0
93869.36921889779,0
93874.36931846467,0
93879.36941803155,0
93884.36951759845,0
93889.36961716533,0
93894.36971673221,0
93899.36981629909,0
93904.36991586597,0
93909.37001543285,0
93914.37011499974,0
93919.37021456663,0
93924.37031413351,0
93929.3704137004,0
93934.37051326728,0
93939.37061283417,0
93944.37071240105,0
93949.37081196794,0
93954.37091153482,0
93959.3710111017,0
93964.37111066858,0
93969.37121023546,0
93974.37130980236,0
93979.37140936924,0
93984.37150893612,0
93989.371608503,0
93994.37170806988,0
93999.37180763678,0
94004.37190720366,0
94009.37200677054,0
94014.37210633743,0
94019.3722059043,0
94024.37230547119,0
94029.37240503807,0
94034.37250460497,0
94039.37260417185,0
94044.37270373873,0
94049.37280330561,0
94054.37290287249,0
94059.37300243939,0
94064.37310200627,0
94069.37320157315,0
94074.37330114003,0
94079.37340070691,0
94084.3735002738,0
94089.37359984069,0
94094.37369940757,0
94099.37379897445,0
94104.37389854134,0
94109.37399810822,0
94114.37409767511,0
94119.374197242,0
94124.37429680888,0
94129.37439637576,0
94134.37449594264,0
94139.37459550952,0
94144.3746950764,0
94149.3747946433,1
94154.37489421018,0
94159.37499377706,0
94164.37509334394,0
94169.37519291083,0
94174.37529247772,0
94179.3753920446,0
94184.37549161148,0
94189.37559117837,0
94194.37569074525,0
94199.37579031213,0
94204.37588987901,0
94209.3759894459,0
94214.37608901279,0
94219.37618857967,0
94224.37628814655,0
94229.37638771345,0
94234.37648728033,0
94239.37658684721,0
94244.37668641409,0
94249.37678598097,0
94254.37688554786,0
94259.37698511474,0
94264.37708468163,0
94269.37718424851,0
94274.3772838154,0
94279.37738338228,0
94284.37748294916,0
94289.37758251606,0
94294.37768208294,0
94299.37778164982,0
94304.3778812167,0
94309.37798078358,0
94314.37808035046,0
94319.37817991734,0
94324.37827948424,0
94329.37837905112,0
94334.378478618,0
94339.37857818489,0
94344.37867775177,0
94349.37877731866,0
94354.37887688554,0
94359.37897645243,0
94364.37907601931,0
94369.37917558619,0
94374.37927515307,0
94379.37937471997,0
94384.37947428685,0
94389.37957385373,0
94394.37967342061,0
94399.3797729875,0
94404.37987255439,0
94409.37997212127,0
94414.38007168815,0
94419.38017125503,0
94424.38027082192,0
94429.3803703888,0
94434.38046995568,0
94439.38056952257,0
94444.38066908946,0
94449.38076865634,0
94454.38086822322,0
94459.3809677901,0
94464.381067357,0
94469.38116692388,0
94474.38126649076,0
94479.38136605764,0
94484.38146562452,0
94489.3815651914,0
94494.38166475829,0
94499.38176432518,0
94504.38186389206,0
94509.38196345895,0
94514.38206302583,0
94519.38216259272,0
94524.3822621596,0
94529.38236172649,0
94534.38246129337,0
94539.38256086025,0
94544.38266042713,0
94549.38275999401,0
94554.38285956091,0
94559.38295912779,0
94564.38305869467,0
94569.38315826155,0
94574.38325782843,0
94579.38335739533,0
94584.38345696221,0
94589.3835565291,0
94594.38365609598,0
94599.38375566286,0
94604.38385522974,0
94609.38395479662,0
94614.38405436352,0
94619.3841539304,0
94624.38425349728,0
94629.38435306416,0
94634.38445263104,0
94639.38455219794,0
94644.38465176482,0
94649.3847513317,0
94654.38485089858,0
94659.38495046546,0
94664.38505003235,0
94669.38514959924,0
94674.38524916612,0
94679.385348733,0
94684.38544829989,0
94689.38554786677,0
94694.38564743366,0
94699.38574700055,0
94704.38584656743,0
94709.38594613431,0
94714.38604570119,0
94719.38614526807,0
94724.38624483495,0
94729.38634440185,0
94734.38644396873,0
94739.38654353561,0
94744.3866431025,0
94749.38674266938,0
94754.38684223627,0
94759.38694180315,0
94764.38704137004,0
94769.38714093692,0
94774.3872405038,0
94779.38734007068,0
94784.38743963756,0
94789.38753920446,0
94794.38763877134,0
94799.38773833822,0
94804.3878379051,0
94809.387937472,0
94814.38803703888,0
94819.38813660576,0
94824.38823617264,0
94829.38833573952,0
94834.3884353064,0
94839.38853487329,0
94844.38863444018,0
94849.38873400707,0
94854.38883357395,0
94859.38893314083,0
94864.38903270771,0
94869.3891322746,0
94874.38923184149,0
94879.38933140837,0
94884.38943097525,0
94889.38953054213,0
94894.38963010901,0
94899.3897296759,0
94904.38982924279,0
94909.38992880967,0
94914.39002837655,0
94919.39012794344,0
94924.39022751032,0
94929.39032707721,0
94934.3904266441,0
94939.39052621098,0
94944.39062577786,0
94949.39072534474,0
94954.39082491162,0
94959.39092447852,0
94964.3910240454,0
94969.39112361228,0
94974.39122317916,0
94979.39132274604,0
94984.39142231294,0
94989.39152187982,0
94994.3916214467,0
94999.39172101358,0
95004.39182058047,0
95009.39192014735,0
95014.39201971423,0
95019.39211928112,0
95024.392218848,0
95029.39231841489,0
95034.39241798177,0
95039.39251754865,0
95044.39261711555,0
95049.39271668243,0
95054.39281624931,0
95059.39291581619,0
95064.39301538307,0
95069.39311494995,0
95074.39321451684,0
95079.39331408373,0
95084.39341365061,0
95089.3935132175,0
95094.39361278438,0
95099.39371235127,0
95104.39381191815,0
95109.39391148504,0
95114.39401105192,0
95119.3941106188,0
95124.39421018568,0
95129.39430975256,0
95134.39440931946,0
95139.39450888634,0
95144.39460845322,0
95149.3947080201,0
95154.39480758698,0
95159.39490715388,0
95164.39500672076,0
95169.39510628764,0
95174.39520585453,0
95179.3953054214,0
95184.39540498829,0
95189.39550455517,0
95194.39560412207,0
95199.39570368895,0
95204.39580325583,0
95209.39590282271,0
95214.39600238959,0
95219.39610195649,0
95224.39620152337,0
95229.39630109025,0
95234.39640065713,0
95239.39650022401,0
95244.3965997909,0
95249.39669935779,0
95254.39679892467,0
95259.39689849156,0
95264.39699805844,0
95269.39709762532,0
95274.39719719221,0
95279.3972967591,0
95284.39739632598,0
95289.39749589286,0
95294.39759545974,0
95299.39769502662,0
95304.3977945935,0
95309.3978941604,0
95314.39799372728,0
95319.39809329416,0
95324.39819286104,0
95329.39829242793,0
95334.39839199482,0
95339.3984915617,0
95344.39859112859,0
95349.39869069547,0
95354.39879026235,0
95359.39888982923,0
95364.39898939611,0
95369.39908896301,0
95374.39918852989,0
95379.39928809677,0
95384.39938766365,0
95389.39948723055,0
95394.39958679743,0
95399.39968636431,0
95404.3997859312,0
95409.39988549807,0
95414.39998506496,0
95419.40008463184,0
95424.40018419873,0
95429.40028376562,0
95434.4003833325,0
95439.40048289938,0
95444.40058246626,0
95449.40068203316,0
95454.40078160004,0
95459.40088116692,0
95464.4009807338,0
95469.40108030068,0
95474.40117986756,0
95479.40127943445,0
95484.40137900134,0
95489.40147856822,0
95494.4015781351,0
95499.40167770199,0
95504.40177726887,0
95509.40187683576,0
95514.40197640265,0
95519.40207596953,0
95524.40217553641,0
95529.40227510329,0
95534.40237467017,0
95539.40247423707,0
95544.40257380395,0
95549.40267337083,0
95554.40277293771,0
95559.4028725046,0
95564.40297207149,0
95569.40307163837,0
95574.40317120525,0
95579.40327077213,0
95584.40337033902,0
95589.4034699059,0
95594.40356947278,0
95599.40366903968,0
95604.40376860656,0
95609.40386817344,0
95614.40396774032,0
95619.4040673072,0
95624.4041668741,0
95629.40426644098,0
95634.40436600786,0
95639.40446557474,0
95644.40456514162,0
95649.4046647085,0
95654.40476427539,0
95659.40486384228,0
95664.40496340916,0
95669.40506297605,0
95674.40516254293,0
95679.40526210982,0
95684.4053616767,0
95689.40546124359,0
95694.40556081047,0
95699.40566037735,0
95704.40575994423,0
95709.40585951111,0
95714.40595907801,0
95719.40605864489,0
95724.40615821177,0
95729.40625777865,0
95734.40635734554,0
95739.40645691243,0
95744.40655647931,0
95749.4066560462,0
95754.40675561308,0
95759.40685517996,0
95764.40695474684,0
95769.40705431372,0
95774.40715388062,0
95779.4072534475,0
95784.40735301438,0
95789.40745258126,0
95794.40755214814,0
95799.40765171504,0
95804.40775128192,0
95809.4078508488,0
95814.40795041568,0
95819.40804998256,0
95824.40814954945,0
95829.40824911634,0
95834.40834868322,0
95839.4084482501,0
95844.40854781699,0
95849.40864738387,0
95854.40874695076,0
95859.40884651765,0
95864.40894608453,0
95869.40904565141,0
95874.40914521829,0
95879.40924478517,0
95884.40934435205,0
95889.40944391895,0
95894.40954348583,0
95899.40964305271,0
95904.4097426196,0
95909.40984218648,0
95914.40994175337,0
95919.41004132025,0
95924.41014088714,0
95929.41024045402,0
95934.4103400209,0
95939.41043958778,0
95944.41053915466,0
95949.41063872156,0
95954.41073828844,0
95959.41083785532,0
95964.4109374222,0
95969.4110369891,0
95974.41113655598,0
95979.41123612286,0
95984.41133568974,0
95989.41143525662,0
95994.4115348235,0
95999.41163439039,0
96004.41173395728,0
96009.41183352417,0
96014.41193309105,0
96019.41203265793,0
96024.41213222481,0
96029.4122317917,0
96034.41233135859,0
96039.41243092547,0
96044.41253049235,0
96049.41263005923,0
96054.41272962611,0
96059.412829193,0
96064.41292875989,0
96069.41302832677,0
96074.41312789365,0
96079.41322746054,0
96084.41332702742,0
96089.41342659431,0
96094.4135261612,0
96099.41362572808,0
96104.41372529496,0
96109.41382486184,0
96114.41392442872,0
96119.41402399562,0
96124.4141235625,0
96129.41422312938,0
96134.41432269626,0
96139.41442226314,0
96144.41452183004,0
96149.41462139692,0
96154.4147209638,0
96159.41482053068,0
96164.41492009757,0
96169.41501966445,0
96174.41511923133,0
96179.41521879823,0
96184.4153183651,0
96189.41541793199,0
96194.41551749887,0
96199.41561706575,0
96204.41571663265,0
96209.41581619953,0
96214.41591576641,0
96219.41601533329,0
96224.41611490017,0
96229.41621446706,0
96234.41631403394,0
96239.41641360083,0
96244.41651316771,0
96249.4166127346,0
96254.41671230148,0
96259.41681186837,0
96264.41691143526,0
96269.41701100214,0
96274.41711056902,0
96279.4172101359,0
96284.41730970278,0
96289.41740926966,0
96294.41750883656,0
96299.41760840344,0
96304.41770797032,0
96309.4178075372,0
96314.41790710409,0
96319.41800667098,0
96324.41810623786,0
96329.41820580474,0
96334.41830537163,0
96339.41840493851,0
96344.41850450539,0
96349.41860407227,0
96354.41870363917,0
96359.41880320605,0
96364.41890277293,0
96369.41900233981,0
96374.4191019067,0
96379.41920147359,0
96384.41930104047,0
96389.41940060735,0
96394.41950017423,0
96399.41959974112,0
96404.419699308,0
96409.4197988749,0
96414.41989844177,0
96419.41999800866,0
96424.42009757554,0
96429.42019714242,0
96434.42029670932,0
96439.4203962762,0
96444.42049584308,0
96449.42059540996,0
96454.42069497684,0
96459.42079454372,0
96464.4208941106,0
96469.4209936775,0
96474.42109324438,0
96479.42119281126,0
96484.42129237815,0
96489.42139194503,0
96494.42149151192,0
96499.4215910788,0
96504.42169064569,0
96509.42179021257,0
96514.42188977945,0
96519.42198934633,0
96524.42208891321,0
96529.42218848011,0
96534.42228804699,0
96539.42238761387,0
96544.42248718075,0
96549.42258674765,0
96554.42268631453,0
96559.42278588141,0
96564.4228854483,0
96569.42298501518,0
96574.42308458206,0
96579.42318414894,0
96584.42328371583,0
96589.42338328272,0
96594.4234828496,0
96599.42358241648,0
96604.42368198336,0
96609.42378155026,0
96614.42388111714,0
96619.42398068402,0
96624.4240802509,0
96629.42417981778,0
96634.42427938466,0
96639.42437895155,0
96644.42447851844,0
96649.42457808532,0
96654.4246776522,0
96659.42477721909,0
96664.42487678597,0
96669.42497635286,0
96674.42507591975,0
96679.42517548663,0
96684.42527505351,0
96689.42537462039,0
96694.42547418727,0
96699.42557375417,0
96704.42567332105,0
96709.42577288793,0
96714.42587245481,0
96719.4259720217,0
96724.42607158859,0
96729.42617115547,0
96734.42627072235,0
96739.42637028923,0
96744.42646985612,0
96749.426569423,0
96754.42666898988,0
96759.42676855678,0
96764.42686812366,0
96769.42696769054,0
96774.42706725742,0
96779.4271668243,0
96784.4272663912,0
96789.42736595808,0
96794.42746552496,0
96799.42756509184,0
96804.42766465872,0
96809.4277642256,0
96814.42786379249,0
96819.42796335938,0
96824.42806292626,0
96829.42816249315,0
96834.42826206003,0
96839.42836162692,0
96844.4284611938,0
96849.42856076069,0
96854.42866032757,0
96859.42875989445,0
96864.42885946133,0
96869.42895902821,0
96874.42905859511,0
96879.42915816199,0
96884.42925772887,0
96889.42935729575,0
96894.42945686264,0
96899.42955642953,0
96904.42965599641,0
96909.4297555633,0
96914.42985513018,0
96919.42995469706,0
96924.43005426394,0
96929.43015383082,0
96934.43025339772,0
96939.4303529646,0
96944.43045253148,0
96949.43055209836,0
96954.43065166524,0
96959.43075123214,0
96964.43085079902,0
96969.4309503659,0
96974.43104993278,0
96979.43114949967,0
96984.43124906655,0
96989.43134863344,0
96994.43144820032,0
96999.4315477672,0
97004.43164733409,0
97009.43174690097,0
97014.43184646787,0
97019.43194603475,0
97024.43204560163,0
97029.43214516851,0
97034.43224473539,0
97039.43234430227,0
97044.43244386915,0
97049.43254343605,0
97054.43264300293,0
97059.43274256981,0
97064.4328421367,0
97069.43294170358,0
97074.43304127047,0
97079.43314083735,0
97084.43324040424,0
97089.43333997112,0
97094.433439538,0
97099.43353910488,0
97104.43363867176,0
97109.43373823866,0
97114.43383780554,0
97119.43393737242,0
97124.4340369393,0
97129.4341365062,0
97134.43423607308,0
97139.43433563996,0
97144.43443520684,0
97149.43453477373,0
97154.4346343406,0
97159.43473390749,0
97164.43483347438,0
97169.43493304127,0
97174.43503260815,0
97179.43513217503,0
97184.43523174191,0
97189.4353313088,0
97194.43543087569,0
97199.43553044257,0
97204.43563000945,0
97209.43572957633,0
97214.43582914321,0
97219.4359287101,0
97224.43602827699,0
97229.43612784387,0
97234.43622741076,0
97239.43632697764,0
97244.43642654452,0
97249.43652611141,0
97254.4366256783,0
97259.43672524518,0
97264.43682481206,0
97269.43692437894,0
97274.43702394582,0
97279.43712351272,0
97284.4372230796,0
97289.43732264648,0
97294.43742221336,0
97299.43752178024,0
97304.43762134714,0
97309.43772091402,0
97314.4378204809,0
97319.43792004779,0
97324.43801961467,0
97329.43811918155,0
97334.43821874843,0
97339.43831831533,0
97344.43841788221,0
97349.43851744909,0
97354.43861701597,0
97359.43871658285,0
97364.43881614975,0
97369.43891571663,0
97374.43901528351,0
97379.4391148504,0
97384.43921441727,0
97389.43931398416,0
97394.43941355104,0
97399.43951311793,0
97404.43961268482,0
97409.4397122517,0
97414.43981181858,0
97419.43991138547,0
97424.44001095236,0
97429.44011051924,0
97434.44021008612,0
97439.440309653,0
97444.44040921988,0
97449.44050878676,0
97454.44060835366,0
97459.44070792054,0
97464.44080748742,0
97469.4409070543,0
97474.44100662119,0
97479.44110618808,0
97484.44120575496,0
97489.44130532184,0
97494.44140488873,0
97499.44150445561,0
97504.44160402249,0
97509.44170358937,0
97514.44180315627,0
97519.44190272315,0
97524.44200229003,0
97529.44210185691,0
97534.4422014238,0
97539.44230099069,0
97544.44240055757,0
97549.44250012445,0
97554.44259969133,0
97559.44269925822,0
97564.4427988251,0
97569.442898392,0
97574.44299795887,0
97579.44309752576,0
97584.44319709264,0
97589.44329665952,0
97594.44339622642,0
97599.4434957933,0
97604.44359536018,0
97609.44369492706,0
97614.44379449394,0
97619.44389406082,0
97624.4439936277,0
97629.4440931946,0
97634.44419276148,0
97639.44429232836,0
97644.44439189525,0
97649.44449146213,0
97654.44459102902,0
97659.4446905959,0
97664.44479016279,0
97669.44488972967,0
97674.44498929655,0
97679.44508886343,0
97684.44518843031,0
97689.44528799721,0
97694.44538756409,0
97699.44548713097,0
97704.44558669785,0
97709.44568626475,0
97714.44578583163,0
97719.44588539851,0
97724.4459849654,0
97729.44608453228,0
97734.44618409916,0
97739.44628366604,0
97744.44638323293,0
97749.44648279982,0
97754.4465823667,0
97759.44668193358,0
97764.44678150046,0
97769.44688106736,0
97774.44698063424,0
97779.44708020112,0
97784.447179768,0
97789.44727933488,0
97794.44737890176,0
97799.44747846865,0
97804.44757803554,0
97809.44767760242,0
97814.4477771693,0
97819.44787673619,0
97824.44797630307,0
97829.44807586996,0
97834.44817543685,0
97839.44827500373,0
97844.44837457061,0
97849.44847413749,0
97854.44857370437,0
97859.44867327127,0
97864.44877283815,0
97869.44887240503,0
97874.44897197191,0
97879.4490715388,0
97884.44917110569,0
97889.44927067257,0
97894.44937023945,0
97899.44946980634,0
97904.44956937322,0
97909.4496689401,0
97914.44976850698,0
97919.44986807388,0
97924.44996764076,0
97929.45006720764,0
97934.45016677452,0
97939.4502663414,0
97944.4503659083,0
97949.45046547518,0
97954.45056504206,0
97959.45066460894,0
97964.45076417582,0
97969.4508637427,0
97974.45096330959,0
97979.45106287648,0
97984.45116244337,0
97989.45126201025,0
97994.45136157713,0
97999.45146114402,0
98004.4515607109,0
98009.45166027779,0
98014.45175984467,0
98019.45185941155,0
98024.45195897843,0
98029.45205854531,0
98034.45215811221,0
98039.45225767909,0
98044.45235724597,0
98049.45245681285,0
98054.45255637974,0
98059.45265594663,0
98064.45275551351,0
98069.4528550804,0
98074.45295464728,0
98079.45305421416,0
98084.45315378104,0
98089.45325334792,0
98094.45335291482,0
98099.4534524817,0
98104.45355204858,0
98109.45365161546,0
98114.45375118234,0
98119.45385074924,0
98124.45395031612,0
98129.454049883,0
98134.45414944988,0
98139.45424901677,0
98144.45434858365,0
98149.45444815054,0
98154.45454771743,0
98159.4546472843,0
98164.45474685119,0
98169.45484641807,0
98174.45494598497,0
98179.45504555185,0
98184.45514511873,0
98189.45524468561,0
98194.45534425249,0
98199.45544381937,0
98204.45554338626,0
98209.45564295315,0
98214.45574252003,0
98219.45584208691,0
98224.4559416538,0
98229.45604122068,0
98234.45614078757,0
98239.45624035446,0
98244.45633992134,0
98249.45643948822,0
98254.4565390551,0
98259.45663862198,0
98264.45673818886,0
98269.45683775576,0
98274.45693732264,0
98279.45703688952,0
98284.4571364564,0
98289.4572360233,0
98294.45733559018,0
98299.45743515706,0
98304.45753472394,0
98309.45763429083,0
98314.45773385771,0
98319.45783342459,0
98324.45793299148,0
98329.45803255837,0
98334.45813212525,0
98339.45823169213,0
98344.45833125901,0
98349.4584308259,0
98354.45853039279,0
98359.45862995967,0
98364.45872952655,0
98369.45882909343,0
98374.45892866031,0
98379.4590282272,0
98384.45912779409,0
98389.45922736097,0
98394.45932692786,0
98399.45942649474,0
98404.45952606162,0
98409.45962562851,0
98414.4597251954,0
98419.45982476228,0
98424.45992432916,0
98429.46002389604,0
98434.46012346292,0
98439.46022302982,0
98444.4603225967,0
98449.46042216358,0
98454.46052173046,0
98459.46062129734,0
98464.46072086424,0
98469.46082043112,0
98474.460919998,0
98479.46101956489,0
98484.46111913177,0
98489.46121869865,0
98494.46131826553,0
98499.46141783243,0
98504.46151739931,0
98509.46161696619,0
98514.46171653307,0
98519.46181609995,0
98524.46191566685,0
98529.46201523373,0
98534.46211480061,0
98539.4622143675,0
98544.46231393437,0
98549.46241350126,0
98554.46251306814,0
98559.46261263503,0
98564.46271220192,0
98569.4628117688,0
98574.46291133568,0
98579.46301090257,0
98584.46311046946,0
98589.46321003634,0
98594.46330960322,0
98599.4634091701,0
98604.46350873698,0
98609.46360830386,0
98614.46370787076,0
98619.46380743764,0
98624.46390700452,0
98629.4640065714,0
98634.46410613829,0
98639.46420570518,0
98644.46430527206,0
98649.46440483895,0
98654.46450440583,0
98659.46460397271,0
98664.46470353959,0
98669.46480310647,0
98674.46490267337,0
98679.46500224025,0
98684.46510180713,0
98689.46520137401,0
98694.4653009409,0
98699.46540050779,0
98704.46550007467,0
98709.46559964155,0
98714.46569920843,0
98719.46579877532,0
98724.4658983422,0
98729.4659979091,0
98734.46609747598,0
98739.46619704286,0
98744.46629660974,0
98749.46639617662,0
98754.46649574352,0
98759.4665953104,0
98764.46669487728,0
98769.46679444416,0
98774.46689401104,0
98779.46699357792,0
98784.4670931448,0
98789.4671927117,0
98794.46729227858,0
98799.46739184546,0
98804.46749141235,0
98809.46759097923,0
98814.46769054612,0
98819.467790113,0
98824.46788967989,0
98829.46798924677,0
98834.46808881365,0
98839.46818838053,0
98844.46828794741,0
98849.46838751431,0
98854.46848708119,0
98859.46858664807,0
98864.46868621495,0
98869.46878578185,0
98874.46888534873,0
98879.46898491561,0
98884.4690844825,0
98889.46918404938,0
98894.46928361626,0
98899.46938318314,0
98904.46948275004,0
98909.46958231692,0
98914.4696818838,0
98919.46978145068,0
98924.46988101756,0
98929.46998058446,0
98934.47008015134,0
98939.47017971822,0
98944.4702792851,0
98949.47037885198,0
98954.47047841887,0
98959.47057798575,0
98964.47067755264,0
98969.47077711952,0
98974.4708766864,0
98979.47097625329,0
98984.47107582017,0
98989.47117538707,0
98994.47127495395,0
98999.47137452083,0
99004.47147408771,0
99009.47157365459,0
99014.47167322147,0
99019.47177278837,0
99024.47187235525,0
99029.47197192213,0
99034.47207148901,0
99039.4721710559,0
99044.47227062279,0
99049.47237018967,0
99054.47246975655,0
99059.47256932344,0
99064.47266889032,0
99069.4727684572,0
99074.47286802408,0
99079.47296759098,0
99084.47306715786,0
99089.47316672474,0
99094.47326629162,0
99099.4733658585,0
99104.4734654254,0
99109.47356499228,0
99114.47366455916,0
99119.47376412604,0
99124.47386369293,0
99129.4739632598,0
99134.47406282669,0
99139.47416239358,0
99144.47426196047,0
99149.47436152735,0
99154.47446109423,0
99159.47456066112,0
99164.474660228,0
99169.47475979489,0
99174.47485936177,0
99179.47495892865,1
99184.47505849553,0
99189.47515806241,0
99194.47525762931,0
99199.47535719619,0
99204.47545676307,0
99209.47555632995,0
99214.47565589684,0
99219.47575546373,0
99224.47585503061,0
99229.4759545975,0
99234.47605416438,0
99239.47615373126,0
99244.47625329814,0
99249.47635286502,0
99254.47645243192,0
99259.4765519988,0
99264.47665156568,0
99269.47675113256,0
99274.47685069944,0
99279.47695026634,0
99284.47704983322,0
99289.4771494001,0
99294.47724896698,0
99299.47734853387,0
99304.47744810075,0
99309.47754766764,0
99314.47764723453,0
99319.4777468014,0
99324.47784636829,0
99329.47794593517,0
99334.47804550207,0
99339.47814506895,0
99344.47824463583,0
99349.47834420271,0
99354.47844376959,0
99359.47854333647,0
99364.47864290336,0
99369.47874247025,0
99374.47884203713,0
99379.47894160401,0
99384.4790411709,1
99389.47914073778,0
99394.47924030467,0
99399.47933987156,0
99404.47943943844,0
99409.47953900532,0
99414.4796385722,0
99419.47973813908,0
99424.47983770596,0
99429.47993727286,0
99434.48003683974,0
99439.48013640662,0
99444.4802359735,0
99449.4803355404,0
99454.48043510728,0
99459.48053467416,0
99464.48063424104,0
99469.48073380793,0
99474.48083337481,0
99479.48093294169,0
99484.48103250859,0
99489.48113207547,0
99494.48123164235,0
99499.48133120923,0
99504.48143077611,0
99509.48153034301,0
99514.48162990989,0
99519.48172947677,0
99524.48182904365,0
99529.48192861053,0
99534.48202817742,0
99539.4821277443,0
99544.4822273112,0
99549.48232687807,0
99554.48242644496,0
99559.48252601184,0
99564.48262557872,0
99569.48272514562,0
99574.4828247125,0
99579.48292427938,0
99584.48302384626,0
99589.48312341314,0
99594.48322298002,0
99599.48332254692,0
99604.4834221138,0
99609.48352168068,0
99614.48362124756,0
99619.48372081445,0
99624.48382038134,0
99629.48391994822,0
99634.4840195151,0
99639.48411908199,0
99644.48421864887,0
99649.48431821575,0
99654.48441778263,0
99659.48451734953,0
99664.48461691641,0
99669.48471648329,0
99674.48481605017,0
99679.48491561705,0
99684.48501518395,0
99689.48511475083,0
99694.48521431771,0
99699.4853138846,0
99704.48541345148,0
99709.48551301836,0
99714.48561258524,0
99719.48571215213,0
99724.48581171902,0
99729.4859112859,0
99734.48601085278,0
99739.48611041968,0
99744.48620998656,0
99749.48630955344,0
99754.48640912032,0
99759.4865086872,0
99764.48660825408,0
99769.48670782096,0
99774.48680738786,0
99779.48690695474,0
99784.48700652162,0
99789.4871060885,0
99794.48720565539,0
99799.48730522228,0
99804.48740478916,0
99809.48750435605,0
99814.48760392293,0
99819.48770348981,0
99824.48780305669,0
99829.48790262357,0
99834.48800219047,0
99839.48810175735,0
99844.48820132423,0
99849.48830089111,0
99854.488400458,0
99859.48850002489,0
99864.48859959177,0
99869.48869915865,0
99874.48879872554,0
99879.48889829242,0
99884.4889978593,0
99889.4890974262,0
99894.48919699308,0
99899.48929655996,0
99904.48939612684,0
99909.48949569372,0
99914.48959526062,0
99919.4896948275,0
99924.48979439438,0
99929.48989396126,0
99934.48999352814,0
99939.49009309502,0
99944.4901926619,0
99949.4902922288,0
99954.49039179568,0
99959.49049136257,0
99964.49059092945,0
99969.49069049633,0
99974.49079006322,0
99979.4908896301,0
99984.49098919699,0
99989.49108876387,0
99994.49118833075,0
99999.49128789763,0
100004.49138746451,0
100009.49148703141,0
100014.49158659829,0
100019.49168616517,0
100024.49178573205,0
100029.49188529895,0
100034.49198486583,0
100039.49208443271,0
100044.4921839996,0
100049.49228356648,0
100054.49238313336,0
100059.49248270024,0
100064.49258226714,0
100069.49268183402,0
100074.4927814009,0
100079.49288096778,0
100084.49298053466,0
100089.49308010156,0
100094.49317966844,0
100099.49327923532,0
100104.4933788022,0
100109.49347836908,0
100114.49357793597,0
100119.49367750285,0
100124.49377706974,0
100129.49387663662,0
100134.4939762035,0
100139.49407577039,0
100144.49417533727,0
100149.49427490417,0
100154.49437447105,0
100159.49447403793,0
100164.49457360481,0
100169.49467317169,0
100174.49477273857,0
100179.49487230547,0
100184.49497187235,0
100189.49507143923,0
100194.49517100611,0
100199.495270573,0
100204.49537013989,0
100209.49546970677,0
100214.49556927365,0
100219.49566884054,0
100224.49576840742,0
100229.4958679743,0
100234.49596754118,0
100239.49606710808,0
100244.49616667496,0
100249.49626624184,0
100254.49636580872,0
100259.4964653756,0
100264.4965649425,0
100269.49666450938,0
100274.49676407626,0
100279.49686364314,0
100284.49696321003,0
100289.4970627769,0
100294.49716234379,0
100299.49726191068,0
100304.49736147757,0
100309.49746104445,0
100314.49756061133,0
100319.49766017823,0
100324.4977597451,0
100329.49785931199,0
100334.49795887887,0
100339.49805844575,0
100344.49815801263,0
100349.49825757951,0
100354.49835714641,0
100359.49845671329,0
100364.49855628017,0
100369.49865584706,0
100374.49875541394,0
100379.49885498083,0
100384.49895454771,0
100389.4990541146,0
100394.49915368148,0
100399.49925324836,0
100404.49935281524,0
100409.49945238212,0
100414.49955194902,0
100419.4996515159,0
100424.49975108278,0
100429.49985064966,0
100434.49995021656,1
